Phylum,Class,Order,Family,Genus,Species,Oxygen,pH,Spore,energy_mode,primary_food_source,id
Bacillota,Clostridia,Eubacteriales,Clostridiaceae,Clostridium,Aminophilum,anaerobe,alkaliphile,1,,,1
Pseudomonadota,Gammaproteobacteria,Enterobacterales,Enterobacteriaceae,Enterobacter,Aerogenes,aerobe,alkaliphile,0,mixed,N/A,2
Actinomycetota,Actinomycetes,Bifidobacteriales,Bifidobacteriaceae,Bifidobacterium,Longum,anaerobe,acidophile,0,fermenter,carbohydrates,3
Actinomycetota,Actinomycetes,Micrococcales,Micrococcaceae,Arthrobacter,Castelli,aerobe,alkaliphile,0,mixed,carbohydrates,4
Pseudomonadota,Betaproteobacteria,Burkholderiales,Comamonadaceae,Comamonas,,aerobe,alkaliphile,0,,,5
Bacteroidota,Bacteroidia,Bacteroidales,Bacteroidaceae,Bacteroides,Acidifaciens,anaerobe,alkaliphile,0,,,6
Actinomycetota,Actinomycetes,Bifidobacteriales,Bifidobacteriaceae,Bifidobacterium,Adolescentis,anaerobe,acidophile,0,fermenter,carbohydrates,7
Bacteroidota,Bacteroidia,Bacteroidales,Bacteroidaceae,Bacteroides,Plebeius,anaerobe,alkaliphile,0,,,9
Bacillota,Clostridia,Eubacteriales,Oscillospiraceae,Ruminococcus,Flavefaciens,anaerobe,Unknown,0,fermenter,carbohydrates,11
Bacteroidota,Bacteroidia,Bacteroidales,Bacteroidaceae,Bacteroides,Eggerthii,anaerobe,alkaliphile,0,fermenter,carbohydrates,12
Mycoplasmatota,Mollicutes,Acholeplasmatales,Acholeplasmataceae,Acholeplasma,,facultative anaerobe,Unknown,Unknown,,,13
Chlorobiota,Chlorobiia,Chlorobiales,Chloroherpetonaceae,Chloroherpeton,,Unknown,Unknown,Unknown,,,14
Bacillota,Negativicutes,Acidaminococcales,Acidaminococcaceae,Phascolarctobacterium,,anaerobe,Unknown,0,,,17
Spirochaetota,Spirochaetia,Spirochaetales,Treponemataceae,Treponema,,anaerobe,Unknown,Unknown,,,18
Actinomycetota,Coriobacteriia,Coriobacteriales,Coriobacteriaceae,Collinsella,Aerofaciens,anaerobe,Unknown,0,fermenter,carbohydrates,19
Bacillota,Clostridia,Lachnospirales,Lachnospiraceae,Blautia,Producta,anaerobe,Unknown,0,fermenter,carbohydrates,20
Bacillota,Clostridia,Eubacteriales,Oscillospiraceae,Faecalibacterium,Prausnitzii,anaerobe,Unknown,Unknown,fermenter,carbohydrates,21
Bacillota,Clostridia,Eubacteriales,Oscillospiraceae,Oscillospira,Guilliermondii,Unknown,Unknown,Unknown,,,22
Campylobacterota,Epsilonproteobacteria,Campylobacterales,Helicobacteraceae,Helicobacter,Pullorum,microaerophile,Unknown,0,mixed,carbohydrates,28
Cyanobacteriota,Cyanophyceae,Gloeobacterales,Gloeobacteraceae,Gloeobacter,Violaceus,Unknown,Unknown,Unknown,,,29
Bacteroidota,Bacteroidia,Bacteroidales,Prevotellaceae,Prevotella,Melaninogenica,anaerobe,alkaliphile,0,fermenter,N/A,30
Lentisphaerota,Lentisphaeria,Victivallales,Victivallaceae,Victivallis,Vadensis,anaerobe,Unknown,Unknown,,,31
Synergistota,Synergistia,Synergistales,Dethiosulfovibrionaceae,Pyramidobacter,Piscolens,anaerobe,Unknown,Unknown,fermenter,carbohydrates,32
Bacillota,Clostridia,Eubacteriales,Oscillospiraceae,Ethanoligenens,,anaerobe,alkaliphile,0,,,33
Bacillota,Clostridia,Eubacteriales,Eubacteriaceae,Pseudoramibacter,,anaerobe,Unknown,Unknown,,,34
Bacillota,Tissierellia,Tissierellales,Tepidimicrobiaceae,Tepidimicrobium,,anaerobe,alkaliphile,1,,,35
Bacillota,Clostridia,Lachnospirales,Lachnospiraceae,Pseudobutyrivibrio,,anaerobe,Unknown,Unknown,,,37
Bacillota,Negativicutes,Selenomonadales,Selenomonadaceae,Anaerovibrio,,anaerobe,Unknown,Unknown,,,38
Bacillota,Clostridia,Lachnospirales,Lachnospiraceae,Moryella,Indoligenes,anaerobe,Unknown,0,,,39
Bacillota,Clostridia,Eubacteriales,Oscillospiraceae,Ruminococcus,Torques,anaerobe,Unknown,0,,,40
Bacillota,Clostridia,Eubacteriales,Oscillospiraceae,Ruminococcus,Gnavus,anaerobe,Unknown,0,N/A,N/A,41
Arthropoda,Insecta,Phasmatodea,Bacillidae,Bacillus,Muralis,aerobe,alkaliphile,1,,,45
Bacillota,Clostridia,Lachnospirales,Lachnospiraceae,Butyrivibrio,,anaerobe,Unknown,Unknown,,,46
Bacillota,Bacilli,Lactobacillales,Carnobacteriaceae,Granulicatella,,anaerobe,Unknown,Unknown,,,48
Bacteroidota,Bacteroidia,Bacteroidales,Odoribacteraceae,Odoribacter,,anaerobe,Unknown,0,,,50
Bacillota,Negativicutes,Acidaminococcales,Acidaminococcaceae,Acidaminococcus,,anaerobe,Unknown,0,,,51
Bacillota,Clostridia,Peptostreptococcales,Anaerovoracaceae,Mogibacterium,,anaerobe,Unknown,0,,,52
Bacillota,Clostridia,Lachnospirales,Lachnospiraceae,Marvinbryantia,Formatexigens,anaerobe,Unknown,Unknown,fermenter,carbohydrates,54
Verrucomicrobiota,Verrucomicrobiia,Verrucomicrobiales,Akkermansiaceae,Akkermansia,Muciniphila,anaerobe,Unknown,Unknown,fermenter,carbohydrates,55
Bacillota,Negativicutes,Veillonellales,Veillonellaceae,Megasphaera,,anaerobe,alkaliphile,0,,,58
Bacteroidota,Sphingobacteriia,Sphingobacteriales,Sphingobacteriaceae,Pedobacter,Saltans,aerobe,alkaliphile,0,,,60
Euryarchaeota,Methanomicrobia,Methanomicrobiales,Methanocorpusculaceae,Methanocorpusculum,,anaerobe,Unknown,Unknown,,,61
Bacillota,Clostridia,Eubacteriales,Oscillospiraceae,Ruminococcus,Albus,anaerobe,Unknown,0,fermenter,complex_carbs_fiber,62
Pseudomonadota,Betaproteobacteria,Rhodocyclales,Azonexaceae,Dechloromonas,,aerobe,Unknown,Unknown,,,63
Fusobacteriota,Fusobacteriia,Fusobacteriales,Fusobacteriaceae,Fusobacterium,,anaerobe,Unknown,0,,,64
Bacillota,Tissierellia,Tissierellales,Peptoniphilaceae,Peptoniphilus,,anaerobe,alkaliphile,0,,,65
Bacteroidota,Bacteroidia,Bacteroidales,Prevotellaceae,Paraprevotella,,anaerobe,Unknown,0,,,67
Bacteroidota,Bacteroidia,Bacteroidales,Prevotellaceae,Prevotella,Copri,anaerobe,alkaliphile,0,fermenter,carbohydrates,68
Actinomycetota,Actinomycetes,Mycobacteriales,Corynebacteriaceae,Corynebacterium,Durum,aerobe,alkaliphile,0,mixed,carbohydrates,69
Bacteroidota,Bacteroidia,Bacteroidales,Bacteroidaceae,Bacteroides,Coprophilus,anaerobe,alkaliphile,0,fermenter,carbohydrates,70
Actinomycetota,Coriobacteriia,Eggerthellales,Eggerthellaceae,Slackia,,anaerobe,Unknown,0,,,71
Bacteroidota,Bacteroidia,Bacteroidales,Paludibacteraceae,Paludibacter,,facultative anaerobe,acidophile,0,,,72
Streptophyta,Magnoliopsida,Myrtales,Onagraceae,Oenothera,Berteroana,Unknown,Unknown,Unknown,,,73
Arthropoda,Insecta,Lepidoptera,Geometridae,Victoria,Amazonica,Unknown,Unknown,Unknown,,,76
Bacillota,Negativicutes,Selenomonadales,Selenomonadaceae,Mitsuokella,Multacida,anaerobe,Unknown,Unknown,fermenter,carbohydrates,77
Streptophyta,Magnoliopsida,Proteales,Nelumbonaceae,Nelumbo,Nucifera,Unknown,Unknown,Unknown,,,78
Bacillota,Clostridia,Lachnospirales,Lachnospiraceae,Anaerostipes,,anaerobe,Unknown,1,,,79
Actinomycetota,Actinomycetes,Bifidobacteriales,Bifidobacteriaceae,Bifidobacterium,Breve,anaerobe,acidophile,0,fermenter,carbohydrates,83
Fibrobacterota,Fibrobacteria,Fibrobacterales,Fibrobacteraceae,Fibrobacter,Succinogenes,Unknown,Unknown,Unknown,N/A,complex_carbs_fiber,84
Bacteroidota,Sphingobacteriia,Sphingobacteriales,Sphingobacteriaceae,Olivibacter,Sitiensis,aerobe,alkaliphile,0,,,85
Bacillota,Erysipelotrichia,Erysipelotrichales,Erysipelotrichaceae,Bulleidia,P-1630-C5,anaerobe,Unknown,Unknown,,,88
Actinomycetota,Actinomycetes,Micrococcales,Microbacteriaceae,Frigoribacterium,,aerobe,alkaliphile,0,,,90
Actinomycetota,Actinomycetes,Micrococcales,Micrococcaceae,Nesterenkonia,,aerobe,alkaliphile,0,,,91
Bacillota,Clostridia,Lachnospirales,Lachnospiraceae,Coprococcus,Catus,Unknown,Unknown,Unknown,fermenter,carbohydrates,92
Myxococcota,Myxococcia,Myxococcales,Anaeromyxobacteraceae,Anaeromyxobacter,,anaerobe,Unknown,Unknown,,,93
Bacillota,Clostridia,Lachnospirales,Lachnospiraceae,Blautia,Obeum,anaerobe,Unknown,0,fermenter,carbohydrates,94
Bacillota,Erysipelotrichia,Erysipelotrichales,Erysipelotrichaceae,Allobaculum,,anaerobe,Unknown,Unknown,,,95
Thermodesulfobacteriota,Desulfovibrionia,Desulfovibrionales,Desulfovibrionaceae,Desulfovibrio,C21_C20,anaerobe,alkaliphile,0,,,96
Bacteroidota,Flavobacteriia,Flavobacteriales,Flavobacteriaceae,Krokinobacter,Genikus,Unknown,Unknown,Unknown,,,97
Actinomycetota,Coriobacteriia,Eggerthellales,Eggerthellaceae,Adlercreutzia,,anaerobe,alkaliphile,0,,,99
Bacillota,Clostridia,Eubacteriales,Peptococcaceae,Dehalobacterium,,Unknown,Unknown,Unknown,,,100
Actinomycetota,Actinomycetes,Mycobacteriales,Dietziaceae,Dietzia,,aerobe,alkaliphile,0,,,101
Bacillota,Clostridia,Eubacteriales,Oscillospiraceae,Anaerofilum,,anaerobe,Unknown,Unknown,,,102
Bacillota,Bacilli,Lactobacillales,Streptococcaceae,Streptococcus,Anginosus,facultative anaerobe,alkaliphile,0,mixed,carbohydrates,103
Bacillota,Negativicutes,Selenomonadales,Selenomonadaceae,Pectinatus,,anaerobe,alkaliphile,0,,,104
Bacteroidota,Flavobacteriia,Flavobacteriales,Flavobacteriaceae,Flavobacterium,Succinicans,aerobe,alkaliphile,0,,,105
Actinomycetota,Actinomycetes,Propionibacteriales,Propionibacteriaceae,Propionibacterium,Acnes,anaerobe,alkaliphile,0,fermenter,N/A,108
Pseudomonadota,Betaproteobacteria,Burkholderiales,Comamonadaceae,Hydrogenophaga,,aerobe,alkaliphile,0,,,110
Actinomycetota,Actinomycetes,Bifidobacteriales,Bifidobacteriaceae,Bifidobacterium,Bifidum,anaerobe,acidophile,0,fermenter,carbohydrates,111
Pseudomonadota,Gammaproteobacteria,Pasteurellales,Pasteurellaceae,Mannheimia,,microaerophile,acidophile,0,,,113
Euryarchaeota,Methanobacteria,Methanobacteriales,Methanobacteriaceae,Methanobrevibacter,,anaerobe,Unknown,Unknown,,,114
Bacillota,Erysipelotrichia,Erysipelotrichales,Turicibacteraceae,Turicibacter,,anaerobe,Unknown,Unknown,,,115
Spirochaetota,Spirochaetia,Spirochaetales,Sphaerochaetaceae,Sphaerochaeta,,anaerobe,Unknown,Unknown,,,116
Bacillota,Clostridia,Peptostreptococcales,Tindalliaceae,Tindallia,,anaerobe,Unknown,Unknown,,,117
Bacillota,Negativicutes,Acidaminococcales,Acidaminococcaceae,Succiniclasticum,,anaerobe,Unknown,0,,,118
Pseudomonadota,Betaproteobacteria,Burkholderiales,Sphaerotilaceae,Methylibium,,anaerobe,alkaliphile,0,N/A,N/A,120
Bacillota,Clostridia,Lachnospirales,Lachnospiraceae,Dorea,Formicigenerans,anaerobe,Unknown,0,fermenter,carbohydrates,121
Pseudomonadota,Gammaproteobacteria,Pasteurellales,Pasteurellaceae,Haemophilus,Parainfluenzae,microaerophile,Unknown,0,mixed,N/A,124
Bacillota,Clostridia,Eubacteriales,Eubacteriaceae,Anaerofustis,,anaerobe,Unknown,Unknown,,,125
Bacteroidota,Bacteroidia,Bacteroidales,Prevotellaceae,Prevotella,Nigrescens,anaerobe,alkaliphile,0,fermenter,carbohydrates,127
Bacillota,Negativicutes,Veillonellales,Veillonellaceae,Veillonella,Dispar,anaerobe,alkaliphile,0,fermenter,carbohydrates,128
Bacteroidota,Bacteroidia,Bacteroidales,Prevotellaceae,Prevotella,Stercorea,anaerobe,alkaliphile,0,fermenter,carbohydrates,129
Bacillota,Clostridia,Eubacteriales,Peptococcaceae,Peptococcus,,anaerobe,Unknown,0,,,130
Bacteroidota,Bacteroidia,Bacteroidales,Odoribacteraceae,Butyricimonas,,anaerobe,Unknown,0,,,133
Bacillota,Clostridia,Eubacteriales,Clostridiaceae,Clostridium,Ruminantium,anaerobe,alkaliphile,1,,,135
Bacillota,Clostridia,Lachnospirales,Lachnospiraceae,Lachnobacterium,,anaerobe,Unknown,Unknown,,,136
Bacillota,Bacilli,Lactobacillales,Lactobacillaceae,Lactobacillus,Agilis,anaerobe,acidophile,0,,,137
Bacteroidota,Flavobacteriia,Flavobacteriales,Weeksellaceae,Chryseobacterium,,aerobe,alkaliphile,0,,,138
Bacillota,Clostridia,Lachnospirales,Lachnospiraceae,Candidatus Epulonipiscium,,Unknown,Unknown,Unknown,,,140
Arthropoda,Insecta,Phasmatodea,Bacillidae,Bacillus,Asahii,aerobe,alkaliphile,1,,,143
Bacillota,Bacilli,Lactobacillales,Enterococcaceae,Enterococcus,Casseliflavus,facultative anaerobe,alkaliphile,0,mixed,carbohydrates,145
Bacteroidota,Bacteroidia,Bacteroidales,Prevotellaceae,Prevotella,Tannerae,anaerobe,alkaliphile,0,,,146
Actinomycetota,Actinomycetes,Actinomycetales,Actinomycetaceae,Arcanobacterium,,anaerobe,Unknown,0,,,147
Bacillota,Bacilli,Lactobacillales,Streptococcaceae,Streptococcus,Luteciae,facultative anaerobe,alkaliphile,0,,,148
Bacillota,Clostridia,Lachnospirales,Lachnospiraceae,Lachnospira,Pectinoschiza,anaerobe,Unknown,Unknown,,,149
Pseudomonadota,Betaproteobacteria,Burkholderiales,Sutterellaceae,Sutterella,,anaerobe,Unknown,0,,,150
Bacteroidota,Bacteroidia,Bacteroidales,Bacteroidaceae,Bacteroides,Uniformis,anaerobe,alkaliphile,0,fermenter,carbohydrates,152
Euryarchaeota,Methanobacteria,Methanobacteriales,Methanobacteriaceae,Methanobacterium,Bryantii,anaerobe,alkaliphile,0,,,153
Bacteroidota,Bacteroidia,Bacteroidales,Rikenellaceae,Alistipes,Indistinctus,anaerobe,Unknown,0,fermenter,carbohydrates,155
Pseudomonadota,Betaproteobacteria,Nitrosomonadales,Thiobacillaceae,Thiobacillus,,anaerobe,alkaliphile,0,,,156
Bacillota,Clostridia,Eubacteriales,Syntrophomonadaceae,Syntrophomonas,,anaerobe,alkaliphile,0,,,157
Pseudomonadota,Betaproteobacteria,Burkholderiales,Oxalobacteraceae,Oxalobacter,Formigenes,anaerobe,Unknown,Unknown,fermenter,carbohydrates,158
Pseudomonadota,Betaproteobacteria,Burkholderiales,Oxalobacteraceae,Herminiimonas,,aerobe,alkaliphile,0,,,161
Pseudomonadota,Gammaproteobacteria,Enterobacterales,Enterobacteriaceae,Klebsiella,Oxytoca,aerobe,Unknown,0,N/A,N/A,163
Bacillota,Tissierellia,Tissierellales,Peptoniphilaceae,Helcococcus,,anaerobe,Unknown,0,,,164
Pseudomonadota,Betaproteobacteria,Burkholderiales,Comamonadaceae,Hylemonella,,aerobe,Unknown,Unknown,,,166
Actinomycetota,Actinomycetes,Pseudonocardiales,Pseudonocardiaceae,Prauserella,Rugosa,aerobe,alkaliphile,1,,,167
Bacillota,Clostridia,Lachnospirales,Lachnospiraceae,Oribacterium,,anaerobe,Unknown,0,,,169
Bacillota,Clostridia,Eubacteriales,Clostridiaceae,Caloramator,,anaerobe,alkaliphile,0,,,170
Pseudomonadota,Betaproteobacteria,Burkholderiales,Comamonadaceae,Variovorax,Paradoxus,aerobe,alkaliphile,0,,,171
Bacillota,Clostridia,Eubacteriales,Clostridiaceae,Clostridium,Butyricum,anaerobe,alkaliphile,1,fermenter,carbohydrates,172
Bacteroidota,Bacteroidia,Bacteroidales,Bacteroidaceae,Bacteroides,Coprosuis,anaerobe,alkaliphile,0,,,173
Bacillota,Clostridia,Eubacteriales,Clostridiaceae,Clostridium,Intestinale,anaerobe,alkaliphile,1,,,175
Actinomycetota,Coriobacteriia,Coriobacteriales,Atopobiaceae,Atopobium,Vaginae,anaerobe,Unknown,Unknown,,,176
Bacillota,Bacilli,Bacillales,Paenibacillaceae,Brevibacillus,Laterosporus,aerobe,alkaliphile,1,N/A,N/A,178
Pseudomonadota,Betaproteobacteria,Burkholderiales,Comamonadaceae,Acidovorax,Wohlfahrtii,aerobe,alkaliphile,0,,,179
Pseudomonadota,Gammaproteobacteria,Pasteurellales,Pasteurellaceae,Actinobacillus,Parahaemolyticus,facultative anaerobe,Unknown,Unknown,,,180
Bacillota,Clostridia,Eubacteriales,Desulfallaceae,Sporotomaculum,,anaerobe,Unknown,Unknown,,,182
Bacillota,Clostridia,Eubacteriales,Oscillospiraceae,Papillibacter,Cinnamivorans,anaerobe,Unknown,Unknown,,,183
Pseudomonadota,Betaproteobacteria,Burkholderiales,Alcaligenaceae,Denitrobacter,,anaerobe,Unknown,Unknown,,,184
Pseudomonadota,Betaproteobacteria,Burkholderiales,Comamonadaceae,Thiomonas,Cuprina,aerobe,acidophile,0,,,187
Pseudomonadota,Betaproteobacteria,Burkholderiales,Comamonadaceae,Limnohabitans,Curvus,aerobe,Unknown,Unknown,,,189
Actinomycetota,Actinomycetes,Micromonosporales,Micromonosporaceae,Salinispora,Tropica,aerobe,Unknown,0,,,197
Pseudomonadota,Gammaproteobacteria,Lysobacterales,Lysobacteraceae,Thermomonas,,aerobe,alkaliphile,0,,,198
Pseudomonadota,Betaproteobacteria,Burkholderiales,Oxalobacteraceae,Janthinobacterium,Lividum,aerobe,Unknown,Unknown,,,199
Bacillota,Clostridia,Eubacteriales,Clostridiaceae,Sarcina,,anaerobe,Unknown,Unknown,,,201
Pseudomonadota,Alphaproteobacteria,Sphingomonadales,Sphingomonadaceae,Sphingomonas,Yabuuchiae,aerobe,alkaliphile,0,,,202
Synergistota,Synergistia,Synergistales,Acetomicrobiaceae,Acetomicrobium,Acetomicrobium hydrogeniformans,anaerobe,alkaliphile,0,,,203
Pseudomonadota,Betaproteobacteria,Burkholderiales,Burkholderiaceae,Lautropia,,aerobe,Unknown,Unknown,,,205
Arthropoda,Insecta,Coleoptera,Lampyridae,Serratia,Marcescens,aerobe,alkaliphile,0,mixed,N/A,206
Pseudomonadota,Betaproteobacteria,Rhodocyclales,Rhodocyclaceae,Propionivibrio,,anaerobe,Unknown,Unknown,,,207
Thermodesulfobacteriota,Desulfovibrionia,Desulfovibrionales,Desulfovibrionaceae,Desulfovibrio,Vulgaris,anaerobe,alkaliphile,0,fermenter,N/A,208
Bacillota,Clostridia,Eubacteriales,Clostridiaceae,Clostridium,Gasigenes,anaerobe,alkaliphile,1,,,210
Bacillota,Clostridia,Caldicellulosiruptorales,Caldicellulosiruptoraceae,Caldicellulosiruptor,Saccharolyticus,anaerobe,alkaliphile,0,fermenter,complex_carbs_fiber,211
Bacillota,Clostridia,Eubacteriales,Oscillospiraceae,Anaerotruncus,,anaerobe,alkaliphile,0,,,213
Pseudomonadota,Betaproteobacteria,Burkholderiales,Alcaligenaceae,Pigmentiphaga,,aerobe,alkaliphile,0,,,214
Nitrospirota,Nitrospiria,Nitrospirales,Nitrospiraceae,Nitrospira,,Unknown,Unknown,Unknown,,,216
Chlorobiota,Chlorobiia,Chlorobiales,Chlorobiaceae,Chlorobium,Chlorochromatii,anaerobe,Unknown,Unknown,fermenter,N/A,217
Bacillota,Erysipelotrichia,Erysipelotrichales,Coprobacillaceae,Coprobacillus,Cateniformis,anaerobe,Unknown,Unknown,N/A,N/A,218
Bacillota,Clostridia,Eubacteriales,Gracilibacteraceae,Gracilibacter,,anaerobe,Unknown,Unknown,,,219
Bacillota,Bacilli,Lactobacillales,Streptococcaceae,Lactococcus,Garvieae,facultative anaerobe,alkaliphile,0,mixed,carbohydrates,220
Pseudomonadota,Betaproteobacteria,Burkholderiales,Burkholderiaceae,Burkholderia,Andropogonis,aerobe,Unknown,0,,,222
Pseudomonadota,Betaproteobacteria,Burkholderiales,Comamonadaceae,Tepidimonas,,aerobe,alkaliphile,Unknown,,,223
Bdellovibrionota,Bdellovibrionia,Bdellovibrionales,Pseudobdellovibrionaceae,Bdellovibrio,,Unknown,Unknown,Unknown,,,228
Bacillota,Tissierellia,Tissierellales,Peptoniphilaceae,Parvimonas,,anaerobe,Unknown,Unknown,,,229
Pseudomonadota,Gammaproteobacteria,Pasteurellales,Pasteurellaceae,Pasteurella,Skyensis,facultative anaerobe,Unknown,Unknown,,,231
Bacillota,Negativicutes,Selenomonadales,Selenomonadaceae,Selenomonas,Ruminantium,anaerobe,Unknown,0,fermenter,N/A,232
Bacillota,Clostridia,Lachnospirales,Lachnospiraceae,Hespellia,Stercorisuis,anaerobe,Unknown,0,,,233
Pseudomonadota,Gammaproteobacteria,Aeromonadales,Aeromonadaceae,Tolumonas,,aerobe,alkaliphile,Unknown,,,234
Bacillota,Clostridia,Eubacteriales,Desulfotomaculaceae,Desulfotomaculum,,anaerobe,alkaliphile,1,,,235
Bacillota,Bacilli,Bacillales,Alicyclobacillaceae,Alicyclobacillus,Pomorum,aerobe,acidophile,1,,,237
Pseudomonadota,Gammaproteobacteria,Aeromonadales,Succinivibrionaceae,Succinatimonas,Hippei,anaerobe,Unknown,0,fermenter,carbohydrates,238
Pseudomonadota,Betaproteobacteria,Burkholderiales,Sphaerotilaceae,Roseateles,Depolymerans,aerobe,alkaliphile,0,,,239
Bacteroidota,Bacteroidia,Bacteroidales,Rikenellaceae,Rikenella,,anaerobe,Unknown,Unknown,,,241
Pseudomonadota,Betaproteobacteria,Burkholderiales,Comamonadaceae,Acidovorax,Delafieldii,aerobe,alkaliphile,0,N/A,N/A,242
Verrucomicrobiota,Verrucomicrobiia,Verrucomicrobiales,Verrucomicrobiaceae,Verrucomicrobium,,aerobe,Unknown,Unknown,,,243
Bacillota,Bacilli,Bacillales,Alicyclobacillaceae,Alicyclobacillus,Cycloheptanicus,aerobe,acidophile,1,,,244
Bacillota,Clostridia,Eubacteriales,Clostridiaceae,Clostridium,Celatum,anaerobe,alkaliphile,1,fermenter,carbohydrates,245
Bacillota,Clostridia,Eubacteriales,Desulfitobacteriaceae,Desulfosporosinus,Meridiei,anaerobe,Unknown,1,,,246
Bacillota,Tissierellia,Tissierellales,Tissierellaceae,Sedimentibacter,,anaerobe,alkaliphile,0,,,247
Bacillota,Clostridia,Lachnospirales,Lachnospiraceae,Robinsoniella,Peoriensis,anaerobe,Unknown,1,,,250
Pseudomonadota,Acidithiobacillia,Acidithiobacillales,Acidithiobacillaceae,Acidithiobacillus,Albertensis,facultative anaerobe,acidophile,0,,,252
Bacillota,Erysipelotrichia,Erysipelotrichales,Erysipelotrichaceae,Holdemania,,anaerobe,Unknown,Unknown,,,253
Pseudomonadota,Gammaproteobacteria,Pasteurellales,Pasteurellaceae,Actinobacillus,Delphinicola,facultative anaerobe,Unknown,Unknown,,,255
Bacillota,Bacilli,Lactobacillales,Enterococcaceae,Vagococcus,,aerobe,alkaliphile,0,,,256
Bacillota,Bacilli,Bacillales,Gemellaceae,Gemella,,anaerobe,Unknown,Unknown,,,257
Bacillota,Clostridia,Eubacteriales,Clostridiaceae,Clostridium,Methylpentosum,anaerobe,alkaliphile,1,,,258
Bacillota,Erysipelotrichia,Erysipelotrichales,Coprobacillaceae,Sharpea,,anaerobe,Unknown,0,,,263
Pseudomonadota,Betaproteobacteria,Burkholderiales,Comamonadaceae,Delftia,,aerobe,alkaliphile,0,,,264
Pseudomonadota,Gammaproteobacteria,Cellvibrionales,Halieaceae,Congregibacter,,microaerophile,alkaliphile,0,,,265
Actinomycetota,Actinomycetes,Mycobacteriales,Mycobacteriaceae,Mycobacterium,,aerobe,alkaliphile,0,,,266
Pseudomonadota,Gammaproteobacteria,Pasteurellales,Pasteurellaceae,Chelonobacter,,aerobe,Unknown,Unknown,,,269
Campylobacterota,Epsilonproteobacteria,Campylobacterales,Sulfurospirillaceae,Sulfurospirillum,,anaerobe,Unknown,Unknown,,,270
Pseudomonadota,Betaproteobacteria,Burkholderiales,Burkholderiaceae,Ralstonia,,aerobe,Unknown,Unknown,,,271
Pseudomonadota,Betaproteobacteria,Nitrosomonadales,Gallionellaceae,Gallionella,,Unknown,Unknown,Unknown,,,272
Pseudomonadota,Gammaproteobacteria,Enterobacterales,Erwiniaceae,Erwinia,Chrysanthemi,facultative anaerobe,alkaliphile,0,,,273
Bacillota,Bacilli,Bacillales,Exiguobacteraceae,Exiguobacterium,,aerobe,alkaliphile,0,,,274
Pseudomonadota,Gammaproteobacteria,Enterobacterales,Hafniaceae,Hafnia,Alvei,aerobe,Unknown,0,mixed,N/A,275
Pseudomonadota,Betaproteobacteria,Burkholderiales,Sphaerotilaceae,Aquincola,Tertiaricarbonis,aerobe,alkaliphile,0,,,278
Bacillota,Clostridia,Eubacteriales,Butyricicoccaceae,Butyricicoccus,Pullicaecorum,anaerobe,acidophile,0,mixed,carbohydrates,279
Pseudomonadota,Betaproteobacteria,Burkholderiales,Sphaerotilaceae,Rubrivivax,Gelatinosus,aerobe,Unknown,0,,,280
Pseudomonadota,Betaproteobacteria,Burkholderiales,Alcaligenaceae,Brackiella,Oedipodis,aerobe,Unknown,Unknown,,,281
Pseudomonadota,Gammaproteobacteria,Enterobacterales,Enterobacteriaceae,Plesiomonas,Shigelloides,aerobe,Unknown,0,respirer,N/A,282
Bacillota,Bacilli,Bacillales,Paenibacillaceae,Paenibacillus,Stellifer,aerobe,alkaliphile,1,,,283
Actinomycetota,Coriobacteriia,Coriobacteriales,Coriobacteriaceae,Coriobacterium,,anaerobe,Unknown,Unknown,,,284
Bacillota,Erysipelotrichia,Erysipelotrichales,Erysipelotrichaceae,Bulleidia,Moorei,anaerobe,Unknown,Unknown,,,286
Thermodesulfobacteriota,Desulfobulbia,Desulfobulbales,Desulfobulbaceae,Desulfobulbus,,anaerobe,alkaliphile,0,,,287
Pseudomonadota,Gammaproteobacteria,Pseudomonadales,Pseudomonadaceae,Pseudomonas,Alcaligenes,aerobe,alkaliphile,0,,,288
Campylobacterota,Epsilonproteobacteria,Campylobacterales,Campylobacteraceae,Campylobacter,Ureolyticus,microaerophile,acidophile,0,mixed,N/A,289
Bacillota,Clostridia,Eubacteriales,Eubacteriaceae,Eubacterium,Cylindroides,anaerobe,Unknown,0,,,290
Bacteroidota,Bacteroidia,Bacteroidales,Tannerellaceae,Tannerella,,anaerobe,Unknown,Unknown,,,291
Actinomycetota,Coriobacteriia,Coriobacteriales,Coriobacteriaceae,Collinsella,Stercoris,anaerobe,Unknown,0,fermenter,carbohydrates,292
Bacillota,Clostridia,Eubacteriales,Oscillospiraceae,Ruminococcus,Bromii,anaerobe,Unknown,0,fermenter,carbohydrates,293
Bacteroidota,Bacteroidia,Bacteroidales,Dysgonomonadaceae,Dysgonomonas,Gadei,anaerobe,Unknown,0,mixed,carbohydrates,296
Pseudomonadota,Gammaproteobacteria,Pasteurellales,Pasteurellaceae,Haemophilus,Felis,microaerophile,Unknown,0,,,297
Pseudomonadota,Gammaproteobacteria,Pasteurellales,Pasteurellaceae,Aggregatibacter,Pneumotropica,microaerophile,Unknown,Unknown,,,298
Pseudomonadota,Gammaproteobacteria,Enterobacterales,Enterobacteriaceae,Citrobacter,Freundii,aerobe,alkaliphile,0,mixed,N/A,299
Bacillota,Clostridia,Eubacteriales,Eubacteriaceae,Eubacterium,Biforme,anaerobe,Unknown,0,,,300
Bacillota,Negativicutes,Veillonellales,Veillonellaceae,Veillonella,Parvula,aerobe,alkaliphile,0,fermenter,N/A,301
Pseudomonadota,Betaproteobacteria,Nitrosomonadales,Methylophilaceae,Methylobacillus,,aerobe,alkaliphile,0,,,302
Bacillota,Negativicutes,Selenomonadales,Selenomonadaceae,Megamonas,Hypermegale,anaerobe,alkaliphile,0,fermenter,carbohydrates,303
Bacillota,Clostridia,Lachnospirales,Lachnospiraceae,Roseburia,Faecis,anaerobe,Unknown,Unknown,,,304
Pseudomonadota,Betaproteobacteria,Neisseriales,Neisseriaceae,Kingella,,aerobe,Unknown,0,,,305
Bacillota,Clostridia,Eubacteriales,Clostridiaceae,Clostridium,Colinum,anaerobe,alkaliphile,1,,,306
Bacillota,Negativicutes,Selenomonadales,Sporomusaceae,Pelosinus,,anaerobe,alkaliphile,1,,,308
Bacteroidota,Bacteroidia,Bacteroidales,Tannerellaceae,Parabacteroides,Distasonis,anaerobe,alkaliphile,0,fermenter,N/A,309
Bacillota,Negativicutes,Veillonellales,Veillonellaceae,Dialister,,anaerobe,Unknown,0,,,311
Bacillota,Bacilli,Lactobacillales,Lactobacillaceae,Leuconostoc,,facultative anaerobe,alkaliphile,0,,,312
Bacillota,Bacilli,Lactobacillales,Streptococcaceae,Streptococcus,Equi,facultative anaerobe,alkaliphile,0,mixed,carbohydrates,313
Bacillota,Clostridia,Eubacteriales,Eubacteriaceae,Eubacterium,Dolichum,anaerobe,Unknown,0,,,314
Streptophyta,Magnoliopsida,Fabales,Fabaceae,Rothia,Mucilaginosa,aerobe,alkaliphile,0,respirer,N/A,315
Bacillota,Clostridia,Lachnospirales,Lachnospiraceae,Shuttleworthia,Satelles,Unknown,Unknown,Unknown,,,316
Nitrososphaerota,Nitrososphaeria,Nitrososphaerales,Nitrososphaeraceae,Nitrososphaera,Gargensis,Unknown,Unknown,Unknown,,,319
Bacillota,Bacilli,Lactobacillales,Streptococcaceae,Streptococcus,Minor,facultative anaerobe,alkaliphile,0,,,320
Actinomycetota,Actinomycetes,Micrococcales,Microbacteriaceae,Microbacterium,,aerobe,alkaliphile,0,N/A,N/A,321
Actinomycetota,Actinomycetes,Actinomycetales,Actinomycetaceae,Actinomyces,Hyovaginalis,anaerobe,alkaliphile,0,,,323
Bacillota,Bacilli,Bacillales,Planococcaceae,Rummeliibacillus,,aerobe,Unknown,1,,,324
Bacillota,Clostridia,Eubacteriales,Clostridiaceae,Clostridium,Perfringens,anaerobe,alkaliphile,1,fermenter,carbohydrates,325
Bacillota,Bacilli,Bacillales,Staphylococcaceae,Staphylococcus,Aureus,aerobe,alkaliphile,0,mixed,carbohydrates,326
Bacteroidota,Bacteroidia,Bacteroidales,Tannerellaceae,Parabacteroides,Gordonii,anaerobe,alkaliphile,0,N/A,N/A,327
Bacteroidota,Bacteroidia,Bacteroidales,Bacteroidaceae,Bacteroides,Caccae,anaerobe,alkaliphile,0,fermenter,carbohydrates,328
Pseudomonadota,Gammaproteobacteria,Aeromonadales,Succinivibrionaceae,Succinivibrio,,anaerobe,Unknown,Unknown,,,329
Pseudomonadota,Gammaproteobacteria,Moraxellales,Moraxellaceae,Acinetobacter,Lwoffii,aerobe,alkaliphile,0,respirer,N/A,330
Bacteroidota,Bacteroidia,Bacteroidales,Porphyromonadaceae,Candidatus Azobacteroides,,Unknown,Unknown,Unknown,,,331
Thermodesulfobacteriota,Desulfovibrionia,Desulfovibrionales,Desulfovibrionaceae,Bilophila,,anaerobe,Unknown,Unknown,,,332
Bacillota,Clostridia,Lachnospirales,Lachnospiraceae,Syntrophococcus,Sucromutans,anaerobe,Unknown,Unknown,,,333
Bacillota,Bacilli,Lactobacillales,Lactobacillaceae,Weissella,Beninensis,anaerobe,alkaliphile,0,,,334
Pseudomonadota,Gammaproteobacteria,Lysobacterales,Lysobacteraceae,Stenotrophomonas,Acidaminiphila,aerobe,alkaliphile,0,,,336
Bacteroidota,Bacteroidia,Bacteroidales,Bacteroidaceae,Bacteroides,Ovatus,anaerobe,alkaliphile,0,fermenter,carbohydrates,338
Bacillota,Clostridia,Lutisporales,Lutisporaceae,Lutispora,,anaerobe,alkaliphile,1,,,339
Bacillota,Clostridia,Lachnospirales,Lachnospiraceae,Coprococcus,Eutactus,Unknown,Unknown,Unknown,fermenter,carbohydrates,340
Actinomycetota,Actinomycetes,Micrococcales,Micrococcaceae,Micrococcus,,aerobe,alkaliphile,0,,,341
Bacteroidota,Bacteroidia,Bacteroidales,Bacteroidaceae,Bacteroides,Barnesiae,anaerobe,alkaliphile,0,,,342
Bacillota,Clostridia,Peptostreptococcales,Natronincolaceae,Alkaliphilus,Transvaalensis,anaerobe,alkaliphile,1,,,344
Pseudomonadota,Betaproteobacteria,Nitrosomonadales,Sterolibacteriaceae,Sulfuritalea,,anaerobe,Unknown,Unknown,,,345
Bacillota,Negativicutes,Selenomonadales,Sporomusaceae,Sporomusa,Polytropa,anaerobe,Unknown,Unknown,,,346
Bacillota,Bacilli,Bacillales,Staphylococcaceae,Salinicoccus,,aerobe,alkaliphile,0,,,347
Synergistota,Synergistia,Synergistales,Synergistaceae,Synergistes,,Unknown,Unknown,Unknown,,,348
Bacteroidota,Bacteroidia,Bacteroidales,Prevotellaceae,Prevotella,Nanceiensis,anaerobe,alkaliphile,0,fermenter,carbohydrates,349
Pseudomonadota,Alphaproteobacteria,Hyphomicrobiales,Methylobacteriaceae,Methylobacterium,Adhaesivum,aerobe,alkaliphile,0,,,350
Bacteroidota,Bacteroidia,Bacteroidales,Bacteroidaceae,Bacteroides,Fragilis,anaerobe,alkaliphile,0,fermenter,carbohydrates,351
Bacillota,Clostridia,Eubacteriales,Clostridiaceae,Clostridium,Difficile,anaerobe,alkaliphile,1,fermenter,organic_unspecified,352
Bacillota,Bacilli,Bacillales,Listeriaceae,Brochothrix,,aerobe,Unknown,Unknown,,,353
Bacillota,Clostridia,Eubacteriales,Caldicoprobacteraceae,Caldicoprobacter,,anaerobe,alkaliphile,0,,,355
Bacillota,Clostridia,Eubacteriales,Clostridiaceae,Clostridium,Bifermentans,anaerobe,alkaliphile,1,,,356
Bacillota,Clostridia,Eubacteriales,Clostridiaceae,Proteiniclasticum,,anaerobe,alkaliphile,0,,,357
Pseudomonadota,Betaproteobacteria,Burkholderiales,Comamonadaceae,Ramlibacter,,aerobe,alkaliphile,Unknown,,,359
Bacillota,Tissierellia,Tissierellales,Thermohalobacteraceae,Clostridiisalibacter,,anaerobe,alkaliphile,1,,,360
Pseudomonadota,Betaproteobacteria,Nitrosomonadales,Methylophilaceae,Methylotenera,Mobilis,anaerobe,alkaliphile,1,N/A,N/A,361
Fusobacteriota,Fusobacteriia,Fusobacteriales,Leptotrichiaceae,Leptotrichia,,anaerobe,Unknown,0,,,363
Arthropoda,Insecta,Phasmatodea,Bacillidae,Bacillus,Ginsengihumi,aerobe,alkaliphile,1,,,364
Bacillota,Clostridia,Eubacteriales,Clostridiaceae,Clostridium,Metallolevans,anaerobe,alkaliphile,1,,,366
Streptophyta,Magnoliopsida,Fabales,Fabaceae,Lupinus,Luteus,Unknown,Unknown,Unknown,,,367
Bacillota,Clostridia,Eubacteriales,Clostridiaceae,Clostridium,Hiranonis,anaerobe,alkaliphile,1,,,368
Pseudomonadota,Betaproteobacteria,Burkholderiales,Comamonadaceae,Giesbergeria,,aerobe,alkaliphile,0,,,369
Bacillota,Bacilli,Lactobacillales,Aerococcaceae,Facklamia,,facultative anaerobe,Unknown,Unknown,,,370
Actinomycetota,Actinomycetes,Micrococcales,Microbacteriaceae,Aquiluna,Rubra,Unknown,Unknown,Unknown,,,371
Streptophyta,Magnoliopsida,Fabales,Fabaceae,Rothia,Dentocariosa,aerobe,alkaliphile,0,respirer,N/A,372
Bacillota,Bacilli,Lactobacillales,Lactobacillaceae,Lactobacillus,Mucosae,anaerobe,acidophile,0,mixed,carbohydrates,373
Bacillota,Bacilli,Lactobacillales,Lactobacillaceae,Lactobacillus,Pontis,anaerobe,acidophile,0,,,374
Bacillota,Bacilli,Lactobacillales,Carnobacteriaceae,Trichococcus,,aerobe,alkaliphile,Unknown,,,375
Actinomycetota,Actinomycetes,Micrococcales,Micrococcaceae,Acaricomes,Phytoseiuli,aerobe,alkaliphile,0,,,377
Acidobacteriota,Terriglobia,Terriglobales,Acidobacteriaceae,Acidobacterium,,aerobe,acidophile,0,,,380
Thermodesulfobacteriota,Desulfuromonadia,Geobacterales,Geobacteraceae,Geobacter,Lovleyi,anaerobe,Unknown,Unknown,fermenter,inorganic,381
Pseudomonadota,Betaproteobacteria,Rhodocyclales,Rhodocyclaceae,Candidatus Accumulibacter,,Unknown,Unknown,Unknown,,,382
Bacteroidota,Bacteroidia,Bacteroidales,Prevotellaceae,Prevotella,Pallens,anaerobe,alkaliphile,0,fermenter,carbohydrates,383
Bacillota,Clostridia,Peptostreptococcales,Anaerovoracaceae,Anaerovorax,,anaerobe,Unknown,Unknown,,,384
Bacillota,Bacilli,Lactobacillales,Streptococcaceae,Streptococcus,Infantis,facultative anaerobe,alkaliphile,0,mixed,carbohydrates,385
Actinomycetota,Actinomycetes,Micrococcales,Brevibacteriaceae,Brevibacterium,,aerobe,alkaliphile,0,,,386
Verrucomicrobiota,Spartobacteria,Chthoniobacterales,Chthoniobacteraceae,Chthoniobacter,,aerobe,acidophile,Unknown,,,387
Bacillota,Bacilli,Bacillales,Staphylococcaceae,Staphylococcus,Epidermidis,aerobe,alkaliphile,0,mixed,N/A,388
Bacillota,Clostridia,Eubacteriales,Clostridiaceae,Clostridium,Maritimum,anaerobe,alkaliphile,1,,,389
Pseudomonadota,Gammaproteobacteria,Lysobacterales,Rhodanobacteraceae,Rhodanobacter,,aerobe,alkaliphile,0,,,391
Campylobacterota,Epsilonproteobacteria,Campylobacterales,Helicobacteraceae,Flexispira,,Unknown,Unknown,Unknown,,,392
Bacillota,Clostridia,Eubacteriales,Clostridiaceae,Clostridium,Sordellii,anaerobe,alkaliphile,1,,,394
Bacillota,Bacilli,Bacillales,Bacillaceae,Lysinibacillus,Boronitolerans,aerobe,alkaliphile,1,,,395
Bacillota,Clostridia,Peptostreptococcales,Peptostreptococcaceae,Peptostreptococcus,Anaerobius,anaerobe,Unknown,1,fermenter,carbohydrates,397
Bacillota,Clostridia,Eubacteriales,Oscillospiraceae,Ruminococcus,Callidus,anaerobe,Unknown,0,fermenter,carbohydrates,399
Actinomycetota,Actinomycetes,Actinomycetales,Actinomycetaceae,Mobiluncus,,anaerobe,Unknown,0,,,400
Bacillota,Bacilli,Lactobacillales,Lactobacillaceae,Pediococcus,Acidilactici,aerobe,acidophile,0,mixed,carbohydrates,401
Bacillota,Bacilli,Bacillales,Staphylococcaceae,Staphylococcus,Succinus,aerobe,alkaliphile,0,,,402
Actinomycetota,Actinomycetes,Actinomycetales,Actinomycetaceae,Actinobaculum,,anaerobe,Unknown,0,,,403
Pseudomonadota,Hydrogenophilia,Hydrogenophilales,Hydrogenophilaceae,Hydrogenophilus,,aerobe,Unknown,0,,,404
Bacillota,Bacilli,Bacillales,Planococcaceae,Planomicrobium,,Unknown,alkaliphile,Unknown,,,407
Actinomycetota,Actinomycetes,Pseudonocardiales,Pseudonocardiaceae,Saccharopolyspora,,aerobe,alkaliphile,1,N/A,N/A,408
Bacillota,Bacilli,Lactobacillales,Carnobacteriaceae,Carnobacterium,,facultative anaerobe,alkaliphile,0,,,410
Bacillota,Negativicutes,Acidaminococcales,Acidaminococcaceae,Succinispira,Mobilis,anaerobe,alkaliphile,1,,,412
Bacillota,Negativicutes,Selenomonadales,Sporomusaceae,Anaeromusa,,anaerobe,Unknown,Unknown,,,414
Pseudomonadota,Betaproteobacteria,Burkholderiales,Burkholderiaceae,Polynucleobacter,,aerobe,Unknown,Unknown,,,415
Bacillota,Bacilli,Lactobacillales,Lactobacillaceae,Weissella,Thailandensis,anaerobe,alkaliphile,0,,,416
Bacillota,Bacilli,Bacillales,Bacillaceae,Pontibacillus,,aerobe,alkaliphile,1,,,417
Bacillota,Clostridia,Eubacteriales,Clostridiaceae,Clostridium,Neonatale,anaerobe,alkaliphile,1,,,420
Pseudomonadota,Alphaproteobacteria,Caulobacterales,Caulobacteraceae,Phenylobacterium,,aerobe,alkaliphile,0,,,421
Actinomycetota,Actinomycetes,Micrococcales,Dermacoccaceae,Dermacoccus,,aerobe,Unknown,1,,,422
Actinomycetota,Coriobacteriia,Eggerthellales,Eggerthellaceae,Eggerthella,Lenta,anaerobe,Unknown,Unknown,fermenter,N/A,423
Bacillota,Clostridia,Halanaerobiales,Halobacteroidaceae,Halanaerobacter,,anaerobe,alkaliphile,0,,,424
Bacillota,Bacilli,Lactobacillales,Lactobacillaceae,Lactobacillus,Ruminis,anaerobe,acidophile,0,mixed,carbohydrates,425
Actinomycetota,Actinomycetes,Micrococcales,Intrasporangiaceae,Intrasporangium,Calvum,aerobe,alkaliphile,0,,,426
Bacteroidota,Cytophagia,Cytophagales,Spirosomataceae,Dyadobacter,,aerobe,alkaliphile,0,,,428
Bacillota,Bacilli,Lactobacillales,Carnobacteriaceae,Alloiococcus,,aerobe,Unknown,0,,,429
Pseudomonadota,Alphaproteobacteria,Rhodospirillales,Rhodospirillaceae,Magnetospirillum,,microaerophile,Unknown,Unknown,,,430
Pseudomonadota,Gammaproteobacteria,Moraxellales,Moraxellaceae,Acinetobacter,Guillouiae,aerobe,alkaliphile,0,N/A,N/A,432
Pseudomonadota,Betaproteobacteria,Rhodocyclales,Zoogloeaceae,Zoogloea,,aerobe,Unknown,0,,,433
Bacillota,Clostridia,Peptostreptococcales,Peptostreptococcaceae,Tepidibacter,,anaerobe,alkaliphile,1,,,434
Pseudomonadota,Gammaproteobacteria,Enterobacterales,Enterobacteriaceae,Enterobacter,Hormaechei,aerobe,alkaliphile,0,mixed,N/A,435
Bacillota,Clostridia,Eubacteriales,Clostridiaceae,Clostridium,Citroniae,anaerobe,alkaliphile,1,,,437
Arthropoda,Insecta,Phasmatodea,Bacillidae,Bacillus,Cereus,aerobe,alkaliphile,1,mixed,carbohydrates,438
Pseudomonadota,Betaproteobacteria,Neisseriales,Neisseriaceae,Neisseria,Cinerea,microaerophile,alkaliphile,0,fermenter,carbohydrates,439
Fusobacteriota,Fusobacteriia,Fusobacteriales,Fusobacteriaceae,Cetobacterium,Somerae,anaerobe,Unknown,Unknown,fermenter,carbohydrates,440
Pseudomonadota,Gammaproteobacteria,Pasteurellales,Pasteurellaceae,Aggregatibacter,Segnis,microaerophile,Unknown,Unknown,,,441
Pseudomonadota,Gammaproteobacteria,Enterobacterales,Enterobacteriaceae,Shigella,Sonnei,aerobe,Unknown,0,mixed,organic_unspecified,443
Pseudomonadota,Gammaproteobacteria,Pasteurellales,Pasteurellaceae,Gallibacterium,Genomosp.,facultative anaerobe,Unknown,Unknown,,,444
Pseudomonadota,Betaproteobacteria,Burkholderiales,Burkholderiaceae,Cupriavidus,Gilardii,aerobe,alkaliphile,0,,,445
Pseudomonadota,Gammaproteobacteria,Pasteurellales,Pasteurellaceae,Pasteurella,Mairii,facultative anaerobe,Unknown,Unknown,,,446
Pseudomonadota,Gammaproteobacteria,Enterobacterales,Erwiniaceae,Pantoea,Agglomerans,aerobe,Unknown,0,mixed,N/A,448
Bacillota,Bacilli,Lactobacillales,Lactobacillaceae,Lactobacillus,Salivarius,anaerobe,acidophile,0,mixed,N/A,451
Arthropoda,Insecta,Phasmatodea,Bacillidae,Bacillus,Foraminis,aerobe,alkaliphile,1,,,453
Bacillota,Clostridia,Eubacteriales,Clostridiaceae,Clostridium,Hungatei,anaerobe,alkaliphile,1,,,454
Pseudomonadota,Gammaproteobacteria,Pasteurellales,Pasteurellaceae,Actinobacillus,Porcinus,facultative anaerobe,Unknown,Unknown,,,455
Pseudomonadota,Gammaproteobacteria,Pasteurellales,Pasteurellaceae,Actinobacillus,Seminis,facultative anaerobe,Unknown,Unknown,,,456
Pseudomonadota,Gammaproteobacteria,Oceanospirillales,Oceanospirillaceae,Nitrincola,,aerobe,alkaliphile,0,,,457
Bacillota,Bacilli,Bacillales,Paenibacillaceae,Thermobacillus,Composti,aerobe,alkaliphile,0,,,458
Pseudomonadota,Gammaproteobacteria,Alteromonadales,Alteromonadaceae,Glaciecola,Punicea,aerobe,Unknown,0,,,459
Bacillota,Bacilli,Bacillales,Thermoactinomycetaceae,Shimazuella,,aerobe,Unknown,1,,,460
Pseudomonadota,Gammaproteobacteria,Pasteurellales,Pasteurellaceae,Haemophilus,Paracuniculus,microaerophile,Unknown,0,,,461
Pseudomonadota,Gammaproteobacteria,Alteromonadales,Shewanellaceae,Shewanella,Algae,aerobe,alkaliphile,0,N/A,N/A,462
Bacillota,Bacilli,Bacillales,Staphylococcaceae,Macrococcus,Caseolyticus,aerobe,Unknown,Unknown,,,463
Pseudomonadota,Gammaproteobacteria,Methylococcales,Crenotrichaceae,Crenothrix,,Unknown,Unknown,Unknown,,,465
Pseudomonadota,Betaproteobacteria,Neisseriales,Neisseriaceae,Eikenella,,anaerobe,Unknown,Unknown,,,466
Actinomycetota,Actinomycetes,Bifidobacteriales,Bifidobacteriaceae,Bifidobacterium,Pseudolongum,anaerobe,acidophile,0,fermenter,carbohydrates,469
Bacteroidota,Bacteroidia,Bacteroidales,Bacteroidaceae,Bacteroides,Nordii,anaerobe,alkaliphile,0,fermenter,carbohydrates,470
Bacillota,Bacilli,Bacillales,Paenibacillaceae,Brevibacillus,Reuszeri,aerobe,alkaliphile,1,,,471
Pseudomonadota,Gammaproteobacteria,Pasteurellales,Pasteurellaceae,Avibacterium,Gallinarum,microaerophile,Unknown,Unknown,,,472
Pseudomonadota,Gammaproteobacteria,Alteromonadales,Colwelliaceae,Thalassomonas,Sediminis,anaerobe,alkaliphile,Unknown,,,473
Campylobacterota,Epsilonproteobacteria,Campylobacterales,Helicobacteraceae,Wolinella,Succinogenes,anaerobe,Unknown,Unknown,N/A,N/A,474
Bacteroidota,Bacteroidia,Bacteroidales,Rikenellaceae,Ruminofilibacter,Xylanolyticum,Unknown,Unknown,Unknown,,,475
Pseudomonadota,Alphaproteobacteria,Hyphomonadales,Hyphomonadaceae,Hyphomonas,Oceanitis,obligate aerobe,Unknown,Unknown,,,476
Actinomycetota,Actinomycetes,Bifidobacteriales,Bifidobacteriaceae,Bombiscardovia,,anaerobe,Unknown,Unknown,,,477
Pseudomonadota,Gammaproteobacteria,Alteromonadales,Psychromonadaceae,Psychromonas,,facultative anaerobe,alkaliphile,0,,,478
Pseudomonadota,Alphaproteobacteria,Rickettsiales,Rickettsiaceae,Rickettsia,,obligate aerobe,Unknown,0,,,479
Pseudomonadota,Gammaproteobacteria,Aeromonadales,Aeromonadaceae,Oceanisphaera,,aerobe,alkaliphile,0,,,480
Actinomycetota,Actinomycetes,Pseudonocardiales,Pseudonocardiaceae,Saccharomonospora,,aerobe,alkaliphile,1,,,481
Pseudomonadota,Gammaproteobacteria,Aeromonadales,Aeromonadaceae,Aeromonas,Popoffii,facultative anaerobe,alkaliphile,0,,,482
Bacillota,Bacilli,Bacillales,Planococcaceae,Ureibacillus,,aerobe,alkaliphile,1,,,483
Bacillota,Erysipelotrichia,Erysipelotrichales,Erysipelotrichaceae,Erysipelothrix,,anaerobe,Unknown,0,,,484
Pseudomonadota,Gammaproteobacteria,Pasteurellales,Pasteurellaceae,Haemophilus,Parasuis,microaerophile,Unknown,0,,,485
Bacillota,Clostridia,Eubacteriales,Clostridiaceae,Clostridium,Piliforme,anaerobe,alkaliphile,1,,,486
Bacillota,Erysipelotrichia,Erysipelotrichales,Coprobacillaceae,Catenibacterium,Mitsuokai,anaerobe,Unknown,Unknown,fermenter,carbohydrates,487
Pseudomonadota,Betaproteobacteria,Burkholderiales,Burkholderiaceae,Limnobacter,,aerobe,alkaliphile,0,,,489
Bacteroidota,Sphingobacteriia,Sphingobacteriales,Sphingobacteriaceae,Parapedobacter,,aerobe,alkaliphile,0,,,491
Thermodesulfobacteriota,Desulfovibrionia,Desulfovibrionales,Desulfovibrionaceae,Desulfovibrio,Alaskensis,anaerobe,alkaliphile,0,,,492
Pseudomonadota,Betaproteobacteria,Burkholderiales,Alcaligenaceae,Alcaligenes,Faecalis,anaerobe,alkaliphile,Unknown,respirer,N/A,493
Bacteroidota,Flavobacteriia,Flavobacteriales,Crocinitomicaceae,Crocinitomix,,aerobe,alkaliphile,Unknown,,,494
Bacteroidota,Sphingobacteriia,Sphingobacteriales,Sphingobacteriaceae,Sphingobacterium,Multivorum,aerobe,alkaliphile,0,,,495
Pseudomonadota,Betaproteobacteria,Tremblayales,Tremblayaceae,Candidatus Tremblaya,Princeps,Unknown,Unknown,Unknown,,,496
Pseudomonadota,Gammaproteobacteria,Oceanospirillales,Alcanivoracaceae,Alcanivorax,,aerobe,alkaliphile,0,,,497
Bacteroidota,Sphingobacteriia,Sphingobacteriales,Sphingobacteriaceae,Pedobacter,Terricola,aerobe,alkaliphile,0,,,498
Pseudomonadota,Betaproteobacteria,Burkholderiales,Oxalobacteraceae,Collimonas,,aerobe,Unknown,0,,,501
Pseudomonadota,Gammaproteobacteria,Enterobacterales,Enterobacteriaceae,Enterobacter,Cloacae,aerobe,alkaliphile,0,mixed,N/A,502
Fusobacteriota,Fusobacteriia,Fusobacteriales,Fusobacteriaceae,Propionigenium,,anaerobe,Unknown,Unknown,,,503
Arthropoda,Insecta,Coleoptera,Lampyridae,Serratia,Symbiotica,aerobe,alkaliphile,0,,,504
Bacillota,Clostridia,Peptostreptococcales,Filifactoraceae,Filifactor,,anaerobe,Unknown,Unknown,,,505
Thermodesulfobacteriota,Desulfovibrionia,Desulfovibrionales,Desulfovibrionaceae,Desulfovibrio,D168,anaerobe,alkaliphile,0,,,507
Bacillota,Clostridia,Eubacteriales,Oscillospiraceae,Cellulosibacter,Alkalithermophilus,anaerobe,alkaliphile,1,,,508
Bacteroidota,Bacteroidia,Bacteroidales,Rikenellaceae,Alistipes,Massiliensis,anaerobe,Unknown,0,,,509
Pseudomonadota,Gammaproteobacteria,Moraxellales,Moraxellaceae,Enhydrobacter,,aerobe,Unknown,Unknown,,,510
Bacillota,Bacilli,Lactobacillales,Lactobacillaceae,Lactobacillus,Iners,anaerobe,acidophile,0,mixed,carbohydrates,511
Arthropoda,Insecta,Mantodea,Amelidae,Yersinia,,aerobe,Unknown,0,,,514
Pseudomonadota,Gammaproteobacteria,Vibrionales,Vibrionaceae,Vibrio,Cholerae,facultative anaerobe,alkaliphile,0,mixed,organic_unspecified,515
Pseudomonadota,Gammaproteobacteria,Alteromonadales,Ferrimonadaceae,Ferrimonas,,anaerobe,alkaliphile,Unknown,,,517
Pseudomonadota,Gammaproteobacteria,Moraxellales,Moraxellaceae,Moraxella,,aerobe,Unknown,0,,,518
Bacillota,Erysipelotrichia,Erysipelotrichales,Erysipelotrichaceae,Anaerorhabdus,Furcosa,Unknown,Unknown,Unknown,,,520
Cyanobacteriota,Cyanophyceae,Synechococcales,Prochlorococcaceae,Prochlorococcus,,Unknown,Unknown,Unknown,,,521
Pseudomonadota,Gammaproteobacteria,Moraxellales,Moraxellaceae,Psychrobacter,Sanguinis,aerobe,alkaliphile,0,,,522
Bacillota,Clostridia,Eubacteriales,Clostridiaceae,Clostridium,Tyrobutyricum,anaerobe,alkaliphile,1,fermenter,carbohydrates,524
Pseudomonadota,Gammaproteobacteria,Enterobacterales,Enterobacteriaceae,Cronobacter,Turicensis,aerobe,alkaliphile,0,,,525
Pseudomonadota,Gammaproteobacteria,Enterobacterales,Enterobacteriaceae,Salmonella,Enterica,facultative anaerobe,Unknown,0,mixed,organic_unspecified,526
Pseudomonadota,Gammaproteobacteria,Pseudomonadales,Pseudomonadaceae,Pseudomonas,Fragi,aerobe,alkaliphile,0,,,527
Actinomycetota,Actinomycetes,Mycobacteriales,Corynebacteriaceae,Corynebacterium,Stationis,aerobe,alkaliphile,0,,,528
Bacillota,Clostridia,Eubacteriales,Clostridiaceae,Clostridium,Tetani,anaerobe,alkaliphile,1,fermenter,organic_unspecified,529
Bacteroidota,Flavobacteriia,Flavobacteriales,Flavobacteriaceae,Capnocytophaga,Ochracea,anaerobe,Unknown,Unknown,fermenter,organic_unspecified,530
Pseudomonadota,Gammaproteobacteria,Enterobacterales,Enterobacteriaceae,Cronobacter,Dublinensis,aerobe,alkaliphile,0,,,532
Pseudomonadota,Gammaproteobacteria,Enterobacterales,Morganellaceae,Providencia,,aerobe,alkaliphile,0,,,533
Pseudomonadota,Gammaproteobacteria,Pseudomonadales,Pseudomonadaceae,Pseudomonas,Veronii,aerobe,alkaliphile,0,,,534
Campylobacterota,Epsilonproteobacteria,Campylobacterales,Arcobacteraceae,Arcobacter,,microaerophile,alkaliphile,0,,,537
Chloroflexota,Dehalococcoidia,Dehalococcoidales,Dehalococcoidaceae,Dehalococcoides,,anaerobe,Unknown,0,,,539
Pseudomonadota,Betaproteobacteria,Burkholderiales,Comamonadaceae,Pelomonas,,aerobe,Unknown,0,,,541
Pseudomonadota,Alphaproteobacteria,Rhodobacterales,Roseobacteraceae,Octadecabacter,,aerobe,Unknown,0,,,542
Chloroflexota,Thermobacula,Thermobaculales,Thermobaculaceae,Thermobaculum,Terrenum,Unknown,Unknown,Unknown,,,544
Pseudomonadota,Gammaproteobacteria,Methylococcales,Methylococcaceae,Methylocaldum,,Unknown,Unknown,Unknown,,,546
Streptophyta,Magnoliopsida,Acorales,Acoraceae,Acorus,Gramineus,Unknown,Unknown,Unknown,,,547
Pseudomonadota,Gammaproteobacteria,Enterobacterales,Enterobacteriaceae,Cronobacter,Sakazakii,aerobe,alkaliphile,0,fermenter,N/A,549
Pseudomonadota,Gammaproteobacteria,Enterobacterales,Enterobacteriaceae,Enterobacter,Cowanii,aerobe,alkaliphile,0,,,550
Bacillota,Bacilli,Bacillales,Sporolactobacillaceae,Sporolactobacillus,,facultative anaerobe,acidophile,1,,,552
Pseudomonadota,Gammaproteobacteria,Vibrionales,Vibrionaceae,Vibrio,Tapetis,facultative anaerobe,alkaliphile,0,,,555
Bacteroidota,Flavobacteriia,Flavobacteriales,Cryomorphaceae,Cryomorpha,,Unknown,Unknown,Unknown,,,556
Actinomycetota,Actinomycetes,Micrococcales,Promicromonosporaceae,Cellulosimicrobium,,aerobe,alkaliphile,0,,,557
Chordata,Amphibia,Caudata,Proteidae,Proteus,,facultative anaerobe,alkaliphile,Unknown,,,559
Pseudomonadota,Gammaproteobacteria,Enterobacterales,Budviciaceae,Leminorella,Grimontii,facultative anaerobe,Unknown,Unknown,mixed,N/A,560
Pseudomonadota,Gammaproteobacteria,Moraxellales,Moraxellaceae,Alkanindiges,,Unknown,Unknown,Unknown,,,561
Pseudomonadota,Gammaproteobacteria,Enterobacterales,Erwiniaceae,Pantoea,Ananatis,aerobe,Unknown,0,,,562
Pseudomonadota,Gammaproteobacteria,Enterobacterales,Pectobacteriaceae,Dickeya,,aerobe,Unknown,Unknown,,,563
Pseudomonadota,Gammaproteobacteria,Thiotrichales,Thiotrichaceae,Beggiatoa,,Unknown,Unknown,Unknown,,,564
Pseudomonadota,Gammaproteobacteria,Enterobacterales,Enterobacteriaceae,Enterobacter,Gergoviae,aerobe,alkaliphile,0,,,565
Arthropoda,Insecta,Hemiptera,Coccidae,Rhodococcus,Fascians,aerobe,alkaliphile,0,N/A,N/A,566
Bacillota,Clostridia,Peptostreptococcales,Natronincolaceae,Natronincola,,anaerobe,Unknown,Unknown,,,567
Pseudomonadota,Gammaproteobacteria,Alteromonadales,Shewanellaceae,Shewanella,Benthica,aerobe,alkaliphile,0,,,568
Pseudomonadota,Gammaproteobacteria,Enterobacterales,Enterobacteriaceae,Enterobacter,Pyrinus,aerobe,alkaliphile,0,,,572
Pseudomonadota,Gammaproteobacteria,Oceanospirillales,Oceanospirillaceae,Marinomonas,,aerobe,alkaliphile,0,,,574
Streptophyta,Magnoliopsida,Lamiales,Orobanchaceae,Buchnera,,Unknown,Unknown,Unknown,,,575
Thermodesulfobacteriota,Desulfobacteria,Desulfobacterales,Desulfococcaceae,Desulfococcus,Oleovorans,anaerobe,Unknown,Unknown,fermenter,N/A,577
Pseudomonadota,Gammaproteobacteria,Enterobacterales,Enterobacteriaceae,Enterobacter,Arachidis,aerobe,alkaliphile,0,,,579
Pseudomonadota,Gammaproteobacteria,Thiotrichales,Thiotrichaceae,Candidatus Thiopilula,Aggregata,Unknown,Unknown,Unknown,,,580
Pseudomonadota,Gammaproteobacteria,Oceanospirillales,Halomonadaceae,Halomonas,,aerobe,alkaliphile,0,,,581
Pseudomonadota,Alphaproteobacteria,Hyphomicrobiales,Rhizobiaceae,Agrobacterium,,aerobe,alkaliphile,0,,,582
Bacillota,Bacilli,Bacillales,Paenibacillaceae,Aneurinibacillus,,facultative anaerobe,acidophile,1,,,583
Arthropoda,Insecta,Coleoptera,Anthribidae,Lawsonia,,Unknown,Unknown,Unknown,,,584
Bacillota,Bacilli,Lactobacillales,Lactobacillaceae,Fructobacillus,,aerobe,acidophile,0,,,585
Bacillota,Clostridia,Eubacteriales,Clostridiaceae,Clostridium,Hathewayi,anaerobe,alkaliphile,1,,,586
Thermodesulfobacteriota,Desulfovibrionia,Desulfovibrionales,Desulfovibrionaceae,Desulfovibrio,Litoralis,anaerobe,alkaliphile,0,,,588
Streptophyta,Pinopsida,Araucariales,Podocarpaceae,Phyllocladus,Trichomanoides,Unknown,Unknown,Unknown,,,589
Pseudomonadota,Gammaproteobacteria,Enterobacterales,Bruguierivoracaceae,Sodalis,,microaerophile,Unknown,Unknown,,,594
Pseudomonadota,Zetaproteobacteria,Mariprofundales,Mariprofundaceae,Mariprofundus,,facultative anaerobe,Unknown,Unknown,,,595
Pseudomonadota,Gammaproteobacteria,Enterobacterales,Enterobacteriaceae,Escherichia,Blattae,facultative anaerobe,alkaliphile,0,,,596
Pseudomonadota,Gammaproteobacteria,Enterobacterales,Morganellaceae,Xenorhabdus,Bovienii,facultative anaerobe,Unknown,0,,,597
Pseudomonadota,Gammaproteobacteria,Enterobacterales,Enterobacteriaceae,Candidatus Schneideria,Nysicola,Unknown,Unknown,Unknown,,,599
Pseudomonadota,Gammaproteobacteria,Moraxellales,Moraxellaceae,Acinetobacter,Rhizosphaerae,aerobe,alkaliphile,0,,,600
Bacillota,Clostridia,Lachnospirales,Lachnospiraceae,Catonella,,Unknown,Unknown,Unknown,,,601
Pseudomonadota,Gammaproteobacteria,Cardiobacteriales,Cardiobacteriaceae,Cardiobacterium,,anaerobe,Unknown,Unknown,N/A,N/A,603
Bacillota,Negativicutes,Selenomonadales,Sporomusaceae,Anaerospora,Hongkongensis,anaerobe,Unknown,Unknown,,,604
Pseudomonadota,Gammaproteobacteria,Lysobacterales,Lysobacteraceae,Stenotrophomonas,Maltophilia,aerobe,alkaliphile,0,mixed,carbohydrates,606
Streptophyta,Magnoliopsida,Brassicales,Brassicaceae,Raphanus,Sativus,Unknown,Unknown,Unknown,,,607
Pseudomonadota,Gammaproteobacteria,Enterobacterales,Enterobacteriaceae,Candidatus Kleidoceria,Schneideri,Unknown,Unknown,Unknown,,,608
Pseudomonadota,Betaproteobacteria,Burkholderiales,Comamonadaceae,Mitsuaria,Chitosanitabida,Unknown,Unknown,Unknown,,,609
Pseudomonadota,Gammaproteobacteria,Enterobacterales,Morganellaceae,Photorhabdus,Temperata,facultative anaerobe,Unknown,0,,,610
Pseudomonadota,Gammaproteobacteria,Vibrionales,Vibrionaceae,Vibrio,Fortis,facultative anaerobe,alkaliphile,0,,,611
Pseudomonadota,Gammaproteobacteria,Aeromonadales,Aeromonadaceae,Aeromonas,Caviae,facultative anaerobe,alkaliphile,0,mixed,carbohydrates,613
Bacteroidota,Flavobacteriia,Flavobacteriales,Owenweeksiaceae,Owenweeksia,Hongkongensis,aerobe,alkaliphile,0,,,616
Actinomycetota,Actinomycetes,Micrococcales,Microbacteriaceae,Rhodoluna,,aerobe,Unknown,Unknown,,,617
Bacteroidota,Flavobacteriia,Flavobacteriales,Flavobacteriaceae,Kordia,,aerobe,alkaliphile,0,,,621
Pseudomonadota,Betaproteobacteria,Burkholderiales,Comamonadaceae,Polaromonas,,aerobe,alkaliphile,0,,,623
Bacteroidota,Bacteroidia,Bacteroidales,Porphyromonadaceae,Porphyromonas,Endodontalis,anaerobe,Unknown,0,fermenter,carbohydrates,629
Bacillota,Clostridia,Eubacteriales,Oscillospiraceae,Sporobacter,Termitidis,anaerobe,Unknown,Unknown,,,630
Bacillota,Clostridia,Eubacteriales,Clostridiaceae,Oxobacter,,anaerobe,Unknown,Unknown,,,631
Pseudomonadota,Alphaproteobacteria,Hyphomicrobiales,Parvibaculaceae,Parvibaculum,,aerobe,acidophile,0,,,634
Bacillota,Clostridia,Eubacteriales,Clostridiaceae,Clostridium,Fimetarium,anaerobe,alkaliphile,1,,,635
Actinomycetota,Actinomycetes,Propionibacteriales,Nocardioidaceae,Friedmanniella,,aerobe,alkaliphile,Unknown,,,636
Bacillota,Clostridia,Eubacteriales,Eubacteriales Family XII. Incertae Sedis,Fusibacter,,anaerobe,Unknown,0,,,637
Pseudomonadota,Gammaproteobacteria,Steroidobacterales,Steroidobacteraceae,Steroidobacter,,aerobe,alkaliphile,0,,,638
Pseudomonadota,Gammaproteobacteria,Enterobacterales,Enterobacteriaceae,Escherichia,Coli,facultative anaerobe,alkaliphile,0,mixed,N/A,639
Actinomycetota,Coriobacteriia,Coriobacteriales,Atopobiaceae,Atopobium,Rimae,anaerobe,Unknown,Unknown,fermenter,carbohydrates,643
Pseudomonadota,Gammaproteobacteria,Aeromonadales,Succinivibrionaceae,Ruminobacter,,anaerobe,Unknown,Unknown,,,644
Actinomycetota,Actinomycetes,Bifidobacteriales,Bifidobacteriaceae,Gardnerella,,anaerobe,Unknown,Unknown,,,646
Streptophyta,Magnoliopsida,Ericales,Marcgraviaceae,Schwartzia,,anaerobe,Unknown,Unknown,,,647
Pseudomonadota,Gammaproteobacteria,Lysobacterales,Lysobacteraceae,Lysobacter,,aerobe,alkaliphile,0,,,648
Pseudomonadota,Gammaproteobacteria,Enterobacterales,Erwiniaceae,Erwinia,Oleae,facultative anaerobe,alkaliphile,0,,,649
Fusobacteriota,Fusobacteriia,Fusobacteriales,Fusobacteriaceae,Psychrilyobacter,,anaerobe,Unknown,0,,,652
Bacillota,Clostridia,Eubacteriales,Clostridiaceae,Clostridium,Cocleatum,anaerobe,alkaliphile,1,,,653
Pseudomonadota,Gammaproteobacteria,Enterobacterales,Pectobacteriaceae,Samsonia,Erythrinae,facultative anaerobe,Unknown,Unknown,,,658
Arthropoda,Insecta,Phasmatodea,Bacillidae,Bacillus,Humi,aerobe,alkaliphile,1,,,659
Pseudomonadota,Gammaproteobacteria,Aeromonadales,Aeromonadaceae,Oceanimonas,,obligate aerobe,alkaliphile,Unknown,,,660
Bacteroidota,Bacteroidia,Bacteroidales,Prevotellaceae,Prevotella,Intermedia,anaerobe,alkaliphile,0,fermenter,carbohydrates,661
Pseudomonadota,Alphaproteobacteria,Rhodospirillales,Thalassospiraceae,Thalassospira,Xiamenensis,aerobe,alkaliphile,0,,,662
Pseudomonadota,Betaproteobacteria,Rhodocyclales,Rhodocyclaceae,Petrobacter,Succinatimandens,Unknown,Unknown,Unknown,,,665
Pseudomonadota,Betaproteobacteria,Burkholderiales,Comamonadaceae,Aquabacterium,,aerobe,alkaliphile,0,,,666
Bacillota,Bacilli,Lactobacillales,Lactobacillaceae,Weissella,Paramesenteroides,anaerobe,alkaliphile,0,mixed,carbohydrates,668
Pseudomonadota,Betaproteobacteria,Burkholderiales,Oxalobacteraceae,Massilia,Aerolata,aerobe,alkaliphile,0,,,669
Streptophyta,Magnoliopsida,Ericales,Theaceae,Gordonia,,aerobe,alkaliphile,0,N/A,N/A,670
Pseudomonadota,Alphaproteobacteria,Rhodospirillales,Acetobacteraceae,Swaminathania,,Unknown,acidophile,Unknown,,,671
Bacillota,Tissierellia,Tissierellales,Peptoniphilaceae,Anaerococcus,,anaerobe,Unknown,Unknown,,,673
Bacillota,Tissierellia,Tissierellales,Peptoniphilaceae,Finegoldia,,anaerobe,Unknown,0,,,674
Pseudomonadota,Gammaproteobacteria,Alteromonadales,Idiomarinaceae,Idiomarina,,aerobe,alkaliphile,0,,,676
Bacillota,Clostridia,Eubacteriales,Peptococcaceae,Desulfitobacter,,anaerobe,Unknown,1,,,677
Pseudomonadota,Gammaproteobacteria,Aeromonadales,Succinivibrionaceae,Anaerobiospirillum,,anaerobe,Unknown,Unknown,,,678
Pseudomonadota,Gammaproteobacteria,Vibrionales,Vibrionaceae,Photobacterium,Rosenbergii,facultative anaerobe,alkaliphile,0,,,679
Pseudomonadota,Gammaproteobacteria,Cellvibrionales,Cellvibrionaceae,Marinimicrobium,,aerobe,alkaliphile,0,,,680
Pseudomonadota,Gammaproteobacteria,Pseudomonadales,Pseudomonadaceae,Pseudomonas,Viridiflava,aerobe,alkaliphile,0,,,681
Pseudomonadota,Gammaproteobacteria,Aeromonadales,Aeromonadaceae,Aeromonas,Hydrophila,facultative anaerobe,alkaliphile,0,mixed,organic_unspecified,682
Actinomycetota,Actinomycetes,Micrococcales,Intrasporangiaceae,Janibacter,,aerobe,alkaliphile,0,,,684
Actinomycetota,Actinomycetes,Bifidobacteriales,Bifidobacteriaceae,Scardovia,,anaerobe,Unknown,0,,,685
Pseudomonadota,Betaproteobacteria,Burkholderiales,Alcaligenaceae,Achromobacter,,aerobe,alkaliphile,0,,,687
Bacillota,Bacilli,Bacillales,Bacillaceae,Oceanobacillus,Oncorhynchi,aerobe,alkaliphile,1,,,688
Pseudomonadota,Alphaproteobacteria,Sphingomonadales,Sphingomonadaceae,Sphingobium,,aerobe,alkaliphile,0,,,689
Pseudomonadota,Alphaproteobacteria,Sphingomonadales,Sphingomonadaceae,Novosphingobium,,aerobe,alkaliphile,0,,,691
Bacillota,Bacilli,Lactobacillales,Aerococcaceae,Aerococcus,,facultative anaerobe,alkaliphile,0,,,692
Bacillota,Bacilli,Lactobacillales,Lactobacillaceae,Oenococcus,Kitaharae,aerobe,Unknown,Unknown,,,694
Bacillota,Clostridia,Eubacteriales,Clostridiaceae,Clostridium,Saccharogumia,anaerobe,alkaliphile,1,,,695
Streptophyta,Magnoliopsida,Cucurbitales,Cucurbitaceae,Citrullus,Lanatus,Unknown,Unknown,Unknown,,,699
Bacillota,Tissierellia,Tissierellales,Tissierellaceae,Dethiosulfatibacter,,anaerobe,alkaliphile,0,,,700
Actinomycetota,Actinomycetes,Micromonosporales,Micromonosporaceae,Pilimelia,,Unknown,Unknown,1,N/A,N/A,701
Bacteroidota,Flavobacteriia,Flavobacteriales,Flavobacteriaceae,Imtechella,Halotolerans,aerobe,alkaliphile,0,,,703
Bacillota,Bacilli,Lactobacillales,Lactobacillaceae,Lactobacillus,Plantarum,anaerobe,acidophile,0,mixed,carbohydrates,705
Bacillota,Bacilli,Lactobacillales,Lactobacillaceae,Weissella,Cibaria,anaerobe,alkaliphile,0,mixed,N/A,706
Chloroflexota,Chloroflexia,Chloroflexales,Roseiflexaceae,Roseiflexus,,anaerobe,alkaliphile,Unknown,,,707
Pseudomonadota,Gammaproteobacteria,Enterobacterales,Enterobacteriaceae,Aquamonas,Haywardensis,Unknown,Unknown,Unknown,,,708
Pseudomonadota,Gammaproteobacteria,Enterobacterales,Enterobacteriaceae,Candidatus Profftia,Virida,Unknown,Unknown,Unknown,,,709
Synergistota,Synergistia,Synergistales,Dethiosulfovibrionaceae,Dethiosulfovibrio,Peptidovorans,anaerobe,alkaliphile,0,,,710
Pseudomonadota,Gammaproteobacteria,Enterobacterales,Enterobacteriaceae,Candidatus Ecksteinia,Adelgidicola,Unknown,Unknown,Unknown,,,711
Bacillota,Bacilli,Bacillales,Planococcaceae,Solibacillus,,aerobe,alkaliphile,1,,,712
Pseudomonadota,Gammaproteobacteria,Oceanospirillales,Oceanospirillaceae,Neptuniibacter,Caesariensis,aerobe,Unknown,Unknown,,,713
Pseudomonadota,Betaproteobacteria,Burkholderiales,Comamonadaceae,Diaphorobacter,,aerobe,Unknown,Unknown,,,714
Euryarchaeota,Methanobacteria,Methanobacteriales,Methanobacteriaceae,Methanothermobacter,Thermautotrophicus,anaerobe,alkaliphile,Unknown,fermenter,N/A,715
Pseudomonadota,Alphaproteobacteria,Hyphomicrobiales,Nitrobacteraceae,Bradyrhizobium,,aerobe,alkaliphile,0,,,717
Pseudomonadota,Betaproteobacteria,Neisseriales,Leeiaceae,Leeia,Oryzae,aerobe,alkaliphile,0,,,719
Cyanobacteriota,Cyanophyceae,Leptolyngbyales,Leptolyngbyaceae,Leptolyngbya,,Unknown,Unknown,Unknown,,,720
Pseudomonadota,Betaproteobacteria,Neisseriales,Neisseriaceae,Neisseria,Subflava,microaerophile,alkaliphile,0,mixed,N/A,722
Streptophyta,Magnoliopsida,Brassicales,Caricaceae,Carica,Papaya,Unknown,Unknown,Unknown,,,725
Streptophyta,Pinopsida,Araucariales,Podocarpaceae,Nageia,Nagi,Unknown,Unknown,Unknown,,,727
Bacillota,Clostridia,Thermoanaerobacterales,Thermoanaerobacteraceae,Thermoanaerobacterium,,anaerobe,acidophile,1,,,728
Arthropoda,Insecta,Phasmatodea,Bacillidae,Bacillus,Firmus,aerobe,alkaliphile,1,mixed,carbohydrates,729
Bacillota,Clostridia,Eubacteriales,Desulfitobacteriaceae,Dehalobacter,,anaerobe,Unknown,Unknown,,,731
Bacteroidota,Flavobacteriia,Flavobacteriales,Weeksellaceae,Wautersiella,,Unknown,Unknown,Unknown,,,732
Arthropoda,Insecta,Phasmatodea,Bacillidae,Bacillus,Horti,aerobe,alkaliphile,1,,,733
Pseudomonadota,Gammaproteobacteria,Pseudomonadales,Marinobacteraceae,Marinobacter,,aerobe,alkaliphile,0,,,734
Pseudomonadota,Gammaproteobacteria,Thiotrichales,Piscirickettsiaceae,Thiomicrospira,,microaerophile,alkaliphile,Unknown,,,735
Bacillota,Clostridia,Peptostreptococcales,Acidaminobacteraceae,Acidaminobacter,,anaerobe,Unknown,Unknown,,,737
Pseudomonadota,Betaproteobacteria,Rhodocyclales,Zoogloeaceae,Uliginosibacterium,,aerobe,acidophile,0,,,740
Bacillota,Negativicutes,Selenomonadales,Sporomusaceae,Thermosinus,,anaerobe,Unknown,0,,,743
Actinomycetota,Actinomycetes,Micrococcales,Micrococcaceae,Arthrobacter,Nitroguajacolicus,aerobe,alkaliphile,0,,,744
Bacillota,Bacilli,Lactobacillales,Lactobacillaceae,Weissella,Confusa,anaerobe,alkaliphile,0,mixed,N/A,746
Pseudomonadota,Gammaproteobacteria,Pseudomonadales,Perlucidibacaceae,Perlucidibaca,,aerobe,alkaliphile,Unknown,,,747
Pseudomonadota,Gammaproteobacteria,Pasteurellales,Pasteurellaceae,Haemophilus,Influenzae-Murium,microaerophile,Unknown,0,,,748
Pseudomonadota,Betaproteobacteria,Rhodocyclales,Zoogloeaceae,Thauera,,aerobe,alkaliphile,0,,,749
Pseudomonadota,Alphaproteobacteria,Rhodospirillales,Acetobacteraceae,Gluconacetobacter,Liquefaciens,aerobe,acidophile,0,,,750
Mycoplasmatota,Mollicutes,Mycoplasmatales,Mycoplasmataceae,Mycoplasma,Hyorhinis,aerobe,Unknown,Unknown,N/A,N/A,751
Pseudomonadota,Betaproteobacteria,Burkholderiales,Comamonadaceae,Lampropedia,,aerobe,alkaliphile,0,,,752
Pseudomonadota,Betaproteobacteria,Nitrosomonadales,Nitrosomonadaceae,Nitrosomonas,Marina,aerobe,alkaliphile,1,,,754
Bacteroidota,Flavobacteriia,Flavobacteriales,Flavobacteriaceae,Lutaonella,Thermophilus,aerobe,alkaliphile,1,,,756
Pseudomonadota,Gammaproteobacteria,Methylococcales,Methylococcaceae,Methylomicrobium,Buryatense,aerobe,acidophile,0,,,757
Thermodesulfobacteriota,Desulfovibrionia,Desulfovibrionales,Desulfovibrionaceae,Desulfovibrio,Aminophilus,anaerobe,alkaliphile,0,,,758
Bacillota,Clostridia,Eubacteriales,Clostridiaceae,Proteiniborus,Ethanoligenes,anaerobe,alkaliphile,0,,,761
Pseudomonadota,Betaproteobacteria,Rhodocyclales,Rhodocyclaceae,Azovibrio,,Unknown,Unknown,Unknown,,,762
Bacteroidota,Bacteroidia,Bacteroidales,Prevotellaceae,Prevotella,Ruminicola,anaerobe,alkaliphile,0,fermenter,N/A,764
Arthropoda,Insecta,Phasmatodea,Bacillidae,Bacillus,Selenatarsenatis,aerobe,alkaliphile,1,,,765
Arthropoda,Insecta,Hemiptera,Pseudococcidae,Paracoccus,Marcusii,aerobe,alkaliphile,0,,,766
Arthropoda,Insecta,Phasmatodea,Bacillidae,Bacillus,Flexus,aerobe,alkaliphile,1,mixed,carbohydrates,767
Pseudomonadota,Alphaproteobacteria,Rhodobacterales,Roseobacteraceae,Roseivivax,,aerobe,alkaliphile,Unknown,,,768
Bacteroidota,Flavobacteriia,Flavobacteriales,Flavobacteriaceae,Myroides,Odoratimimus,aerobe,alkaliphile,0,N/A,N/A,769
Pseudomonadota,Alphaproteobacteria,Rhodobacterales,Paracoccaceae,Rhodobacter,,aerobe,alkaliphile,0,,,770
Verrucomicrobiota,Verrucomicrobiia,Verrucomicrobiales,Verrucomicrobiaceae,Haloferula,Rosea,aerobe,alkaliphile,0,,,771
Pseudomonadota,Alphaproteobacteria,Rhodobacterales,Paracoccaceae,Rhodovulum,,anaerobe,alkaliphile,0,,,772
Pseudomonadota,Gammaproteobacteria,Cellvibrionales,Cellvibrionaceae,Cellvibrio,,aerobe,alkaliphile,0,,,773
Pseudomonadota,Alphaproteobacteria,Rhodobacterales,Roseobacteraceae,Roseisalinus,Antarcticus,microaerophile,alkaliphile,0,,,774
Pseudomonadota,Alphaproteobacteria,Rhodobacterales,Roseobacteraceae,Maritimibacter,Alkaliphilus,anaerobe,alkaliphile,1,,,775
Pseudomonadota,Gammaproteobacteria,Moraxellales,Moraxellaceae,Acinetobacter,Johnsonii,aerobe,alkaliphile,0,fermenter,carbohydrates,776
Arthropoda,Insecta,Phasmatodea,Bacillidae,Bacillus,Coagulans,aerobe,alkaliphile,1,N/A,N/A,777
Actinomycetota,Actinomycetes,Pseudonocardiales,Pseudonocardiaceae,Amycolatopsis,,aerobe,alkaliphile,1,,,780
Bacillota,Bacilli,Lactobacillales,Lactobacillaceae,Lactobacillus,Vaginalis,anaerobe,acidophile,0,mixed,carbohydrates,783
Pseudomonadota,Alphaproteobacteria,Rhodobacterales,Roseobacteraceae,Nautella,Italica,Unknown,Unknown,Unknown,,,784
Deferribacterota,Deferribacteres,Deferribacterales,Calditerrivibrionaceae,Calditerrivibrio,Nitroreducens,anaerobe,Unknown,0,N/A,N/A,785
Actinomycetota,Rubrobacteria,Rubrobacterales,Rubrobacteraceae,Rubrobacter,,aerobe,alkaliphile,0,,,786
Bacillota,Bacilli,Bacillales,Bacillaceae,Ornithinibacillus,Scapharcae,aerobe,alkaliphile,1,,,787
Pseudomonadota,Gammaproteobacteria,Enterobacterales,Pectobacteriaceae,Brenneria,Alni,facultative anaerobe,alkaliphile,Unknown,,,788
Acidobacteriota,Terriglobia,Bryobacterales,Solibacteraceae,Candidatus Solibacter,,Unknown,Unknown,Unknown,,,789
Bacillota,Bacilli,Lactobacillales,Lactobacillaceae,Lactobacillus,Coleohominis,anaerobe,acidophile,0,mixed,carbohydrates,792
Arthropoda,Insecta,Phasmatodea,Bacillidae,Bacillus,Aurantiacus,aerobe,alkaliphile,1,,,793
Arthropoda,Insecta,Coleoptera,Curculionidae,Syntrophus,,anaerobe,Unknown,Unknown,,,796
Pseudomonadota,Betaproteobacteria,Nitrosomonadales,Sterolibacteriaceae,Methyloversatilis,,aerobe,Unknown,Unknown,,,797
Bacillota,Bacilli,Bacillales,Thermoactinomycetaceae,Thermoflavimicrobium,Dichotomicum,aerobe,alkaliphile,1,,,799
Actinomycetota,Actinomycetes,Mycobacteriales,Nocardiaceae,Nocardia,,aerobe,alkaliphile,1,N/A,N/A,800
Thermodesulfobacteriota,Desulfuromonadia,Desulfuromonadales,Desulfuromonadaceae,Pelobacter,,anaerobe,Unknown,Unknown,,,802
Pseudomonadota,Gammaproteobacteria,Enterobacterales,Erwiniaceae,Erwinia,Dispersa,facultative anaerobe,alkaliphile,0,,,803
Pseudomonadota,Gammaproteobacteria,Chromatiales,Chromatiaceae,Marichromatium,Fluminis,anaerobe,Unknown,Unknown,,,804
Pseudomonadota,Alphaproteobacteria,Hyphomicrobiales,Aurantimonadaceae,Aurantimonas,,aerobe,alkaliphile,0,,,805
Pseudomonadota,Gammaproteobacteria,Enterobacterales,Enterobacteriaceae,Trabulsiella,Farmeri,aerobe,Unknown,Unknown,,,806
Thermodesulfobacteriota,Desulfobaccia,Desulfobaccales,Desulfobaccaceae,Desulfobacca,,anaerobe,Unknown,Unknown,,,808
Bacteroidota,Flavobacteriia,Flavobacteriales,Flavobacteriaceae,Sufflavibacter,Maritimus,Unknown,Unknown,Unknown,,,809
Pseudomonadota,Gammaproteobacteria,Enterobacterales,Enterobacteriaceae,Baumannia,Cicadellinicola,Unknown,Unknown,Unknown,,,812
Bacillota,Clostridia,Eubacteriales,Clostridiaceae,Caldanaerocella,,Unknown,Unknown,Unknown,,,813
Bacillota,Clostridia,Christensenellales,Christensenellaceae,Christensenella,,anaerobe,alkaliphile,0,,,814
Cnidaria,Anthozoa,Actiniaria,Edwardsiidae,Edwardsiella,,facultative anaerobe,Unknown,Unknown,,,816
Actinomycetota,Actinomycetes,Micrococcales,Microbacteriaceae,Rathayibacter,,obligate aerobe,Unknown,Unknown,,,817
Bacteroidota,Bacteroidia,Bacteroidales,Barnesiellaceae,Barnesiella,Viscericola,anaerobe,Unknown,0,,,818
Deferribacterota,Deferribacteres,Deferribacterales,Flexistipitaceae,Flexistipes,,anaerobe,Unknown,Unknown,,,819
Bacillota,Clostridia,Peptostreptococcales,Thermotaleaceae,Geosporobacter,,anaerobe,Unknown,1,,,820
Pseudomonadota,Betaproteobacteria,Burkholderiales,Alcaligenaceae,Oligella,,aerobe,Unknown,0,,,822
Thermotogota,Thermotogae,Thermotogales,Thermotogaceae,Thermotoga,,anaerobe,alkaliphile,Unknown,,,823
Bacillota,Clostridia,Thermoanaerobacterales,Thermoanaerobacteraceae,Thermoanaerobacter,,anaerobe,acidophile,1,,,825
Bacillota,Clostridia,Eubacteriales,Peptococcaceae,Desulfonispora,Thiosulfatigenes,anaerobe,Unknown,Unknown,,,826
Pseudomonadota,Gammaproteobacteria,Enterobacterales,Budviciaceae,Pragia,Fontium,Unknown,Unknown,Unknown,,,830
Arthropoda,Insecta,Hemiptera,Diaspididae,Morganella,Morganii,facultative anaerobe,Unknown,Unknown,mixed,N/A,832
Actinomycetota,Actinomycetes,Bifidobacteriales,Bifidobacteriaceae,Alloscardovia,,anaerobe,acidophile,0,,,833
Bacteroidota,Cytophagia,Cytophagales,Leadbetterellaceae,Leadbetterella,,aerobe,Unknown,Unknown,,,834
Pseudomonadota,Gammaproteobacteria,Lysobacterales,Lysobacteraceae,Pseudoxanthomonas,Mexicana,aerobe,alkaliphile,0,,,835
Pseudomonadota,Gammaproteobacteria,Methylococcales,Methylococcaceae,Methylomonas,,aerobe,acidophile,Unknown,,,836
Pseudomonadota,Gammaproteobacteria,Enterobacterales,Morganellaceae,Xenorhabdus,Poinarii,facultative anaerobe,Unknown,0,,,839
Thermodesulfobacteriota,Desulfobacteria,Desulfobacterales,Desulfobacteraceae,Desulfotignum,,anaerobe,alkaliphile,Unknown,,,840
Bacillota,Dethiobacteria,Dethiobacterales,Dethiobacteraceae,Dethiobacter,,anaerobe,Unknown,Unknown,,,841
Pseudomonadota,Gammaproteobacteria,Alteromonadales,Pseudoalteromonadaceae,Pseudoalteromonas,Porphyrae,obligate aerobe,alkaliphile,0,,,842
Pseudomonadota,Gammaproteobacteria,Enterobacterales,Pectobacteriaceae,Brenneria,Salicis,facultative anaerobe,alkaliphile,Unknown,,,843
Cyanobacteriota,Cyanophyceae,Synechococcales,Synechococcaceae,Synechococcus,,Unknown,Unknown,Unknown,,,845
Pseudomonadota,Gammaproteobacteria,Cardiobacteriales,Ignatzschineriaceae,Wohlfahrtiimonas,,aerobe,alkaliphile,0,,,846
Pseudomonadota,Betaproteobacteria,Burkholderiales,Comamonadaceae,Rhodoferax,,aerobe,alkaliphile,Unknown,,,847
Pseudomonadota,Gammaproteobacteria,Enterobacterales,Enterobacteriaceae,Candidatus Hamiltonella,,Unknown,Unknown,Unknown,,,848
Pseudomonadota,Gammaproteobacteria,Enterobacterales,Enterobacteriaceae,Candidatus Phlomobacter,,Unknown,Unknown,Unknown,,,850
Actinomycetota,Actinomycetes,Micrococcales,Cellulomonadaceae,Cellulomonas,,aerobe,alkaliphile,0,,,853
Pseudomonadota,Gammaproteobacteria,Chromatiales,Ectothiorhodospiraceae,Halorhodospira,,anaerobe,Unknown,Unknown,,,854
Pseudomonadota,Alphaproteobacteria,Sphingomonadales,Sphingomonadaceae,Kaistobacter,,Unknown,Unknown,Unknown,,,855
Pseudomonadota,Betaproteobacteria,Burkholderiales,Burkholderiaceae,Candidatus Glomeribacter,,Unknown,Unknown,Unknown,,,856
Pseudomonadota,Alphaproteobacteria,Hyphomicrobiales,Hyphomicrobiaceae,Hyphomicrobium,Zavarzinii,aerobe,alkaliphile,Unknown,,,857
Bacillota,Bacilli,Bacillales,Paenibacillaceae,Ammoniphilus,,facultative anaerobe,alkaliphile,1,,,858
Pseudomonadota,Gammaproteobacteria,Thiotrichales,Piscirickettsiaceae,Thioalkalimicrobium,,obligate aerobe,alkaliphile,Unknown,,,859
Pseudomonadota,Gammaproteobacteria,Alteromonadales,Pseudoalteromonadaceae,Pseudoalteromonas,Tunicata,obligate aerobe,alkaliphile,0,,,861
Pseudomonadota,Gammaproteobacteria,Enterobacterales,Enterobacteriaceae,Raoultella,Terrigena,Unknown,Unknown,Unknown,,,862
Pseudomonadota,Gammaproteobacteria,Enterobacterales,Erwiniaceae,Erwinia,Soli,aerobe,alkaliphile,0,,,864
Thermodesulfobacteriota,Desulfovibrionia,Desulfovibrionales,Desulfovibrionaceae,Desulfovibrio,Cavernae,anaerobe,alkaliphile,0,,,866
Pseudomonadota,Alphaproteobacteria,Hyphomicrobiales,Hyphomicrobiaceae,Rhodoplanes,,anaerobe,alkaliphile,Unknown,,,867
Bacillota,Bacilli,Lactobacillales,Enterococcaceae,Melissococcus,Plutonius,anaerobe,Unknown,Unknown,,,868
Actinomycetota,Actinomycetes,Streptosporangiales,Streptosporangiaceae,Thermobispora,Bispora,Unknown,Unknown,Unknown,,,869
Pseudomonadota,Gammaproteobacteria,Enterobacterales,Morganellaceae,Xenorhabdus,Romanii,facultative anaerobe,Unknown,0,,,870
Bacillota,Clostridia,Eubacteriales,Clostridiaceae,Clostridium,Botulinum,anaerobe,alkaliphile,1,fermenter,organic_unspecified,871
Pseudomonadota,Gammaproteobacteria,Pasteurellales,Pasteurellaceae,Haemophilus,Influenzae,microaerophile,Unknown,0,mixed,carbohydrates,872
Actinomycetota,Actinomycetes,Propionibacteriales,Nocardioidaceae,Nocardioides,,aerobe,alkaliphile,0,N/A,N/A,873
Actinomycetota,Nitriliruptoria,Euzebyales,Euzebyaceae,Euzebya,,aerobe,alkaliphile,0,,,874
Bacillota,Clostridia,Eubacteriales,Clostridiaceae,Clostridium,Venationis,anaerobe,alkaliphile,1,,,875
Bacteroidota,Flavobacteriia,Flavobacteriales,Crocinitomicaceae,Fluviicola,,aerobe,alkaliphile,0,,,876
Bacteroidota,Flavobacteriia,Flavobacteriales,Flavobacteriaceae,Polaribacter,,aerobe,alkaliphile,0,,,877
Bacteroidota,Flavobacteriia,Flavobacteriales,Flavobacteriaceae,Psychroflexus,,aerobe,alkaliphile,0,,,879
Pseudomonadota,Betaproteobacteria,Burkholderiales,Burkholderiaceae,Thiomonas,Cuprina,aerobe,acidophile,0,,,880
Bacillota,Bacilli,Lactobacillales,Streptococcaceae,Streptococcus,Sobrinus,facultative anaerobe,alkaliphile,0,N/A,N/A,881
Rhodothermota,Rhodothermia,Rhodothermales,Rhodothermaceae,Rhodothermus,,aerobe,Unknown,0,,,883
Thermodesulfobacteriota,Desulfovibrionia,Desulfovibrionales,Desulfomicrobiaceae,Desulfomicrobium,,anaerobe,Unknown,Unknown,,,885
Bacteroidota,Flavobacteriia,Flavobacteriales,Weeksellaceae,Cloacibacterium,,aerobe,alkaliphile,0,,,886
Campylobacterota,Epsilonproteobacteria,Campylobacterales,Helicobacteraceae,Helicobacter,Pylori,microaerophile,Unknown,0,respirer,N/A,887
Pseudomonadota,Alphaproteobacteria,Maricaulales,Maricaulaceae,Oceanicaulis,,aerobe,alkaliphile,Unknown,,,888
Actinomycetota,Actinomycetes,Micrococcales,Microbacteriaceae,Curtobacterium,,aerobe,acidophile,0,,,889
Basidiomycota,Agaricomycetes,Agaricales,Agaricaceae,Agaricus,bisporus,Aerobic,,Sporulating (basidiospores); reproduction also by budding,fermenter,complex_carbs_fiber,890
Bacillota,Clostridia,Eubacteriales,Clostridiaceae,Clostridium,Sticklandii,anaerobe,alkaliphile,1,fermenter,organic_unspecified,891
Arthropoda,Insecta,Phasmatodea,Bacillidae,Bacillus,Coahuilensis,aerobe,alkaliphile,1,N/A,N/A,892
Firmicutes,Clostridia,Clostridiales,Ruminococcaceae,Agathobaculum,desmolans,,,,N/A,N/A,893
Actinomycetota,Actinomycetes,Micrococcales,Sanguibacteraceae,Sanguibacter,,aerobe,alkaliphile,0,,,894
Proteobacteria,Gammaproteobacteria,Pasteurellales,Pasteurellaceae,Aggregatibacter,actinomycetemcomitans,,,,N/A,N/A,895
Bacillota,Bacilli,Bacillales,Planococcaceae,Sporosarcina,,aerobe,alkaliphile,1,,,896
Proteobacteria,Gammaproteobacteria,Pasteurellales,Pasteurellaceae,Aggregatibacter,aphrophilus,Facultative,,,mixed,N/A,897
Euryarchaeota,Methanomicrobia,Methanosarcinales,Methanosaetaceae,Methanosaeta,,anaerobe,Unknown,Unknown,,,899
Proteobacteria,Alphaproteobacteria,Rhizobiales,Rhizobiaceae,Agrobacterium,tumefaciens,Aerobe,,,respirer,N/A,900
Pseudomonadota,Betaproteobacteria,Rhodocyclales,Rhodocyclaceae,Azospira,,aerobe,Unknown,0,,,901
Proteobacteria,Alphaproteobacteria,Rhizobiales,Brucellaceae,Alfipia,birgiae,Aerobe,,,respirer,N/A,902
Pseudomonadota,Gammaproteobacteria,Alteromonadales,Idiomarinaceae,Pseudidiomarina,,aerobe,alkaliphile,0,,,903
Proteobacteria,Betaproteobacteria,Burkholderiales,Comamonadaceae,Alicycliphilus,denitrificans,Facultative,,,mixed,N/A,904
Pseudomonadota,Gammaproteobacteria,Alteromonadales,Alteromonadaceae,Agarivorans,,aerobe,alkaliphile,0,,,905
Proteobacteria,Gammaproteobacteria,Vibrionales,Vibrionaceae,Aliivibrio,salmonicida,,,,N/A,N/A,906
Bacteroidetes,Bacteroidia,Bacteroidales,Rikenellaceae,Alistipes,bacterium ph8,,,,N/A,N/A,908
Pseudomonadota,Gammaproteobacteria,Thiotrichales,Thiotrichaceae,Thiothrix,,aerobe,alkaliphile,Unknown,,,909
Bacteroidetes,Bacteroidia,Bacteroidales,Rikenellaceae,Alistipes,finegoldii,Anaerobe,,,fermenter,carbohydrates,910
Arthropoda,Insecta,Coleoptera,Lampyridae,Serratia,Ureilytica,aerobe,alkaliphile,0,,,911
Bacteroidota,Bacteroidia,Bacteroidales,Rikenellaceae,Alistipes,intestinihominis,Anaerobic,,,N/A,carbohydrates,912
Bacteroidetes,Bacteroidia,Bacteroidales,Rikenellaceae,Alistipes,onderdonkii,Anaerobe,,,fermenter,carbohydrates,913
Bacteroidetes,Bacteroidia,Bacteroidales,Rikenellaceae,Alistipes,putredinis,Anaerobe,,,fermenter,carbohydrates,914
Bacteroidetes,Bacteroidia,Bacteroidales,Rikenellaceae,Alistipes,senegalensis,,,,N/A,N/A,915
Bacteroidetes,Bacteroidia,Bacteroidales,Rikenellaceae,Alistipes,shahii,Anaerobe,,,fermenter,carbohydrates,916
Firmicutes,Bacilli,Bacillales,Bacillaceae,Alkalihalobacillus,clausii,Facultative anaerobe,,Sporulating,mixed,N/A,917
Firmicutes,Bacilli,Bacillales,Bacillaceae,Alkalihalobacillus,halodurans,Facultative aerobe,,Sporulating,mixed,carbohydrates,918
Firmicutes,Bacilli,Bacillales,Bacillaceae,Alkalihalobacillus,pseudofirmus,Facultative aerobe,,Sporulating,mixed,carbohydrates,919
Proteobacteria,Gammaproteobacteria,Chromatiales,Chromatiaceae,Allochromatium,vinosum,Facultative,,Nonsporulating,mixed,N/A,920
Bacteroidetes,Bacteroidia,Bacteroidales,Prevotellaceae,Alloprevotella,rava,,,,N/A,N/A,921
Bacteroidetes,Bacteroidia,Bacteroidales,Prevotellaceae,Alloprevotella,tannerae,Anaerobe,,,fermenter,carbohydrates,922
Ascomycota,Dothideomycetes,Pleosporales,Pleosporaceae,Alternaria,alternata,Aerobic,,Sporulating (ascospores); reproduction also by budding,N/A,organic_unspecified,923
Ascomycota,Dothideomycetes,Pleosporales,Pleosporaceae,Alternaria,carthami,,,,N/A,N/A,924
Ascomycota,Dothideomycetes,Pleosporales,Pleosporaceae,Alternaria,cucumerina,,,,N/A,N/A,925
Ascomycota,Dothideomycetes,Pleosporales,Pleosporaceae,Alternaria,dauci,,,,N/A,N/A,926
Ascomycota,Dothideomycetes,Pleosporales,Pleosporaceae,Alternaria,porri,,,,N/A,N/A,927
Ascomycota,Dothideomycetes,Pleosporales,Pleosporaceae,Alternaria,scirpicola,Aerobe,,Sporulating,respirer,organic_unspecified,928
Ascomycota,Dothideomycetes,Pleosporales,Pleosporaceae,Alternaria,solani,,,,N/A,N/A,929
Ascomycota,Dothideomycetes,Pleosporales,Pleosporaceae,Alternaria,tagetica,,,,N/A,N/A,930
Firmicutes,Erysipelotrichia,Erysipelotrichales,Erysipelotrichaceae,Amedibacillus,dolichus,,,,N/A,N/A,931
Synergistetes,Synergistia,Synergistales,Synergistaceae,Aminobacterium,colombiense,,,,N/A,N/A,932
Actinobacteria,Actinobacteria,Pseudonocardiales,Pseudonocardiaceae,Amycolatopsis,balhimycina,,,,N/A,N/A,933
Actinobacteria,Actinobacteria,Pseudonocardiales,Pseudonocardiaceae,Amycolatopsis,sp. aa4,,,,N/A,N/A,934
Mucoromycota,Mucoromycetes,Mucorales,Mucoraceae,Amylomyces,rouxii,Aerobic,,Sporulating,N/A,organic_unspecified,935
Synergistetes,Synergistia,Synergistales,Synergistaceae,Anaerobaculum,hydrogeniformans,Anaerobe,,,fermenter,carbohydrates,936
Proteobacteria,Gammaproteobacteria,Aeromonadales,Succinivibrionaceae,Anaerobiospirillum,succiniciproducens,Anaerobe,,,fermenter,carbohydrates,937
Firmicutes,Clostridia,Clostridiales,Lachnospiraceae,Anaerobutyricum,hallii,,,,N/A,N/A,938
Firmicutes,Clostridia,Clostridiales,Lachnospiraceae,Anaerobutyricum,soehngenii,,,,N/A,N/A,939
Firmicutes,Tissierellia,Tissierellales,Peptoniphilaceae,Anaerococcus,hydrogenalis,Obligate anaerobe,,,fermenter,carbohydrates,940
Firmicutes,Tissierellia,Tissierellales,Peptoniphilaceae,Anaerococcus,lactolyticus,,,,N/A,N/A,941
Firmicutes,Clostridia,Clostridiales,Clostridiales Family XI. Incertae Sedis,Anaerococcus,prevotii,Anaerobe,,Pairs,fermenter,N/A,942
Firmicutes,Tissierellia,Tissierellales,Peptoniphilaceae,Anaerococcus,tetradius,,,,N/A,N/A,943
Firmicutes,Tissierellia,Tissierellales,Peptoniphilaceae,Anaerococcus,vaginalis,Anaerobe,,,fermenter,carbohydrates,944
Firmicutes,Clostridia,Clostridiales,Eubacteriaceae,Anaerofustis,stercorihominis,Anaerobe,,,fermenter,carbohydrates,945
Firmicutes,Clostridia,Clostridiales,Lachnospiraceae,Anaerostipes,caccae,Anaerobe,,,fermenter,carbohydrates,946
Firmicutes,Clostridia,Clostridiales,Lachnospiraceae,Anaerostipes,hadrus,Anaerobe,,,fermenter,carbohydrates,947
Firmicutes,Clostridia,Clostridiales,Ruminococcaceae,Anaerotruncus,colihominis,Anaerobe,,,fermenter,carbohydrates,948
Firmicutes,Bacilli,Bacillales,Paenibacillaceae,Aneurinibacillus,aneurinilyticus,Aerobe,,,fermenter,carbohydrates,949
Nematoda,Chromadorea,Rhabditida,Anisakidae,Anisakis,simplex,,,,N/A,N/A,950
Microsporidia,,,Tubulinosematidae,Anncaliia,algerae,Anaerobe,,Sporulating,fermenter,complex_carbs_fiber,951
Ascomycota,Sordariomycetes,Xylariales,Hypoxylaceae,Annulohypoxylon,stygium,Aerobe,,Sporulating,fermenter,complex_carbs_fiber,952
Basidiomycota,Ustilaginomycetes,Ustilaginales,Ustilaginaceae,Anthracocystis,flocculosa,Aerobic,,Sporulating (basidiospores); reproduction also by budding,fermenter,complex_carbs_fiber,953
,Bigyra,Thraustochytrida,Thraustochytriaceae,Aplanochytrium,kerguelense,,,,N/A,N/A,954
Aquificae,Aquificae,Aquificales,Aquificaceae,Aquifex,aeolicus,Aerobe,,,respirer,inorganic,955
Actinobacteria,Actinobacteria,Propionibacteriales,Propionibacteriaceae,Arachnia,propionica,,,,N/A,N/A,956
Actinobacteria,Actinobacteria,Actinomycetales,Actinomycetaceae,Arcanobacterium,haemolyticum,Facultative anaerobe,,Nonsporulating,mixed,organic_unspecified,957
Actinobacteria,Actinobacteria,Actinomycetales,Actinomycetaceae,Arcanobacterium,pyogenes,Facultative anaerobe,,,mixed,carbohydrates,958
Euryarchaeota,Archaeoglobi,Archaeoglobales,Archaeoglobaceae,Archaeoglobus,fulgidus,Anaerobe,,,fermenter,N/A,959
Proteobacteria,Epsilonproteobacteria,Campylobacterales,Campylobacteraceae,Arcobacter,butzleri,Aerobe,,Singles - Chains,mixed,carbohydrates,960
Proteobacteria,Betaproteobacteria,Rhodocyclales,Rhodocyclaceae,Aromatoleum,tolulyticum,,,,N/A,N/A,961
Actinobacteria,Actinobacteria,Micrococcales,Micrococcaceae,Arthrobacter,globiformis,,,,N/A,N/A,962
Actinobacteria,Actinobacteria,Micrococcales,Micrococcaceae,Arthrobacter,,,,,N/A,N/A,963
Ascomycota,Orbiliomycetes,Orbiliales,Orbiliaceae,Arthrobotrys,oligospora,Aerobe,,Sporulating,fermenter,complex_carbs_fiber,964
Ascomycota,Dothideomycetes,Pleosporales,Didymellaceae,Ascochyta,viciae,,,,N/A,N/A,965
Ascomycota,Saccharomycetes,Saccharomycetales,Ascoideaceae,Ascoidea,rubescens,Aerobe,,Sporulating (ascospores),fermenter,complex_carbs_fiber,966
Ascomycota,Eurotiomycetes,Eurotiales,Aspergillaceae,Aspergillus,aculeatus,Aerobic,,Sporulating (ascospores); reproduction also by budding,fermenter,complex_carbs_fiber,967
Ascomycota,Eurotiomycetes,Eurotiales,Aspergillaceae,Aspergillus,amoenus,Aerobic,,Sporulating (ascospores); reproduction also by budding,N/A,organic_unspecified,968
Ascomycota,Eurotiomycetes,Eurotiales,Aspergillaceae,Aspergillus,brevipes,Aerobic,,Sporulating (ascospores); reproduction also by budding,N/A,organic_unspecified,969
Ascomycota,Eurotiomycetes,Eurotiales,Aspergillaceae,Aspergillus,calidoustus,Aerobic,,Sporulating (ascospores); reproduction also by budding,N/A,organic_unspecified,970
Ascomycota,Eurotiomycetes,Eurotiales,Aspergillaceae,Aspergillus,campestris,Aerobic,,Sporulating (ascospores); reproduction also by budding,fermenter,complex_carbs_fiber,971
Ascomycota,Eurotiomycetes,Eurotiales,Aspergillaceae,Aspergillus,carneus,Aerobic,,Sporulating (ascospores); reproduction also by budding,N/A,organic_unspecified,972
Ascomycota,Eurotiomycetes,Eurotiales,Aspergillaceae,Aspergillus,chevalieri,Aerobic,,Sporulating (ascospores); reproduction also by budding,N/A,organic_unspecified,973
Ascomycota,Eurotiomycetes,Eurotiales,Aspergillaceae,Aspergillus,clavatus,Aerobic,,Sporulating (ascospores); reproduction also by budding,fermenter,complex_carbs_fiber,974
Ascomycota,Eurotiomycetes,Eurotiales,Aspergillaceae,Aspergillus,fischeri,Aerobic,,Sporulating (ascospores); reproduction also by budding,N/A,organic_unspecified,975
Ascomycota,Eurotiomycetes,Eurotiales,Aspergillaceae,Aspergillus,flavipes,Aerobic,,Sporulating (ascospores); reproduction also by budding,N/A,organic_unspecified,976
Ascomycota,Eurotiomycetes,Eurotiales,Aspergillaceae,Aspergillus,flavus,Aerobic,,Sporulating (ascospores); reproduction also by budding,fermenter,complex_carbs_fiber,977
Ascomycota,Eurotiomycetes,Eurotiales,Aspergillaceae,Aspergillus,foveolatus,Aerobic,,Sporulating (ascospores); reproduction also by budding,N/A,organic_unspecified,978
Ascomycota,Eurotiomycetes,Eurotiales,Aspergillaceae,Aspergillus,fumigatus,Aerobic,,Sporulating (ascospores); reproduction also by budding,N/A,organic_unspecified,979
Ascomycota,Eurotiomycetes,Eurotiales,Aspergillaceae,Aspergillus,nidulans,Aerobic,,Sporulating (ascospores); reproduction also by budding,fermenter,complex_carbs_fiber,980
Ascomycota,Eurotiomycetes,Eurotiales,Aspergillaceae,Aspergillus,niger,Aerobic,,Sporulating (ascospores); reproduction also by budding,fermenter,complex_carbs_fiber,981
Ascomycota,Eurotiomycetes,Eurotiales,Aspergillaceae,Aspergillus,niveus,Aerobic,,Sporulating (ascospores); reproduction also by budding,N/A,organic_unspecified,982
Ascomycota,Eurotiomycetes,Eurotiales,Aspergillaceae,Aspergillus,nomiae,Aerobic,,Sporulating (ascospores); reproduction also by budding,fermenter,complex_carbs_fiber,983
Ascomycota,Eurotiomycetes,Eurotiales,Aspergillaceae,Aspergillus,ochraceus,Aerobic,,Sporulating (ascospores); reproduction also by budding,N/A,organic_unspecified,984
Ascomycota,Eurotiomycetes,Eurotiales,Aspergillaceae,Aspergillus,oryzae,Aerobic,,Sporulating (ascospores); reproduction also by budding,N/A,amino_acids_proteins,985
Ascomycota,Eurotiomycetes,Eurotiales,Aspergillaceae,Aspergillus,parasiticus,Aerobic,,Sporulating (ascospores); reproduction also by budding,N/A,organic_unspecified,986
Ascomycota,Eurotiomycetes,Eurotiales,Aspergillaceae,Aspergillus,rugulosus,Aerobic,,Sporulating (ascospores); reproduction also by budding,N/A,organic_unspecified,987
Ascomycota,Eurotiomycetes,Eurotiales,Aspergillaceae,Aspergillus,stellatus,Aerobic,,Sporulating (ascospores); reproduction also by budding,N/A,organic_unspecified,988
Ascomycota,Eurotiomycetes,Eurotiales,Aspergillaceae,Aspergillus,striatus,Aerobic,,Sporulating (ascospores); reproduction also by budding,N/A,organic_unspecified,989
Ascomycota,Eurotiomycetes,Eurotiales,Aspergillaceae,Aspergillus,sydowii,Aerobic,,Sporulating (ascospores); reproduction also by budding,N/A,organic_unspecified,990
Ascomycota,Eurotiomycetes,Eurotiales,Aspergillaceae,Aspergillus,taichungensis,Aerobic,,Sporulating (ascospores); reproduction also by budding,N/A,organic_unspecified,991
Ascomycota,Eurotiomycetes,Eurotiales,Aspergillaceae,Aspergillus,terreus,Aerobic,,Sporulating (ascospores); reproduction also by budding,fermenter,complex_carbs_fiber,992
Ascomycota,Eurotiomycetes,Eurotiales,Aspergillaceae,Aspergillus,unguis,Aerobic,,Sporulating (ascospores); reproduction also by budding,N/A,organic_unspecified,993
Ascomycota,Eurotiomycetes,Eurotiales,Aspergillaceae,Aspergillus,ustus,Aerobic,,Sporulating (ascospores); reproduction also by budding,N/A,organic_unspecified,994
Ascomycota,Eurotiomycetes,Eurotiales,Aspergillaceae,Aspergillus,versicolor,Aerobic,,Sporulating (ascospores); reproduction also by budding,N/A,organic_unspecified,995
Proteobacteria,Gammaproteobacteria,Enterobacterales,Enterobacteriaceae,Atlantibacter,hermannii,,,,N/A,N/A,996
Actinobacteria,Coriobacteriia,Coriobacteriales,Atopobiaceae,Atopobium,minutum,Anaerobe,,,fermenter,carbohydrates,997
Actinobacteria,Actinobacteria,Coriobacteriales,Coriobacteriaceae,Atopobium,parvulum,Anaerobe,,Pairs - Singles,fermenter,N/A,998
Ascomycota,Dothideomycetes,Dothideales,Saccotheciaceae,Aureobasidium,namibiae,Aerobe,,Sporulating,respirer,lipids,999
Ascomycota,Dothideomycetes,Dothideales,Saccotheciaceae,Aureobasidium,pullulans,Aerobic,,Sporulating (ascospores); reproduction also by budding,fermenter,complex_carbs_fiber,1000
Ascomycota,Dothideomycetes,Dothideales,Saccotheciaceae,Aureobasidium,subglaciale,Aerobe,,Sporulating,fermenter,complex_carbs_fiber,1001
Proteobacteria,Alphaproteobacteria,Rhizobiales,Xanthobacteraceae,Azorhizobium,caulinodans,,,,N/A,N/A,1002
Proteobacteria,Gammaproteobacteria,Pseudomonadales,Pseudomonadaceae,Azotobacter,vinelandii,Aerobe,,,respirer,inorganic,1003
Apicomplexa,Aconoidasida,Piroplasmida,Babesiidae,Babesia,microti,,,,N/A,N/A,1004
Ascomycota,Saccharomycetes,Saccharomycetales,Debaryomycetaceae,Babjeviella,inositovora,Aerobe,,Sporulating (ascospores),fermenter,complex_carbs_fiber,1005
Firmicutes,Bacilli,Bacillales,Bacillaceae,Bacillus,altitudinis,Facultative anaerobe,,,mixed,carbohydrates,1006
Firmicutes,Bacilli,Bacillales,Bacillaceae,Bacillus,amyloliquefaciens,Aerobe,,Sporulating,mixed,carbohydrates,1007
Firmicutes,Bacilli,Bacillales,Bacillaceae,Bacillus,anthracis,,,,N/A,N/A,1008
Firmicutes,Bacilli,Bacillales,Bacillaceae,Bacillus,atrophaeus,Aerobe,,Sporulating,mixed,carbohydrates,1009
Firmicutes,Bacilli,Bacillales,Bacillaceae,Bacillus,cellulosilyticus,,,,N/A,N/A,1010
Firmicutes,Bacilli,Bacillales,Bacillaceae,Bacillus,circulans,,,,N/A,N/A,1011
Firmicutes,Bacilli,Bacillales,Bacillaceae,Bacillus,clausii,Facultative anaerobe,,Sporulating,mixed,N/A,1012
Firmicutes,Bacilli,Bacillales,Bacillaceae,Bacillus,cytotoxicus,Aerobe,,,respirer,N/A,1013
Firmicutes,Bacilli,Bacillales,Bacillaceae,Bacillus,endophyticus,Aerobe,,,mixed,carbohydrates,1014
Firmicutes,Bacilli,Bacillales,Bacillaceae,Bacillus,fordii,Aerobe,,,mixed,carbohydrates,1015
Firmicutes,Bacilli,Bacillales,Bacillaceae,Bacillus,halodurans,Facultative aerobe,,Sporulating,mixed,carbohydrates,1016
Firmicutes,Bacilli,Bacillales,Bacillaceae,Bacillus,infantis,Aerobe,,,mixed,carbohydrates,1017
Firmicutes,Bacilli,Bacillales,Bacillaceae,Bacillus,licheniformis,Facultative aerobe,,Sporulating,mixed,N/A,1018
Firmicutes,Bacilli,Bacillales,Bacillaceae,Bacillus,megaterium,Aerobe,,Sporulating,respirer,N/A,1019
Firmicutes,Bacilli,Bacillales,Bacillaceae,Bacillus,mojavensis,Aerobe,,,mixed,carbohydrates,1020
Firmicutes,Bacilli,Bacillales,Bacillaceae,Bacillus,mycoides,Facultative anaerobe,,,mixed,carbohydrates,1021
Firmicutes,Bacilli,Bacillales,Bacillaceae,Bacillus,nealsonii,Facultative anaerobe,,,mixed,carbohydrates,1022
Firmicutes,Bacilli,Bacillales,Bacillaceae,Bacillus,pseudofirmus,Facultative aerobe,,Sporulating,mixed,carbohydrates,1023
Firmicutes,Bacilli,Bacillales,Bacillaceae,Bacillus,pseudomycoides,,,,N/A,N/A,1024
Firmicutes,Bacilli,Bacillales,Bacillaceae,Bacillus,pumilus,Aerobe,,Sporulating,mixed,carbohydrates,1025
Firmicutes,Bacilli,Bacillales,Bacillaceae,Bacillus,sonorensis,Facultative anaerobe,,,mixed,carbohydrates,1026
Firmicutes,Bacilli,Bacillales,Bacillaceae,Bacillus,subtilis,Facultative,,Sporulating,mixed,N/A,1027
Firmicutes,Bacilli,Bacillales,Bacillaceae,Bacillus,thermoamylovorans,Facultative anaerobe,,,mixed,carbohydrates,1028
Firmicutes,Bacilli,Bacillales,Bacillaceae,Bacillus,thuringiensis,Facultative anaerobe,,Sporulating,mixed,carbohydrates,1029
Firmicutes,Bacilli,Bacillales,Bacillaceae,Bacillus,timonensis,Facultative anaerobe,,,mixed,carbohydrates,1030
Firmicutes,Bacilli,Bacillales,Bacillaceae,Bacillus,vallismortis,Aerobe,,,mixed,carbohydrates,1031
Firmicutes,Bacilli,Bacillales,Bacillaceae,Bacillus,vulcani,Aerobe,,,mixed,carbohydrates,1032
Firmicutes,Bacilli,Bacillales,Bacillaceae,Bacillus,,,,,N/A,N/A,1033
Bacteroidetes,Bacteroidia,Bacteroidales,Bacteroidaceae,Bacteroides,cellulosilyticus,Anaerobe,,,fermenter,carbohydrates,1034
Bacteroidetes,Bacteroidia,Bacteroidales,Bacteroidaceae,Bacteroides,clarus,Anaerobe,,,fermenter,carbohydrates,1035
Bacteroidetes,Bacteroidia,Bacteroidales,Bacteroidaceae,Bacteroides,coprocola,Anaerobe,,,fermenter,carbohydrates,1036
Bacteroidetes,Bacteroidia,Bacteroidales,Bacteroidaceae,Bacteroides,dorei,Anaerobe,,,fermenter,carbohydrates,1037
Bacteroidetes,Bacteroidia,Bacteroidales,Bacteroidaceae,Bacteroides,faecis,Anaerobe,,,fermenter,carbohydrates,1038
Bacteroidetes,Bacteroidia,Bacteroidales,Bacteroidaceae,Bacteroides,finegoldii,Anaerobe,,,fermenter,carbohydrates,1039
Bacteroidetes,Bacteroidia,Bacteroidales,Bacteroidaceae,Bacteroides,fluxus,Anaerobe,,,fermenter,carbohydrates,1040
Bacteroidetes,Bacteroidia,Bacteroidales,Bacteroidaceae,Bacteroides,graminisolvens,Anaerobe,,,fermenter,carbohydrates,1041
Bacteroidetes,Bacteroidia,Bacteroidales,Bacteroidaceae,Bacteroides,helcogenes,Anaerobic,,Nonsporulating,N/A,N/A,1042
Bacteroidetes,Bacteroidia,Bacteroidales,Bacteroidaceae,Bacteroides,intestinalis,Anaerobe,,,fermenter,carbohydrates,1043
Bacteroidota,Bacteroidia,Bacteroidales,Bacteroidaceae,Bacteroides,maternus,Anaerobic,,Nonsporulating,N/A,N/A,1044
Bacteroidetes,Bacteroidia,Bacteroidales,Bacteroidaceae,Bacteroides,oleiciplenus,Anaerobe,,,fermenter,carbohydrates,1045
Bacteroidetes,Bacteroidia,Bacteroidales,Bacteroidaceae,Bacteroides,pyogenes,Obligate anaerobe,,,fermenter,carbohydrates,1046
Bacteroidetes,Bacteroidia,Bacteroidales,Bacteroidaceae,Bacteroides,salyersiae,Anaerobe,,,fermenter,carbohydrates,1047
Bacteroidetes,Bacteroidia,Bacteroidales,Bacteroidaceae,Bacteroides,sp. 1_1_14,Anaerobe,,,fermenter,carbohydrates,1048
Bacteroidetes,Bacteroidia,Bacteroidales,Bacteroidaceae,Bacteroides,sp. 1_1_30,Anaerobe,,,fermenter,carbohydrates,1049
Bacteroidetes,Bacteroidia,Bacteroidales,Bacteroidaceae,Bacteroides,sp. 20_3,Anaerobe,,,fermenter,carbohydrates,1050
Bacteroidetes,Bacteroidia,Bacteroidales,Bacteroidaceae,Bacteroides,sp. 2_1_22,Anaerobe,,,fermenter,carbohydrates,1051
Bacteroidetes,Bacteroidia,Bacteroidales,Bacteroidaceae,Bacteroides,sp. 2_1_33b,Anaerobe,,,fermenter,carbohydrates,1052
Bacteroidetes,Bacteroidia,Bacteroidales,Bacteroidaceae,Bacteroides,sp. 2_1_7,Anaerobe,,,fermenter,carbohydrates,1053
Bacteroidetes,Bacteroidia,Bacteroidales,Bacteroidaceae,Bacteroides,sp. 2_2_4,Anaerobe,,,fermenter,carbohydrates,1054
Bacteroidetes,Bacteroidia,Bacteroidales,Bacteroidaceae,Bacteroides,sp. 3_1_19,Anaerobe,,,fermenter,carbohydrates,1055
Bacteroidetes,Bacteroidia,Bacteroidales,Bacteroidaceae,Bacteroides,sp. 3_1_23,Anaerobe,,,fermenter,carbohydrates,1056
Bacteroidetes,Bacteroidia,Bacteroidales,Bacteroidaceae,Bacteroides,sp. 3_1_33faa,Anaerobe,,,fermenter,carbohydrates,1057
Bacteroidetes,Bacteroidia,Bacteroidales,Bacteroidaceae,Bacteroides,sp. 3_1_40a,Anaerobe,,,fermenter,carbohydrates,1058
Bacteroidetes,Bacteroidia,Bacteroidales,Bacteroidaceae,Bacteroides,sp. 3_2_5,Anaerobe,,,fermenter,carbohydrates,1059
Bacteroidetes,Bacteroidia,Bacteroidales,Bacteroidaceae,Bacteroides,sp. 4_1_36,Anaerobe,,,fermenter,carbohydrates,1060
Bacteroidetes,Bacteroidia,Bacteroidales,Bacteroidaceae,Bacteroides,sp. 4_3_47faa,Anaerobe,,,fermenter,carbohydrates,1061
Bacteroidetes,Bacteroidia,Bacteroidales,Bacteroidaceae,Bacteroides,sp. 9_1_42faa,Anaerobe,,,fermenter,carbohydrates,1062
Bacteroidetes,Bacteroidia,Bacteroidales,Bacteroidaceae,Bacteroides,sp. d1,Anaerobe,,,fermenter,carbohydrates,1063
Bacteroidetes,Bacteroidia,Bacteroidales,Bacteroidaceae,Bacteroides,sp. d2,Anaerobe,,,fermenter,carbohydrates,1064
Bacteroidetes,Bacteroidia,Bacteroidales,Bacteroidaceae,Bacteroides,sp. d20,Anaerobe,,,fermenter,carbohydrates,1065
Bacteroidetes,Bacteroidia,Bacteroidales,Bacteroidaceae,Bacteroides,sp. d22,Anaerobe,,,fermenter,carbohydrates,1066
Bacteroidetes,Bacteroidia,Bacteroidales,Bacteroidaceae,Bacteroides,stercoris,Anaerobe,,,fermenter,carbohydrates,1067
Bacteroidetes,Bacteroidia,Bacteroidales,Bacteroidaceae,Bacteroides,thetaiotaomicron,Anaerobe,,,fermenter,carbohydrates,1068
Bacteroidetes,Bacteroidia,Bacteroidales,Bacteroidaceae,Bacteroides,timonensis,Anaerobe,,,fermenter,carbohydrates,1069
Bacteroidetes,Bacteroidia,Bacteroidales,Bacteroidaceae,Bacteroides,xylanisolvens,Anaerobe,,,fermenter,carbohydrates,1070
Bacteroidetes,Bacteroidia,Bacteroidales,Barnesiellaceae,Barnesiella,intestinihominis,Anaerobe,,,fermenter,carbohydrates,1071
Basidiomycota,Bartheletiomycetes,Bartheletiales,Bartheletiaceae,Bartheletia,paradoxa,Aerobe,,Sporulating (basidiospores),fermenter,complex_carbs_fiber,1072
Proteobacteria,Alphaproteobacteria,Rhizobiales,Bartonellaceae,Bartonella,henselae,Aerobe,,,respirer,N/A,1073
Proteobacteria,Alphaproteobacteria,Rhizobiales,Bartonellaceae,Bartonella,quintana,Aerobe,,Nonsporulating,respirer,N/A,1074
Ascomycota,Sordariomycetes,Hypocreales,Cordycipitaceae,Beauveria,bassiana,,,,N/A,N/A,1075
Proteobacteria,Alphaproteobacteria,Rhizobiales,Beijerinckiaceae,Beijerinckia,indica,Aerobe,,,respirer,organic_unspecified,1076
Bacteroidetes,Flavobacteriia,Flavobacteriales,Weeksellaceae,Bergeyella,zoohelcum,,,,N/A,N/A,1077
Actinobacteria,Actinobacteria,Bifidobacteriales,Bifidobacteriaceae,Bifidobacterium,angulatum,Anaerobe,,,fermenter,carbohydrates,1078
Actinobacteria,Actinobacteria,Bifidobacteriales,Bifidobacteriaceae,Bifidobacterium,animalis,Anaerobe,,Nonsporulating,fermenter,carbohydrates,1079
Actinobacteria,Actinobacteria,Bifidobacteriales,Bifidobacteriaceae,Bifidobacterium,boum,"Facultative anaerobe, air+co2",,,mixed,carbohydrates,1080
Actinobacteria,Actinobacteria,Bifidobacteriales,Bifidobacteriaceae,Bifidobacterium,catenulatum,Anaerobe,,,fermenter,carbohydrates,1081
Actinobacteria,Actinobacteria,Bifidobacteriales,Bifidobacteriaceae,Bifidobacterium,coryneforme,Anaerobe,,,fermenter,carbohydrates,1082
Actinobacteria,Actinobacteria,Bifidobacteriales,Bifidobacteriaceae,Bifidobacterium,dentium,Anaerobe,,,fermenter,carbohydrates,1083
Actinobacteria,Actinobacteria,Bifidobacteriales,Bifidobacteriaceae,Bifidobacterium,gallicum,Anaerobe,,,fermenter,carbohydrates,1084
Actinomycetota,Actinobacteria,Bifidobacteriales,Bifidobacteriaceae,Bifidobacterium,hominis,Anaerobic,,,N/A,carbohydrates,1085
Actinobacteria,Actinobacteria,Bifidobacteriales,Bifidobacteriaceae,Bifidobacterium,mongoliense,Facultative anaerobe,,,mixed,carbohydrates,1086
Actinobacteria,Actinobacteria,Bifidobacteriales,Bifidobacteriaceae,Bifidobacterium,pseudocatenulatum,Anaerobe,,,fermenter,carbohydrates,1087
Actinobacteria,Actinobacteria,Bifidobacteriales,Bifidobacteriaceae,Bifidobacterium,ruminantium,Anaerobe,,,fermenter,carbohydrates,1088
Actinobacteria,Actinobacteria,Bifidobacteriales,Bifidobacteriaceae,Bifidobacterium,scardovii,Facultative anaerobe,,,mixed,carbohydrates,1089
Actinobacteria,Actinobacteria,Bifidobacteriales,Bifidobacteriaceae,Bifidobacterium,thermacidophilum,Anaerobe,,,fermenter,carbohydrates,1090
Actinobacteria,Actinobacteria,Bifidobacteriales,Bifidobacteriaceae,Bifidobacterium,thermophilum,Anaerobe,,,fermenter,carbohydrates,1091
Proteobacteria,Deltaproteobacteria,Desulfovibrionales,Desulfovibrionaceae,Bilophila,wadsworthia,Anaerobe,,,mixed,carbohydrates,1092
Ascomycota,Dothideomycetes,Pleosporales,Pleosporaceae,Bipolaris,oryzae,Aerobic,,Sporulating (ascospores); reproduction also by budding,N/A,organic_unspecified,1093
Ascomycota,Dothideomycetes,Pleosporales,Pleosporaceae,Bipolaris,sorokiniana,Aerobic,,Sporulating (ascospores); reproduction also by budding,N/A,organic_unspecified,1094
Ascomycota,Dothideomycetes,Pleosporales,Pleosporaceae,Bipolaris,victoriae,Aerobic,,Sporulating (ascospores); reproduction also by budding,N/A,complex_carbs_fiber,1095
Ascomycota,Dothideomycetes,Pleosporales,Pleosporaceae,Bipolaris,zeicola,Aerobic,,Sporulating (ascospores); reproduction also by budding,fermenter,carbohydrates,1096
Ascomycota,Sordariomycetes,Hypocreales,Cordycipitaceae,Blackwellomyces,pseudomilitaris,,,,N/A,N/A,1097
Ascomycota,Saccharomycetes,Saccharomycetales,Trichomonascaceae,Blastobotrys,adeninivorans,Aerobe,,Nonsporulating,respirer,lipids,1098
Actinobacteria,Actinobacteria,Geodermatophilales,Geodermatophilaceae,Blastococcus,blastococcus massiliensis,Aerobe,,,respirer,N/A,1099
Ascomycota,Eurotiomycetes,Onygenales,Ajellomycetaceae,Blastomyces,dermatitidis,Aerobe,,Sporulating,respirer,organic_unspecified,1100
Bacillota,Clostridia,Lachnospirales,Lachnospiraceae,Blautia,aquisgranensis,Anaerobic,,,N/A,carbohydrates,1101
Bacillota,Clostridia,Lachnospirales,Lachnospiraceae,Blautia,caccae,Anaerobic,,,N/A,carbohydrates,1102
Firmicutes,Clostridia,Clostridiales,Lachnospiraceae,Blautia,gnavus,Anaerobe,,,fermenter,carbohydrates,1103
Firmicutes,Clostridia,Clostridiales,Lachnospiraceae,Blautia,hansenii,Anaerobe,,,fermenter,carbohydrates,1104
Firmicutes,Clostridia,Clostridiales,Lachnospiraceae,Blautia,hydrogenotrophica,Anaerobe,,,fermenter,carbohydrates,1105
Bacillota,Clostridia,Lachnospirales,Lachnospiraceae,Blautia,intestinihominis,Anaerobic,,,N/A,carbohydrates,1106
Firmicutes,Clostridia,Clostridiales,Lachnospiraceae,Blautia,torques,Anaerobe,,,fermenter,carbohydrates,1107
Firmicutes,Clostridia,Clostridiales,Lachnospiraceae,Blautia,wexlerae,Anaerobe,,,fermenter,carbohydrates,1108
Ascomycota,Dothideomycetes,,,Bonordeniella,apollinis,Aerobe,,Sporulating,respirer,organic_unspecified,1109
Proteobacteria,Betaproteobacteria,Burkholderiales,Alcaligenaceae,Bordetella,hinzii,Aerobe,,,respirer,N/A,1110
Proteobacteria,Betaproteobacteria,Burkholderiales,Alcaligenaceae,Bordetella,pertussis,Aerobe,,,respirer,N/A,1111
Spirochaetes,Spirochaetia,Spirochaetales,Borreliaceae,Borrelia,recurrentis,Aerobe,,Singles,respirer,N/A,1112
Spirochaetes,Spirochaetia,Spirochaetales,Borreliaceae,Borreliella,afzelii,,,,N/A,N/A,1113
Spirochaetes,Spirochaetia,Spirochaetales,Borreliaceae,Borreliella,burgdorferi,,,,N/A,N/A,1114
Spirochaetes,Spirochaetia,Spirochaetales,Borreliaceae,Borreliella,garinii,,,,N/A,N/A,1115
Ascomycota,Leotiomycetes,Helotiales,Sclerotiniaceae,Botrytis,cinerea,Aerobic,,Sporulating (ascospores); reproduction also by budding,fermenter,complex_carbs_fiber,1116
Actinobacteria,Actinobacteria,Micrococcales,Dermabacteraceae,Brachybacterium,paraconglomeratum,"Aerobe, microaerophile",,,fermenter,carbohydrates,1117
Spirochaetes,Spirochaetia,Brachyspirales,Brachyspiraceae,Brachyspira,pilosicoli,Anaerobe,,,fermenter,carbohydrates,1118
Proteobacteria,Alphaproteobacteria,Rhizobiales,Bradyrhizobiaceae,Bradyrhizobium,elkanii,Aerobe,,,respirer,N/A,1119
Proteobacteria,Alphaproteobacteria,Rhizobiales,Bradyrhizobiaceae,Bradyrhizobium,japonicum,Aerobe,,,respirer,N/A,1120
Ascomycota,Saccharomycetes,Saccharomycetales,Pichiaceae,Brettanomyces,bruxellensis,Aerobe/facultative anaerobe,,Sporulating (ascospores)/reproduction by budding,mixed,organic_unspecified,1121
Bacteroidota,Chitinophagia,Chitinophagales,Chitinophagaceae,Sediminibacterium,,aerobe,alkaliphile,0,,,1122
Firmicutes,Bacilli,Bacillales,Paenibacillaceae,Brevibacillus,agri,Aerobe,,,fermenter,carbohydrates,1123
Firmicutes,Bacilli,Bacillales,Paenibacillaceae,Brevibacillus,borstelensis,Aerobe,,,fermenter,carbohydrates,1125
Firmicutes,Bacilli,Bacillales,Paenibacillaceae,Brevibacillus,brevis,Aerobe,,Sporulating,respirer,N/A,1127
Actinobacteria,Actinobacteria,Micrococcales,Brevibacteriaceae,Brevibacterium,casei,Aerobe,,,mixed,N/A,1129
Bacillota,Bacilli,Bacillales,Staphylococcaceae,Jeotgalicoccus,Psychrophilus,aerobe,alkaliphile,0,,,1130
Actinobacteria,Actinobacteria,Micrococcales,Brevibacteriaceae,Brevibacterium,linens,Aerobe,,,mixed,N/A,1131
Actinobacteria,Actinobacteria,Micrococcales,Brevibacteriaceae,Brevibacterium,ravenspurgense,Aerobe,,,mixed,N/A,1133
Proteobacteria,Alphaproteobacteria,Caulobacterales,Caulobacteraceae,Brevundimonas,bacteroides,Aerobe,,,respirer,N/A,1134
Proteobacteria,Alphaproteobacteria,Caulobacterales,Caulobacteraceae,Brevundimonas,diminuta,Anaerobe,,,respirer,N/A,1135
Firmicutes,Bacilli,Bacillales,Listeriaceae,Brochothrix,thermosphacta,Facultative anaerobe,,,mixed,carbohydrates,1136
Pseudomonadota,Gammaproteobacteria,Enterobacterales,Yersiniaceae,Ewingella,Americana,aerobe,Unknown,Unknown,,,1137
Bacillota,Bacilli,Bacillales,Planococcaceae,Kurthia,,obligate aerobe,Unknown,Unknown,,,1138
Pseudomonadota,Gammaproteobacteria,Enterobacterales,Enterobacteriaceae,Enterobacter,Radicincitans,aerobe,alkaliphile,0,,,1139
Bacillota,Clostridia,Eubacteriales,Desulfotomaculaceae,Pelotomaculum,,anaerobe,Unknown,1,,,1142
Pseudomonadota,Gammaproteobacteria,Enterobacterales,Enterobacteriaceae,Enterobacter,Ludwigii,aerobe,alkaliphile,0,,,1143
Pseudomonadota,Betaproteobacteria,Neisseriales,Neisseriaceae,Neisseria,Iguanae,microaerophile,alkaliphile,0,,,1144
Pseudomonadota,Betaproteobacteria,Burkholderiales,Comamonadaceae,Verminephrobacter,,Unknown,Unknown,Unknown,,,1145
Bacillota,Bacilli,Lactobacillales,Lactobacillaceae,Lactobacillus,Zeae,anaerobe,acidophile,0,,,1146
Synergistota,Synergistia,Synergistales,Synergistaceae,Cloacibacillus,,anaerobe,acidophile,0,,,1147
Firmicutes,Clostridia,Clostridiales,Clostridiaceae,Clostridium,carboxidivorans,,,,N/A,N/A,1149
Firmicutes,Clostridia,Clostridiales,Clostridiaceae,Clostridium,cellulovorans,,,,N/A,N/A,1151
Bacillota,Clostridia,Peptostreptococcales,Natronincolaceae,Anaerovirgula,,anaerobe,Unknown,Unknown,,,1152
Firmicutes,Clostridia,Clostridiales,Clostridiaceae,Clostridium,kluyveri,Anaerobe,,Pairs - Singles,fermenter,organic_unspecified,1154
Bacillota,Clostridia,Thermoanaerobacterales,Thermoanaerobacteraceae,Desulfovirgula,,anaerobe,Unknown,1,,,1155
Firmicutes,Clostridia,Clostridiales,Clostridiaceae,Clostridium,ljungdahlii,,,,N/A,N/A,1156
Bacillota,Clostridia,Eubacteriales,Desulfitobacteriaceae,Syntrophobotulus,,anaerobe,Unknown,Unknown,,,1157
Firmicutes,Clostridia,Clostridiales,Clostridiaceae,Clostridium,novyi,Anaerobe,,Pairs - Singles,fermenter,organic_unspecified,1158
Bacillota,Clostridia,Peptostreptococcales,Thermotaleaceae,Thermotalea,,anaerobe,alkaliphile,0,,,1159
Firmicutes,Clostridia,Clostridiales,Clostridiaceae,Clostridium,paraputrificum,Anaerobe,,,fermenter,carbohydrates,1160
Firmicutes,Bacilli,Lactobacillales,Aerococcaceae,Abiotrophia,defectiva,Facultative anaerobe,,,mixed,carbohydrates,1161
Firmicutes,Clostridia,Clostridiales,Clostridiaceae,Clostridium,saccharoperbutylacetonicum,Anaerobe,,,fermenter,carbohydrates,1162
Firmicutes,Clostridia,Clostridiales,Peptostreptococcaceae,Acetoanaerobium,sticklandii,Anaerobe,,Pairs - Singles,fermenter,organic_unspecified,1163
Proteobacteria,Alphaproteobacteria,Rhodospirillales,Acetobacteraceae,Acetobacter,pasteurianus,,,,N/A,N/A,1164
Firmicutes,Clostridia,Clostridiales,Clostridiaceae,Clostridium,sartagoforme,Anaerobe,,,fermenter,carbohydrates,1165
Firmicutes,Clostridia,Clostridiales,Clostridiaceae,Clostridium,sp. 7_2_43faa,Anaerobe,,,fermenter,N/A,1166
Firmicutes,Clostridia,Clostridiales,Clostridiaceae,Clostridium,sp. l2-50,,,,N/A,N/A,1167
Firmicutes,Clostridia,Halanaerobiales,Halobacteroidaceae,Acetohalobium,arabaticum,,,,N/A,N/A,1168
Firmicutes,Clostridia,Clostridiales,Clostridiaceae,Clostridium,sp. m62/1,Anaerobe,,,fermenter,N/A,1169
Tenericutes,Mollicutes,Acholeplasmatales,Acholeplasmataceae,Acholeplasma,laidlawii,Facultative,,,mixed,N/A,1170
Firmicutes,Clostridia,Clostridiales,Clostridiaceae,Clostridium,sp. md294,,,,N/A,N/A,1171
Proteobacteria,Betaproteobacteria,Burkholderiales,Alcaligenaceae,Achromobacter,piechaudii,,,,N/A,N/A,1172
Firmicutes,Clostridia,Clostridiales,Clostridiaceae,Clostridium,sp. ss2/1,Anaerobe,,,fermenter,carbohydrates,1173
Proteobacteria,Betaproteobacteria,Burkholderiales,Alcaligenaceae,Achromobacter,xylosoxidans,Aerobe,,,respirer,N/A,1174
Firmicutes,Clostridia,Clostridiales,Clostridiaceae,Clostridium,sp. sy8519,Anaerobe,,,fermenter,N/A,1175
Firmicutes,Clostridia,Clostridiales,Clostridiaceae,Clostridium,sporogenes,Anaerobe,,,fermenter,carbohydrates,1176
Firmicutes,Negativicutes,Acidaminococcales,Acidaminococcaceae,Acidaminococcus,acidaminococcus,,,,N/A,N/A,1177
Firmicutes,Clostridia,Clostridiales,Clostridiaceae,Clostridium,subterminale,,,,N/A,N/A,1178
Firmicutes,Negativicutes,Selenomonadales,Acidaminococcaceae,Acidaminococcus,fermentans,Anaerobe,,Nonsporulating,fermenter,N/A,1179
Ascomycota,Sordariomycetes,Glomerellales,Glomerellaceae,Colletotrichum,fioriniae,Aerobe,,Sporulating,fermenter,complex_carbs_fiber,1180
Firmicutes,Negativicutes,Selenomonadales,Acidaminococcaceae,Acidaminococcus,intestini,Anaerobe,,,fermenter,carbohydrates,1181
Ascomycota,Sordariomycetes,Glomerellales,Glomerellaceae,Colletotrichum,gloeosporioides,Aerobe,,Sporulating,fermenter,complex_carbs_fiber,1182
Actinobacteria,Acidimicrobiia,Acidimicrobiales,Acidimicrobiaceae,Acidimicrobium,ferrooxidans,Anaerobic,,Nonsporulating,respirer,inorganic,1183
Ascomycota,Sordariomycetes,Glomerellales,Glomerellaceae,Colletotrichum,higginsianum,Aerobe,,Sporulating,fermenter,complex_carbs_fiber,1184
Proteobacteria,Alphaproteobacteria,Rhodospirillales,Acetobacteraceae,Acidiphilium,cryptum,Aerobe,,,respirer,organic_unspecified,1185
Actinobacteria,Coriobacteriia,Coriobacteriales,Coriobacteriaceae,Collinsella,intestinalis,Anaerobe,,,fermenter,carbohydrates,1186
Actinobacteria,Actinobacteria,Propionibacteriales,Propionibacteriaceae,Acidipropionibacterium,acidipropionici,,,,N/A,N/A,1187
Actinobacteria,Coriobacteriia,Coriobacteriales,Coriobacteriaceae,Collinsella,tanakaei,Anaerobe,,,fermenter,carbohydrates,1188
Actinobacteria,Actinobacteria,Propionibacteriales,Propionibacteriaceae,Acidipropionibacterium,jensenii,,,,N/A,N/A,1189
Proteobacteria,Betaproteobacteria,Burkholderiales,Comamonadaceae,Comamonas,testosteroni,Aerobe,,Nonsporulating,respirer,N/A,1190
Proteobacteria,Acidithiobacillia,Acidithiobacillales,Acidithiobacillaceae,Acidithiobacillus,caldus,,,,N/A,N/A,1191
Basidiomycota,Agaricomycetes,Boletales,Coniophoraceae,Coniophora,puteana,Aerobe/facultative anaerobe,,Sporulating (basidiospores)/reproduction by budding,mixed,complex_carbs_fiber,1192
Proteobacteria,Acidithiobacillia,Acidithiobacillales,Acidithiobacillaceae,Acidithiobacillus,ferrooxidans,Aerobe,,Nonsporulating,respirer,inorganic,1193
Actinobacteria,Actinobacteria,Acidothermales,Acidothermaceae,Acidothermus,cellulolyticus,Aerobe,,Sporulating,respirer,complex_carbs_fiber,1194
Proteobacteria,Betaproteobacteria,Burkholderiales,Comamonadaceae,Acidovorax,avenae,,,,N/A,N/A,1195
Basidiomycota,Agaricomycetes,Agaricales,Psathyrellaceae,Coprinopsis,cinerea,Aerobic,,Sporulating (basidiospores); reproduction also by budding,fermenter,complex_carbs_fiber,1196
Proteobacteria,Gammaproteobacteria,Pseudomonadales,Moraxellaceae,Acinetobacter,baumannii,Aerobe,,Singles,respirer,organic_unspecified,1197
Firmicutes,Erysipelotrichia,Erysipelotrichales,Erysipelotrichaceae,Coprobacillus,sp. d7,Anaerobe,,,fermenter,carbohydrates,1198
Bacteroidetes,Bacteroidia,Bacteroidales,Barnesiellaceae,Coprobacter,fastidiosus,,,,N/A,N/A,1199
Firmicutes,Clostridia,Clostridiales,Lachnospiraceae,Coprococcus,comes,Anaerobe,,,fermenter,carbohydrates,1200
Proteobacteria,Gammaproteobacteria,Pseudomonadales,Moraxellaceae,Acinetobacter,calcoaceticus,Aerobe,,,respirer,N/A,1201
Bacillota,Clostridia,Lachnospirales,Lachnospiraceae,Coprococcus,intestinihominis,Anaerobic,,,N/A,carbohydrates,1202
Proteobacteria,Gammaproteobacteria,Pseudomonadales,Moraxellaceae,Acinetobacter,haemolyticus,Aerobe,,,respirer,N/A,1203
Proteobacteria,Gammaproteobacteria,Pseudomonadales,Moraxellaceae,Acinetobacter,junii,Aerobe,,,respirer,amino_acids_proteins,1204
Firmicutes,Clostridia,Clostridiales,Lachnospiraceae,Coprococcus,sp. art55_1,,,,N/A,N/A,1205
Proteobacteria,Gammaproteobacteria,Pseudomonadales,Moraxellaceae,Acinetobacter,pittii,Aerobe,,,mixed,carbohydrates,1206
Proteobacteria,Gammaproteobacteria,Pseudomonadales,Moraxellaceae,Acinetobacter,radioresistens,Aerobe,,,fermenter,carbohydrates,1207
Ascomycota,Sordariomycetes,Hypocreales,,Acremonium,egyptiacum,,,,N/A,N/A,1208
Actinobacteria,Actinobacteria,Corynebacteriales,Corynebacteriaceae,Corynebacterium,ammoniagenes,Facultative anaerobe,,,mixed,carbohydrates,1209
Actinobacteria,Actinomycetia,Pseudonocardiales,Pseudonocardiaceae,Actinoalloteichus,caeruleus,,,,N/A,N/A,1210
Actinobacteria,Actinobacteria,Corynebacteriales,Corynebacteriaceae,Corynebacterium,amycolatum,Facultative anaerobe,,,mixed,carbohydrates,1211
Proteobacteria,Gammaproteobacteria,Pasteurellales,Pasteurellaceae,Actinobacillus,pleuropneumoniae,Facultative anaerobe,,,mixed,N/A,1212
Actinobacteria,Actinobacteria,Actinomycetales,Corynebacteriaceae,Corynebacterium,aurimucosum,Facultative aerobe,,Singles,mixed,organic_unspecified,1213
Proteobacteria,Gammaproteobacteria,Pasteurellales,Pasteurellaceae,Actinobacillus,succinogenes,Facultative anaerobe,,,mixed,N/A,1214
Actinobacteria,Actinobacteria,Corynebacteriales,Corynebacteriaceae,Corynebacterium,diphtheriae,Aerobe,,,respirer,N/A,1215
Actinobacteria,Actinobacteria,Actinomycetales,Actinomycetaceae,Actinomyces,cardiffensis,Obligate anaerobe,,,fermenter,carbohydrates,1216
Actinobacteria,Actinobacteria,Corynebacteriales,Corynebacteriaceae,Corynebacterium,glucuronolyticum,Facultative anaerobe,,,mixed,carbohydrates,1217
Actinobacteria,Actinobacteria,Actinomycetales,Actinomycetaceae,Actinomyces,georgiae,Obligate anaerobe,,,fermenter,carbohydrates,1218
Actinobacteria,Actinobacteria,Corynebacteriales,Corynebacteriaceae,Corynebacterium,glutamicum,Facultative aerobe,,Singles - V-shaped forms,mixed,organic_unspecified,1219
Actinobacteria,Actinobacteria,Actinomycetales,Actinomycetaceae,Actinomyces,graevenitzii,Facultative anaerobe,,,mixed,carbohydrates,1220
Actinobacteria,Actinobacteria,Actinomycetales,Corynebacteriaceae,Corynebacterium,kroppenstedtii,Facultative aerobe,,Singles,mixed,organic_unspecified,1221
Actinobacteria,Actinobacteria,Actinomycetales,Actinomycetaceae,Actinomyces,israelii,,,,N/A,N/A,1222
Actinobacteria,Actinobacteria,Corynebacteriales,Corynebacteriaceae,Corynebacterium,matruchotii,,,,N/A,N/A,1223
Actinobacteria,Actinobacteria,Actinomycetales,Actinomycetaceae,Actinomyces,naeslundii,Facultative anaerobe,,,mixed,carbohydrates,1224
Actinobacteria,Actinobacteria,Corynebacteriales,Corynebacteriaceae,Corynebacterium,propinquum,Facultative anaerobe,,,mixed,carbohydrates,1225
Actinobacteria,Actinobacteria,Actinomycetales,Actinomycetaceae,Actinomyces,odontolytica,Facultative anaerobe,,,mixed,carbohydrates,1226
Actinobacteria,Actinobacteria,Corynebacteriales,Corynebacteriaceae,Corynebacterium,striatum,Facultative anaerobe,,,mixed,carbohydrates,1227
Actinobacteria,Actinobacteria,Actinomycetales,Actinomycetaceae,Actinomyces,oris,Facultative anaerobe,,,mixed,carbohydrates,1228
Actinobacteria,Actinobacteria,Corynebacteriales,Corynebacteriaceae,Corynebacterium,tuberculostearicum,Facultative anaerobe,,,mixed,carbohydrates,1229
Actinobacteria,Actinobacteria,Actinomycetales,Corynebacteriaceae,Corynebacterium,ulcerans,Facultative anaerobe,,,mixed,carbohydrates,1230
Actinobacteria,Actinobacteria,Actinomycetales,Corynebacteriaceae,Corynebacterium,ureicelerivorans,Facultative anaerobe,,,mixed,carbohydrates,1231
Actinobacteria,Actinobacteria,Actinomycetales,Actinomycetaceae,Actinomyces,turicensis,Facultative anaerobe,,,mixed,carbohydrates,1232
Basidiomycota,Agaricomycetes,Cantharellales,Cantharellaceae,Craterellus,odoratus,,,,N/A,N/A,1233
Actinobacteria,Actinobacteria,Actinomycetales,Actinomycetaceae,Actinomyces,urogenitalis,Facultative anaerobe,,,mixed,carbohydrates,1234
Actinobacteria,Actinobacteria,Actinomycetales,Actinomycetaceae,Actinomyces,viscosus,Facultative anaerobe,,,mixed,carbohydrates,1235
Actinobacteria,Actinobacteria,Micromonosporales,Micromonosporaceae,Actinoplanes,,,,,N/A,N/A,1236
Actinobacteria,Actinobacteria,Pseudonocardiales,Pseudonocardiaceae,Actinosynnema,mirum,Aerobic,,Sporulating,N/A,organic_unspecified,1237
,Ichthyosporea,Ichthyophonida,,Creolimax,fragrantissima,,,,N/A,N/A,1238
Actinobacteria,Coriobacteriia,Eggerthellales,Eggerthellaceae,Adlercreutzia,equolifaciens,Anaerobe,,,mixed,carbohydrates,1239
Actinobacteria,Actinobacteria,Coriobacteriales,Coriobacteriaceae,Cryptobacterium,curtum,Anaerobe,,Clusters - Singles,fermenter,N/A,1240
Actinomycetota,Coriobacteriia,Eggerthellales,Eggerthellaceae,Adlercreutzia,hattorii,Anaerobic,,,fermenter,carbohydrates,1241
Basidiomycota,Tremellomycetes,Tremellales,Cryptococcaceae,Cryptococcus,neoformans,Aerobic,,Sporulating (basidiospores); reproduction also by budding,mixed,organic_unspecified,1242
Firmicutes,Bacilli,Lactobacillales,Aerococcaceae,Aerococcus,viridans,Facultative anaerobe,,,mixed,carbohydrates,1243
Actinobacteria,Actinobacteria,Micrococcales,Microbacteriaceae,Curtobacterium,flaccumfaciens,Aerobe,,,fermenter,carbohydrates,1244
Actinobacteria,Actinobacteria,Propionibacteriales,Nocardioidaceae,Aeromicrobium,marinum,,,,N/A,N/A,1245
Basidiomycota,Tremellomycetes,Trichosporonales,Trichosporonaceae,Cutaneotrichosporon,oleaginosum,Aerobic,,Sporulating (basidiospores); reproduction also by budding,N/A,lipids,1246
Proteobacteria,Gammaproteobacteria,Aeromonadales,Aeromonadaceae,Aeromonas,jandaei,Facultative anaerobe,,,mixed,carbohydrates,1247
Actinobacteria,Actinobacteria,Propionibacteriales,Propionibacteriaceae,Cutibacterium,acnes,,,,N/A,N/A,1248
Proteobacteria,Gammaproteobacteria,Aeromonadales,Aeromonadaceae,Aeromonas,media,Facultative anaerobe,,,mixed,carbohydrates,1249
Proteobacteria,Gammaproteobacteria,Aeromonadales,Aeromonadaceae,Aeromonas,salmonicida,Facultative anaerobe,,,mixed,organic_unspecified,1250
Actinobacteria,Actinobacteria,Propionibacteriales,Propionibacteriaceae,Cutibacterium,avidum,,,,N/A,N/A,1251
Actinobacteria,Actinobacteria,Propionibacteriales,Propionibacteriaceae,Cutibacterium,granulosum,,,,N/A,N/A,1252
Proteobacteria,Gammaproteobacteria,Aeromonadales,Aeromonadaceae,Aeromonas,veronii,Aerobe,,Pairs - Singles,respirer,N/A,1253
Ascomycota,Saccharomycetes,Saccharomycetales,Phaffomycetaceae,Cyberlindnera,fabianii,Aerobe/facultative anaerobe,,Sporulating (ascospores),mixed,complex_carbs_fiber,1254
Crenarchaeota,Thermoprotei,Desulfurococcales,Desulfurococcaceae,Aeropyrum,pernix,Aerobe,,,respirer,N/A,1255
Ascomycota,Saccharomycetes,Saccharomycetales,Phaffomycetaceae,Cyberlindnera,jadinii,Aerobe/facultative anaerobe,,Sporulating (ascospores),mixed,organic_unspecified,1256
Proteobacteria,Alphaproteobacteria,Rhizobiales,Bradyrhizobiaceae,Afipia,birgiae,Aerobe,,,respirer,N/A,1257
Ascomycota,Saccharomycetes,Saccharomycetales,Phaffomycetaceae,Cyberlindnera,suaveolens,Aerobe,,Sporulating,fermenter,organic_unspecified,1258
Ascomycota,Saccharomycetes,Saccharomycetales,Phaffomycetaceae,Cyberlindnera,vartiovaarae,Aerobe,,Sporulating,fermenter,organic_unspecified,1259
Ascomycota,Sordariomycetes,Hypocreales,Nectriaceae,Cylindrocarpon,lucidum,,,,N/A,N/A,1260
Cyanobacteria,,Nostocales,Aphanizomenonaceae,Cylindrospermopsis,raciborskii,,,,N/A,N/A,1261
Proteobacteria,Alphaproteobacteria,Rickettsiales,Anaplasmataceae,Ehrlichia,chaffeensis,,,,N/A,N/A,1262
Ascomycota,Eurotiomycetes,Chaetothyriales,Cyphellophoraceae,Cyphellophora,europaea,Aerobe,,Sporulating,fermenter,complex_carbs_fiber,1263
Proteobacteria,Betaproteobacteria,Neisseriales,Neisseriaceae,Eikenella,corrodens,Facultative anaerobe,,,mixed,N/A,1264
Basidiomycota,Tremellomycetes,Cystofilobasidiales,Cystofilobasidiaceae,Cystofilobasidium,macerans,Aerobe,,Sporulating (basidiospores)/reproduction by budding,fermenter,complex_carbs_fiber,1265
Bacteroidetes,Flavobacteriia,Flavobacteriales,Weeksellaceae,Elizabethkingia,meningoseptica,,,,N/A,N/A,1266
Firmicutes,Bacilli,Bacillales,Bacillaceae,Cytobacillus,firmus,,,,N/A,N/A,1267
Ascomycota,Sordariomycetes,Hypocreales,,Emericellopsis,minima,,,,N/A,N/A,1268
Bacteroidetes,Cytophagia,Cytophagales,Cytophagaceae,Cytophaga,hutchinsonii,Aerobe,,,respirer,complex_carbs_fiber,1269
Bacteroidetes,Flavobacteriia,Flavobacteriales,Weeksellaceae,Empedobacter,brevis,,,,N/A,N/A,1270
Basidiomycota,Dacrymycetes,Dacrymycetales,Dacrymycetaceae,Dacrymyces,ancyleus,Aerobe,,Sporulating (basidiospores),fermenter,complex_carbs_fiber,1271
Proteobacteria,Gammaproteobacteria,Enterobacteriales,Enterobacteriaceae,Enterobacter,asburiae,Facultative anaerobe,,,mixed,N/A,1272
Ascomycota,Orbiliomycetes,Orbiliales,Orbiliaceae,Dactylellina,haptotyla,Aerobe,,Sporulating,fermenter,complex_carbs_fiber,1273
Proteobacteria,Gammaproteobacteria,Enterobacterales,Enterobacteriaceae,Enterobacter,cancerogenus,Facultative anaerobe,,,mixed,carbohydrates,1274
Ascomycota,Saccharomycetes,Saccharomycetales,Debaryomycetaceae,Debaryomyces,fabryi,Aerobe,,Sporulating (ascospores),respirer,organic_unspecified,1275
Pseudomonadata,Gammaproteobacteria,Enterobaterales,Enterobacteriaceae,Enterobacter,intestinihominis,Anaerobic,,,N/A,carbohydrates,1276
Ascomycota,Saccharomycetes,Saccharomycetales,Debaryomycetaceae,Debaryomyces,hansenii,Aerobe/facultative anaerobe,,Sporulating (ascospores),mixed,organic_unspecified,1277
Firmicutes,Clostridia,Clostridiales,Lachnospiraceae,Enterocloster,asparagiformis,,,,N/A,N/A,1278
Deinococcus-thermus,Deinococci,Deinococcales,Deinococcaceae,Deinococcus,radiodurans,Aerobe,,,respirer,organic_unspecified,1279
Firmicutes,Clostridia,Clostridiales,Lachnospiraceae,Enterocloster,bolteae,,,,N/A,N/A,1280
Proteobacteria,Betaproteobacteria,Burkholderiales,Comamonadaceae,Delftia,acidovorans,Aerobe,,,respirer,N/A,1281
Firmicutes,Clostridia,Clostridiales,Lachnospiraceae,Enterocloster,citroniae,,,,N/A,N/A,1282
Deferribacteres,Deferribacteres,Deferribacterales,Deferribacteraceae,Denitrovibrio,acetiphilus,,,,N/A,N/A,1283
Firmicutes,Clostridia,Clostridiales,Lachnospiraceae,Enterocloster,clostridioformis,Anaerobe,,,fermenter,N/A,1284
Actinobacteria,Actinobacteria,Actinomycetales,Dermacoccaceae,Dermacoccus,nishinomiyaensis,Aerobe,,,mixed,carbohydrates,1285
Bacillota,Clostridia,Lachnospirales,Lachnospiraceae,Enterocloster,hominis,Anaerobic,,,N/A,carbohydrates,1286
Proteobacteria,Deltaproteobacteria,Desulfarculales,Desulfarculaceae,Desulfarculus,baarsii,,,,N/A,N/A,1287
Firmicutes,Bacilli,Lactobacillales,Enterococcaceae,Enterococcus,asini,Facultative anaerobe,,,mixed,carbohydrates,1288
Firmicutes,Bacilli,Lactobacillales,Enterococcaceae,Enterococcus,avium,Facultative anaerobe,,,mixed,carbohydrates,1289
Proteobacteria,Deltaproteobacteria,Desulfobacterales,Desulfobacteraceae,Desulfatibacillum,alkenivorans,,,,N/A,N/A,1290
Firmicutes,Bacilli,Lactobacillales,Enterococcaceae,Enterococcus,caccae,Facultative anaerobe,,,mixed,carbohydrates,1291
Firmicutes,Clostridia,Clostridiales,Peptococcaceae,Desulfitobacterium,hafniense,,,,N/A,N/A,1292
Firmicutes,Bacilli,Lactobacillales,Enterococcaceae,Enterococcus,cecorum,Facultative anaerobe,,,mixed,carbohydrates,1293
Firmicutes,Bacilli,Lactobacillales,Enterococcaceae,Enterococcus,dispar,Facultative anaerobe,,,mixed,carbohydrates,1294
Firmicutes,Bacilli,Lactobacillales,Enterococcaceae,Enterococcus,durans,Facultative anaerobe,,,mixed,carbohydrates,1295
Firmicutes,Bacilli,Lactobacillales,Enterococcaceae,Enterococcus,faecalis,Facultative anaerobe,,,mixed,carbohydrates,1296
Proteobacteria,Deltaproteobacteria,Desulfobacterales,Desulfobacteraceae,Desulfobacterium,autotrophicum,Anaerobe,,,fermenter,inorganic,1297
Firmicutes,Bacilli,Lactobacillales,Enterococcaceae,Enterococcus,faecium,Facultative anaerobe,,,mixed,carbohydrates,1298
Firmicutes,Bacilli,Lactobacillales,Enterococcaceae,Enterococcus,gallinarum,Facultative anaerobe,,,mixed,carbohydrates,1299
Proteobacteria,Deltaproteobacteria,Desulfobacterales,Desulfobulbaceae,Desulfobulbus,propionicus,,,,N/A,N/A,1300
Firmicutes,Bacilli,Lactobacillales,Enterococcaceae,Enterococcus,hirae,Facultative anaerobe,,,mixed,carbohydrates,1301
Proteobacteria,Deltaproteobacteria,Desulfovibrionales,Desulfohalobiaceae,Desulfohalobium,retbaense,,,,N/A,N/A,1302
Firmicutes,Bacilli,Lactobacillales,Enterococcaceae,Enterococcus,italicus,,,,N/A,N/A,1303
Proteobacteria,Deltaproteobacteria,Desulfovibrionales,Desulfomicrobiaceae,Desulfomicrobium,baculatum,,,,N/A,N/A,1304
Firmicutes,Bacilli,Lactobacillales,Enterococcaceae,Enterococcus,malodoratus,,,,N/A,N/A,1305
Proteobacteria,Deltaproteobacteria,Desulfovibrionales,Desulfohalobiaceae,Desulfonatronospira,thiodismutans,,,,N/A,N/A,1306
Firmicutes,Bacilli,Lactobacillales,Enterococcaceae,Enterococcus,pallens,,,,N/A,N/A,1307
Proteobacteria,Deltaproteobacteria,Desulfobacterales,Desulfobulbaceae,Desulfotalea,psychrophila,,,,N/A,N/A,1308
Firmicutes,Bacilli,Lactobacillales,Enterococcaceae,Enterococcus,phoeniculicola,Facultative anaerobe,,,mixed,carbohydrates,1309
Firmicutes,Clostridia,Clostridiales,Peptococcaceae,Desulfotomaculum,nigrificans,,,,N/A,N/A,1310
Firmicutes,Bacilli,Lactobacillales,Enterococcaceae,Enterococcus,saccharolyticus,Anaerobe,,Pairs - Singles,fermenter,complex_carbs_fiber,1311
Firmicutes,Clostridia,Clostridiales,Peptococcaceae,Desulfotomaculum,reducens,Anaerobe,,Sporulating,fermenter,N/A,1312
Ascomycota,Dothideomycetes,Pleosporales,Didymellaceae,Epicoccum,nigrum,,,,N/A,N/A,1313
Proteobacteria,Deltaproteobacteria,Desulfovibrionales,Desulfovibrionaceae,Desulfovibrio,desulfuricans,Facultative anaerobe,,Singles,mixed,N/A,1314
Ascomycota,Saccharomycetes,Saccharomycetales,Saccharomycetaceae,Eremothecium,cymbalariae,Aerobe/facultative anaerobe,,Sporulating (ascospores)/reproduction by budding,mixed,complex_carbs_fiber,1315
Proteobacteria,Deltaproteobacteria,Desulfovibrionales,Desulfovibrionaceae,Desulfovibrio,magneticus,Anaerobe,,Singles,fermenter,N/A,1316
Ascomycota,Saccharomycetes,Saccharomycetales,Saccharomycetaceae,Eremothecium,gossypii,Aerobe/facultative anaerobe,,Sporulating (ascospores)/reproduction by budding,mixed,complex_carbs_fiber,1317
Proteobacteria,Deltaproteobacteria,Desulfovibrionales,Desulfovibrionaceae,Desulfovibrio,piger,Anaerobe,,,mixed,carbohydrates,1318
Ascomycota,Saccharomycetes,Saccharomycetales,Saccharomycetaceae,Eremothecium,sinecaudum,Aerobe,,Sporulating (ascospores)/reproduction by budding,fermenter,complex_carbs_fiber,1319
Proteobacteria,Deltaproteobacteria,Desulfovibrionales,Desulfovibrionaceae,Desulfovibrio,salexigens,Anaerobe,,Singles,fermenter,N/A,1320
Firmicutes,Erysipelotrichia,Erysipelotrichales,Erysipelotrichaceae,Erysipelatoclostridium,innocuum,Anaerobe,,,fermenter,carbohydrates,1321
Proteobacteria,Deltaproteobacteria,Desulfovibrionales,Desulfovibrionaceae,Desulfovibrio,sp. 3_1_syn3,Anaerobe,,,mixed,carbohydrates,1322
Firmicutes,Erysipelotrichia,Erysipelotrichales,Erysipelotrichaceae,Erysipelatoclostridium,ramosum,,,,N/A,N/A,1323
Proteobacteria,Deltaproteobacteria,Desulfuromonadales,Desulfuromonadaceae,Desulfuromonas,acetoxidans,,,,N/A,N/A,1324
Firmicutes,Erysipelotrichia,Erysipelotrichales,Erysipelotrichaceae,Erysipelatoclostridium,saccharogumia,Anaerobe,,,fermenter,carbohydrates,1325
Firmicutes,Negativicutes,Veillonellales,Veillonellaceae,Dialister,invisus,Anaerobe,,,fermenter,N/A,1326
Firmicutes,Erysipelotrichia,Erysipelotrichales,Erysipelotrichaceae,Erysipelatoclostridium,spiroforme,Anaerobe,,,fermenter,carbohydrates,1327
Firmicutes,Negativicutes,Veillonellales,Veillonellaceae,Dialister,pneumosintes,,,,N/A,N/A,1328
Firmicutes,Erysipelotrichia,Erysipelotrichales,Erysipelotrichaceae,Erysipelothrix,rhusiopathiae,,,,N/A,N/A,1329
Ascomycota,Leotiomycetes,Erysiphales,Erysiphaceae,Erysiphe,necator,Aerobe,,Sporulating,fermenter,complex_carbs_fiber,1330
Proteobacteria,Gammaproteobacteria,Enterobacterales,Enterobacteriaceae,Escherichia,albertii,Facultative anaerobe,,,mixed,N/A,1331
Proteobacteria,Gammaproteobacteria,Enterobacterales,Enterobacteriaceae,Escherichia,fergusonii,Aerobe,,Pairs - Singles,respirer,N/A,1332
Firmicutes,Negativicutes,Veillonellales,Veillonellaceae,Dialister,succinatiphilus,Anaerobe,,,fermenter,N/A,1333
Proteobacteria,Gammaproteobacteria,Enterobacteriales,Enterobacteriaceae,Escherichia,hermannii,Facultative anaerobe,,,mixed,N/A,1334
Cyanobacteria,,Nostocales,Rivulariaceae,Dichothrix,baueriana,,,,N/A,N/A,1335
Proteobacteria,Gammaproteobacteria,Enterobacteriales,Enterobacteriaceae,Escherichia,sp. 1_1_43,Facultative anaerobe,,,mixed,N/A,1336
Platyhelminthes,Trematoda,Plagiorchiida,Dicrocoeliidae,Dicrocoelium,dendriticum,,,,N/A,N/A,1337
Proteobacteria,Gammaproteobacteria,Enterobacteriales,Enterobacteriaceae,Escherichia,sp. 4_1_40b,Facultative anaerobe,,,mixed,N/A,1338
Ascomycota,Dothideomycetes,Pleosporales,Didymellaceae,Didymella,pinodes,Aerobe,,Sporulating,fermenter,complex_carbs_fiber,1339
Firmicutes,Clostridia,Clostridiales,Ruminococcaceae,Ethanoligenens,harbinense,Anaerobic,,Nonsporulating,N/A,N/A,1340
Actinobacteria,Actinobacteria,Corynebacteriales,Dietziaceae,Dietzia,cinnamea,Aerobe,,,fermenter,carbohydrates,1341
Firmicutes,Clostridia,Clostridiales,Clostridiales Incertae Sedis XIII,Eubacterium,brachy,Anaerobe,,,fermenter,carbohydrates,1342
Actinobacteria,Actinobacteria,Corynebacteriales,Dietziaceae,Dietzia,maris,,,,N/A,N/A,1343
Firmicutes,Clostridia,Clostridiales,Eubacteriaceae,Eubacterium,cellulosolvens,Anaerobe,,,fermenter,carbohydrates,1344
Ascomycota,Lecanoromycetes,Caliciales,Caliciaceae,Diploicia,canescens,,,,N/A,N/A,1345
Firmicutes,Clostridia,Clostridiales,Ruminococcaceae,Eubacterium,desmolans,Obligate anaerobe,,,fermenter,N/A,1346
Cyanobacteria,,Nostocales,Aphanizomenonaceae,Dolichospermum,flos-aquae,,,,N/A,N/A,1347
Firmicutes,Clostridia,Clostridiales,Eubacteriaceae,Eubacterium,eligen,Anaerobe,,,fermenter,N/A,1348
Firmicutes,Clostridia,Clostridiales,Lachnospiraceae,Dorea,longicatena,Anaerobe,,,fermenter,carbohydrates,1349
Firmicutes,Clostridia,Clostridiales,Eubacteriaceae,Eubacterium,hallii,Obligate anaerobe,,,fermenter,carbohydrates,1350
Firmicutes,Clostridia,Clostridiales,Eubacteriaceae,Eubacterium,limosum,Anaerobe,,,fermenter,N/A,1351
Bacteroidetes,Cytophagia,Cytophagales,Cytophagaceae,Dyadobacter,beijingensis,Aerobe,,,fermenter,carbohydrates,1352
Firmicutes,Clostridia,Clostridiales,Eubacteriaceae,Eubacterium,ramulus,Anaerobe,,,fermenter,carbohydrates,1353
Bacteroidetes,Cytophagia,Cytophagales,Cytophagaceae,Dyadobacter,fermentans,Aerobe,,Chains - Pairs,respirer,organic_unspecified,1354
Firmicutes,Clostridia,Clostridiales,Eubacteriaceae,Eubacterium,rectale,Anaerobe,,Nonsporulating,fermenter,N/A,1355
Platyhelminthes,Trematoda,Plagiorchiida,Echinostomatidae,Echinostoma,caproni,,,,N/A,N/A,1356
Firmicutes,Clostridia,Clostridiales,Clostridiales Incertae Sedis XIII,Eubacterium,saphenum,Anaerobe,,,fermenter,carbohydrates,1357
Proteobacteria,Gammaproteobacteria,Enterobacteriales,Enterobacteriaceae,Edwardsiella,tarda,Facultative anaerobe,,Nonsporulating,mixed,carbohydrates,1358
Firmicutes,Clostridia,Clostridiales,Clostridiales Incertae Sedis XIII,Eubacterium,sulci,Anaerobe,,,fermenter,carbohydrates,1359
Actinobacteria,Coriobacteriia,Eggerthellales,Eggerthellaceae,Eggerthella,sp. 1_3_56faa,Nanaerobe,,,fermenter,carbohydrates,1360
Firmicutes,Clostridia,Clostridiales,Eubacteriaceae,Eubacterium,ventriosum,Anaerobe,,,fermenter,carbohydrates,1361
Actinobacteria,Actinobacteria,Coriobacteriales,Coriobacteriaceae,Eggerthella,sp. yy7918,Nanaerobe,,,fermenter,N/A,1362
Ascomycota,Sordariomycetes,Xylariales,Diatrypaceae,Eutypa,lata,Aerobe,,Sporulating,fermenter,complex_carbs_fiber,1363
Firmicutes,Bacilli,Bacillales,Bacillales Incertae Sedis XII,Exiguobacterium,aurantiacum,Facultative anaerobe,,,mixed,carbohydrates,1364
Actinobacteria,Coriobacteriia,Eggerthellales,Eggerthellaceae,Eggerthella,,Nanaerobe,,,fermenter,N/A,1365
Ascomycota,Eurotiomycetes,Chaetothyriales,Herpotrichiellaceae,Exophiala,dermatitidis,Aerobic,,Sporulating (ascospores); reproduction also by budding,N/A,organic_unspecified,1366
Ascomycota,Eurotiomycetes,Chaetothyriales,Herpotrichiellaceae,Exophiala,mesophila,Aerobic,,Sporulating (ascospores); reproduction also by budding,fermenter,complex_carbs_fiber,1367
Firmicutes,Erysipelotrichia,Erysipelotrichales,Erysipelotrichaceae,Eggerthia,catenaformis,Anaerobe,,,fermenter,carbohydrates,1368
Ascomycota,Eurotiomycetes,Chaetothyriales,Herpotrichiellaceae,Exophiala,oligosperma,Aerobic,,Sporulating (ascospores); reproduction also by budding,fermenter,complex_carbs_fiber,1369
Proteobacteria,Alphaproteobacteria,Rickettsiales,Anaplasmataceae,Ehrlichia,canis,Aerobe,,,respirer,N/A,1370
Ascomycota,Eurotiomycetes,Chaetothyriales,Herpotrichiellaceae,Exophiala,pisciphila,Aerobic,,Sporulating (ascospores); reproduction also by budding,N/A,organic_unspecified,1371
Ascomycota,Eurotiomycetes,Chaetothyriales,Herpotrichiellaceae,Exophiala,spinifera,Aerobic,,Sporulating (ascospores); reproduction also by budding,fermenter,complex_carbs_fiber,1372
Ascomycota,Eurotiomycetes,Chaetothyriales,Herpotrichiellaceae,Exophiala,xenobiotica,Aerobic,,Sporulating (ascospores); reproduction also by budding,fermenter,complex_carbs_fiber,1373
Bacillota,Clostridia,Oscillospirales,Ruminococcaceae,Faecalibacterium,faecis,Anaerobic,,,N/A,carbohydrates,1374
Fusobacteria,Fusobacteriia,Fusobacteriales,Fusobacteriaceae,Fusobacterium,mortiferum,Anaerobe,,,fermenter,carbohydrates,1375
Bacillota,Clostridia,Oscillospirales,Ruminococcaceae,Faecalibacterium,intestinale,Anaerobic,,,N/A,carbohydrates,1376
Fusobacteria,Fusobacteriia,Fusobacteriales,Fusobacteriaceae,Fusobacterium,necrophorum,Anaerobe,,,fermenter,carbohydrates,1377
Bacillota,Clostridia,Oscillospirales,Ruminococcaceae,Faecalibacterium,tardum,Anaerobic,,,N/A,carbohydrates,1378
Fusobacteria,Fusobacteria,Fusobacteriales,Fusobacteriaceae,Fusobacterium,nucleatum,Anaerobe,,Nonsporulating,fermenter,carbohydrates,1379
Firmicutes,Erysipelotrichia,Erysipelotrichales,Erysipelotrichaceae,Faecalicoccus,pleomorphus,,,,N/A,N/A,1380
Fusobacteria,Fusobacteriia,Fusobacteriales,Fusobacteriaceae,Fusobacterium,periodonticum,Anaerobe,,,fermenter,carbohydrates,1381
Firmicutes,Erysipelotrichia,Erysipelotrichales,Erysipelotrichaceae,Faecalitalea,cylindroides,Obligate anaerobe,,,fermenter,carbohydrates,1382
Fusobacteria,Fusobacteriia,Fusobacteriales,Fusobacteriaceae,Fusobacterium,russii,Microaerophile,,,fermenter,amino_acids_proteins,1383
Bacillota,Clostridia,Oscillospirales,Ruminococcaceae,Faecousia,intestinalis,Anaerobic,,,N/A,carbohydrates,1384
Fusobacteria,Fusobacteriia,Fusobacteriales,Fusobacteriaceae,Fusobacterium,ulcerans,Anaerobe,,,fermenter,carbohydrates,1385
Actinobacteria,Actinobacteria,Actinomycetales,Actinomycetaceae,Fannyhessea,vaginae,,,,N/A,N/A,1386
Fusobacteria,Fusobacteriia,Fusobacteriales,Fusobacteriaceae,Fusobacterium,varium,Anaerobe,,,fermenter,carbohydrates,1387
Firmicutes,Clostridia,Clostridiales,Peptostreptococcaceae,Filifactor,alocis,Anaerobe,,,fermenter,N/A,1388
Actinobacteria,Actinobacteria,Bifidobacteriales,Bifidobacteriaceae,Gardnerella,vaginalis,Anaerobic,,,N/A,N/A,1389
Basidiomycota,Tremellomycetes,Filobasidiales,Filobasidiaceae,Filobasidium,stepposum,Aerobe,,Sporulating (basidiospores)/reproduction by budding,respirer,organic_unspecified,1390
Firmicutes,Bacilli,Bacillales,,Gemella,bergeri,,,,N/A,N/A,1391
Firmicutes,Tissierellia,Tissierellales,Peptoniphilaceae,Finegoldia,magna,Anaerobe,,,fermenter,N/A,1392
Firmicutes,Bacilli,Bacillales,Bacillales Incertae Sedis XI,Gemella,haemolysans,Facultative anaerobe,,,mixed,carbohydrates,1393
Firmicutes,Bacilli,Bacillales,Bacillales Incertae Sedis XI,Gemella,morbillorum,Facultative anaerobe,,,mixed,carbohydrates,1394
Firmicutes,Bacilli,Bacillales,Bacillales Incertae Sedis XI,Gemella,sanguinis,Facultative anaerobe,,,mixed,carbohydrates,1395
Cyanobacteria,,Nostocales,Hapalosiphonaceae,Fischerella,ambigua,,,,N/A,N/A,1396
Firmicutes,Bacilli,Bacillales,Bacillaceae,Geobacillus,stearothermophilus,Aerobe,,,mixed,carbohydrates,1397
Bacteroidetes,Flavobacteriia,Flavobacteriales,Flavobacteriaceae,Flavobacterium,johnsoniae,Aerobe,,Nonsporulating,respirer,N/A,1398
Firmicutes,Bacilli,Bacillales,Bacillaceae,Geobacillus,thermodenitrificans,Facultative aerobe,,Sporulating,mixed,organic_unspecified,1399
Bacillota,Clostridia,Oscillospirales,Ruminococcaceae,Flavonifractor,hominis,Anaerobic,,,N/A,carbohydrates,1400
Firmicutes,Bacilli,Bacillales,Bacillaceae,Geobacillus,vulcani,Aerobe,,,mixed,carbohydrates,1401
Firmicutes,Clostridia,Clostridiales,Ruminococcaceae,Flavonifractor,plautii,Facultative anaerobe,,,mixed,carbohydrates,1402
Proteobacteria,Deltaproteobacteria,Desulfuromonadales,Geobacteraceae,Geobacter,bemidjiensis,Anaerobe,,Singles,fermenter,inorganic,1403
Ascomycota,Eurotiomycetes,Chaetothyriales,Herpotrichiellaceae,Fonsecaea,erecta,Aerobe,,Sporulating,respirer,amino_acids_proteins,1404
Proteobacteria,Deltaproteobacteria,Desulfuromonadales,Geobacteraceae,Geobacter,metallireducens,Anaerobe,,Singles,fermenter,inorganic,1405
Proteobacteria,Gammaproteobacteria,Thiotrichales,Francisellaceae,Francisella,tularensis,Aerobe,,Singles,respirer,N/A,1406
Proteobacteria,Deltaproteobacteria,Desulfuromonadales,Geobacteraceae,Geobacter,sulfurreducens,Anaerobe,,,fermenter,N/A,1407
Actinobacteria,Actinobacteria,Frankiales,Frankiaceae,Frankia,alni,,,,N/A,N/A,1408
Actinobacteria,Actinobacteria,Geodermatophilales,Geodermatophilaceae,Geodermatophilus,,,,,N/A,N/A,1409
Ascomycota,Sordariomycetes,Hypocreales,Nectriaceae,Fusarium,acuminatum,Aerobic,,Sporulating (ascospores); reproduction also by budding,N/A,organic_unspecified,1410
Ascomycota,Saccharomycetes,Saccharomycetales,Dipodascaceae,Geotrichum,candidum,Aerobe/facultative anaerobe,,Sporulating,mixed,amino_acids_proteins,1411
Ascomycota,Sordariomycetes,Hypocreales,Nectriaceae,Fusarium,babinda,Aerobic,,Sporulating (ascospores); reproduction also by budding,fermenter,complex_carbs_fiber,1412
Ascomycota,Leotiomycetes,Helotiales,Helotiaceae,Glarea,lozoyensis,Aerobe,,Sporulating,fermenter,complex_carbs_fiber,1413
Ascomycota,Sordariomycetes,Hypocreales,Nectriaceae,Fusarium,chlamydosporum,Aerobic,,Sporulating (ascospores); reproduction also by budding,N/A,organic_unspecified,1414
Actinobacteria,Actinobacteria,Actinomycetales,Actinomycetaceae,Gleimia,coleocanis,,,,N/A,N/A,1415
Ascomycota,Sordariomycetes,Hypocreales,Nectriaceae,Fusarium,compactum,Aerobic,,Sporulating (ascospores); reproduction also by budding,N/A,organic_unspecified,1416
Basidiomycota,Agaricomycetes,Gloeophyllales,Gloeophyllaceae,Gloeophyllum,trabeum,Aerobe/facultative anaerobe,,Sporulating (basidiospores)/reproduction by budding,mixed,complex_carbs_fiber,1417
Ascomycota,Sordariomycetes,Hypocreales,Nectriaceae,Fusarium,culmorum,Aerobic,,Sporulating (ascospores); reproduction also by budding,fermenter,complex_carbs_fiber,1418
Proteobacteria,Alphaproteobacteria,Rhodospirillales,Acetobacteraceae,Gluconobacter,oxydans,Aerobe,,,respirer,N/A,1419
Ascomycota,Sordariomycetes,Hypocreales,Nectriaceae,Fusarium,fujikuroi,Aerobic,,Sporulating (ascospores); reproduction also by budding,fermenter,complex_carbs_fiber,1420
Chytridiomycota,Monoblepharidomycetes,Monoblepharidales,Gonapodyaceae,Gonapodya,prolifera,Aerobic,,Sporulating,fermenter,complex_carbs_fiber,1421
Ascomycota,Sordariomycetes,Hypocreales,Nectriaceae,Fusarium,graminearum,Aerobic,,Sporulating (ascospores); reproduction also by budding,fermenter,complex_carbs_fiber,1422
Actinobacteria,Actinobacteria,Corynebacteriales,Gordoniaceae,Gordonia,rubripertincta,Aerobe,,,fermenter,carbohydrates,1423
Actinobacteria,Actinobacteria,Corynebacteriales,Gordoniaceae,Gordonia,terrae,Aerobe,,,fermenter,carbohydrates,1424
Actinobacteria,Coriobacteriia,Eggerthellales,Eggerthellaceae,Gordonibacter,pamelaeae,Anaerobe,,,fermenter,N/A,1425
Ascomycota,Sordariomycetes,Hypocreales,Nectriaceae,Fusarium,haematococcum,Aerobic,,Sporulating (ascospores); reproduction also by budding,N/A,organic_unspecified,1426
Ascomycota,Sordariomycetes,Hypocreales,Nectriaceae,Fusarium,incarnatum,Aerobic,,Sporulating (ascospores); reproduction also by budding,N/A,organic_unspecified,1427
Proteobacteria,Alphaproteobacteria,Rhodospirillales,Acetobacteraceae,Granulibacter,bethesdensis,,,,N/A,N/A,1428
Ascomycota,Sordariomycetes,Hypocreales,Nectriaceae,Fusarium,lateritium,Aerobic,,Sporulating (ascospores); reproduction also by budding,N/A,organic_unspecified,1429
Firmicutes,Bacilli,Lactobacillales,Carnobacteriaceae,Granulicatella,adiacens,Facultative anaerobe,,,mixed,carbohydrates,1430
Ascomycota,Sordariomycetes,Hypocreales,Nectriaceae,Fusarium,oxysporum,Aerobic,,Sporulating (ascospores); reproduction also by budding,fermenter,complex_carbs_fiber,1431
Ascomycota,Sordariomycetes,Hypocreales,Nectriaceae,Fusarium,proliferatum,Aerobic,,Sporulating (ascospores); reproduction also by budding,fermenter,complex_carbs_fiber,1432
Ascomycota,Sordariomycetes,Hypocreales,Nectriaceae,Fusarium,pseudograminearum,Aerobic,,Sporulating (ascospores); reproduction also by budding,fermenter,complex_carbs_fiber,1433
Ascomycota,Sordariomycetes,Hypocreales,Nectriaceae,Fusarium,solani,Aerobic,,Sporulating (ascospores); reproduction also by budding,N/A,organic_unspecified,1434
Ascomycota,Sordariomycetes,Hypocreales,Nectriaceae,Fusarium,sp. f31,Aerobic,,Sporulating (ascospores); reproduction also by budding,N/A,organic_unspecified,1435
Ascomycota,Sordariomycetes,Hypocreales,Nectriaceae,Fusarium,sporotrichioides,Aerobic,,Sporulating (ascospores); reproduction also by budding,N/A,organic_unspecified,1436
Firmicutes,Bacilli,Lactobacillales,Carnobacteriaceae,Granulicatella,elegans,Facultative anaerobe,,,mixed,carbohydrates,1437
Ascomycota,Sordariomycetes,Hypocreales,Nectriaceae,Fusarium,tricinctum,Aerobic,,Sporulating (ascospores); reproduction also by budding,N/A,organic_unspecified,1438
Proteobacteria,Gammaproteobacteria,Vibrionales,Vibrionaceae,Grimontia,hollisae,Facultative anaerobe,,,mixed,N/A,1439
Ascomycota,Sordariomycetes,Hypocreales,Nectriaceae,Fusarium,verticillioides,Aerobic,,Sporulating (ascospores); reproduction also by budding,fermenter,complex_carbs_fiber,1440
Proteobacteria,Gammaproteobacteria,Pasteurellales,Pasteurellaceae,Haemophilus,aegyptius,,,,N/A,N/A,1441
Fusobacteria,Fusobacteriia,Fusobacteriales,Fusobacteriaceae,Fusobacterium,gonidiaformans,Anaerobe,,,fermenter,carbohydrates,1442
Proteobacteria,Gammaproteobacteria,Pasteurellales,Pasteurellaceae,Haemophilus,haemolyticus,Facultative anaerobe,,,mixed,carbohydrates,1443
Proteobacteria,Gammaproteobacteria,Pasteurellales,Pasteurellaceae,Haemophilus,sputorum,Aerobe,,,respirer,N/A,1444
Proteobacteria,Gammaproteobacteria,Enterobacteriales,Enterobacteriaceae,Hafnia,pneumoniae,Facultative anaerobe,,,mixed,N/A,1445
Firmicutes,Clostridia,Halanaerobiales,Halanaerobiaceae,Halanaerobium,saccharolyticum,,,,N/A,N/A,1446
Euryarchaeota,Halobacteria,Halobacteriales,Haloarculaceae,Haloarcula,marismortui,Aerobe,,Singles,respirer,organic_unspecified,1447
Firmicutes,Clostridia,Clostridiales,Lachnospiraceae,Lachnobacterium,bovis,,,,N/A,N/A,1448
Euryarchaeota,Halobacteria,Halobacteriales,Halobacteriaceae,Halobacterium,salinarum,Anaerobe,,Nonsporulating,fermenter,organic_unspecified,1449
Firmicutes,Clostridia,Clostridiales,Lachnospiraceae,Lachnoclostridium,asparagiformis,Anaerobe,,,fermenter,N/A,1450
Euryarchaeota,Halobacteria,Halobacteriales,Halobacteriaceae,Halococcus,morrhuae,Aerobe,,,fermenter,carbohydrates,1451
Firmicutes,Clostridia,Clostridiales,Lachnospiraceae,Lachnoclostridium,bolteae,Anaerobe,,,fermenter,carbohydrates,1452
Euryarchaeota,Halobacteria,Haloferacales,Haloferacaceae,Haloferax,volcanii,Aerobe,,Nonsporulating,respirer,organic_unspecified,1453
Firmicutes,Clostridia,Clostridiales,Lachnospiraceae,Lachnoclostridium,citroniae,Anaerobe,,,fermenter,carbohydrates,1454
Firmicutes,Clostridia,Clostridiales,Lachnospiraceae,Lachnoclostridium,clostridioformis,Anaerobe,,,fermenter,carbohydrates,1455
Firmicutes,Clostridia,Clostridiales,Lachnospiraceae,Lachnoclostridium,hylemonae,Anaerobe,,,fermenter,carbohydrates,1456
Firmicutes,Clostridia,Clostridiales,Lachnospiraceae,Lachnoclostridium,indolis,Anaerobe,,,fermenter,carbohydrates,1457
Ascomycota,Saccharomycetes,Saccharomycetales,Saccharomycodaceae,Hanseniaspora,uvarum,Aerobe/facultative anaerobe,,Sporulating (ascospores)/reproduction by budding,mixed,organic_unspecified,1458
Firmicutes,Clostridia,Clostridiales,Lachnospiraceae,Lachnoclostridium,methoxybenzovorans,Anaerobe,,,fermenter,carbohydrates,1459
Cyanobacteria,,Nostocales,Hapalosiphonaceae,Hapalosiphon,welwitschii,,,,N/A,N/A,1460
Firmicutes,Clostridia,Clostridiales,Lachnospiraceae,Lachnoclostridium,phytofermentans,Anaerobe,,Sporulating,fermenter,organic_unspecified,1461
Proteobacteria,Epsilonproteobacteria,Campylobacterales,Helicobacteraceae,Helicobacter,bilis,Microaerophile,,,mixed,carbohydrates,1462
Firmicutes,Clostridia,Clostridiales,Lachnospiraceae,Lachnoclostridium,scindens,Aerotolerant,,,fermenter,carbohydrates,1463
Proteobacteria,Epsilonproteobacteria,Campylobacterales,Helicobacteraceae,Helicobacter,canadensis,Microaerophile,,,mixed,carbohydrates,1464
Firmicutes,Clostridia,Clostridiales,Lachnospiraceae,Lachnoclostridium,symbiosum,Anaerobe,,,fermenter,carbohydrates,1465
Proteobacteria,Epsilonproteobacteria,Campylobacterales,Helicobacteraceae,Helicobacter,cinaedi,Microaerophile,,,mixed,carbohydrates,1466
Firmicutes,Clostridia,Clostridiales,Lachnospiraceae,Lachnospira,eligens,Anaerobe,,,fermenter,N/A,1467
Bacillota,Clostridia,Lachnospirales,Lachnospiraceae,Lachnospira,hominis,Anaerobic,,,N/A,carbohydrates,1468
Bacillota,Clostridia,Lachnospirales,Lachnospiraceae,Lachnospira,intestinalis,Anaerobic,,,N/A,carbohydrates,1469
Proteobacteria,Epsilonproteobacteria,Campylobacterales,Helicobacteraceae,Helicobacter,fennelliae,,,,N/A,N/A,1470
Firmicutes,Clostridia,Clostridiales,Lachnospiraceae,Lachnospira,multipara,Anaerobe,,,fermenter,carbohydrates,1471
Proteobacteria,Epsilonproteobacteria,Campylobacterales,Helicobacteraceae,Helicobacter,winghamensis,Microaerophile,,,mixed,carbohydrates,1472
Bacillota,Clostridia,Lachnospirales,Lachnospiraceae,Lachnospira,rogosae,Anaerobic,,,N/A,carbohydrates,1473
Proteobacteria,Betaproteobacteria,Burkholderiales,Oxalobacteraceae,Herbaspirillum,,,,,N/A,N/A,1474
Ascomycota,Leotiomycetes,Helotiales,Lachnaceae,Lachnum,palmae,,,,N/A,N/A,1475
Ascomycota,Laboulbeniomycetes,Laboulbeniales,Laboulbeniaceae,Hesperomyces,coleomegillae,Aerobe,,Sporulating,respirer,organic_unspecified,1476
Firmicutes,Clostridia,Clostridiales,Lachnospiraceae,Lacrimispora,indolis,,,,N/A,N/A,1477
Basidiomycota,Agaricomycetes,Russulales,Bondarzewiaceae,Heterobasidion,irregulare,Aerobe/facultative anaerobe,,Sporulating (basidiospores),mixed,complex_carbs_fiber,1478
Firmicutes,Clostridia,Clostridiales,Lachnospiraceae,Lacrimispora,saccharolytica,Anaerobic,,Sporulating,N/A,organic_unspecified,1479
Firmicutes,Erysipelotrichia,Erysipelotrichales,Erysipelotrichaceae,Holdemanella,biformis,Obligate anaerobe,,,fermenter,carbohydrates,1480
Basidiomycota,Agaricomycetes,Russulales,Russulaceae,Lactarius,lignyotus,,,,N/A,N/A,1481
Firmicutes,Erysipelotrichia,Erysipelotrichales,Erysipelotrichaceae,Holdemania,filiformis,Anaerobe,,,fermenter,carbohydrates,1482
Firmicutes,Bacilli,Lactobacillales,Lactobacillaceae,Lactiplantibacillus,plantarum,Facultative anaerobe,,,mixed,carbohydrates,1483
Bacillota,Clostridia,Oscillospirales,Ruminococcaceae,Hominicola,intestinalis,Anaerobic,,,N/A,carbohydrates,1484
Firmicutes,Bacilli,Lactobacillales,Lactobacillaceae,Lactobacillus,acidophilus,Facultative anaerobe,,,mixed,carbohydrates,1485
Bacillota,Clostridia,Lachnospirales,Lachnospiraceae,Hominiventricola,aquisgranensis,Anaerobic,,,N/A,carbohydrates,1486
Firmicutes,Bacilli,Lactobacillales,Lactobacillaceae,Lactobacillus,amylolyticus,Facultative anaerobe,,,mixed,carbohydrates,1487
Firmicutes,Bacilli,Lactobacillales,Lactobacillaceae,Lactobacillus,amylovorus,Anaerobe,,,fermenter,N/A,1488
Ascomycota,Sordariomycetes,Sordariales,Chaetomiaceae,Humicola,fuscoatra,,,,N/A,N/A,1489
Firmicutes,Bacilli,Lactobacillales,Lactobacillaceae,Lactobacillus,animalis,Facultative anaerobe,,,mixed,carbohydrates,1490
Firmicutes,Clostridia,Clostridiales,Hungateiclostridiaceae,Hungateiclostridium,clariflavum,,,,N/A,N/A,1491
Firmicutes,Bacilli,Lactobacillales,Lactobacillaceae,Lactobacillus,antri,Facultative anaerobe,,,mixed,carbohydrates,1492
Firmicutes,Clostridia,Clostridiales,Hungateiclostridiaceae,Hungateiclostridium,thermocellum,,,,N/A,N/A,1493
Firmicutes,Bacilli,Lactobacillales,Lactobacillaceae,Lactobacillus,brevis,Facultative anaerobe,,Chains - Singles,mixed,carbohydrates,1494
Firmicutes,Clostridia,Clostridiales,Clostridiaceae,Hungatella,hathewayi,Obligate anaerobe,,,fermenter,carbohydrates,1495
Firmicutes,Bacilli,Lactobacillales,Lactobacillaceae,Lactobacillus,buchneri,Facultative anaerobe,,,mixed,carbohydrates,1496
Proteobacteria,Alphaproteobacteria,Rhizobiales,Hyphomicrobiaceae,Hyphomicrobium,denitrificans,,,,N/A,N/A,1497
Ascomycota,Saccharomycetes,Saccharomycetales,Debaryomycetaceae,Hyphopichia,burtonii,Aerobe,,Sporulating,fermenter,complex_carbs_fiber,1498
Ascomycota,Saccharomycetes,Saccharomycetales,Debaryomycetaceae,Hyphopichia,heimii,Aerobe,,Sporulating,respirer,organic_unspecified,1499
Ascomycota,Sordariomycetes,Hypocreales,Hypocreaceae,Hypomyces,aurantius,Aerobic,,Sporulating (ascospores); reproduction also by budding,fermenter,complex_carbs_fiber,1500
Firmicutes,Bacilli,Lactobacillales,Lactobacillaceae,Lactobacillus,casei,Facultative anaerobe,,,mixed,N/A,1501
Firmicutes,Bacilli,Lactobacillales,Lactobacillaceae,Lactobacillus,coryniformis,Facultative anaerobe,,,mixed,carbohydrates,1502
Ascomycota,Sordariomycetes,Hypocreales,Hypocreaceae,Hypomyces,chrysospermus,,,,N/A,N/A,1503
Firmicutes,Bacilli,Lactobacillales,Lactobacillaceae,Lactobacillus,crispatus,Facultative anaerobe,,,mixed,carbohydrates,1504
Ascomycota,Sordariomycetes,Xylariales,Hypoxylaceae,Hypoxylon,carneum,,,,N/A,N/A,1505
Firmicutes,Bacilli,Lactobacillales,Lactobacillaceae,Lactobacillus,curvatus,Facultative anaerobe,,,mixed,carbohydrates,1506
Firmicutes,Bacilli,Lactobacillales,Lactobacillaceae,Lactobacillus,delbrueckii,Facultative anaerobe,,,mixed,N/A,1507
Firmicutes,Bacilli,Lactobacillales,Lactobacillaceae,Lactobacillus,fermentum,Facultative anaerobe; microaerophile,,,mixed,carbohydrates,1508
Firmicutes,Bacilli,Lactobacillales,Lactobacillaceae,Lactobacillus,gasseri,Facultative anaerobe,,,mixed,N/A,1509
Firmicutes,Bacilli,Lactobacillales,Lactobacillaceae,Lactobacillus,gastricus,Facultative anaerobe,,,mixed,carbohydrates,1510
Firmicutes,Bacilli,Lactobacillales,Lactobacillaceae,Lactobacillus,helveticus,Facultative anaerobe,,,mixed,carbohydrates,1511
Firmicutes,Bacilli,Lactobacillales,Lactobacillaceae,Lactobacillus,hilgardii,Facultative anaerobe,,,mixed,carbohydrates,1512
Firmicutes,Bacilli,Lactobacillales,Lactobacillaceae,Lactobacillus,jensenii,Facultative anaerobe,,,mixed,carbohydrates,1513
Firmicutes,Bacilli,Lactobacillales,Lactobacillaceae,Lactobacillus,johnsonii,Facultative anaerobe,,,mixed,carbohydrates,1514
Firmicutes,Bacilli,Lactobacillales,Lactobacillaceae,Lactobacillus,murinus,,,,N/A,N/A,1515
Firmicutes,Bacilli,Lactobacillales,Lactobacillaceae,Lactobacillus,oris,Facultative anaerobe,,,mixed,carbohydrates,1516
Firmicutes,Bacilli,Lactobacillales,Lactobacillaceae,Lactobacillus,paracasei,Facultative anaerobe,,,mixed,carbohydrates,1517
Firmicutes,Bacilli,Lactobacillales,Lactobacillaceae,Lactobacillus,pentosus,Facultative anaerobe,,,mixed,carbohydrates,1518
Firmicutes,Bacilli,Lactobacillales,Lactobacillaceae,Lactobacillus,reuteri,Facultative anaerobe,,Chains,mixed,carbohydrates,1519
Firmicutes,Bacilli,Lactobacillales,Lactobacillaceae,Lactobacillus,rhamnosus,Facultative anaerobe,,,mixed,carbohydrates,1520
Firmicutes,Bacilli,Lactobacillales,Lactobacillaceae,Lactobacillus,sakei,Facultative anaerobe,,,mixed,N/A,1521
Firmicutes,Bacilli,Lactobacillales,Lactobacillaceae,Lactobacillus,sanfranciscensis,,,,N/A,N/A,1522
Firmicutes,Bacilli,Lactobacillales,Lactobacillaceae,Lactobacillus,ultunensis,Facultative anaerobe,,,mixed,carbohydrates,1523
Firmicutes,Bacilli,Lactobacillales,Streptococcaceae,Lactococcus,lactis,Facultative anaerobe,,Nonsporulating,mixed,N/A,1524
Firmicutes,Bacilli,Lactobacillales,Streptococcaceae,Lactococcus,raffinolactis,Facultative anaerobe,,,mixed,carbohydrates,1525
Bacillota,Clostridia,Lachnospirales,Lachnospiraceae,Laedolimicola,intestinihominis,Anaerobic,,,N/A,carbohydrates,1526
Actinobacteria,Coriobacteriia,Coriobacteriales,Atopobiaceae,Lancefieldella,parvula,Anaerobe,,,fermenter,N/A,1527
Actinobacteria,Coriobacteriia,Coriobacteriales,Atopobiaceae,Lancefieldella,rimae,Anaerobe,,,fermenter,carbohydrates,1528
Proteobacteria,Betaproteobacteria,Neisseriales,Neisseriaceae,Laribacter,hongkongensis,Anaerobe,,Nonsporulating,fermenter,N/A,1529
Proteobacteria,Betaproteobacteria,Burkholderiales,Burkholderiaceae,Lautropia,mirabilis,Facultative anaerobe,,,mixed,carbohydrates,1530
Proteobacteria,Gammaproteobacteria,Legionellales,Legionellaceae,Legionella,pneumophila,Aerobic,,Singles,N/A,organic_unspecified,1531
Actinobacteria,Actinobacteria,Pseudonocardiales,Pseudonocardiaceae,Lentzea,aerocolonigenes,,,,N/A,N/A,1532
Ascomycota,Dothideomycetes,Pleosporales,Leptosphaeriaceae,Leptosphaeria,biglobosa,Aerobic,,Sporulating (ascospores); reproduction also by budding,fermenter,complex_carbs_fiber,1533
Ascomycota,Dothideomycetes,Pleosporales,Leptosphaeriaceae,Leptosphaeria,maculans,Aerobic,,Sporulating (ascospores); reproduction also by budding,fermenter,complex_carbs_fiber,1534
Spirochaetes,Spirochaetia,Leptospirales,Leptospiraceae,Leptospira,interrogans,Aerobe,,,respirer,N/A,1535
Spirochaetes,Spirochaetia,Leptospirales,Leptospiraceae,Leptospira,noguchii,,,,N/A,N/A,1536
Spirochaetes,Spirochaetia,Leptospirales,Leptospiraceae,Leptospira,weilii,,,,N/A,N/A,1537
Fusobacteria,Fusobacteriia,Fusobacteriales,Leptotrichiaceae,Leptotrichia,buccalis,Anaerobe,,Chains - Filaments,fermenter,N/A,1538
Fusobacteria,Fusobacteriia,Fusobacteriales,Leptotrichiaceae,Leptotrichia,hofstadii,,,,N/A,N/A,1539
Fusobacteria,Fusobacteriia,Fusobacteriales,Leptotrichiaceae,Leptotrichia,shahii,,,,N/A,N/A,1540
Fusobacteria,Fusobacteriia,Fusobacteriales,Leptotrichiaceae,Leptotrichia,wadei,,,,N/A,N/A,1541
Basidiomycota,Agaricomycetes,Boletales,,Leucogyrophana,mollusca,Aerobe,,Sporulating (basidiospores)/reproduction by budding,fermenter,complex_carbs_fiber,1542
Firmicutes,Bacilli,Lactobacillales,Leuconostocaceae,Leuconostoc,cibaria,Facultative anaerobe,,,mixed,N/A,1543
Firmicutes,Bacilli,Lactobacillales,Leuconostocaceae,Leuconostoc,citreum,Facultative anaerobe,,Singles,mixed,N/A,1544
Firmicutes,Bacilli,Lactobacillales,Leuconostocaceae,Leuconostoc,confusa,Facultative anaerobe,,,mixed,N/A,1545
Firmicutes,Bacilli,Lactobacillales,Leuconostocaceae,Leuconostoc,gelidum,Facultative anaerobe,,,mixed,carbohydrates,1546
Firmicutes,Bacilli,Lactobacillales,Leuconostocaceae,Leuconostoc,kimchii,Facultative,,,mixed,N/A,1547
Firmicutes,Bacilli,Lactobacillales,Leuconostocaceae,Leuconostoc,lactis,Facultative anaerobe,,,mixed,carbohydrates,1548
Firmicutes,Bacilli,Lactobacillales,Leuconostocaceae,Leuconostoc,mesenteroides,Facultative anaerobe,,,mixed,carbohydrates,1549
Mucoromycota,Mucoromycetes,Mucorales,Lichtheimiaceae,Lichtheimia,ramosa,Aerobic,,Sporulating,fermenter,complex_carbs_fiber,1550
Firmicutes,Bacilli,Lactobacillales,Lactobacillaceae,Ligilactobacillus,salivarius,Facultative anaerobe,,Nonsporulating,mixed,N/A,1551
Firmicutes,Bacilli,Lactobacillales,Lactobacillaceae,Limosilactobacillus,fermentum,Facultative anaerobe,,,mixed,carbohydrates,1552
Firmicutes,Bacilli,Lactobacillales,Lactobacillaceae,Limosilactobacillus,reuteri,Facultative anaerobe,,Chains,mixed,carbohydrates,1553
Firmicutes,Bacilli,Bacillales,Listeriaceae,Listeria,grayi,Facultative anaerobe,,,mixed,carbohydrates,1554
Firmicutes,Bacilli,Bacillales,Listeriaceae,Listeria,innocua,Facultative anaerobe,,Chains - Singles,mixed,organic_unspecified,1555
Firmicutes,Bacilli,Bacillales,Listeriaceae,Listeria,ivanovii,,,,N/A,N/A,1556
Firmicutes,Bacilli,Bacillales,Listeriaceae,Listeria,monocytogenes,Facultative anaerobe,,Chains - Singles,mixed,carbohydrates,1557
Ascomycota,Saccharomycetes,Saccharomycetales,Debaryomycetaceae,Lodderomyces,elongisporus,Aerobe,,Sporulating (ascospores),fermenter,complex_carbs_fiber,1558
Peploviricota,Herviviricetes,Herpesvirales,Herpesviridae,Lymphocryptovirus,gammaherpesvirus 4,,,,N/A,N/A,1559
Firmicutes,Bacilli,Bacillales,Bacillaceae,Lysinibacillus,fusiformis,,,,N/A,N/A,1560
Firmicutes,Bacilli,Bacillales,Bacillaceae,Lysinibacillus,sphaericus,Aerobe,,Sporulating,respirer,N/A,1561
Basidiomycota,Ustilaginomycetes,Ustilaginales,Ustilaginaceae,Macalpinomyces,mackinlayi,Aerobic,,Sporulating (basidiospores); reproduction also by budding,N/A,organic_unspecified,1562
Bacillota,Clostridia,Lachnospirales,Lachnospiraceae,Maccoya,intestinihominis,Anaerobic,,,N/A,carbohydrates,1563
Basidiomycota,Malasseziomycetes,Malasseziales,Malasseziaceae,Malassezia,furfur,Aerobe,,Sporulating (basidiospores)/reproduction by budding,respirer,organic_unspecified,1564
Basidiomycota,Malasseziomycetes,Malasseziales,Malasseziaceae,Malassezia,globosa,Aerobe,,No; Reproduction by unipolar budding,respirer,lipids,1565
Basidiomycota,Malasseziomycetes,Malasseziales,Malasseziaceae,Malassezia,pachydermatis,Aerobe/facultative anaerobe,,no; Reproduction by unipolar budding,mixed,lipids,1566
Basidiomycota,Malasseziomycetes,Malasseziales,Malasseziaceae,Malassezia,restricta,Aerobe,,No; Reproduction by unipolar budding,respirer,lipids,1567
Basidiomycota,Malasseziomycetes,Malasseziales,Malasseziaceae,Malassezia,slooffiae,Aerobe,,No; Reproduction by unipolar budding,respirer,lipids,1568
Basidiomycota,Malasseziomycetes,Malasseziales,Malasseziaceae,Malassezia,sympodialis,Aerobe,,No; Reproduction by unipolar budding,respirer,lipids,1569
Firmicutes,Bacilli,Bacillales,Staphylococcaceae,Mammaliicoccus,sciuri,,,,N/A,N/A,1570
Firmicutes,Bacilli,Bacillales,Staphylococcaceae,Mammaliicoccus,vitulinus,,,,N/A,N/A,1571
Actinobacteria,Actinobacteria,Propionibacteriales,Nocardioidaceae,Marmoricola,scoriae,,,,N/A,N/A,1572
Firmicutes,Clostridia,Clostridiales,Lachnospiraceae,Mediterraneibacter,lactaris,,,,N/A,N/A,1573
Firmicutes,Clostridia,Clostridiales,Lachnospiraceae,Mediterraneibacter,torques,Anaerobe,,,fermenter,carbohydrates,1574
Firmicutes,Negativicutes,Selenomonadales,Selenomonadaceae,Megamonas,funiformis,Anaerobe,,,fermenter,carbohydrates,1575
Firmicutes,Negativicutes,Selenomonadales,Veillonellaceae,Megasphaera,elsdenii,Anaerobe,,,fermenter,carbohydrates,1576
Bacillota,Negativicutes,Veillonellales,Veillonellaceae,Megasphaera,intestinihominis,Anaerobic,,,N/A,carbohydrates,1577
Firmicutes,Negativicutes,Veillonellales,Veillonellaceae,Megasphaera,micronuciformis,,,,N/A,N/A,1578
Basidiomycota,Ustilaginomycetes,Ustilaginales,Ustilaginaceae,Melanopsichium,pennsylvanicum,Aerobic,,Sporulating (basidiospores); reproduction also by budding,fermenter,complex_carbs_fiber,1579
Ignavibacteriae,Ignavibacteria,Ignavibacteriales,Melioribacteraceae,Melioribacter,roseus,,,,N/A,N/A,1580
Ascomycota,Sordariomycetes,Hypocreales,Stachybotryaceae,Memnoniella,echinata,,,,N/A,N/A,1581
Proteobacteria,Alphaproteobacteria,Rhizobiales,Phyllobacteriaceae,Mesorhizobium,ciceri,,,,N/A,N/A,1582
Proteobacteria,Alphaproteobacteria,Rhizobiales,Phyllobacteriaceae,Mesorhizobium,japonicum,Aerobe,,,respirer,N/A,1583
Proteobacteria,Alphaproteobacteria,Rhizobiales,Phyllobacteriaceae,Mesorhizobium,loti,Aerobe,,,respirer,N/A,1584
Proteobacteria,Alphaproteobacteria,Rhizobiales,Phyllobacteriaceae,Mesorhizobium,opportunistum,,,,N/A,N/A,1585
Crenarchaeota,Thermoprotei,Sulfolobales,Sulfolobaceae,Metallosphaera,sedula,Aerobe,,Singles,respirer,N/A,1586
Ascomycota,Sordariomycetes,Hypocreales,Clavicipitaceae,Metarhizium,anisopliae,,,,N/A,N/A,1587
Ascomycota,Sordariomycetes,Hypocreales,Clavicipitaceae,Metarhizium,majus,Aerobe,,Sporulating,fermenter,complex_carbs_fiber,1588
Euryarchaeota,Methanobacteria,Methanobacteriales,Methanobacteriaceae,Methanobrevibacter,ruminantium,Anaerobe,,,fermenter,inorganic,1589
Euryarchaeota,Methanobacteria,Methanobacteriales,Methanobacteriaceae,Methanobrevibacter,smithii,Anaerobe,,,fermenter,inorganic,1590
Euryarchaeota,Methanococci,Methanococcales,Methanocaldococcaceae,Methanocaldococcus,fervens,Anaerobe,,Nonsporulating,fermenter,inorganic,1591
Euryarchaeota,Methanococci,Methanococcales,Methanocaldococcaceae,Methanocaldococcus,infernus,Anaerobic,,Nonsporulating,respirer,inorganic,1592
Euryarchaeota,Methanococci,Methanococcales,Methanocaldococcaceae,Methanocaldococcus,jannaschii,Anaerobe,,Nonsporulating,fermenter,inorganic,1593
Euryarchaeota,Methanococci,Methanococcales,Methanocaldococcaceae,Methanocaldococcus,vulcanius,Anaerobic,,Nonsporulating,respirer,inorganic,1594
Euryarchaeota,Methanomicrobia,Methanosarcinales,Methanosarcinaceae,Methanococcoides,burtonii,Anaerobe,,Nonsporulating,fermenter,inorganic,1595
Euryarchaeota,Methanococci,Methanococcales,Methanococcaceae,Methanococcus,aeolicus,Anaerobe,,Singles,fermenter,inorganic,1596
Euryarchaeota,Methanococci,Methanococcales,Methanococcaceae,Methanococcus,maripaludis,Anaerobe,,Singles,fermenter,inorganic,1597
Euryarchaeota,Methanococci,Methanococcales,Methanococcaceae,Methanococcus,vannielii,Anaerobe,,Singles,fermenter,inorganic,1598
Euryarchaeota,Methanococci,Methanococcales,Methanococcaceae,Methanococcus,voltae,Anaerobe,,Pairs - Singles,fermenter,inorganic,1599
Euryarchaeota,Methanomicrobia,Methanomicrobiales,Methanocorpusculaceae,Methanocorpusculum,labreanum,Anaerobe,,Nonsporulating,fermenter,inorganic,1600
Euryarchaeota,Methanomicrobia,Methanomicrobiales,Methanomicrobiaceae,Methanoculleus,marisnigri,Anaerobe,,Nonsporulating,fermenter,inorganic,1601
Euryarchaeota,Methanomicrobia,Methanosarcinales,Methanosarcinaceae,Methanohalobium,evestigatum,Anaerobe,,,fermenter,inorganic,1602
Euryarchaeota,Methanomicrobia,Methanosarcinales,Methanosarcinaceae,Methanohalophilus,mahii,Anaerobe,,,fermenter,c1_compounds,1603
Euryarchaeota,Thermoplasmata,Methanomassiliicoccales,Methanomassiliicoccaceae,Methanomassiliicoccus,luminyensis,Anaerobe,,,fermenter,c1_compounds,1604
Euryarchaeota,Thermoplasmata,Methanomassiliicoccales,Methanomassiliicoccaceae,Methanomassiliicoccus,methanomassiliicoccus intestinalis,,,,N/A,N/A,1605
Euryarchaeota,Methanopyri,Methanopyrales,Methanopyraceae,Methanopyrus,kandleri,Anaerobe,,Nonsporulating,fermenter,inorganic,1606
Euryarchaeota,Methanomicrobia,Methanosarcinales,Methanosarcinaceae,Methanosarcina,acetivorans,Anaerobe,,Nonsporulating,fermenter,inorganic,1607
Euryarchaeota,Methanomicrobia,Methanosarcinales,Methanosarcinaceae,Methanosarcina,barkeri,Anaerobe,,Singles,fermenter,complex_carbs_fiber,1608
Euryarchaeota,Methanomicrobia,Methanosarcinales,Methanosarcinaceae,Methanosarcina,mazei,Anaerobe,,Nonsporulating,fermenter,inorganic,1609
Euryarchaeota,Methanobacteria,Methanobacteriales,Methanobacteriaceae,Methanosphaera,stadtmanae,Anaerobe,,,fermenter,c1_compounds,1610
Euryarchaeota,Methanomicrobia,Methanomicrobiales,Methanoregulaceae,Methanosphaerula,palustris,Anaerobe,,,fermenter,N/A,1611
Ignavibacteriae,Ignavibacteria,Ignavibacteriales,Ignavibacteriaceae,Ignavibacterium,album,,,,N/A,N/A,1612
Crenarchaeota,Thermoprotei,Desulfurococcales,Desulfurococcaceae,Ignicoccus,hospitalis,Anaerobe,,Pairs - Singles,fermenter,inorganic,1613
Fusobacteria,Fusobacteriia,Fusobacteriales,Fusobacteriaceae,Ilyobacter,polytropus,Anaerobic,,Nonsporulating,N/A,organic_unspecified,1614
Firmicutes,Clostridia,Clostridiales,Peptostreptococcaceae,Intestinibacter,bartlettii,Obligate anaerobe,,,fermenter,carbohydrates,1615
Firmicutes,Clostridia,Clostridiales,Lachnospiraceae,Johnsonella,ignava,,,,N/A,N/A,1616
Actinobacteria,Actinobacteria,Micrococcales,Jonesiaceae,Jonesia,denitrificans,Facultative,,Nonsporulating,mixed,organic_unspecified,1617
Firmicutes,Tissierellia,unclassified Tissierellia,unclassified Tissierellia,Kallipyga,massiliensis,Anaerobe,,,fermenter,carbohydrates,1618
Basidiomycota,Ustilaginomycetes,Ustilaginales,Ustilaginaceae,Kalmanozyma,brasiliensis,Aerobic,,Sporulating (basidiospores); reproduction also by budding,N/A,organic_unspecified,1619
Firmicutes,Erysipelotrichia,Erysipelotrichales,Erysipelotrichaceae,Kandleria,vitulina,Anaerobe,,,fermenter,carbohydrates,1620
Ascomycota,Saccharomycetes,Saccharomycetales,Saccharomycetaceae,Kazachstania,africana,Aerobe,,Sporulating (ascospores)/reproduction by budding,fermenter,complex_carbs_fiber,1621
Ascomycota,Saccharomycetes,Saccharomycetales,Saccharomycetaceae,Kazachstania,telluris,Aerobe,,Sporulating (ascospores)/reproduction by budding,fermenter,organic_unspecified,1622
Ascomycota,Saccharomycetes,Saccharomycetales,Saccharomycetaceae,Kazachstania,turicensis,Aerobe,,Sporulating (ascospores)/reproduction by budding,fermenter,organic_unspecified,1623
Proteobacteria,Alphaproteobacteria,Rhodobacterales,Rhodobacteraceae,Ketogulonicigenium,vulgare,,,,N/A,N/A,1624
Proteobacteria,Betaproteobacteria,Neisseriales,Neisseriaceae,Kingella,denitrificans,,,,N/A,N/A,1625
Proteobacteria,Betaproteobacteria,Neisseriales,Neisseriaceae,Kingella,kingae,,,,N/A,N/A,1626
Proteobacteria,Betaproteobacteria,Neisseriales,Neisseriaceae,Kingella,oralis,Facultative anaerobe,,,mixed,carbohydrates,1627
Actinobacteria,Actinobacteria,Streptomycetales,Streptomycetaceae,Kitasatospora,aureofaciens,,,,N/A,N/A,1628
Actinobacteria,Actinobacteria,Streptomycetales,Streptomycetaceae,Kitasatospora,griseola,,,,N/A,N/A,1629
Actinobacteria,Actinobacteria,Streptomycetales,Streptomycetaceae,Kitasatospora,setae,,,,N/A,N/A,1630
Actinobacteria,Actinobacteria,Streptomycetales,Streptomycetaceae,Kitasatospora,,,,,N/A,N/A,1631
Proteobacteria,Gammaproteobacteria,Enterobacterales,Enterobacteriaceae,Klebsiella,aerogenes,Facultative anaerobe,,,mixed,N/A,1632
Proteobacteria,Gammaproteobacteria,Enterobacteriales,Enterobacteriaceae,Klebsiella,michiganensis,Facultative anaerobe,,,mixed,N/A,1633
Proteobacteria,Gammaproteobacteria,Enterobacterales,Enterobacteriaceae,Klebsiella,pneumoniae,Facultative anaerobe,,,mixed,carbohydrates,1634
Proteobacteria,Gammaproteobacteria,Enterobacteriales,Enterobacteriaceae,Klebsiella,variicola,,,,N/A,N/A,1635
Proteobacteria,Gammaproteobacteria,Enterobacterales,Enterobacteriaceae,Kluyvera,ascorbata,Facultative anaerobe,,,mixed,N/A,1636
Ascomycota,Saccharomycetes,Saccharomycetales,Saccharomycetaceae,Kluyveromyces,lactis,Aerobe/facultative anaerobe,,Sporulating (ascospores)/reproduction by budding,mixed,organic_unspecified,1637
Ascomycota,Saccharomycetes,Saccharomycetales,Saccharomycetaceae,Kluyveromyces,marxianus,Aerobe/facultative anaerobe,,Sporulating (ascospores)/reproduction by budding,mixed,organic_unspecified,1638
Actinobacteria,Actinobacteria,Micrococcales,Micrococcaceae,Kocuria,palustris,Aerobe,,,mixed,carbohydrates,1639
Actinobacteria,Actinobacteria,Actinomycetales,Micrococcaceae,Kocuria,rhizophila,Aerobe,,,respirer,N/A,1640
Actinobacteria,Actinobacteria,Micrococcales,Micrococcaceae,Kocuria,rosea,,,,N/A,N/A,1641
Ascomycota,Saccharomycetes,Saccharomycetales,Phaffomycetaceae,Komagataella,pastoris,Aerobe/facultative anaerobe,,Sporulating (ascospores),mixed,c1_compounds,1642
Ascomycota,Saccharomycetes,Saccharomycetales,Phaffomycetaceae,Komagataella,phaffii,Aerobe/facultative anaerobe,,Sporulating (ascospores),mixed,organic_unspecified,1643
Firmicutes,Bacilli,Bacillales,Planococcaceae,Kurthia,massiliensis,Aerobe,,,mixed,carbohydrates,1644
Actinobacteria,Actinobacteria,Pseudonocardiales,Pseudonocardiaceae,Kutzneria,,,,,N/A,N/A,1645
Basidiomycota,Tremellomycetes,Tremellales,Cryptococcaceae,Kwoniella,pini,Aerobe,,Sporulating (basidiospores)/reproduction by budding,respirer,carbohydrates,1646
Actinobacteria,Actinobacteria,Actinomycetales,Dermacoccaceae,Kytococcus,sedentarius,Aerobe,,Tetrads,respirer,N/A,1647
Ascomycota,Saccharomycetes,Saccharomycetales,Saccharomycetaceae,Lachancea,thermotolerans,Aerobe/facultative anaerobe,,Sporulating (ascospores)/reproduction by budding,mixed,organic_unspecified,1648
Firmicutes,Clostridia,Clostridiales,Lachnospiraceae,Lachnoanaerobaculum,saburreum,,,,N/A,N/A,1649
Tenericutes,Mollicutes,Mycoplasmatales,Mycoplasmataceae,Mycoplasma,pulmonis,Facultative anaerobe,,Singles,mixed,N/A,1650
Tenericutes,Mollicutes,Mycoplasmatales,Mycoplasmataceae,Mycoplasma,synoviae,Facultative,,Singles,mixed,N/A,1651
Bacteroidetes,Flavobacteriia,Flavobacteriales,Flavobacteriaceae,Myroides,odoratus,,,,N/A,N/A,1652
Firmicutes,Bacilli,Bacillales,Listeriaceae,Brochotrix,thermosphacta,Facultative anaerobe,,,mixed,carbohydrates,1653
Basidiomycota,Tremellomycetes,Filobasidiales,Filobasidiaceae,Naganishia,diffluens,Aerobe,,Sporulating (basidiospores)/reproduction by budding,respirer,organic_unspecified,1654
Proteobacteria,Alphaproteobacteria,Rhizobiales,Brucellaceae,Brucella,abortus,Facultative aerobe,,Nonsporulating,mixed,N/A,1655
Ascomycota,Saccharomycetes,Saccharomycetales,Saccharomycetaceae,Nakaseomyces,glabrata,Aerobe/facultative anaerobe,,Sporulating (ascospores)/reproduction by budding,mixed,organic_unspecified,1656
Proteobacteria,Alphaproteobacteria,Rhizobiales,Brucellaceae,Brucella,canis,Aerobe,,Nonsporulating,respirer,N/A,1657
Ascomycota,Saccharomycetes,Saccharomycetales,Saccharomycetaceae,Naumovozyma,castellii,Aerobe,,Sporulating (ascospores)/reproduction by budding,fermenter,organic_unspecified,1658
Proteobacteria,Alphaproteobacteria,Rhizobiales,Brucellaceae,Brucella,intermedia,,,,N/A,N/A,1659
Ascomycota,Saccharomycetes,Saccharomycetales,Saccharomycetaceae,Naumovozyma,dairenensis,Aerobic,,Sporulating (ascospores); reproduction also by budding,fermenter,complex_carbs_fiber,1660
Proteobacteria,Alphaproteobacteria,Rhizobiales,Brucellaceae,Brucella,melitensis,Facultative aerobe,,Chains - Pairs - Singles,mixed,N/A,1661
Proteobacteria,Betaproteobacteria,Neisseriales,Neisseriaceae,Neisseria,elongata,Aerobe,,,mixed,N/A,1662
Proteobacteria,Alphaproteobacteria,Rhizobiales,Brucellaceae,Brucella,suis,Aerobe,,Pairs - Chains - Singles,respirer,N/A,1663
Proteobacteria,Betaproteobacteria,Neisseriales,Neisseriaceae,Neisseria,flavescens,Aerobe,,,mixed,carbohydrates,1664
Nematoda,Chromadorea,Rhabditida,Onchocercidae,Brugia,pahangi,,,,N/A,N/A,1665
Proteobacteria,Betaproteobacteria,Neisseriales,Neisseriaceae,Neisseria,gonorrhoeae,Aerobe,,Singles - Pairs,respirer,N/A,1666
Proteobacteria,Gammaproteobacteria,Enterobacterales,Erwiniaceae,Buchnera,aphidicola,,,,N/A,N/A,1667
Proteobacteria,Betaproteobacteria,Neisseriales,Neisseriaceae,Neisseria,lactamica,,,,N/A,N/A,1668
Firmicutes,Erysipelotrichia,Erysipelotrichales,Erysipelotrichaceae,Bulleidia,extructa,Obligate anaerobe,,,fermenter,carbohydrates,1669
Proteobacteria,Betaproteobacteria,Neisseriales,Neisseriaceae,Neisseria,macacae,Facultative anaerobe,,,mixed,carbohydrates,1670
Proteobacteria,Betaproteobacteria,Burkholderiales,Burkholderiaceae,Burkholderia,ambifaria,Facultative aerobe,,Nonsporulating,mixed,N/A,1671
Proteobacteria,Betaproteobacteria,Neisseriales,Neisseriaceae,Neisseria,meningitidis,Aerobe,,Pairs,respirer,N/A,1672
Proteobacteria,Betaproteobacteria,Burkholderiales,Burkholderiaceae,Burkholderia,cenocepacia,Facultative aerobe,,Nonsporulating,mixed,N/A,1673
Proteobacteria,Betaproteobacteria,Burkholderiales,Burkholderiaceae,Burkholderia,cepacia,Microaerophile,,,mixed,carbohydrates,1674
Proteobacteria,Betaproteobacteria,Neisseriales,Neisseriaceae,Neisseria,mucosa,Facultative anaerobe,,,mixed,carbohydrates,1675
Proteobacteria,Betaproteobacteria,Burkholderiales,Burkholderiaceae,Burkholderia,contaminans,,,,N/A,N/A,1676
Proteobacteria,Betaproteobacteria,Neisseriales,Neisseriaceae,Neisseria,polysaccharea,,,,N/A,N/A,1677
Proteobacteria,Betaproteobacteria,Burkholderiales,Burkholderiaceae,Burkholderia,gladioli,,,,N/A,N/A,1678
Proteobacteria,Betaproteobacteria,Neisseriales,Neisseriaceae,Neisseria,sicca,,,,N/A,N/A,1679
Proteobacteria,Betaproteobacteria,Burkholderiales,Burkholderiaceae,Burkholderia,glumae,,,,N/A,N/A,1680
Ascomycota,Dothideomycetes,Botryosphaeriales,Botryosphaeriaceae,Neofusicoccum,parvum,Aerobe,,Sporulating,fermenter,complex_carbs_fiber,1681
Proteobacteria,Betaproteobacteria,Burkholderiales,Burkholderiaceae,Burkholderia,multivorans,Aerobe,,Nonsporulating,respirer,N/A,1682
Ascomycota,Sordariomycetes,Sordariales,Sordariaceae,Neurospora,crassa,Aerobic,,Sporulating (ascospores); reproduction also by budding,fermenter,organic_unspecified,1683
Proteobacteria,Betaproteobacteria,Burkholderiales,Burkholderiaceae,Burkholderia,vietnamiensis,Facultative aerobe,,,mixed,N/A,1684
Ascomycota,Sordariomycetes,Sordariales,Sordariaceae,Neurospora,tetrasperma,Aerobic,,Sporulating (ascospores); reproduction also by budding,fermenter,complex_carbs_fiber,1685
Bacteroidetes,Bacteroidia,Bacteroidales,Odoribacteraceae,Butyricimonas,synergistica,Anaerobe,,,fermenter,carbohydrates,1686
Proteobacteria,Gammaproteobacteria,Nevskiales,Sinobacteraceae,Nevskia,ramosa,Anaerobe,,,fermenter,N/A,1687
Bacteroidetes,Bacteroidia,Bacteroidales,Odoribacteraceae,Butyricimonas,virosa,Anaerobe,,,fermenter,carbohydrates,1688
Bacillota,Bacilli,Bacillales,Bacillaceae,Nialla,hominis,Anaerobic,,,N/A,carbohydrates,1689
Firmicutes,Clostridia,Clostridiales,Lachnospiraceae,Butyrivibrio,crossotus,Anaerobe,,,fermenter,carbohydrates,1690
Ascomycota,Sordariomycetes,Hypocreales,Bionectriaceae,Nigrosabulum,globosum,,,,N/A,N/A,1691
Firmicutes,Clostridia,Clostridiales,Lachnospiraceae,Butyrivibrio,fibrisolvens,Anaerobe,,,fermenter,carbohydrates,1692
Firmicutes,Clostridia,Clostridiales,Lachnospiraceae,Butyrivibrio,proteoclasticus,,,,N/A,N/A,1693
Ascomycota,Sordariomycetes,Trichosphaeriales,Trichosphaeriaceae,Nigrospora,oryzae,Aerobe,,Sporulating,fermenter,complex_carbs_fiber,1694
Firmicutes,Clostridia,Thermoanaerobacterales,Thermoanaerobacterales Family III. Incertae Sedis,Caldicellulosiruptor,bescii,Anaerobe,,,fermenter,complex_carbs_fiber,1695
Ascomycota,Sordariomycetes,Trichosphaeriales,Trichosphaeriaceae,Nigrospora,sphaerica,,,,N/A,N/A,1696
Proteobacteria,Epsilonproteobacteria,Nautiliales,Nautiliaceae,Caminibacter,mediatlanticus,,,,N/A,N/A,1697
Proteobacteria,Alphaproteobacteria,Rhizobiales,Bradyrhizobiaceae,Nitrobacter,hamburgensis,,,,N/A,N/A,1698
Proteobacteria,Epsilonproteobacteria,Campylobacterales,Campylobacteraceae,Campylobacter,coli,Microaerophile,,,mixed,carbohydrates,1699
Proteobacteria,Alphaproteobacteria,Rhizobiales,Bradyrhizobiaceae,Nitrobacter,winogradskyi,Aerobe; anaerobe,,,fermenter,inorganic,1700
Proteobacteria,Epsilonproteobacteria,Campylobacterales,Campylobacteraceae,Campylobacter,concisus,Microaerophilic,,Chains - Singles,N/A,N/A,1701
Proteobacteria,Gammaproteobacteria,Chromatiales,Ectothiorhodospiraceae,Nitrococcus,mobilis,,,,N/A,N/A,1702
Proteobacteria,Epsilonproteobacteria,Campylobacterales,Campylobacteraceae,Campylobacter,curvus,Microaerophilic,,Chains - Singles,N/A,N/A,1703
Proteobacteria,Gammaproteobacteria,Chromatiales,Chromatiaceae,Nitrosococcus,halophilus,,,,N/A,N/A,1704
Proteobacteria,Epsilonproteobacteria,Campylobacterales,Campylobacteraceae,Campylobacter,fetus,Microaerophilic,,Chains - Singles,mixed,carbohydrates,1705
Proteobacteria,Gammaproteobacteria,Chromatiales,Chromatiaceae,Nitrosococcus,oceani,Aerobe,,,respirer,inorganic,1706
Proteobacteria,Epsilonproteobacteria,Campylobacterales,Campylobacteraceae,Campylobacter,gracilis,Aerobe,,,respirer,N/A,1707
Proteobacteria,Betaproteobacteria,Nitrosomonadales,Nitrosomonadaceae,Nitrosomonas,europaea,Aerobe,,,respirer,N/A,1708
Proteobacteria,Epsilonproteobacteria,Campylobacterales,Campylobacteraceae,Campylobacter,hominis,Anaerobe,,Chains - Singles,fermenter,N/A,1709
Proteobacteria,Betaproteobacteria,Nitrosomonadales,Nitrosomonadaceae,Nitrosomonas,eutropha,Aerobe,,,respirer,inorganic,1710
Proteobacteria,Epsilonproteobacteria,Campylobacterales,Campylobacteraceae,Campylobacter,hyointestinalis,Microaerophile,,,mixed,carbohydrates,1711
Thaumarchaeota,Nitrososphaeria,Nitrososphaerales,Nitrososphaeraceae,Nitrososphaera,nitrososphaera gargensis,Aerobe,,,respirer,N/A,1712
Proteobacteria,Epsilonproteobacteria,Campylobacterales,Campylobacteraceae,Campylobacter,jejuni,Microaerophile,,Chains - Singles,mixed,carbohydrates,1713
Proteobacteria,Betaproteobacteria,Nitrosomonadales,Nitrosomonadaceae,Nitrosospira,multiformis,Aerobe,,,respirer,inorganic,1714
Proteobacteria,Epsilonproteobacteria,Campylobacterales,Campylobacteraceae,Campylobacter,lari,Microaerophilic,,Chains - Singles,N/A,N/A,1715
Actinobacteria,Actinobacteria,Corynebacteriales,Nocardiaceae,Nocardia,asteroides,,,,N/A,N/A,1716
Proteobacteria,Epsilonproteobacteria,Campylobacterales,Campylobacteraceae,Campylobacter,rectus,Microaerophile,,,mixed,carbohydrates,1717
Actinobacteria,Actinobacteria,Corynebacteriales,Nocardiaceae,Nocardia,brasiliensis,,,,N/A,N/A,1718
Proteobacteria,Epsilonproteobacteria,Campylobacterales,Campylobacteraceae,Campylobacter,showae,Aerobe,,,respirer,N/A,1719
Actinobacteria,Actinobacteria,Streptosporangiales,Nocardiopsaceae,Nocardiopsis,,,,,N/A,N/A,1720
Actinobacteria,Actinobacteria,Streptosporangiales,Streptosporangiaceae,Nonomuraea,rubra,,,,N/A,N/A,1721
Actinobacteria,Actinobacteria,Streptosporangiales,Streptosporangiaceae,Nonomuraea,,,,,N/A,N/A,1722
Basidiomycota,Agaricomycetes,Polyporales,Gelatoporiaceae,Obba,rivulosa,Aerobe,,Sporulating (basidiospores)/reproduction by budding,fermenter,complex_carbs_fiber,1723
Proteobacteria,Epsilonproteobacteria,Campylobacterales,Campylobacteraceae,Campylobacter,sputorum,,,,N/A,N/A,1724
Proteobacteria,Epsilonproteobacteria,Campylobacterales,Campylobacteraceae,Campylobacter,upsaliensis,Microaerophile,,,mixed,carbohydrates,1725
Firmicutes,Bacilli,Bacillales,Bacillaceae,Oceanobacillus,picturae,,,,N/A,N/A,1726
Ascomycota,Saccharomycetes,Saccharomycetales,Debaryomycetaceae,Candida,albicans,Facultative anaerobe,,Sporulating (ascospores)/reproduction by budding,mixed,organic_unspecified,1727
Ascomycota,Saccharomycetes,Saccharomycetales,Debaryomycetaceae,Candida,dubliniensis,Aerobe,,Sporulating (chlamydospores)/reproduction by budding,fermenter,organic_unspecified,1728
Firmicutes,Bacilli,Bacillales,Bacillaceae,Oceanobacillus,sp. s1,Aerobe,,,mixed,N/A,1729
Ascomycota,Saccharomycetes,Saccharomycetales,Debaryomycetaceae,Candida,maltosa,Aerobe/facultative anaerobe,,Sporulating,mixed,complex_carbs_fiber,1730
Proteobacteria,Alphaproteobacteria,Rhizobiales,Brucellaceae,Ochrobactrum,anthropi,Aerobe,,,fermenter,N/A,1731
Ascomycota,Saccharomycetes,Saccharomycetales,Debaryomycetaceae,Candida,orthopsilosis,Aerobe,,Sporulating,fermenter,organic_unspecified,1732
Proteobacteria,Alphaproteobacteria,Rhizobiales,Brucellaceae,Ochrobactrum,intermedium,Microaerophilic,,,mixed,carbohydrates,1733
Ascomycota,Saccharomycetes,Saccharomycetales,Debaryomycetaceae,Candida,parapsilosis,Aerobe/facultative anaerobe,,Sporulating,mixed,organic_unspecified,1734
Bacteroidetes,Bacteroidia,Bacteroidales,Odoribacteraceae,Odoribacter,laneus,Anaerobe,,,fermenter,carbohydrates,1735
Bacteroidetes,Bacteroidia,Bacteroidales,Porphyromonadaceae,Odoribacter,splanchnicus,Anaerobe,,Nonsporulating,fermenter,organic_unspecified,1736
Ascomycota,Saccharomycetes,Saccharomycetales,,Candida,solani,Aerobe,,Sporulating (ascospores)/reproduction by budding,fermenter,carbohydrates,1737
Firmicutes,Bacilli,Lactobacillales,Leuconostocaceae,Oenococcus,oeni,Facultative anaerobe,,Nonsporulating,mixed,N/A,1738
Ascomycota,Saccharomycetes,Saccharomycetales,Debaryomycetaceae,Candida,tropicalis,Aerobe,,Sporulating (ascospores)/reproduction by budding,fermenter,organic_unspecified,1739
Ascomycota,Saccharomycetes,Saccharomycetales,Debaryomycetaceae,Candida,viswanathii,Aerobe,,Sporulating,respirer,organic_unspecified,1740
Actinobacteria,Actinobacteria,Micrococcales,Cellulomonadaceae,Oerskovia,,,,,N/A,N/A,1741
Firmicutes,Erysipelotrichia,Erysipelotrichales,Erysipelotrichaceae,Candidatus Stoquefichus,massiliensis,,,,N/A,N/A,1742
Actinobacteria,Coriobacteriia,Coriobacteriales,Atopobiaceae,Olsenella,profusa,Anaerobe,,,fermenter,carbohydrates,1743
Bacteroidetes,Flavobacteriia,Flavobacteriales,Flavobacteriaceae,Capnocytophaga,canimorsus,,,,N/A,N/A,1744
Actinobacteria,Actinobacteria,Coriobacteriales,Coriobacteriaceae,Olsenella,uli,Anaerobe,,Chains - Pairs - Singles,fermenter,organic_unspecified,1745
Bacteroidetes,Flavobacteriia,Flavobacteriales,Flavobacteriaceae,Capnocytophaga,granulosa,Facultative anaerobe,,,mixed,carbohydrates,1746
Ascomycota,Lecanoromycetes,Umbilicariales,Ophioparmaceae,Ophioparma,ventosa,,,,N/A,N/A,1747
Bacteroidetes,Flavobacteriia,Flavobacteriales,Flavobacteriaceae,Capnocytophaga,sputigena,Facultative anaerobe,,,mixed,carbohydrates,1748
Firmicutes,Clostridia,Clostridiales,Lachnospiraceae,Oribacterium,sinus,Anaerobe,,,fermenter,carbohydrates,1749
Ascomycota,Eurotiomycetes,Chaetothyriales,Herpotrichiellaceae,Capronia,coronata,Aerobe,,Sporulating,respirer,organic_unspecified,1750
Firmicutes,Bacilli,Bacillales,Paenibacillaceae,Paenibacillus,alvei,Facultative anaerobe,,,mixed,carbohydrates,1751
Firmicutes,Bacilli,Bacillales,Paenibacillaceae,Paenibacillus,barengoltzii,,,,N/A,N/A,1752
Firmicutes,Bacilli,Bacillales,Paenibacillaceae,Paenibacillus,daejeonensis,Facultative anaerobe,,,mixed,carbohydrates,1753
Firmicutes,Bacilli,Bacillales,Paenibacillaceae,Paenibacillus,graminis,,,,N/A,N/A,1754
Proteobacteria,Gammaproteobacteria,Enterobacterales,Enterobacteriaceae,Cedecea,davisae,Aerobe,,,respirer,N/A,1755
Firmicutes,Bacilli,Bacillales,Paenibacillaceae,Paenibacillus,lactis,Aerobe,,,mixed,carbohydrates,1756
Actinobacteria,Actinobacteria,Micrococcales,Cellulomonadaceae,Cellulomonas,flavigena,Facultative,,Nonsporulating,mixed,complex_carbs_fiber,1757
Firmicutes,Bacilli,Bacillales,Paenibacillaceae,Paenibacillus,larvae,,,,N/A,N/A,1758
Firmicutes,Clostridia,Clostridiales,Lachnospiraceae,Cellulosilyticum,lentocellum,Anaerobe,,,fermenter,N/A,1759
Firmicutes,Bacilli,Bacillales,Paenibacillaceae,Paenibacillus,polymyxa,,,,N/A,N/A,1760
Actinobacteria,Actinobacteria,Micrococcales,Promicromonosporaceae,Cellulosimicrobium,cellulans,Facultative anaerobe,,,mixed,carbohydrates,1761
Firmicutes,Clostridia,Clostridiales,Peptostreptococcaceae,Paeniclostridium,sordellii,Obligate anaerobe,,,fermenter,carbohydrates,1762
Ascomycota,Sordariomycetes,Sordariales,Chaetomiaceae,Chaetomium,globosum,Aerobic,,Sporulating (ascospores); reproduction also by budding,fermenter,complex_carbs_fiber,1763
Actinobacteria,Actinobacteria,Micrococcales,Micrococcaceae,Paeniglutamicibacter,,,,,N/A,N/A,1764
Chlamydiae,Chlamydiia,Chlamydiales,Chlamydiaceae,Chlamydia,pneumoniae,,,,N/A,N/A,1765
Basidiomycota,Tremellomycetes,Tremellales,Rhynchogastremataceae,Papiliotrema,flavescens,Aerobe,,Sporulating (basidiospores)/reproduction by budding,fermenter,complex_carbs_fiber,1766
Chlamydiae,Chlamydiia,Chlamydiales,Chlamydiaceae,Chlamydia,psittaci,,,,N/A,N/A,1767
Bacteroidetes,Bacteroidia,Bacteroidales,Porphyromonadaceae,Parabacteroides,goldsteinii,Anaerobe,,,fermenter,carbohydrates,1768
Chlamydiae,Chlamydiae,Chlamydiales,Chlamydiaceae,Chlamydia,trachomatis,,,,N/A,N/A,1769
Bacteroidetes,Bacteroidia,Bacteroidales,Tannerellaceae,Parabacteroides,johnsonii,Anaerobe,,,fermenter,carbohydrates,1770
Chlorophyta,Trebouxiophyceae,Chlorellales,Chlorellaceae,Chlorella,variabilis,,,,N/A,N/A,1771
Bacteroidetes,Bacteroidia,Bacteroidales,Tannerellaceae,Parabacteroides,merdae,Anaerobe,,,fermenter,carbohydrates,1772
Chlorobi,Chlorobia,Chlorobiales,Chlorobiaceae,Chlorobium,ferrooxidans,,,,N/A,N/A,1773
Bacteroidetes,Bacteroidia,Bacteroidales,Porphyromonadaceae,Parabacteroides,sp. d13,Anaerobe,,,fermenter,carbohydrates,1774
Chlorobi,Chlorobia,Chlorobiales,Chlorobiaceae,Chlorobium,limicola,Anaerobe,,Chains - Singles,fermenter,inorganic,1775
Firmicutes,Clostridia,Clostridiales,Peptostreptococcaceae,Paraclostridium,bifermentans,Obligate anaerobe,,,fermenter,carbohydrates,1776
Chlorobi,Chlorobia,Chlorobiales,Chlorobiaceae,Chlorobium,phaeobacteroides,Facultative anaerobe,,Chains - Singles,mixed,N/A,1777
Ascomycota,Eurotiomycetes,Onygenales,,Paracoccidioides,brasiliensis,Aerobe,,Sporulating,respirer,amino_acids_proteins,1778
Chloroflexi,Chloroflexia,Chloroflexales,Chloroflexaceae,Chloroflexus,aurantiacus,,,,N/A,N/A,1779
Proteobacteria,Betaproteobacteria,Neisseriales,Chromobacteriaceae,Chromobacterium,violaceum,Facultatively anaerobe,,,mixed,N/A,1780
Ascomycota,Eurotiomycetes,Onygenales,,Paracoccidioides,lutzii,Aerobe,,Sporulating,fermenter,complex_carbs_fiber,1781
Proteobacteria,Alphaproteobacteria,Rhodobacterales,Rhodobacteraceae,Paracoccus,denitrificans,Aerobe,,Singles - Pairs - Clusters,respirer,N/A,1782
Proteobacteria,Alphaproteobacteria,Rhodobacterales,Rhodobacteraceae,Paracoccus,yeei,Aerobe,,,respirer,N/A,1783
Bacteroidetes,Bacteroidia,Bacteroidales,Prevotellaceae,Paraprevotella,clara,Anaerobe,,,fermenter,carbohydrates,1784
Proteobacteria,Gammaproteobacteria,Enterobacterales,Enterobacteriaceae,Citrobacter,amalonaticus,Facultative anaerobe,,,mixed,N/A,1785
Bacteroidetes,Bacteroidia,Bacteroidales,Prevotellaceae,Paraprevotella,xylaniphila,Anaerobe,,,fermenter,carbohydrates,1786
Proteobacteria,Gammaproteobacteria,Enterobacterales,Enterobacteriaceae,Citrobacter,koseri,Facultatively anaerobe,,,mixed,N/A,1787
Proteobacteria,Gammaproteobacteria,Enterobacterales,Enterobacteriaceae,Citrobacter,portucalensis,,,,N/A,N/A,1788
Proteobacteria,Gammaproteobacteria,Enterobacterales,Enterobacteriaceae,Citrobacter,rodentium,Facultative,,,mixed,N/A,1789
Proteobacteria,Gammaproteobacteria,Enterobacterales,Enterobacteriaceae,Citrobacter,youngae,Facultative anaerobe,,,mixed,N/A,1790
Ascomycota,Eurotiomycetes,Chaetothyriales,Herpotrichiellaceae,Cladophialophora,carrionii,Aerobe,,Sporulating,respirer,amino_acids_proteins,1791
Ascomycota,Eurotiomycetes,Chaetothyriales,Herpotrichiellaceae,Cladophialophora,yegresii,Aerobe,,Sporulating,respirer,organic_unspecified,1792
Ascomycota,Dothideomycetes,Cladosporiales,Cladosporiaceae,Cladosporium,herbarum,Aerobic,,Sporulating (ascospores); reproduction also by budding,fermenter,complex_carbs_fiber,1793
Actinobacteria,Actinobacteria,Micrococcales,Microbacteriaceae,Clavibacter,michiganensis,,,,N/A,N/A,1794
Ascomycota,Sordariomycetes,Hypocreales,Clavicipitaceae,Claviceps,purpurea,Aerobic,,Sporulating (ascospores); reproduction also by budding,N/A,organic_unspecified,1795
Ascomycota,Saccharomycetes,Saccharomycetales,Metschnikowiaceae,Clavispora,auris,Aerobe/facultative anaerobe,,Sporulating,mixed,organic_unspecified,1796
Ascomycota,Saccharomycetes,Saccharomycetales,Metschnikowiaceae,Clavispora,intermedia,Aerobe/facultative anaerobe,,Sporulating,mixed,organic_unspecified,1797
Ascomycota,Saccharomycetes,Saccharomycetales,Metschnikowiaceae,Clavispora,lusitaniae,Aerobe/facultative anaerobe,,Sporulating (ascospores),mixed,complex_carbs_fiber,1798
Synergistetes,Synergistia,Synergistales,Synergistaceae,Cloacibacillus,evryensis,Anaerobe,,,fermenter,carbohydrates,1799
Firmicutes,Clostridia,Clostridiales,Peptostreptococcaceae,Clostridioides,difficile,Anaerobe,,Sporulating,fermenter,carbohydrates,1800
Firmicutes,Clostridia,Clostridiales,Clostridiaceae,Clostridium,acetobutylicum,Anaerobe,,Pairs - Singles,fermenter,carbohydrates,1801
Firmicutes,Clostridia,Clostridiales,Clostridiaceae,Clostridium,aminobutyricum,,,,N/A,N/A,1802
Firmicutes,Clostridia,Clostridiales,Clostridiaceae,Clostridium,bartlettii,,,,N/A,N/A,1803
Firmicutes,Clostridia,Clostridiales,Clostridiaceae,Clostridium,beijerinckii,Anaerobe,,Pairs - Singles,fermenter,carbohydrates,1804
Firmicutes,Clostridia,Clostridiales,Clostridiaceae,Clostridium,cadaveris,Anaerobe,,,fermenter,carbohydrates,1805
Ascomycota,Eurotiomycetes,Eurotiales,Aspergillaceae,Penicillium,sclerotiorum,Aerobic,,Sporulating (ascospores); reproduction also by budding,N/A,organic_unspecified,1806
Ascomycota,Eurotiomycetes,Eurotiales,Aspergillaceae,Penicillium,solitum,Aerobic,,Sporulating (ascospores); reproduction also by budding,N/A,organic_unspecified,1807
Ascomycota,Eurotiomycetes,Eurotiales,Aspergillaceae,Penicillium,soppii,Aerobic,,Sporulating (ascospores); reproduction also by budding,N/A,organic_unspecified,1808
Ascomycota,Eurotiomycetes,Eurotiales,Aspergillaceae,Penicillium,spinulosum,Aerobic,,Sporulating (ascospores); reproduction also by budding,fermenter,complex_carbs_fiber,1809
Ascomycota,Eurotiomycetes,Eurotiales,Aspergillaceae,Penicillium,,Aerobic,,Sporulating (ascospores); reproduction also by budding,N/A,organic_unspecified,1810
Firmicutes,Clostridia,Clostridiales,Peptostreptococcaceae,Peptacetobacter,hiranonis,Anaerobe,,,fermenter,N/A,1811
Firmicutes,Clostridia,Clostridiales,Peptostreptococcaceae,Peptoanaerobacter,yurii,,,,N/A,N/A,1812
Firmicutes,Tissierellia,Tissierellales,Peptoniphilaceae,Peptoniphilus,harei,Anaerobe,,,fermenter,carbohydrates,1813
Bacillota,Clostridia,Tissierellales,Peptoniphilaceae,Peptoniphilus,hominis,Anaerobic,,,N/A,carbohydrates,1814
Firmicutes,Tissierellia,Tissierellales,Peptoniphilaceae,Peptoniphilus,indolicus,Anaerobe,,,fermenter,carbohydrates,1815
Firmicutes,Tissierellia,Tissierellales,Peptoniphilaceae,Peptoniphilus,lacrimalis,Anaerobe,,,fermenter,amino_acids_proteins,1816
Firmicutes,Tissierellia,Tissierellales,Peptoniphilaceae,Peptoniphilus,timonensis,,,,N/A,N/A,1817
Firmicutes,Clostridia,Clostridiales,Peptostreptococcaceae,Peptostreptococcus,sp.,,,,N/A,N/A,1818
Firmicutes,Clostridia,Clostridiales,Peptostreptococcaceae,Peptostreptococcus,stomatis,Anaerobe,,,fermenter,carbohydrates,1819
Ascomycota,Sordariomycetes,Xylariales,Sporocadaceae,Pestalotiopsis,fici,Aerobe,,Sporulating,fermenter,complex_carbs_fiber,1820
Ascomycota,Sordariomycetes,Xylariales,Sporocadaceae,Pestalotiopsis,,,,,N/A,N/A,1821
Ascomycota,Sordariomycetes,Togniniales,Togniniaceae,Phaeoacremonium,minimum,Aerobe,,Sporulating,fermenter,complex_carbs_fiber,1822
Basidiomycota,Tremellomycetes,Cystofilobasidiales,Mrakiaceae,Phaffia,rhodozyma,Aerobic,,Sporulating (basidiospores); reproduction also by budding,N/A,organic_unspecified,1823
Firmicutes,Negativicutes,Acidaminococcales,Acidaminococcaceae,Phascolarctobacterium,succinatutens,Anaerobe,,,fermenter,carbohydrates,1824
Ascomycota,Leotiomycetes,Helotiales,Mollisiaceae,Phialocephala,scopiformis,Aerobe,,Sporulating,fermenter,complex_carbs_fiber,1825
Ascomycota,Leotiomycetes,Helotiales,Mollisiaceae,Phialocephala,subalpina,Aerobe,,Sporulating,fermenter,complex_carbs_fiber,1826
Bacteroidetes,Bacteroidia,Bacteroidales,Bacteroidaceae,Phocaeicola,coprocola,Anaerobe,,,fermenter,N/A,1827
Bacteroidetes,Bacteroidia,Bacteroidales,acteroidaceae,Phocaeicola,coprophilus,Anaerobe,,,fermenter,N/A,1828
Bacteroidetes,Bacteroidia,Bacteroidales,Bacteroidaceae,Phocaeicola,dorei,Anaerobe,,,fermenter,N/A,1829
Bacteroidetes,Bacteroidia,Bacteroidales,Bacteroidaceae,Phocaeicola,massiliensis,Anaerobe,,,fermenter,carbohydrates,1830
Bacteroidetes,Bacteroidia,Bacteroidales,Bacteroidaceae,Phocaeicola,plebeius,Anaerobe,,,fermenter,carbohydrates,1831
Bacteroidetes,Bacteroidia,Bacteroidales,acteroidaceae,Phocaeicola,salanitronis,Anaerobic,,Nonsporulating,N/A,organic_unspecified,1832
Bacteroidetes,Bacteroidia,Bacteroidales,Bacteroidaceae,Phocaeicola,vulgatus,Anaerobe,,,fermenter,N/A,1833
Mucoromycota,Mucoromycetes,Mucorales,Phycomycetaceae,Phycomyces,blakesleeanus,Aerobic,,Sporulating,fermenter,complex_carbs_fiber,1834
Oomycota,,Peronosporales,Peronosporaceae,Phytophthora,sojae,,,,N/A,N/A,1835
Ascomycota,Saccharomycetes,Saccharomycetales,Pichiaceae,Pichia,kudriavzevii,Aerobe/facultative anaerobe,,Sporulating (ascospores)/reproduction by budding,mixed,organic_unspecified,1836
Ascomycota,Saccharomycetes,Saccharomycetales,Pichiaceae,Pichia,membranifaciens,Aerobe/facultative anaerobe,,Sporulating (ascospores)/reproduction by budding,mixed,organic_unspecified,1837
Euryarchaeota,Thermoplasmata,Thermoplasmatales,Picrophilaceae,Picrophilus,torridus,Aerobe,,,respirer,N/A,1838
Apicomplexa,Aconoidasida,Haemosporida,Plasmodiidae,Plasmodium,relictum,,,,N/A,N/A,1839
Ascomycota,Pneumocystidomycetes,Pneumocystidales,Pneumocystidaceae,Pneumocystis,jirovecii,Aerobic,,Sporulating (ascospores); reproduction also by budding,mixed,carbohydrates,1840
Ascomycota,Sordariomycetes,Sordariales,Chaetomiaceae,Podospora,anserina,Aerobic,,Sporulating (ascospores); reproduction also by budding,N/A,complex_carbs_fiber,1841
Bacteroidetes,Bacteroidia,Bacteroidales,Porphyromonadaceae,Porphyromonas,asaccharolytica,Anaerobe,,Nonsporulating,fermenter,N/A,1842
Bacteroidetes,Bacteroidia,Bacteroidales,Porphyromonadaceae,Porphyromonas,gingivalis,Anaerobe,,Nonsporulating,fermenter,N/A,1843
Bacteroidetes,Bacteroidia,Bacteroidales,Porphyromonadaceae,Porphyromonas,somerae,Anaerobe,,,fermenter,carbohydrates,1844
Bacteroidetes,Bacteroidia,Bacteroidales,Porphyromonadaceae,Porphyromonas,uenonis,Anaerobe,,,fermenter,N/A,1845
Actinobacteria,Actinobacteria,Pseudonocardiales,Pseudonocardiaceae,Prauserella,,,,,N/A,N/A,1846
Bacteroidetes,Bacteroidia,Bacteroidales,Prevotellaceae,Prevotella,albensis,Anaerobe,,,fermenter,carbohydrates,1847
Bacteroidetes,Bacteroidia,Bacteroidales,Prevotellaceae,Prevotella,amnii,,,,N/A,N/A,1848
Bacteroidetes,Bacteroidia,Bacteroidales,Prevotellaceae,Prevotella,bergensis,,,,N/A,N/A,1849
Bacteroidetes,Bacteroidia,Bacteroidales,Prevotellaceae,Prevotella,bivia,Anaerobe,,,fermenter,carbohydrates,1850
Bacteroidetes,Bacteroidia,Bacteroidales,Prevotellaceae,Prevotella,brevis,Anaerobe,,,fermenter,carbohydrates,1851
Bacteroidetes,Bacteroidia,Bacteroidales,Prevotellaceae,Prevotella,bryantii,Anaerobe,,,fermenter,carbohydrates,1852
Bacteroidetes,Bacteroidia,Bacteroidales,Prevotellaceae,Prevotella,buccae,Anaerobe,,,fermenter,carbohydrates,1853
Bacteroidetes,Bacteroidia,Bacteroidales,Prevotellaceae,Prevotella,buccalis,,,,N/A,N/A,1854
Bacteroidetes,Bacteroidia,Bacteroidales,Prevotellaceae,Prevotella,conceptionensis,Anaerobe,,,fermenter,carbohydrates,1855
Bacteroidetes,Bacteroidia,Bacteroidales,Prevotellaceae,Prevotella,corporis,Anaerobe,,,fermenter,carbohydrates,1856
Bacteroidetes,Bacteroidia,Bacteroidales,Prevotellaceae,Prevotella,denticola,Anaerobe,,Nonsporulating,fermenter,carbohydrates,1857
Bacteroidetes,Bacteroidia,Bacteroidales,Prevotellaceae,Prevotella,disiens,Anaerobe,,,fermenter,carbohydrates,1858
Bacteroidetes,Bacteroidia,Bacteroidales,Prevotellaceae,Prevotella,enoeca,Anaerobe,,,fermenter,carbohydrates,1859
Bacteroidetes,Bacteroidia,Bacteroidales,Prevotellaceae,Prevotella,loescheii,Anaerobe,,,fermenter,carbohydrates,1860
Bacteroidetes,Bacteroidia,Bacteroidales,Prevotellaceae,Prevotella,marshii,,,,N/A,N/A,1861
Bacteroidetes,Bacteroidia,Bacteroidales,Prevotellaceae,Prevotella,multiformis,Anaerobe,,,fermenter,N/A,1862
Bacteroidetes,Bacteroidia,Bacteroidales,Prevotellaceae,Prevotella,oralis,Anaerobe,,,fermenter,carbohydrates,1863
Bacteroidetes,Bacteroidia,Bacteroidales,Prevotellaceae,Prevotella,oris,,,,N/A,N/A,1864
Bacteroidetes,Bacteroidia,Bacteroidales,Prevotellaceae,Prevotella,salivae,Anaerobe,,,fermenter,carbohydrates,1865
Bacteroidetes,Bacteroidia,Bacteroidales,Prevotellaceae,Prevotella,shahii,Anaerobe,,,fermenter,carbohydrates,1866
Bacteroidetes,Bacteroidia,Bacteroidales,Prevotellaceae,Prevotella,timonensis,Anaerobe,,,fermenter,carbohydrates,1867
Bacteroidetes,Bacteroidia,Bacteroidales,Prevotellaceae,Prevotella,veroralis,Anaerobe,,,fermenter,carbohydrates,1868
Actinobacteria,Actinobacteria,Micrococcales,Promicromonosporaceae,Promicromonospora,,,,,N/A,N/A,1869
Actinobacteria,Actinobacteria,Actinomycetales,Propionibacteriaceae,Propionibacterium,acidipropionici,Facultative anaerobe,,,mixed,carbohydrates,1870
Actinobacteria,Actinobacteria,Actinomycetales,Propionibacteriaceae,Propionibacterium,avidum,Facultative anaerobe,,,mixed,carbohydrates,1871
Actinobacteria,Actinobacteria,Propionibacteriales,Propionibacteriaceae,Propionibacterium,freudenreichii,Facultative,,Nonsporulating,mixed,N/A,1872
Actinobacteria,Actinobacteria,Actinomycetales,Propionibacteriaceae,Propionibacterium,gingivalis,Facultative,,Nonsporulating,mixed,N/A,1873
Actinobacteria,Actinobacteria,Actinomycetales,Propionibacteriaceae,Propionibacterium,granulosum,Facultative anaerobe,,,mixed,carbohydrates,1874
Actinobacteria,Actinobacteria,Actinomycetales,Propionibacteriaceae,Propionibacterium,jensenii,Facultative anaerobe,,,mixed,carbohydrates,1875
Actinobacteria,Actinobacteria,Actinomycetales,Propionibacteriaceae,Propionibacterium,propionicum,Facultative anaerobe,,,mixed,carbohydrates,1876
Proteobacteria,Gammaproteobacteria,Enterobacterales,Morganellaceae,Proteus,mirabilis,Aerobe,,Nonsporulating,mixed,N/A,1877
Proteobacteria,Gammaproteobacteria,Enterobacterales,Morganellaceae,Proteus,penneri,Facultative anaerobe,,,mixed,N/A,1878
Platyhelminthes,Monogenea,Polystomatidea,Polystomatidae,Protopolystoma,xenopodis,,,,N/A,N/A,1879
Proteobacteria,Gammaproteobacteria,Enterobacterales,Morganellaceae,Providencia,alcalifaciens,Facultative anaerobe,,,mixed,carbohydrates,1880
Proteobacteria,Gammaproteobacteria,Enterobacterales,Morganellaceae,Providencia,rettgeri,Facultative anaerobe,,,mixed,carbohydrates,1881
Proteobacteria,Gammaproteobacteria,Enterobacterales,Morganellaceae,Providencia,rustigianii,Facultative anaerobe,,,mixed,carbohydrates,1882
Proteobacteria,Gammaproteobacteria,Enterobacterales,Morganellaceae,Providencia,stuartii,Facultative anaerobe,,,mixed,carbohydrates,1883
Proteobacteria,Gammaproteobacteria,Enterobacterales,Enterobacteriaceae,Pseudescherichia,vulneris,,,,N/A,N/A,1884
Proteobacteria,Gammaproteobacteria,Alteromonadales,Pseudoalteromonadaceae,Pseudoalteromonas,haloplanktis,,,,N/A,N/A,1885
Firmicutes,Clostridia,Clostridiales,Lachnospiraceae,Pseudobutyrivibrio,ruminis,Anaerobe,,,fermenter,carbohydrates,1886
Firmicutes,Clostridia,Clostridiales,Ruminococcaceae,Pseudoflavonifractor,capillosus,Anaerobe,,,fermenter,carbohydrates,1887
Bacillota,Clostridia,Oscillospirales,Ruminococcaceae,Pseudoflavonifractor,intestinihominis,Anaerobic,,,N/A,carbohydrates,1888
Fusobacteria,Fusobacteriia,Fusobacteriales,Leptotrichiaceae,Pseudoleptotrichia,goodfellowii,,,,N/A,N/A,1889
Proteobacteria,Gammaproteobacteria,Pseudomonadales,Pseudomonadaceae,Pseudomonas,aeruginosa,Aerobe,,Singles,respirer,organic_unspecified,1890
Proteobacteria,Gammaproteobacteria,Pseudomonadales,Pseudomonadaceae,Pseudomonas,alcaliphila,Aerobe,,,respirer,N/A,1891
Proteobacteria,Gammaproteobacteria,Pseudomonadales,Pseudomonadaceae,Pseudomonas,entomophila,Aerobe,,Singles,respirer,organic_unspecified,1892
Proteobacteria,Gammaproteobacteria,Pseudomonadales,Pseudomonadaceae,Pseudomonas,fluorescens,Aerobe,,Singles,respirer,organic_unspecified,1893
Proteobacteria,Gammaproteobacteria,Pseudomonadales,Pseudomonadaceae,Pseudomonas,mendocina,Aerobe,,Singles,respirer,organic_unspecified,1894
Proteobacteria,Gammaproteobacteria,Pseudomonadales,Pseudomonadaceae,Pseudomonas,monteilii,Aerobe,,,respirer,N/A,1895
Proteobacteria,Gammaproteobacteria,Pseudomonadales,Pseudomonadaceae,Pseudomonas,nitroreducens,Aerobe,,,respirer,N/A,1896
Proteobacteria,Gammaproteobacteria,Pseudomonadales,Pseudomonadaceae,Pseudomonas,oleovorans,Aerobe,,,respirer,N/A,1897
Proteobacteria,Gammaproteobacteria,Pseudomonadales,Pseudomonadaceae,Pseudomonas,putida,Facultative,,Singles,mixed,organic_unspecified,1898
Proteobacteria,Gammaproteobacteria,Pseudomonadales,Pseudomonadaceae,Pseudomonas,savastanoi,,,,N/A,N/A,1899
Ascomycota,Sordariomycetes,Hypocreales,Ophiocordycipitaceae,Purpureocillium,lilacinum,Aerobe,,Sporulating,fermenter,complex_carbs_fiber,1900
Proteobacteria,Gammaproteobacteria,Pseudomonadales,Pseudomonadaceae,Pseudomonas,stutzeri,Aerobe,,Singles,respirer,organic_unspecified,1901
Proteobacteria,Gammaproteobacteria,Pseudomonadales,Pseudomonadaceae,Pseudomonas,syringae,Aerobe,,Singles,respirer,organic_unspecified,1902
Crenarchaeota,Thermoprotei,Thermoproteales,Thermoproteaceae,Pyrobaculum,aerophilum,Aerobe; anaerobe,,,fermenter,N/A,1903
Proteobacteria,Gammaproteobacteria,Pseudomonadales,Pseudomonadaceae,Pseudomonas,taetrolens,,,,N/A,N/A,1904
Crenarchaeota,Thermoprotei,Thermoproteales,Thermoproteaceae,Pyrobaculum,calidifontis,Facultative anaerobe,,Nonsporulating,mixed,organic_unspecified,1905
Proteobacteria,Gammaproteobacteria,Pseudomonadales,Pseudomonadaceae,Pseudomonas,tolaasii,,,,N/A,N/A,1906
Euryarchaeota,Thermococci,Thermococcales,Thermococcaceae,Pyrococcus,abyssi,Anaerobe,,Nonsporulating,respirer,N/A,1907
Proteobacteria,Gammaproteobacteria,Pseudomonadales,Pseudomonadaceae,Pseudomonas,,,,,N/A,N/A,1908
Euryarchaeota,Thermococci,Thermococcales,Thermococcaceae,Pyrococcus,furiosus,Anaerobe,,Nonsporulating,respirer,N/A,1909
Firmicutes,Clostridia,Clostridiales,Eubacteriaceae,Pseudoramibacter,alactolyticus,Anaerobe,,,fermenter,carbohydrates,1910
Euryarchaeota,Thermococci,Thermococcales,Thermococcaceae,Pyrococcus,horikoshii,Anaerobe,,Nonsporulating,respirer,N/A,1911
Basidiomycota,Ustilaginomycetes,Ustilaginales,Ustilaginaceae,Pseudozyma,hubeiensis,Aerobic,,Sporulating (basidiospores); reproduction also by budding,N/A,carbohydrates,1912
Proteobacteria,Betaproteobacteria,Burkholderiales,Burkholderiaceae,Ralstonia,pickettii,Aerobe,,,respirer,organic_unspecified,1913
Basidiomycota,Pucciniomycetes,Pucciniales,Pucciniaceae,Puccinia,graminis,Aerobic,,Sporulating (basidiospores); reproduction also by budding,fermenter,complex_carbs_fiber,1914
Proteobacteria,Betaproteobacteria,Burkholderiales,Burkholderiaceae,Ralstonia,solanacearum,,,,N/A,N/A,1915
Basidiomycota,Pucciniomycetes,Pucciniales,Pucciniaceae,Puccinia,sorghi,Aerobic,,Sporulating (basidiospores); reproduction also by budding,fermenter,complex_carbs_fiber,1916
Proteobacteria,Gammaproteobacteria,Enterobacterales,Enterobacteriaceae,Raoultella,planticola,Facultative anaerobe,,,mixed,N/A,1917
Ascomycota,Eurotiomycetes,Eurotiales,Trichocomaceae,Rasamsonia,emersonii,Aerobe,,Sporulating,fermenter,complex_carbs_fiber,1918
Basidiomycota,Pucciniomycetes,Pucciniales,Pucciniaceae,Puccinia,striiformis,Aerobic,,Sporulating (basidiospores); reproduction also by budding,N/A,organic_unspecified,1919
Ascomycota,Sordariomycetes,Sordariales,,Remersonia,thermophila,Aerobic,,Sporulating (ascospores); reproduction also by budding,N/A,organic_unspecified,1920
Ascomycota,Eurotiomycetes,Chaetothyriales,Herpotrichiellaceae,Rhinocladiella,mackenziei,Aerobe,,Sporulating,fermenter,complex_carbs_fiber,1921
Proteobacteria,Alphaproteobacteria,Rhizobiales,Rhizobiaceae,Rhizobium,etli,Aerobe,,Singles,respirer,N/A,1922
Basidiomycota,Agaricomycetes,Trechisporales,Hydnodontaceae,Sistotremastrum,suecicum,Aerobe,,Sporulating (basidiospores),respirer,complex_carbs_fiber,1923
Proteobacteria,Alphaproteobacteria,Rhizobiales,Rhizobiaceae,Rhizobium,leguminosarum,Aerobe,,Singles,respirer,N/A,1924
Basidiomycota,Agaricomycetes,Cantharellales,Ceratobasidiaceae,Rhizoctonia,solani,Aerobe/facultative anaerobe,,Sporulating (basidiospores)/reproduction by budding,mixed,complex_carbs_fiber,1925
Actinobacteria,Coriobacteriia,Eggerthellales,Eggerthellaceae,Slackia,exigua,Anaerobe,,,mixed,carbohydrates,1926
Actinobacteria,Coriobacteriia,Eggerthellales,Eggerthellaceae,Slackia,piriformis,Anaerobe,,,mixed,carbohydrates,1927
Mucoromycota,Glomeromycetes,Glomerales,Glomeraceae,Rhizophagus,irregularis,Aerobic,,Sporulating,fermenter,complex_carbs_fiber,1928
Fusobacteria,Fusobacteriia,Fusobacteriales,Leptotrichiaceae,Sneathia,amnii,,,,N/A,N/A,1929
Proteobacteria,Alphaproteobacteria,Rhodobacterales,Rhodobacteraceae,Rhodobacter,capsulatus,,,,N/A,N/A,1930
Fusobacteria,Fusobacteriia,Fusobacteriales,Leptotrichiaceae,Sneathia,sanguinegens,,,,N/A,N/A,1931
Proteobacteria,Alphaproteobacteria,Rhodobacterales,Rhodobacteraceae,Rhodobacter,sphaeroides,Aerobe; anaerobe,,,fermenter,N/A,1932
Proteobacteria,Gammaproteobacteria,Enterobacterales,Pectobacteriaceae,Sodalis,glossinidius,Microaerophilic,,Nonsporulating,N/A,N/A,1933
Actinobacteria,Actinobacteria,Actinomycetales,Nocardiaceae,Rhodococcus,erythropolis,Aerobe,,Filaments,respirer,N/A,1934
Bacillota,Clostridia,Oscillospirales,Ruminococcaceae,Solibaculum,intestinale,Anaerobic,,,N/A,carbohydrates,1935
Firmicutes,Erysipelotrichia,Erysipelotrichales,Erysipelotrichaceae,Solobacterium,moorei,Anaerobe,,,fermenter,carbohydrates,1936
Ascomycota,Sordariomycetes,Sordariales,Sordariaceae,Sordaria,macrospora,Aerobic,,Sporulating (ascospores); reproduction also by budding,fermenter,complex_carbs_fiber,1937
Ascomycota,Saccharomycetes,Saccharomycetales,Debaryomycetaceae,Spathaspora,passalidarum,Aerobe/facultative anaerobe,,Sporulating (ascospores),mixed,organic_unspecified,1938
Actinobacteria,Actinobacteria,Corynebacteriales,Nocardiaceae,Rhodococcus,hoagii,Aerobe,,,fermenter,carbohydrates,1939
Actinobacteria,Actinobacteria,Streptosporangiales,Streptosporangiaceae,Sphaerisporangium,,,,,N/A,N/A,1940
Actinobacteria,Actinobacteria,Corynebacteriales,Nocardiaceae,Rhodococcus,rhodochrous,Aerobe,,,mixed,carbohydrates,1941
Chloroflexi,Thermomicrobia,Sphaerobacterales,Sphaerobacteraceae,Sphaerobacter,thermophilus,Obligate aerobic,,Nonsporulating,N/A,N/A,1942
Proteobacteria,Alphaproteobacteria,Rhizobiales,Bradyrhizobiaceae,Rhodopseudomonas,palustris,Aerobe; anaerobe,,,fermenter,inorganic,1943
Ascomycota,Dothideomycetes,Mycosphaerellales,Mycosphaerellaceae,Sphaerulina,musiva,Aerobe,,Sporulating,fermenter,complex_carbs_fiber,1944
Proteobacteria,Alphaproteobacteria,Rhodospirillales,Rhodospirillaceae,Rhodospirillum,rubrum,Facultative anaerobe,,Nonsporulating,mixed,inorganic,1945
Proteobacteria,Alphaproteobacteria,Sphingomonadales,Sphingomonadaceae,Sphingobium,japonicum,Aerobic,,,N/A,N/A,1946
Bacteroidetes,,Bacteroidetes Order II. Incertae sedis,Rhodothermaceae,Rhodothermus,marinus,Aerobic,,Singles,N/A,organic_unspecified,1947
Proteobacteria,Gammaproteobacteria,Sphingomonadales,Sphingomonadaceae,Sphingomonas,paucimobilis,Anaerobe,,,fermenter,carbohydrates,1948
Basidiomycota,Microbotryomycetes,Sporidiobolales,Sporidiobolaceae,Rhodotorula,graminis,Aerobic,,Sporulating (basidiospores); reproduction also by budding,N/A,organic_unspecified,1949
Actinobacteria,Actinobacteria,Streptosporangiales,Thermomonosporaceae,Spirillospora,,,,,N/A,N/A,1950
Basidiomycota,Microbotryomycetes,Sporidiobolales,Sporidiobolaceae,Rhodotorula,mucilaginosa,Aerobic,,Sporulating (basidiospores); reproduction also by budding,fermenter,organic_unspecified,1951
Spirochaetes,Spirochaetia,Spirochaetales,Spirochaetaceae,Spirochaeta,thermophila,Anaerobic,,,N/A,carbohydrates,1952
Basidiomycota,Microbotryomycetes,Sporidiobolales,Sporidiobolaceae,Rhodotorula,taiwanensis,Aerobic,,Sporulating (basidiospores); reproduction also by budding,N/A,organic_unspecified,1953
Bacteroidetes,Cytophagia,Cytophagales,Cytophagaceae,Spirosoma,linguale,Aerobe,,Nonsporulating,respirer,organic_unspecified,1954
Basidiomycota,Tremellomycetes,Tremellales,Rhynchogastremataceae,Rhynchogastrema,tunnelae,Aerobe,,Sporulating (basidiospores)/reproduction by budding,respirer,carbohydrates,1955
Basidiomycota,Ustilaginomycetes,Ustilaginales,Ustilaginaceae,Sporisorium,reilianum,Aerobic,,Sporulating (basidiospores); reproduction also by budding,fermenter,complex_carbs_fiber,1956
Proteobacteria,Alphaproteobacteria,Rickettsiales,Rickettsiaceae,Rickettsia,rickettsii,Aerobe,,Nonsporulating,respirer,N/A,1957
Basidiomycota,Ustilaginomycetes,Ustilaginales,Ustilaginaceae,Sporisorium,scitamineum,Aerobic,,Sporulating (basidiospores); reproduction also by budding,fermenter,complex_carbs_fiber,1958
Bacillota,Bacilli,Bacillales,Bacillaceae,Robertmurraya,yapensis,Aerobic,,,N/A,carbohydrates,1959
Actinobacteria,Actinobacteria,Glycomycetales,Glycomycetaceae,Stackebrandtia,,,,,N/A,N/A,1960
Firmicutes,Clostridia,Clostridiales,Lachnospiraceae,Roseburia,hominis,Anaerobe,,,fermenter,carbohydrates,1961
Firmicutes,Bacilli,Bacillales,Staphylococcaceae,Staphylococcus,arlettae,Facultative anaerobe,,,mixed,carbohydrates,1962
Firmicutes,Clostridia,Clostridiales,Lachnospiraceae,Roseburia,intestinalis,Anaerobe,,,fermenter,carbohydrates,1963
Firmicutes,Bacilli,Bacillales,Staphylococcaceae,Staphylococcus,capitis,Facultative anaerobe,,,mixed,carbohydrates,1964
Firmicutes,Clostridia,Clostridiales,Lachnospiraceae,Roseburia,inulinivorans,Anaerobe,,,fermenter,carbohydrates,1965
Firmicutes,Bacilli,Bacillales,Staphylococcaceae,Staphylococcus,caprae,Facultative anaerobe,,,mixed,N/A,1966
Proteobacteria,Alphaproteobacteria,Rhodobacterales,Rhodobacteraceae,Roseobacter,denitrificans,Aerobe,,,respirer,N/A,1967
Proteobacteria,Alphaproteobacteria,Rhodospirillales,Acetobacteraceae,Roseomonas,mucosa,Facultative anaerobe,,,mixed,carbohydrates,1968
Firmicutes,Bacilli,Bacillales,Staphylococcaceae,Staphylococcus,carnosus,Facultative anaerobe,,Clusters - Singles,mixed,N/A,1969
Actinobacteria,Actinobacteria,Micrococcales,Micrococcaceae,Rothia,aeria,Aerobe,,,mixed,carbohydrates,1970
Firmicutes,Bacilli,Bacillales,Staphylococcaceae,Staphylococcus,cohnii,Facultative anaerobe,,,mixed,carbohydrates,1971
Bacteroidetes,Cytophagia,Cytophagales,Cytophagaceae,Rudanella,lutea,Aerobe,,,mixed,N/A,1972
Firmicutes,Bacilli,Bacillales,Staphylococcaceae,Staphylococcus,equorum,Facultative anaerobe,,,mixed,carbohydrates,1973
Firmicutes,Clostridia,Clostridiales,Hungateiclostridiaceae,Ruminiclostridium,cellobioparum,,,,N/A,N/A,1974
Firmicutes,Bacilli,Bacillales,Staphylococcaceae,Staphylococcus,haemolyticus,Facultative anaerobe,,Clusters - Singles - Pairs,mixed,N/A,1975
Firmicutes,Clostridia,Clostridiales,Ruminococcaceae,Ruminiclostridium,clariflavum,,,,N/A,N/A,1976
Firmicutes,Clostridia,Clostridiales,Ruminococcaceae,Ruminiclostridium,leptum,Anaerobe,,,fermenter,carbohydrates,1977
Firmicutes,Clostridia,Clostridiales,Ruminococcaceae,Ruminiclostridium,methylpentosum,Anaerobe,,,fermenter,N/A,1978
Firmicutes,Clostridia,Clostridiales,Ruminococcaceae,Ruminiclostridium,siraeum,Anaerobe,,,fermenter,carbohydrates,1979
Firmicutes,Clostridia,Clostridiales,Ruminococcaceae,Ruminiclostridium,sporosphaeroides,Facultative anaerobe,,,mixed,carbohydrates,1980
Firmicutes,Clostridia,Clostridiales,Ruminococcaceae,Ruminiclostridium,viride,Anaerobe,,,fermenter,carbohydrates,1981
Firmicutes,Bacilli,Bacillales,Staphylococcaceae,Staphylococcus,hominis,Facultative anaerobe,,,mixed,carbohydrates,1982
Firmicutes,Clostridia,Oscillospirales,Ruminococcaceae,Ruminococcoides,bili,Anaerobic,,Spotulating,N/A,carbohydrates,1983
Firmicutes,Bacilli,Bacillales,Staphylococcaceae,Staphylococcus,intermedius,Facultative anaerobe,,,mixed,carbohydrates,1984
Bacillota,Clostridia,Oscillospirales,Ruminococcaceae,Ruminococcoides,intestinale,Anaerobic,,,N/A,carbohydrates,1985
Firmicutes,Bacilli,Bacillales,Staphylococcaceae,Staphylococcus,lugdunensis,Aerobe; anaerobe,,Chains - Clusters - Pairs - Singles,fermenter,N/A,1986
Bacillota,Clostridia,Oscillospirales,Ruminococcaceae,Ruminococcoides,intestinihominis,Anaerobic,,,N/A,carbohydrates,1987
Firmicutes,Bacilli,Bacillales,Staphylococcaceae,Staphylococcus,pasteuri,Facultative anaerobe,,,mixed,carbohydrates,1988
Firmicutes,Clostridia,Clostridiales,Ruminococcaceae,Ruminococcus,bicirculans,Anaerobe,,,fermenter,carbohydrates,1989
Firmicutes,Bacilli,Bacillales,Staphylococcaceae,Staphylococcus,pettenkoferi,Facultative anaerobe,,,mixed,carbohydrates,1990
Firmicutes,Clostridia,Clostridiales,Ruminococcaceae,Ruminococcus,champanellensis,Anaerobe,,,fermenter,carbohydrates,1991
Firmicutes,Bacilli,Bacillales,Staphylococcaceae,Staphylococcus,pseudintermedius,,,,N/A,N/A,1992
Firmicutes,Clostridia,Clostridiales,Ruminococcaceae,Ruminococcus,gauvreauii,Anaerobe,,,fermenter,carbohydrates,1993
Firmicutes,Bacilli,Bacillales,Staphylococcaceae,Staphylococcus,saprophyticus,Aerobe,,Clusters - Singles,respirer,N/A,1994
Firmicutes,Clostridia,Clostridiales,Ruminococcaceae,Ruminococcus,lactaris,Anaerobe,,,fermenter,carbohydrates,1995
Firmicutes,Bacilli,Bacillales,Staphylococcaceae,Staphylococcus,sciuri,Facultative anaerobe,,,mixed,carbohydrates,1996
Firmicutes,Clostridia,Clostridiales,Ruminococcaceae,Ruminococcus,sp. 5_1_39bfaa,Obligate anaerobe,,,fermenter,carbohydrates,1997
Firmicutes,Bacilli,Bacillales,Staphylococcaceae,Staphylococcus,simulans,Facultative anaerobe,,,mixed,carbohydrates,1998
Firmicutes,Clostridia,Clostridiales,Ruminococcaceae,Ruminococcus,sp. sr1/5,Obligate anaerobe,,,fermenter,carbohydrates,1999
Firmicutes,Bacilli,Bacillales,Staphylococcaceae,Staphylococcus,vitulinus,Facultative anaerobe,,,mixed,carbohydrates,2000
Bacillota,Clostridia,Oscillospirales,Ruminococcaceae,Ruthenibacterium,intestinale,Anaerobic,,,N/A,carbohydrates,2001
Firmicutes,Bacilli,Bacillales,Staphylococcaceae,Staphylococcus,warneri,Facultative anaerobe,,,mixed,carbohydrates,2002
Crenarchaeota,Thermoprotei,Sulfolobales,Sulfolobaceae,Saccharolobus,solfataricus,,,,N/A,N/A,2003
Firmicutes,Bacilli,Bacillales,Staphylococcaceae,Staphylococcus,xylosus,Facultative anaerobe,,,mixed,carbohydrates,2004
Ascomycota,Saccharomycetes,Saccharomycetales,Saccharomycetaceae,Saccharomyces,cerevisiae,Aerobic,,Sporulating (ascospores); reproduction also by budding,fermenter,organic_unspecified,2005
Proteobacteria,Alphaproteobacteria,Rhizobiales,Xanthobacteraceae,Starkeya,novella,,,,respirer,inorganic,2006
Ascomycota,Saccharomycetes,Saccharomycetales,Saccharomycetaceae,Saccharomyces,kudriavzevii,Aerobe/facultative anaerobe,,Sporulating (ascospores)/reproduction by budding,mixed,organic_unspecified,2007
Proteobacteria,Gammaproteobacteria,Xanthomonadales,Xanthomonadaceae,Stenotrophomonas,rhizophila,Anaerobe,,,fermenter,carbohydrates,2008
Ascomycota,Saccharomycetes,Saccharomycetales,Saccharomycetaceae,Saccharomyces,pastorianus,Aerobe/facultative anaerobe,,Sporulating (ascospores)/reproduction by budding,mixed,organic_unspecified,2009
Basidiomycota,Agaricomycetes,Russulales,Stereaceae,Stereum,hirsutum,Aerobic,,Sporulating (basidiospores); reproduction also by budding,fermenter,complex_carbs_fiber,2010
Ascomycota,Saccharomycetes,Saccharomycetales,Saccharomycetaceae,Saccharomyces,uvarum,Aerobe/facultative anaerobe,,Sporulating (ascospores)/reproduction by budding,mixed,organic_unspecified,2011
Firmicutes,Erysipelotrichia,Erysipelotrichales,Erysipelotrichaceae,Stoquefichus,stoquefichus massiliensis,,,,N/A,N/A,2012
Ascomycota,Saccharomycetes,Saccharomycetales,Saccharomycopsidaceae,Saccharomycopsis,fibuligera,Aerobe/facultative anaerobe,,Sporulating (ascospores)/reproduction by budding,mixed,organic_unspecified,2013
Actinobacteria,Actinobacteria,Streptomycetales,Streptomycetaceae,Streptacidiphilus,,,,,N/A,N/A,2014
Actinobacteria,Actinobacteria,Pseudonocardiales,Pseudonocardiaceae,Saccharothrix,syringae,,,,N/A,N/A,2015
Actinobacteria,Actinobacteria,Pseudonocardiales,Pseudonocardiaceae,Streptoalloteichus,tenebrarius,,,,N/A,N/A,2016
Actinobacteria,Actinobacteria,Pseudonocardiales,Pseudonocardiaceae,Saccharothrix,,,,,N/A,N/A,2017
Firmicutes,Bacilli,Lactobacillales,Streptococcaceae,Streptococcus,agalactiae,Facultative anaerobe,,Chains - Pairs,mixed,N/A,2018
Ascomycota,,,,Saitoella,complicata,Aerobe,,Sporulating (ascospores)/reproduction by budding,fermenter,complex_carbs_fiber,2019
Firmicutes,Bacilli,Lactobacillales,Streptococcaceae,Streptococcus,australis,Facultative anaerobe,,,mixed,carbohydrates,2020
Bacillota,Clostridia,Lachnospirales,Lachnospiraceae,Sakamotonia,hominis,Anaerobic,,,N/A,carbohydrates,2021
Firmicutes,Bacilli,Lactobacillales,Streptococcaceae,Streptococcus,constellatus,Facultative anaerobe,,,mixed,carbohydrates,2022
Actinobacteria,Actinobacteria,Micromonosporales,Micromonosporaceae,Salinispora,arenicola,,,,N/A,N/A,2023
Firmicutes,Bacilli,Lactobacillales,Streptococcaceae,Streptococcus,cristatus,Facultative anaerobe,,,mixed,carbohydrates,2024
Firmicutes,Bacilli,Bacillales,Bacillaceae,Salisediminibacterium,selenitireducens,Facultative,,Nonsporulating,mixed,N/A,2025
Firmicutes,Bacilli,Lactobacillales,Streptococcaceae,Streptococcus,downei,,,,N/A,N/A,2026
Actinobacteria,Actinobacteria,Bifidobacteriales,Bifidobacteriaceae,Scardovia,inopinata,Anaerobe,,,fermenter,carbohydrates,2027
Firmicutes,Bacilli,Lactobacillales,Streptococcaceae,Streptococcus,dysgalactiae,Facultative anaerobe,,,mixed,carbohydrates,2028
Actinobacteria,Actinobacteria,Bifidobacteriales,Bifidobacteriaceae,Scardovia,wiggsiae,,,,N/A,N/A,2029
Firmicutes,Bacilli,Lactobacillales,Streptococcaceae,Streptococcus,equinus,Facultative anaerobe,,Pairs - Chains,mixed,carbohydrates,2030
Ascomycota,Sordariomycetes,Microascales,Microascaceae,Scedosporium,apiospermum,Aerobe/facultative anaerobe,,Sporulating,mixed,complex_carbs_fiber,2031
Firmicutes,Bacilli,Lactobacillales,Streptococcaceae,Streptococcus,gallolyticus,Anaerobic,,Chains - Pairs,mixed,carbohydrates,2032
Actinobacteria,Actinobacteria,Actinomycetales,Actinomycetaceae,Schaalia,cardiffensis,,,,N/A,N/A,2033
Firmicutes,Bacilli,Lactobacillales,Streptococcaceae,Streptococcus,gordonii,Facultative anaerobe,,Chains - Pairs,mixed,N/A,2034
Actinobacteria,Actinobacteria,Actinomycetales,Actinomycetaceae,Schaalia,georgiae,,,,N/A,N/A,2035
Firmicutes,Bacilli,Lactobacillales,Streptococcaceae,Streptococcus,infantarius,Facultative anaerobe,,,mixed,carbohydrates,2036
Actinobacteria,Actinobacteria,Actinomycetales,Actinomycetaceae,Schaalia,odontolytica,,,,N/A,N/A,2037
Firmicutes,Bacilli,Lactobacillales,Streptococcaceae,Streptococcus,intermedius,Facultative anaerobe,,,mixed,carbohydrates,2038
Actinobacteria,Actinobacteria,Actinomycetales,Actinomycetaceae,Schaalia,turicensis,,,,N/A,N/A,2039
Firmicutes,Bacilli,Lactobacillales,Streptococcaceae,Streptococcus,lutetiensis,Facultative anaerobe,,,mixed,carbohydrates,2040
Firmicutes,Clostridia,Clostridiales,Lachnospiraceae,Schaedlerella,arabinosiphila,,,,N/A,N/A,2041
Firmicutes,Bacilli,Lactobacillales,Streptococcaceae,Streptococcus,mitis,Facultative anaerobe,,Nonsporulating,mixed,carbohydrates,2042
Ascomycota,Saccharomycetes,Saccharomycetales,Debaryomycetaceae,Scheffersomyces,stipitis,Aerobe/facultative anaerobe,,Sporulating,mixed,organic_unspecified,2043
Firmicutes,Bacilli,Lactobacillales,Streptococcaceae,Streptococcus,mutans,Facultative anaerobe,,Chains - Pairs,mixed,carbohydrates,2044
Platyhelminthes,Trematoda,Strigeidida,Schistosomatidae,Schistosoma,curassoni,,,,N/A,N/A,2045
Firmicutes,Bacilli,Lactobacillales,Streptococcaceae,Streptococcus,oralis,Facultative anaerobe,,Pairs - Chains,mixed,N/A,2046
Basidiomycota,Agaricomycetes,Agaricales,Schizophyllaceae,Schizophyllum,commune,Aerobic,,Sporulating (basidiospores); reproduction also by budding,fermenter,complex_carbs_fiber,2047
Firmicutes,Bacilli,Lactobacillales,Streptococcaceae,Streptococcus,parasanguinis,Facultative anaerobe,,Nonsporulating,mixed,carbohydrates,2048
Ascomycota,Schizosaccharomycetes,Schizosaccharomycetales,Schizosaccharomycetaceae,Schizosaccharomyces,cryophilus,Aerobe,,Sporulating (ascospores)/reproduction by budding,fermenter,complex_carbs_fiber,2049
Firmicutes,Bacilli,Lactobacillales,Streptococcaceae,Streptococcus,parauberis,Facultative anaerobe,,,mixed,N/A,2050
Ascomycota,Schizosaccharomycetes,Schizosaccharomycetales,Schizosaccharomycetaceae,Schizosaccharomyces,octosporus,Aerobe,,Sporulating (ascospores)/reproduction by budding,fermenter,organic_unspecified,2051
Firmicutes,Bacilli,Lactobacillales,Streptococcaceae,Streptococcus,peroris,Facultative anaerobe,,,mixed,carbohydrates,2052
Ascomycota,Schizosaccharomycetes,Schizosaccharomycetales,Schizosaccharomycetaceae,Schizosaccharomyces,pombe,Aerobic,,Sporulating (ascospores); reproduction also by budding,fermenter,organic_unspecified,2053
Firmicutes,Erysipelotrichia,Erysipelotrichales,Erysipelotrichaceae,Streptococcus,pleomorphus,Obligate anaerobe,,,fermenter,carbohydrates,2054
Planctomycetes,Planctomycetia,Planctomycetales,Planctomycetaceae,Schlesneria,paludicola,Facultative anaerobe,,,mixed,carbohydrates,2055
Firmicutes,Bacilli,Lactobacillales,Streptococcaceae,Streptococcus,pneumoniae,Facultative anaerobe,,Chains - Pairs,mixed,N/A,2056
Ascomycota,Leotiomycetes,Helotiales,Sclerotiniaceae,Sclerotinia,sclerotiorum,Aerobe,,Sporulating,fermenter,complex_carbs_fiber,2057
Firmicutes,Bacilli,Lactobacillales,Streptococcaceae,Streptococcus,pseudopneumoniae,Facultative anaerobe,,,mixed,N/A,2058
Firmicutes,Negativicutes,Selenomonadales,Selenomonadaceae,Selenomonas,artemidis,,,,N/A,N/A,2059
Firmicutes,Bacilli,Lactobacillales,Streptococcaceae,Streptococcus,pseudoporcinus,,,,N/A,N/A,2060
Firmicutes,Negativicutes,Selenomonadales,Selenomonadaceae,Selenomonas,flueggei,,,,N/A,N/A,2061
Firmicutes,Bacilli,Lactobacillales,Streptococcaceae,Streptococcus,pyogenes,Facultative anaerobe,,Chains - Pairs,mixed,N/A,2062
Firmicutes,Negativicutes,Selenomonadales,Selenomonadaceae,Selenomonas,noxia,,,,N/A,N/A,2063
Firmicutes,Bacilli,Lactobacillales,Streptococcaceae,Streptococcus,salivarius,Facultative anaerobe,,Nonsporulating,mixed,carbohydrates,2064
Firmicutes,Negativicutes,Selenomonadales,Selenomonadaceae,Selenomonas,sputigena,,,,N/A,N/A,2065
Basidiomycota,Agaricomycetes,Sebacinales,Serendipitaceae,Serendipita,indica,Aerobic,,Sporulating (basidiospores); reproduction also by budding,fermenter,complex_carbs_fiber,2066
Basidiomycota,Agaricomycetes,Boletales,Serpulaceae,Serpula,lacrymans,Aerobic,,Sporulating (basidiospores); reproduction also by budding,fermenter,complex_carbs_fiber,2067
Proteobacteria,Gammaproteobacteria,Enterobacterales,Yersiniaceae,Serratia,fonticola,,,,N/A,N/A,2068
Proteobacteria,Gammaproteobacteria,Enterobacterales,Yersiniaceae,Serratia,liquefaciens,Facultative anaerobe,,,mixed,N/A,2069
Firmicutes,Bacilli,Lactobacillales,Streptococcaceae,Streptococcus,sanguinis,Facultative anaerobe,,Chains - Pairs,mixed,N/A,2070
Proteobacteria,Gammaproteobacteria,Enterobacteriales,Enterobacteriaceae,Serratia,multitudinisentens,Facultative anaerobe,,,mixed,N/A,2071
Firmicutes,Bacilli,Lactobacillales,Streptococcaceae,Streptococcus,sp. 'group b',,,,N/A,N/A,2072
Proteobacteria,Gammaproteobacteria,Alteromonadales,Shewanellaceae,Shewanella,denitrificans,Facultative,,Pairs - Singles,mixed,organic_unspecified,2073
Firmicutes,Bacilli,Lactobacillales,Streptococcaceae,Streptococcus,sp. 2_1_36faa,Facultative anaerobe,,,mixed,carbohydrates,2074
Firmicutes,Bacilli,Lactobacillales,Streptococcaceae,Streptococcus,sp. gmd4s,,,,N/A,N/A,2075
Proteobacteria,Gammaproteobacteria,Alteromonadales,Shewanellaceae,Shewanella,putrefaciens,Facultative,,Pairs - Singles,mixed,organic_unspecified,2076
Firmicutes,Bacilli,Lactobacillales,Streptococcaceae,Streptococcus,sp. i-g2,Facultative anaerobe,,,mixed,carbohydrates,2077
Proteobacteria,Gammaproteobacteria,Enterobacterales,Enterobacteriaceae,Shigella,boydii,Facultative anaerobe,,Pairs - Singles,mixed,organic_unspecified,2078
Firmicutes,Bacilli,Lactobacillales,Streptococcaceae,Streptococcus,sp. i-p16,Facultative anaerobe,,,mixed,carbohydrates,2079
Proteobacteria,Gammaproteobacteria,Enterobacterales,Enterobacteriaceae,Shigella,dysenteriae,Facultative anaerobe,,Pairs - Singles,mixed,organic_unspecified,2080
Firmicutes,Bacilli,Lactobacillales,Streptococcaceae,Streptococcus,suis,Facultative anaerobe,,Chains - Pairs - Singles,mixed,N/A,2081
Proteobacteria,Gammaproteobacteria,Enterobacterales,Enterobacteriaceae,Shigella,flexneri,Facultative anaerobe,,Pairs - Singles,mixed,organic_unspecified,2082
Firmicutes,Bacilli,Lactobacillales,Streptococcaceae,Streptococcus,thermophilus,Anaerobe,,Chains - Pairs,mixed,N/A,2083
Proteobacteria,Gammaproteobacteria,Xanthomonadales,Xanthomonadaceae,Silanimonas,lenta,Aerobe,,,mixed,carbohydrates,2084
Firmicutes,Bacilli,Lactobacillales,Streptococcaceae,Streptococcus,thoraltensis,Anaerobe,,,mixed,carbohydrates,2085
Proteobacteria,Alphaproteobacteria,Rhizobiales,Rhizobiaceae,Sinorhizobium,meliloti,Aerobe,,,respirer,N/A,2086
Firmicutes,Bacilli,Lactobacillales,Streptococcaceae,Streptococcus,uberis,Facultative anaerobe,,Chains - Pairs,mixed,N/A,2087
Basidiomycota,Agaricomycetes,Corticiales,Corticiaceae,Sistotrema,brinkmannii,Aerobe,,Sporulating (basidiospores)/reproduction by budding,fermenter,complex_carbs_fiber,2088
Firmicutes,Bacilli,Lactobacillales,Streptococcaceae,Streptococcus,urinalis,,,,N/A,N/A,2089
Firmicutes,Bacilli,Lactobacillales,Streptococcaceae,Streptococcus,vestibularis,Facultative anaerobe,,,mixed,carbohydrates,2090
Actinobacteria,Actinobacteria,Streptomycetales,Streptomycetaceae,Streptomyces,actuosus,,,,N/A,N/A,2091
Actinobacteria,Actinobacteria,Streptomycetales,Streptomycetaceae,Streptomyces,alboniger,,,,N/A,N/A,2092
Actinobacteria,Actinobacteria,Streptomycetales,Streptomycetaceae,Streptomyces,albosporeus,,,,N/A,N/A,2093
Actinobacteria,Actinobacteria,Streptomycetales,Streptomycetaceae,Streptomyces,albus,,,,N/A,N/A,2094
Actinobacteria,Actinobacteria,Streptomycetales,Streptomycetaceae,Streptomyces,antibioticus,,,,N/A,N/A,2095
Actinobacteria,Actinobacteria,Streptomycetales,Streptomycetaceae,Streptomyces,anulatus,,,,N/A,N/A,2096
Actinobacteria,Actinobacteria,Streptomycetales,Streptomycetaceae,Streptomyces,armeniacus,,,,N/A,N/A,2097
Actinobacteria,Actinobacteria,Streptomycetales,Streptomycetaceae,Streptomyces,aurantiogriseus,,,,N/A,N/A,2098
Actinobacteria,Actinobacteria,Actinomycetales,Streptomycetaceae,Streptomyces,avermitilis,Aerobe,,Sporulating,respirer,N/A,2099
Actinobacteria,Actinobacteria,Streptomycetales,Streptomycetaceae,Streptomyces,azureus,,,,N/A,N/A,2100
Actinobacteria,Actinobacteria,Streptomycetales,Streptomycetaceae,Streptomyces,californicus,,,,N/A,N/A,2101
Actinobacteria,Actinobacteria,Streptomycetales,Streptomycetaceae,Streptomyces,calvus,,,,N/A,N/A,2102
Actinobacteria,Actinobacteria,Streptomycetales,Streptomycetaceae,Streptomyces,candidus,,,,N/A,N/A,2103
Actinobacteria,Actinobacteria,Streptomycetales,Streptomycetaceae,Streptomyces,cavourensis,,,,N/A,N/A,2104
Actinobacteria,Actinobacteria,Streptomycetales,Streptomycetaceae,Streptomyces,cellulosae,,,,N/A,N/A,2105
Actinobacteria,Actinobacteria,Streptomycetales,Streptomycetaceae,Streptomyces,coeruleorubidus,,,,N/A,N/A,2106
Actinobacteria,Actinobacteria,Streptomycetales,Streptomycetaceae,Streptomyces,collinus,,,,N/A,N/A,2107
Actinobacteria,Actinobacteria,Streptomycetales,Streptomycetaceae,Streptomyces,diastatochromogenes,,,,N/A,N/A,2108
Actinobacteria,Actinobacteria,Streptomycetales,Streptomycetaceae,Streptomyces,echinatus,,,,N/A,N/A,2109
Actinobacteria,Actinobacteria,Streptomycetales,Streptomycetaceae,Streptomyces,ehimensis,,,,N/A,N/A,2110
Actinobacteria,Actinobacteria,Streptomycetales,Streptomycetaceae,Streptomyces,eurythermus,,,,N/A,N/A,2111
Actinobacteria,Actinobacteria,Streptomycetales,Streptomycetaceae,Streptomyces,filamentosus,,,,N/A,N/A,2112
Actinobacteria,Actinobacteria,Streptomycetales,Streptomycetaceae,Streptomyces,filipinensis,,,,N/A,N/A,2113
Actinobacteria,Actinobacteria,Streptomycetales,Streptomycetaceae,Streptomyces,griseosporeus,,,,N/A,N/A,2114
Actinobacteria,Actinobacteria,Streptomycetales,Streptomycetaceae,Streptomyces,fradiae,,,,N/A,N/A,2115
Actinobacteria,Actinobacteria,Streptomycetales,Streptomycetaceae,Streptomyces,griseus,Aerobe,,Filaments,respirer,N/A,2116
Actinobacteria,Actinobacteria,Streptomycetales,Streptomycetaceae,Streptomyces,griseoruber,,,,N/A,N/A,2117
Actinobacteria,Actinobacteria,Streptomycetales,Streptomycetaceae,Streptomyces,kanamyceticus,,,,N/A,N/A,2118
Actinobacteria,Actinobacteria,Streptomycetales,Streptomycetaceae,Streptomyces,griseorubiginosus,,,,N/A,N/A,2119
Actinobacteria,Actinobacteria,Streptomycetales,Streptomycetaceae,Streptomyces,kitasatoensis,,,,N/A,N/A,2120
Actinobacteria,Actinobacteria,Streptomycetales,Streptomycetaceae,Streptomyces,lavendofoliae,,,,N/A,N/A,2121
Actinobacteria,Actinobacteria,Streptomycetales,Streptomycetaceae,Streptomyces,lavendulae,,,,N/A,N/A,2122
Actinobacteria,Actinobacteria,Streptomycetales,Streptomycetaceae,Streptomyces,lividans,,,,N/A,N/A,2123
Firmicutes,Erysipelotrichia,Erysipelotrichales,Erysipelotrichaceae,Unclassified Erysipelotrichaceae,dolichus,Obligate anaerobe,,,fermenter,carbohydrates,2124
Actinobacteria,Actinobacteria,Streptomycetales,Streptomycetaceae,Streptomyces,mediolani,,,,N/A,N/A,2125
Actinobacteria,Actinobacteria,Streptomycetales,Streptomycetaceae,Streptomyces,microflavus,,,,N/A,N/A,2126
Firmicutes,Clostridia,Clostridiales,Lachnospiraceae,Unclassified Lachnospiraceae,bacterium,Anaerobe,,,fermenter,N/A,2127
Actinobacteria,Actinobacteria,Streptomycetales,Streptomycetaceae,Streptomyces,murinus,,,,N/A,N/A,2128
Firmicutes,Clostridia,Clostridiales,Lachnospiraceae,Unclassified Lachnospiraceae,rectale,Anaerobe,,,fermenter,carbohydrates,2129
Actinobacteria,Actinobacteria,Streptomycetales,Streptomycetaceae,Streptomyces,nashvillensis,,,,N/A,N/A,2130
Firmicutes,Clostridia,Clostridiales,Peptostreptococcaceae,Unclassified Peptostreptococcaceae,hiranonis,Anaerobe,,,fermenter,carbohydrates,2131
Actinobacteria,Actinobacteria,Streptomycetales,Streptomycetaceae,Streptomyces,nodosus,,,,N/A,N/A,2132
Firmicutes,Clostridia,Clostridiales,Ruminococcaceae,Unclassified Ruminococcaceae,bacterium,Obligate anaerobe,,,fermenter,N/A,2133
Actinobacteria,Actinobacteria,Streptomycetales,Streptomycetaceae,Streptomyces,noursei,,,,N/A,N/A,2134
Tenericutes,Mollicutes,Mycoplasmatales,Mycoplasmataceae,Ureaplasma,parvum,Facultative anaerobe,,,mixed,N/A,2135
Actinobacteria,Actinobacteria,Streptomycetales,Streptomycetaceae,Streptomyces,rimosus,,,,N/A,N/A,2136
Actinobacteria,Actinobacteria,Streptomycetales,Streptomycetaceae,Streptomyces,roseoverticillatus,,,,N/A,N/A,2137
Tenericutes,Mollicutes,Mycoplasmatales,Mycoplasmataceae,Ureaplasma,urealyticum,Facultative anaerobe,,,mixed,N/A,2138
Actinobacteria,Actinobacteria,Streptomycetales,Streptomycetaceae,Streptomyces,sclerotialus,,,,N/A,N/A,2139
Firmicutes,Bacilli,Bacillales,Planococcaceae,Ureibacillus,thermosphaericus,Aerobe,,,respirer,N/A,2140
Actinobacteria,Actinobacteria,Streptomycetales,Streptomycetaceae,Streptomyces,somaliensis,,,,N/A,N/A,2141
Basidiomycota,Ustilaginomycetes,Ustilaginales,Ustilaginaceae,Ustilago,bromivora,Aerobic,,Sporulating (basidiospores); reproduction also by budding,fermenter,complex_carbs_fiber,2142
Actinobacteria,Actinobacteria,Streptomycetales,Streptomycetaceae,Streptomyces,tendae,,,,N/A,N/A,2143
Basidiomycota,Ustilaginomycetes,Ustilaginales,Ustilaginaceae,Ustilago,maydis,Aerobic,,Sporulating (basidiospores); reproduction also by budding,fermenter,complex_carbs_fiber,2144
Actinobacteria,Actinobacteria,Streptomycetales,Streptomycetaceae,Streptomyces,vinaceus,,,,N/A,N/A,2145
Actinobacteria,Actinobacteria,Streptomycetales,Streptomycetaceae,Streptomyces,violaceoruber,,,,N/A,N/A,2146
Ascomycota,Saccharomycetes,Saccharomycetales,Saccharomycetaceae,Vanderwaltozyma,polyspora,Aerobe/facultative anaerobe,,Sporulating (ascospores)/reproduction by budding,mixed,complex_carbs_fiber,2147
Actinobacteria,Actinobacteria,Streptomycetales,Streptomycetaceae,Streptomyces,violaceus,,,,N/A,N/A,2148
Actinobacteria,Actinobacteria,Actinomycetales,Actinomycetaceae,Varibaculum,cambriense,Facultative anaerobe,,,mixed,carbohydrates,2149
Actinobacteria,Actinobacteria,Streptomycetales,Streptomycetaceae,Streptomyces,viridochromogenes,,,,N/A,N/A,2150
Firmicutes,Negativicutes,Veillonellales,Veillonellaceae,Veillonella,atypica,Anaerobe,,,fermenter,carbohydrates,2151
Actinobacteria,Actinobacteria,Streptomycetales,Streptomycetaceae,Streptomyces,,,,,N/A,N/A,2152
Firmicutes,Negativicutes,Veillonellales,Veillonellaceae,Veillonella,ratti,,,,N/A,N/A,2153
Actinobacteria,Actinobacteria,Streptosporangiales,Streptosporangiaceae,Streptosporangium,roseum,,,,N/A,N/A,2154
Firmicutes,Negativicutes,Selenomonadales,Selenomonadaceae,Veillonella,ruminantium,Anaerobe,,,fermenter,carbohydrates,2155
Proteobacteria,Gammaproteobacteria,Pseudomonadales,Pseudomonadaceae,Stutzerimonas,stutzeri,Aerobe,,Singles,respirer,organic_unspecified,2156
Firmicutes,Negativicutes,Veillonellales,Veillonellaceae,Veillonella,seminalis,Obligate anaerobe,,,fermenter,carbohydrates,2157
Firmicutes,Clostridia,Clostridiales,Ruminococcaceae,Subdoligranulum,sp. 4_3_54a2faa,,,,N/A,N/A,2158
Firmicutes,Clostridia,Clostridiales,Veillonellaceae,Veillonella,sp. 3_1_44,Obligate anaerobe,,,fermenter,carbohydrates,2159
Firmicutes,Clostridia,Clostridiales,Ruminococcaceae,Subdoligranulum,variabile,Anaerobe,,,fermenter,carbohydrates,2160
Firmicutes,Clostridia,Clostridiales,Veillonellaceae,Veillonella,sp. 6_1_27,Obligate anaerobe,,,fermenter,carbohydrates,2161
Proteobacteria,Gammaproteobacteria,Aeromonadales,Succinivibrionaceae,Succinivibrio,dextrinosolvens,Facultative anaerobe,,,mixed,N/A,2162
Bacillota,Clostridia,Lachnospirales,Lachnospiraceae,Ventrimonas,faecis,Anaerobic,,,N/A,carbohydrates,2163
Ascomycota,Saccharomycetes,Saccharomycetales,Trichomonascaceae,Sugiyamaella,lignohabitans,Aerobe/facultative anaerobe,,Sporulating (ascospores)/reproduction by budding,mixed,organic_unspecified,2164
Ascomycota,Dothideomycetes,Venturiales,Sympoventuriaceae,Verruconis,gallopava,Aerobe,,Sporulating,fermenter,complex_carbs_fiber,2165
Ascomycota,Saccharomycetes,Saccharomycetales,Debaryomycetaceae,Suhomyces,tanzawaensis,Aerobe,,Sporulating,fermenter,complex_carbs_fiber,2166
Ascomycota,Sordariomycetes,Glomerellales,Plectosphaerellaceae,Verticillium,albo-atrum,Aerobic,,Sporulating (ascospores); reproduction also by budding,fermenter,complex_carbs_fiber,2167
Crenarchaeota,Thermoprotei,Sulfolobales,Sulfolobaceae,Sulfolobus,acidocaldarius,Aerobe,,Singles,respirer,inorganic,2168
Ascomycota,Sordariomycetes,Glomerellales,Plectosphaerellaceae,Verticillium,dahliae,Aerobic,,Sporulating (ascospores); reproduction also by budding,fermenter,complex_carbs_fiber,2169
Crenarchaeota,Thermoprotei,Sulfolobales,Sulfolobaceae,Sulfolobus,solfataricus,Aerobe,,Singles,respirer,inorganic,2170
Proteobacteria,Gammaproteobacteria,Vibrionales,Vibrionaceae,Vibrio,fischeri,Facultative anaerobe,,,mixed,carbohydrates,2171
Proteobacteria,Epsilonproteobacteria,Campylobacterales,Thiovulaceae,Sulfurimonas,denitrificans,Anaerobe,,Singles,fermenter,N/A,2172
Proteobacteria,Gammaproteobacteria,Vibrionales,Vibrionaceae,Vibrio,fluvialis,Aerobe,,,respirer,N/A,2173
Proteobacteria,Betaproteobacteria,Burkholderiales,Sutterellaceae,Sutterella,parvirubra,Facultative anaerobe,,,mixed,N/A,2174
Proteobacteria,Gammaproteobacteria,Vibrionales,Vibrionaceae,Vibrio,furnissii,Facultative anaerobe,,,mixed,carbohydrates,2175
Ascomycota,Dothideomycetes,Pleosporales,Phaeosphaeriaceae,Parastagonospora,nodorum,Aerobic,,Sporulating (ascospores); reproduction also by budding,N/A,organic_unspecified,2176
Proteobacteria,Betaproteobacteria,Burkholderiales,Sutterellaceae,Sutterella,wadsworthensis,Microaerophile/ anaerobe,,,mixed,carbohydrates,2177
Proteobacteria,Gammaproteobacteria,Vibrionales,Vibrionaceae,Vibrio,mimicus,Facultative anaerobe,,,mixed,carbohydrates,2178
Proteobacteria,Betaproteobacteria,Burkholderiales,Sutterellaceae,Parasutterella,excrementihominis,Facultative anaerobe,,,mixed,N/A,2179
Proteobacteria,Gammaproteobacteria,Vibrionales,Vibrionaceae,Vibrio,parahaemolyticus,Facultative anaerobe,,Singles,mixed,organic_unspecified,2180
Proteobacteria,Deltaproteobacteria,Syntrophobacterales,Syntrophobacteraceae,Syntrophobacter,fumaroxidans,Anaerobe,,Singles - Pairs,fermenter,N/A,2181
Ascomycota,Sordariomycetes,Hypocreales,Cordycipitaceae,Parengyodontium,album,Aerobe,,Sporulating,fermenter,complex_carbs_fiber,2182
Firmicutes,Clostridia,Clostridiales,Peptococcaceae,Syntrophobotulus,glycolicus,,,,N/A,N/A,2183
Proteobacteria,Gammaproteobacteria,Vibrionales,Vibrionaceae,Vibrio,vulnificus,Facultative anaerobe,,Singles,mixed,organic_unspecified,2184
Firmicutes,Tissierellia,Tissierellales,Peptoniphilaceae,Parvimonas,micra,Anaerobe,,,fermenter,carbohydrates,2185
Firmicutes,Clostridia,Clostridiales,Syntrophomonadaceae,Syntrophomonas,wolfei,Anaerobe,,Pairs - Singles,fermenter,N/A,2186
Basidiomycota,Tremellomycetes,Tremellales,Bulleribasidiaceae,Vishniacozyma,victoriae,Aerobe,,Sporulating (basidiospores)/reproduction by budding,fermenter,complex_carbs_fiber,2187
Euryarchaeota,Methanomicrobia,Methanomicrobiales,Methanospirillaceae,Methanospirillum,hungatei,Anaerobe,,Chains - Singles,fermenter,inorganic,2188
Proteobacteria,Alphaproteobacteria,Parvularculales,Parvularculaceae,Parvularcula,bermudensis,,,,N/A,N/A,2189
Firmicutes,Clostridia,Clostridiales,Syntrophomonadaceae,Syntrophothermus,lipocalidus,,,,N/A,N/A,2190
Chlorophyta,Chlorophyceae,Chlamydomonadales,Volvocaceae,Volvox,carteri,,,,N/A,N/A,2191
Euryarchaeota,Methanobacteria,Methanobacteriales,Methanobacteriaceae,Methanothermobacter,marburgensis,Obligate anaerobe,,Nonsporulating,fermenter,inorganic,2192
Firmicutes,Bacilli,Lactobacillales,Lactobacillaceae,Pediococcus,pentosaceus,Facultative anaerobe,,Tetrads,mixed,N/A,2193
Proteobacteria,Deltaproteobacteria,Syntrophobacterales,Syntrophaceae,Syntrophus,aciditrophicus,Anaerobe,,Nonsporulating,fermenter,N/A,2194
Basidiomycota,Wallemiomycetes,Wallemiales,Wallemiaceae,Wallemia,ichthyophaga,Aerobic,,Sporulating (basidiospores); reproduction also by budding,N/A,organic_unspecified,2195
Proteobacteria,Deltaproteobacteria,Desulfuromonadales,Desulfuromonadaceae,Pelobacter,carbinolicus,Anaerobe,,,fermenter,N/A,2196
Euryarchaeota,Methanococci,Methanococcales,Methanococcaceae,Methanothermococcus,okinawensis,Anaerobic,,,respirer,inorganic,2197
Basidiomycota,Wallemiomycetes,Wallemiales,Wallemiaceae,Wallemia,mellicola,Aerobic,,Sporulating (basidiospores); reproduction also by budding,N/A,organic_unspecified,2198
Nematoda,Chromadorea,Rhabditida,Oxyuridae,Syphacia,muris,,,,N/A,N/A,2199
Proteobacteria,Deltaproteobacteria,Desulfuromonadales,Desulfuromonadaceae,Pelobacter,propionicus,Anaerobe,,Singles,fermenter,N/A,2200
Euryarchaeota,Methanobacteria,Methanobacteriales,Methanothermaceae,Methanothermus,fervidus,Anaerobe,,Singles - Chains,fermenter,N/A,2201
Basidiomycota,Wallemiomycetes,Wallemiales,Wallemiaceae,Wallemia,sebi,Aerobic,,Sporulating (basidiospores); reproduction also by budding,N/A,organic_unspecified,2202
Platyhelminthes,Cestoda,Cyclophyllidea,Taeniidae,Taenia,asiatica,,,,N/A,N/A,2203
Firmicutes,Clostridia,Clostridiales,Peptococcaceae,Pelotomaculum,thermopropionicum,Anaerobe,,Sporulating,fermenter,N/A,2204
Verrucomicrobia,Methylacidiphilae,Methylacidiphilales,Methylacidiphilaceae,Methylacidiphilum,infernorum,Aerobe,,,respirer,inorganic,2205
Bacillota,Clostridia,Lachnospirales,Lachnospiraceae,Waltera,hominis,Anaerobic,,,N/A,carbohydrates,2206
Basidiomycota,Agaricomycetes,Polyporales,,Taiwanofungus,camphoratus,,,,N/A,N/A,2207
Ascomycota,Eurotiomycetes,Eurotiales,Aspergillaceae,Penicillium,aethiopicum,Aerobic,,Sporulating (ascospores); reproduction also by budding,N/A,organic_unspecified,2208
Proteobacteria,Betaproteobacteria,Burkholderiales,,Methylibium,petroleiphilum,Facultative aerobe,,,mixed,c1_compounds,2209
Ascomycota,Saccharomycetes,Saccharomycetales,Phaffomycetaceae,Wickerhamomyces,anomalus,Aerobe/facultative anaerobe,,Sporulating (ascospores)/reproduction by budding,mixed,complex_carbs_fiber,2210
Ascomycota,Eurotiomycetes,Eurotiales,Trichocomaceae,Talaromyces,marneffei,Aerobic,,Sporulating (ascospores); reproduction also by budding,respirer,organic_unspecified,2211
Ascomycota,Eurotiomycetes,Eurotiales,Aspergillaceae,Penicillium,aurantiacobrunneum,Aerobic,,Sporulating (ascospores); reproduction also by budding,N/A,organic_unspecified,2212
Ascomycota,Saccharomycetes,Saccharomycetales,Phaffomycetaceae,Wickerhamomyces,ciferrii,Aerobe,,Sporulating (ascospores)/reproduction by budding,respirer,organic_unspecified,2213
Ascomycota,Eurotiomycetes,Eurotiales,Trichocomaceae,Talaromyces,pinophilus,,,,N/A,N/A,2214
Proteobacteria,Betaproteobacteria,Nitrosomonadales,Methylophilaceae,Methylobacillus,flagellatus,Aerobe,,,respirer,N/A,2215
Ascomycota,Eurotiomycetes,Eurotiales,Aspergillaceae,Penicillium,aurantiogriseum,Aerobic,,Sporulating (ascospores); reproduction also by budding,N/A,organic_unspecified,2216
Proteobacteria,Gammaproteobacteria,Enterobacterales,Erwiniaceae,Wigglesworthia,glossinidia,Na,,,N/A,N/A,2217
Ascomycota,Eurotiomycetes,Eurotiales,Trichocomaceae,Talaromyces,stipitatus,Aerobic,,Sporulating (ascospores); reproduction also by budding,fermenter,complex_carbs_fiber,2218
Proteobacteria,Gammaproteobacteria,Methylococcales,Methylococcaceae,Methylobacter,tundripaludum,,,,N/A,N/A,2219
Ascomycota,Eurotiomycetes,Eurotiales,Aspergillaceae,Penicillium,brevicompactum,Aerobic,,Sporulating (ascospores); reproduction also by budding,N/A,organic_unspecified,2220
Actinobacteria,Actinobacteria,Actinomycetales,Actinomycetaceae,Winkia,neuii,,,,N/A,N/A,2221
Ascomycota,Eurotiomycetes,Eurotiales,Trichocomaceae,Talaromyces,verruculosus,,,,N/A,N/A,2222
Proteobacteria,Alphaproteobacteria,Rhizobiales,Methylobacteriaceae,Methylobacterium,mesophilicum,Aerobe,,,respirer,N/A,2223
Ascomycota,Eurotiomycetes,Eurotiales,Aspergillaceae,Penicillium,camemberti,Aerobic,,Sporulating (ascospores); reproduction also by budding,fermenter,organic_unspecified,2224
Nematoda,Chromadorea,Rhabditida,Onchocercidae,Wuchereria,bancrofti,,,,N/A,N/A,2225
Bacteroidetes,Bacteroidia,Bacteroidales,Porphyromonadaceae,Tannerella,forsythia,Anaerobe,,,fermenter,carbohydrates,2226
Proteobacteria,Alphaproteobacteria,Rhizobiales,Methylobacteriaceae,Methylobacterium,nodulans,Aerobe,,Pairs - Singles,respirer,c1_compounds,2227
Ascomycota,Eurotiomycetes,Eurotiales,Aspergillaceae,Penicillium,chrysogenum,Aerobic,,Sporulating (ascospores); reproduction also by budding,N/A,organic_unspecified,2228
Proteobacteria,Alphaproteobacteria,Rhizobiales,Xanthobacteraceae,Xanthobacter,autotrophicus,Aerobe,,,respirer,c1_compounds,2229
Proteobacteria,Alphaproteobacteria,Rhizobiales,Methylobacteriaceae,Methylobacterium,populi,Aerobe,,Pairs - Singles,respirer,c1_compounds,2230
Proteobacteria,Gammaproteobacteria,Enterobacterales,Erwiniaceae,Tatumella,ptyseos,Facultative anaerobe,,,mixed,N/A,2231
Proteobacteria,Gammaproteobacteria,Xanthomonadales,Xanthomonadaceae,Xanthomonas,campestris,Aerobe,,,respirer,N/A,2232
Proteobacteria,Alphaproteobacteria,Rhizobiales,Methylobacteriaceae,Methylobacterium,radiotolerans,Aerobe,,Pairs - Singles,respirer,c1_compounds,2233
Ascomycota,Sordariomycetes,Xylariales,Xylariaceae,Xylaria,feejeensis,,,,N/A,N/A,2234
Proteobacteria,Alphaproteobacteria,Rhizobiales,Beijerinckiaceae,Methylocella,silvestris,Aerobe,,,respirer,c1_compounds,2235
Proteobacteria,Gammaproteobacteria,Xanthomonadales,Xanthomonadaceae,Xylella,fastidiosa,Aerobe,,,respirer,N/A,2236
Proteobacteria,Gammaproteobacteria,Methylococcales,Methylococcaceae,Methylococcus,capsulatus,Aerobe,,,respirer,N/A,2237
Ascomycota,Xylonomycetes,Xylonales,Xylonaceae,Xylona,heveae,Aerobe,,Sporulating,fermenter,complex_carbs_fiber,2238
Proteobacteria,Alphaproteobacteria,Rhizobiales,Methylobacteriaceae,Methylorubrum,extorquens,,,,N/A,N/A,2239
Firmicutes,Clostridia,Clostridiales,Peptostreptococcaceae,Terrisporobacter,glycolicus,Obligate anaerobe,,,fermenter,carbohydrates,2240
Ascomycota,Saccharomycetes,Saccharomycetales,Debaryomycetaceae,Yamadazyma,tenuis,Aerobe,,Sporulating,fermenter,complex_carbs_fiber,2241
Proteobacteria,Alphaproteobacteria,Rhizobiales,Methylobacteriaceae,Methylorubrum,populi,,,,N/A,N/A,2242
Ascomycota,Saccharomycetes,Saccharomycetales,Dipodascaceae,Yarrowia,lipolytica,Aerobe/facultative anaerobe,,Sporulating,mixed,organic_unspecified,2243
Ciliophora,Oligohymenophorea,Hymenostomatida,Tetrahymenidae,Tetrahymena,thermophila,,,,N/A,N/A,2244
Proteobacteria,Alphaproteobacteria,Rhizobiales,Methylocystaceae,Methylosinus,trichosporium,,,,N/A,N/A,2245
Proteobacteria,Gammaproteobacteria,Enterobacterales,Yersiniaceae,Yersinia,bercovieri,Facultative anaerobe,,,mixed,N/A,2246
Proteobacteria,Betaproteobacteria,Nitrosomonadales,Sterolibacteriaceae,Methyloversatilis,universalis,Anaerobe,,,fermenter,N/A,2247
Ascomycota,Saccharomycetes,Saccharomycetales,Saccharomycetaceae,Tetrapisispora,blattae,Aerobic,,Sporulating (ascospores); reproduction also by budding,fermenter,complex_carbs_fiber,2248
Proteobacteria,Gammaproteobacteria,Enterobacteriales,Enterobacteriaceae,Yersinia,enterocolitica,Facultative anaerobe,,Singles,mixed,organic_unspecified,2249
Ascomycota,Saccharomycetes,Saccharomycetales,Metschnikowiaceae,Metschnikowia,bicuspidata,Aerobe,,Sporulating (ascospores),fermenter,complex_carbs_fiber,2250
Proteobacteria,Gammaproteobacteria,Enterobacterales,Yersiniaceae,Yersinia,frederiksenii,Facultative anaerobe,,,mixed,N/A,2251
Ascomycota,Saccharomycetes,Saccharomycetales,Debaryomycetaceae,Meyerozyma,guilliermondii,Aerobe/facultative anaerobe,,Sporulating,mixed,complex_carbs_fiber,2252
Proteobacteria,Gammaproteobacteria,Enterobacterales,Yersiniaceae,Yersinia,kristensenii,Aerobe,,,respirer,N/A,2253
Ascomycota,Saccharomycetes,Saccharomycetales,Debaryomycetaceae,Teunomyces,kruisii,Aerobe,,Sporulating,fermenter,carbohydrates,2254
Actinobacteria,Actinobacteria,Micrococcales,Microbacteriaceae,Microbacterium,gubbeenense,Facultative anaerobe,,,mixed,carbohydrates,2255
Proteobacteria,Gammaproteobacteria,Enterobacterales,Yersiniaceae,Yersinia,pestis,Facultative anaerobe,,Singles,mixed,organic_unspecified,2256
Ascomycota,Saccharomycetes,Saccharomycetales,Debaryomycetaceae,Teunomyces,sake,Aerobe/facultative anaerobe,,Sporulating,mixed,organic_unspecified,2257
Actinobacteria,Actinobacteria,Micrococcales,Microbacteriaceae,Microbacterium,oleivorans,Aerobe,,,mixed,carbohydrates,2258
Proteobacteria,Gammaproteobacteria,Enterobacteriales,Enterobacteriaceae,Yersinia,pseudotuberculosis,Facultative anaerobe,,Singles,mixed,organic_unspecified,2259
Proteobacteria,Betaproteobacteria,Rhodocyclales,Zoogloeaceae,Thauera,aromatica,,,,N/A,N/A,2260
Actinobacteria,Actinobacteria,Micrococcales,Microbacteriaceae,Microbacterium,paraoxydans,Aerobe,,,mixed,carbohydrates,2261
Proteobacteria,Gammaproteobacteria,Enterobacterales,Yersiniaceae,Yersinia,rohdei,Obligate anaerobe,,,fermenter,carbohydrates,2262
Actinobacteria,Actinobacteria,Streptosporangiales,Streptosporangiaceae,Microbispora,rosea,,,,N/A,N/A,2263
Proteobacteria,Gammaproteobacteria,Enterobacterales,Enterobacteriaceae,Yokenella,regensburgei,Facultative anaerobe,,,mixed,carbohydrates,2264
Basidiomycota,Microbotryomycetes,Microbotryales,Microbotryaceae,Microbotryum,lychnidis-dioicae,Aerobe,,Sporulating (basidiospores)/reproduction by budding,respirer,organic_unspecified,2265
Ascomycota,Saccharomycetes,Saccharomycetales,Saccharomycetaceae,Zygosaccharomyces,parabailii,Aerobe/facultative anaerobe,,Sporulating (ascospores)/reproduction by budding,mixed,organic_unspecified,2266
Actinobacteria,Actinobacteria,Micrococcales,Micrococcaceae,Micrococcus,luteus,Aerobe,,Tetrads,respirer,N/A,2267
Proteobacteria,Alphaproteobacteria,Sphingomonadales,Sphingomonadaceae,Zymomonas,mobilis,,,,N/A,N/A,2268
Cyanobacteria,,Chroococcales,Microcystaceae,Microcystis,aeruginosa,,,,N/A,N/A,2269
Cyanobacteria,,Chroococcales,Microcystaceae,Microcystis,viridis,,,,N/A,N/A,2270
Nematoda,Chromadorea,Rhabditida,Thelaziidae,Thelazia,callipaeda,,,,N/A,N/A,2271
Actinobacteria,Actinobacteria,Actinomycetales,Micromonosporaceae,Micromonospora,aurantiaca,Aerobe,,Sporulating,respirer,N/A,2272
Actinobacteria,Actinobacteria,Streptosporangiales,Nocardiopsaceae,Thermobifida,fusca,Aerobe,,Sporulating,respirer,complex_carbs_fiber,2273
Actinobacteria,Actinobacteria,Micromonosporales,Micromonosporaceae,Micromonospora,chalcea,,,,N/A,N/A,2274
Euryarchaeota,Thermococci,Thermococcales,Thermococcaceae,Thermococcus,barophilus,,,,N/A,N/A,2275
Actinobacteria,Actinobacteria,Micromonosporales,Micromonosporaceae,Micromonospora,,,,,N/A,N/A,2276
Euryarchaeota,Thermococci,Thermococcales,Thermococcaceae,Thermococcus,gammatolerans,Anaerobe,,Nonsporulating,fermenter,N/A,2277
Ascomycota,Eurotiomycetes,Onygenales,Arthrodermataceae,Microsporum,canis,Aerobe,,Sporulating,respirer,organic_unspecified,2278
Euryarchaeota,Thermococci,Thermococcales,Thermococcaceae,Thermococcus,onnurineus,Anaerobe,,Nonsporulating,fermenter,organic_unspecified,2279
Actinobacteria,Actinobacteria,Streptosporangiales,Streptosporangiaceae,Microtetraspora,glauca,,,,N/A,N/A,2280
Euryarchaeota,Thermococci,Thermococcales,Thermococcaceae,Thermococcus,sibiricus,Anaerobic,,Nonsporulating,N/A,N/A,2281
Proteobacteria,Betaproteobacteria,Neisseriales,Chromobacteriaceae,Microvirgula,aerodenitrificans,,,,N/A,N/A,2282
Nitrospirae,Nitrospira,Nitrospirales,Nitrospiraceae,Thermodesulfovibrio,yellowstonii,,,Nonsporulating,N/A,N/A,2283
Ascomycota,Saccharomycetes,Saccharomycetales,Debaryomycetaceae,Millerozyma,farinosa,Aerobe,,Sporulating,fermenter,complex_carbs_fiber,2284
Actinobacteria,Actinobacteria,Streptosporangiales,Thermomonosporaceae,Thermomonospora,curvata,Aerobic,,Filaments,N/A,complex_carbs_fiber,2285
Microsporidia,,,,Mitosporidium,daphniae,Anaerobe,,Sporulating,fermenter,organic_unspecified,2286
Euryarchaeota,Thermoplasmata,Thermoplasmatales,Thermoplasmataceae,Thermoplasma,acidophilum,Facultative anaerobe,,Nonsporulating,mixed,N/A,2287
Firmicutes,Negativicutes,Selenomonadales,Selenomonadaceae,Mitsuokella,jalaludinii,Anaerobe,,,fermenter,carbohydrates,2288
Ascomycota,Sordariomycetes,Sordariales,Chaetomiaceae,Thermothelomyces,thermophilus,Aerobe,,Sporulating,fermenter,complex_carbs_fiber,2289
Actinobacteria,Actinobacteria,Actinomycetales,Actinomycetaceae,Mobiluncus,curtisii,Anaerobe,,,fermenter,N/A,2290
Ascomycota,Sordariomycetes,Sordariales,Chaetomiaceae,Thermothielavioides,terrestris,Aerobe,,Sporulating,fermenter,complex_carbs_fiber,2291
Basidiomycota,Ustilaginomycetes,Ustilaginales,Ustilaginaceae,Moesziomyces,antarcticus,Aerobic,,Sporulating (basidiospores); reproduction also by budding,fermenter,complex_carbs_fiber,2292
Basidiomycota,Ustilaginomycetes,Ustilaginales,Ustilaginaceae,Moesziomyces,aphidis,Aerobic,,Sporulating (basidiospores); reproduction also by budding,fermenter,complex_carbs_fiber,2293
Firmicutes,Clostridia,Clostridiales,Clostridiales Family XIII. Incertae Sedis,Mogibacterium,timidum,Anaerobe,,,fermenter,carbohydrates,2294
Thermotogae,Thermotogae,Thermotogales,Thermotogaceae,Thermotoga,maritima,Anaerobe,,,fermenter,N/A,2295
Thermotogae,Thermotogae,Thermotogales,Thermotogaceae,Thermotoga,neapolitana,Microaerophilic,,Nonsporulating,N/A,organic_unspecified,2296
Deinococcus-thermus,Deinococci,Thermales,Thermaceae,Thermus,thermophilus,Aerobe,,,respirer,N/A,2297
Proteobacteria,Betaproteobacteria,Nitrosomonadales,Thiobacillaceae,Thiobacillus,denitrificans,Aerobe,,Nonsporulating,respirer,inorganic,2298
Basidiomycota,Exobasidiomycetes,Tilletiales,Tilletiaceae,Tilletia,indica,Aerobic,,Sporulating (basidiospores); reproduction also by budding,fermenter,complex_carbs_fiber,2299
Chytridiomycota,Monoblepharidomycetes,Monoblepharidales,Monoblepharidaceae,Monoblepharis,insignis,Aerobic,,Sporulating,fermenter,complex_carbs_fiber,2300
Basidiomycota,Exobasidiomycetes,Georgefischeriales,Tilletiariaceae,Tilletiaria,anomala,Aerobic,,Sporulating (basidiospores); reproduction also by budding,fermenter,complex_carbs_fiber,2301
Ascomycota,Sordariomycetes,Xylariales,Hyponectriaceae,Monographella,nivalis,Aerobe,,Sporulating,fermenter,complex_carbs_fiber,2302
Proteobacteria,Alphaproteobacteria,Rhodospirillales,Rhodospirillaceae,Tistrella,mobilis,,,,N/A,N/A,2303
Firmicutes,Clostridia,Thermoanaerobacterales,Thermoanaerobacteraceae,Moorella,thermoacetica,Anaerobe,,Sporulating,fermenter,N/A,2304
Bacteroidota,Bacteroidia,Bacteroidales,Muribaculaceae,Tomasiella,immunophila,Anaerobic,,,fermenter,carbohydrates,2305
Cyanobacteria,,Oscillatoriales,Oscillatoriaceae,Moorena,producens,,,,N/A,N/A,2306
Ascomycota,Saccharomycetes,Saccharomycetales,Saccharomycetaceae,Torulaspora,delbrueckii,Aerobe/facultative anaerobe,,Sporulating (ascospores)/reproduction by budding,mixed,organic_unspecified,2307
Proteobacteria,Gammaproteobacteria,Pseudomonadales,Moraxellaceae,Moraxella,catarrhalis,Aerobe,,,respirer,N/A,2308
Ascomycota,Dothideomycetes,Cladosporiales,Cladosporiaceae,Toxicocladosporium,strelitziae,Aerobe,,Sporulating,respirer,organic_unspecified,2309
Mucoromycota,Mucoromycetes,Mucorales,Mucoraceae,Mucor,fuscus,Aerobic,,Sporulating,fermenter,complex_carbs_fiber,2310
Nematoda,Chromadorea,Rhabditida,Toxocaridae,Toxocara,canis,,,,N/A,N/A,2311
Mucoromycota,Mucoromycetes,Mucorales,Mucoraceae,Mucor,racemosus,Aerobic,,Sporulating,fermenter,complex_carbs_fiber,2312
Proteobacteria,Gammaproteobacteria,Enterobacterales,Enterobacteriaceae,Trabulsiella,guamensis,Facultative anaerobe,,,mixed,N/A,2313
Ascomycota,Sordariomycetes,Sordariales,Chaetomiaceae,Myceliophthora,lutea,,,,N/A,N/A,2314
Basidiomycota,Agaricomycetes,Polyporales,Polyporaceae,Trametes,versicolor,Aerobic,,Sporulating (basidiospores); reproduction also by budding,fermenter,complex_carbs_fiber,2315
Actinobacteria,Actinobacteria,Corynebacteriales,Mycobacteriaceae,Mycobacterium,avium,Microaerophile,,Singles,respirer,organic_unspecified,2316
Basidiomycota,Tremellomycetes,Tremellales,Tremellaceae,Tremella,mesenterica,Aerobic,,Sporulating (basidiospores); reproduction also by budding,fermenter,complex_carbs_fiber,2317
Actinobacteria,Actinobacteria,Actinomycetales,Mycobacteriaceae,Mycobacterium,fortuitum,Microaerophile,,,respirer,N/A,2318
Spirochaetes,Spirochaetes,Spirochaetales,Spirochaetaceae,Treponema,denticola,Anaerobe,,Singles,fermenter,N/A,2319
Actinobacteria,Actinobacteria,Corynebacteriales,Mycobacteriaceae,Mycobacterium,leprae,Aerobe,,Singles,respirer,organic_unspecified,2320
Spirochaetes,Spirochaetia,Spirochaetales,Spirochaetaceae,Treponema,pallidum,,,,N/A,N/A,2321
Actinobacteria,Actinobacteria,Corynebacteriales,Mycobacteriaceae,Mycobacterium,tuberculosis,Aerobic,,Singles,N/A,organic_unspecified,2322
Platyhelminthes,Trematoda,Strigeidida,Schistosomatidae,Trichobilharzia,regenti,,,,N/A,N/A,2323
Actinobacteria,Actinobacteria,Corynebacteriales,Mycobacteriaceae,Mycobacterium,ulcerans,Aerobe,,Singles,respirer,organic_unspecified,2324
Ascomycota,Sordariomycetes,Hypocreales,Hypocreaceae,Trichoderma,atroviride,Aerobic,,Sporulating (ascospores); reproduction also by budding,fermenter,complex_carbs_fiber,2325
Actinobacteria,Actinobacteria,Corynebacteriales,Mycobacteriaceae,Mycobacteroides,chelonae,,,,N/A,N/A,2326
Ascomycota,Sordariomycetes,Hypocreales,Hypocreaceae,Trichoderma,gamsii,Aerobic,,Sporulating (ascospores); reproduction also by budding,fermenter,complex_carbs_fiber,2327
Actinobacteria,Actinobacteria,Corynebacteriales,Mycobacteriaceae,Mycolicibacterium,fortuitum,,,,N/A,N/A,2328
Ascomycota,Sordariomycetes,Hypocreales,Hypocreaceae,Trichoderma,longibrachiatum,Aerobic,,Sporulating (ascospores); reproduction also by budding,N/A,organic_unspecified,2329
Tenericutes,Mollicutes,Mycoplasmatales,Mycoplasmataceae,Mycoplasma,agalactiae,Facultative,,Singles,mixed,N/A,2330
Ascomycota,Sordariomycetes,Hypocreales,Hypocreaceae,Trichoderma,reesei,Aerobic,,Sporulating (ascospores); reproduction also by budding,fermenter,complex_carbs_fiber,2331
Tenericutes,Mollicutes,Mycoplasmatales,Mycoplasmataceae,Mycoplasma,alligatoris,,,,N/A,N/A,2332
Ascomycota,Eurotiomycetes,Onygenales,Arthrodermataceae,Trichophyton,rubrum,Aerobe,,Sporulating,respirer,organic_unspecified,2333
Tenericutes,Mollicutes,Mycoplasmatales,Mycoplasmataceae,Mycoplasma,arthritidis,Facultative,,Singles,mixed,N/A,2334
Basidiomycota,Tremellomycetes,Trichosporonales,Trichosporonaceae,Trichosporon,asahii,Aerobic,,Sporulating (basidiospores); reproduction also by budding,N/A,organic_unspecified,2335
Tenericutes,Mollicutes,Mycoplasmatales,Mycoplasmataceae,Mycoplasma,bovis,,,,N/A,N/A,2336
Basidiomycota,Tremellomycetes,Trichosporonales,Trichosporonaceae,Trichosporon,coremiiforme,Aerobic,,Sporulating (basidiospores); reproduction also by budding,fermenter,complex_carbs_fiber,2337
Tenericutes,Mollicutes,Mycoplasmatales,Mycoplasmataceae,Mycoplasma,capricolum,Facultative aerobe,,Singles,mixed,N/A,2338
Basidiomycota,Agaricomycetes,Agaricales,Porotheleaceae,Trogia,venenata,Aerobic,,Sporulating (basidiospores); reproduction also by budding,fermenter,complex_carbs_fiber,2339
Tenericutes,Mollicutes,Mycoplasmatales,Mycoplasmataceae,Mycoplasma,conjunctivae,,,,N/A,N/A,2340
Actinobacteria,Actinobacteria,Micrococcales,Tropherymataceae,Tropheryma,whipplei,Aerobe,,,fermenter,N/A,2341
Tenericutes,Mollicutes,Mycoplasmatales,Mycoplasmataceae,Mycoplasma,crocodyli,,,,N/A,N/A,2342
Actinobacteria,Actinobacteria,Actinomycetales,Actinomycetaceae,Trueperella,pyogenes,Facultative anaerobe,,,mixed,carbohydrates,2343
Tenericutes,Mollicutes,Mycoplasmatales,Mycoplasmataceae,Mycoplasma,fermentans,,,,N/A,N/A,2344
Euglenozoa,Kinetoplastea,Trypanosomatida,Trypanosomatidae,Trypanosoma,brucei,,,,N/A,N/A,2345
Tenericutes,Mollicutes,Mycoplasmatales,Mycoplasmataceae,Mycoplasma,gallisepticum,Facultative,,Singles,mixed,N/A,2346
Firmicutes,Erysipelotrichia,Erysipelotrichales,Erysipelotrichaceae,Turicibacter,sanguinis,,,,N/A,N/A,2347
Tenericutes,Mollicutes,Mycoplasmatales,Mycoplasmataceae,Mycoplasma,genitalium,Facultative anaerobe,,Singles,mixed,N/A,2348
Firmicutes,Clostridia,Clostridiales,Lachnospiraceae,Tyzzerella,nexilis,Obligate anaerobe,,,fermenter,carbohydrates,2349
Tenericutes,Mollicutes,Mycoplasmatales,Mycoplasmataceae,Mycoplasma,haemofelis,,,,N/A,N/A,2350
Ascomycota,Eurotiomycetes,Onygenales,Onygenaceae,Uncinocarpus,reesii,Aerobe,,Sporulating,fermenter,complex_carbs_fiber,2351
Tenericutes,Mollicutes,Mycoplasmatales,Mycoplasmataceae,Mycoplasma,hominis,Anaerobe,,,fermenter,N/A,2352
Proteobacteria,Betaproteobacteria,Burkholderiales,unclassified Burkholderiales,Unclassified Burkholderiales,bacterium,Anaerobe,,,fermenter,N/A,2353
Tenericutes,Mollicutes,Mycoplasmatales,Mycoplasmataceae,Mycoplasma,hyopneumoniae,Facultative anaerobe,,Singles,mixed,N/A,2354
Firmicutes,Clostridia,Clostridiales,unclassified Clostridiales,Unclassified Clostridiales,bacterium,Obligate anaerobe,,,fermenter,N/A,2355
Tenericutes,Mollicutes,Mycoplasmatales,Mycoplasmataceae,Mycoplasma,leachii,,,,N/A,N/A,2356
Firmicutes,Clostridia,Clostridiales,unclassified Clostridiales,Unclassified Clostridiales,pectinophilus,Obligate anaerobe,,,fermenter,carbohydrates,2357
Tenericutes,Mollicutes,Mycoplasmatales,Mycoplasmataceae,Mycoplasma,mobile,Facultative,,Singles,mixed,N/A,2358
Proteobacteria,Gammaproteobacteria,Enterobacteriales,Enterobacteriaceae,Unclassified Enterobacteriaceae,bacterium 9_2_54faa,Aerobe,,,respirer,N/A,2359
Tenericutes,Mollicutes,Mycoplasmatales,Mycoplasmataceae,Mycoplasma,mycoides,Facultative anaerobe,,Singles,mixed,N/A,2360
Firmicutes,Erysipelotrichia,Erysipelotrichales,Erysipelotrichaceae,Unclassified Erysipelotrichaceae,bacterium 3_1_53,Anaerobe,,,fermenter,N/A,2361
Firmicutes,Erysipelotrichia,Erysipelotrichales,Erysipelotrichaceae,Unclassified Erysipelotrichaceae,bacterium 5_2_54faa,Anaerobe,,,fermenter,N/A,2362
Tenericutes,Mollicutes,Mycoplasmatales,Mycoplasmataceae,Mycoplasma,orale,,,,N/A,N/A,2363
Tenericutes,Mollicutes,Mycoplasmatales,Mycoplasmataceae,Mycoplasma,parvum,,,,N/A,N/A,2364
Tenericutes,Mollicutes,Mycoplasmatales,Mycoplasmataceae,Mycoplasma,penetrans,Facultative,,Singles,mixed,N/A,2365
Tenericutes,Mollicutes,Mycoplasmatales,Mycoplasmataceae,Mycoplasma,pneumoniae,Anaerobe,,Singles,fermenter,N/A,2366
Ascomycota,Eurotiomycetes,Eurotiales,Aspergillaceae,Penicillium,citreonigrum,Aerobic,,Sporulating (ascospores); reproduction also by budding,N/A,organic_unspecified,2367
Ascomycota,Eurotiomycetes,Eurotiales,Aspergillaceae,Penicillium,citrinum,Aerobic,,Sporulating (ascospores); reproduction also by budding,N/A,organic_unspecified,2368
Ascomycota,Eurotiomycetes,Eurotiales,Aspergillaceae,Penicillium,concentricum,Aerobic,,Sporulating (ascospores); reproduction also by budding,N/A,organic_unspecified,2369
Ascomycota,Eurotiomycetes,Eurotiales,Aspergillaceae,Penicillium,cyclopium,Aerobic,,Sporulating (ascospores); reproduction also by budding,N/A,organic_unspecified,2370
Ascomycota,Eurotiomycetes,Eurotiales,Aspergillaceae,Penicillium,digitatum,Aerobic,,Sporulating (ascospores); reproduction also by budding,fermenter,complex_carbs_fiber,2371
Ascomycota,Eurotiomycetes,Eurotiales,Aspergillaceae,Penicillium,expansum,Aerobic,,Sporulating (ascospores); reproduction also by budding,fermenter,complex_carbs_fiber,2372
Ascomycota,Eurotiomycetes,Eurotiales,Aspergillaceae,Penicillium,fellutanum,Aerobic,,Sporulating (ascospores); reproduction also by budding,N/A,organic_unspecified,2373
Ascomycota,Eurotiomycetes,Eurotiales,Aspergillaceae,Penicillium,janczewskii,Aerobic,,Sporulating (ascospores); reproduction also by budding,N/A,organic_unspecified,2374
Ascomycota,Eurotiomycetes,Eurotiales,Aspergillaceae,Penicillium,lanosum,Aerobic,,Sporulating (ascospores); reproduction also by budding,N/A,organic_unspecified,2375
Ascomycota,Eurotiomycetes,Eurotiales,Aspergillaceae,Penicillium,miczynskii,Aerobic,,Sporulating (ascospores); reproduction also by budding,N/A,organic_unspecified,2376
Ascomycota,Eurotiomycetes,Eurotiales,Aspergillaceae,Penicillium,nordicum,Aerobic,,Sporulating (ascospores); reproduction also by budding,fermenter,complex_carbs_fiber,2377
Ascomycota,Eurotiomycetes,Eurotiales,Aspergillaceae,Penicillium,restrictum,Aerobic,,Sporulating (ascospores); reproduction also by budding,N/A,organic_unspecified,2378
Ascomycota,Eurotiomycetes,Eurotiales,Aspergillaceae,Penicillium,roqueforti,Aerobic,,Sporulating (ascospores); reproduction also by budding,N/A,amino_acids_proteins,2379
