id	kingdom	phylum	class_name	order_name	family	genus	species	genus_key	species_key	scientific_name	taxonomic_rank	ncbi_tax_id	gram_stain	oxygen_requirement	ph_preference	sporulation	energy_mode	primary_food_source	created_at	updated_at
1	NULL	Bacillota	Clostridia	Eubacteriales	Clostridiaceae	Clostridium	aminophilum	clostridium	aminophilum	Clostridium aminophilum	species	NULL	NULL	anaerobe	alkaliphile	1	N/A	N/A	2026-06-19 10:03:02	2026-06-19 10:03:02
2	NULL	Pseudomonadota	Gammaproteobacteria	Enterobacterales	Enterobacteriaceae	Enterobacter	aerogenes	enterobacter	aerogenes	Enterobacter aerogenes	species	NULL	NULL	aerobe	alkaliphile	0	mixed	N/A	2026-06-19 10:03:02	2026-06-19 10:03:02
3	Eubacteria	Actinomycetota	Actinomycetes	Bifidobacteriales	Bifidobacteriaceae	Bifidobacterium	longum	bifidobacterium	longum	Bifidobacterium longum	species	1322347	Positive	anaerobe	acidophile	0	fermenter	carbohydrates	2026-06-19 10:03:02	2026-06-19 10:03:04
4	Eubacteria	Actinomycetota	Actinomycetes	Micrococcales	Micrococcaceae	Arthrobacter	castelli	arthrobacter	castelli	Arthrobacter castelli	species	1121019	Positive	aerobe	alkaliphile	0	mixed	carbohydrates	2026-06-19 10:03:02	2026-06-19 10:03:05
5	NULL	Pseudomonadota	Betaproteobacteria	Burkholderiales	Comamonadaceae	Comamonas		comamonas		Comamonas	genus	NULL	NULL	aerobe	alkaliphile	0	N/A	N/A	2026-06-19 10:03:02	2026-06-19 10:03:02
6	NULL	Bacteroidota	Bacteroidia	Bacteroidales	Bacteroidaceae	Bacteroides	acidifaciens	bacteroides	acidifaciens	Bacteroides acidifaciens	species	NULL	NULL	anaerobe	alkaliphile	0	N/A	N/A	2026-06-19 10:03:02	2026-06-19 10:03:02
7	Eubacteria	Actinomycetota	Actinomycetes	Bifidobacteriales	Bifidobacteriaceae	Bifidobacterium	adolescentis	bifidobacterium	adolescentis	Bifidobacterium adolescentis	species	1437612	Positive	anaerobe	acidophile	0	fermenter	carbohydrates	2026-06-19 10:03:02	2026-06-19 10:03:04
8	NULL	Bacteroidota	Bacteroidia	Bacteroidales	Bacteroidaceae	Bacteroides	plebeius	bacteroides	plebeius	Bacteroides plebeius	species	NULL	NULL	anaerobe	alkaliphile	0	N/A	N/A	2026-06-19 10:03:02	2026-06-19 10:03:02
9	Eubacteria	Bacillota	Clostridia	Eubacteriales	Oscillospiraceae	Ruminococcus	flavefaciens	ruminococcus	flavefaciens	Ruminococcus flavefaciens	species	1265	Positive	anaerobe	NULL	0	fermenter	carbohydrates	2026-06-19 10:03:02	2026-06-19 10:03:04
10	Eubacteria	Bacteroidota	Bacteroidia	Bacteroidales	Bacteroidaceae	Bacteroides	eggerthii	bacteroides	eggerthii	Bacteroides eggerthii	species	28111	Negative	anaerobe	alkaliphile	0	fermenter	carbohydrates	2026-06-19 10:03:02	2026-06-19 10:03:04
11	NULL	Mycoplasmatota	Mollicutes	Acholeplasmatales	Acholeplasmataceae	Acholeplasma		acholeplasma		Acholeplasma	genus	NULL	NULL	facultative anaerobe	NULL	NULL	N/A	N/A	2026-06-19 10:03:02	2026-06-19 10:03:02
12	NULL	Chlorobiota	Chlorobiia	Chlorobiales	Chloroherpetonaceae	Chloroherpeton		chloroherpeton		Chloroherpeton	genus	NULL	NULL	NULL	NULL	NULL	N/A	N/A	2026-06-19 10:03:02	2026-06-19 10:03:02
13	NULL	Bacillota	Negativicutes	Acidaminococcales	Acidaminococcaceae	Phascolarctobacterium		phascolarctobacterium		Phascolarctobacterium	genus	NULL	NULL	anaerobe	NULL	0	N/A	N/A	2026-06-19 10:03:02	2026-06-19 10:03:02
14	NULL	Spirochaetota	Spirochaetia	Spirochaetales	Treponemataceae	Treponema		treponema		Treponema	genus	NULL	NULL	anaerobe	NULL	NULL	N/A	N/A	2026-06-19 10:03:02	2026-06-19 10:03:02
15	Eubacteria	Actinomycetota	Coriobacteriia	Coriobacteriales	Coriobacteriaceae	Collinsella	aerofaciens	collinsella	aerofaciens	Collinsella aerofaciens	species	411903	Positive	anaerobe	NULL	0	fermenter	carbohydrates	2026-06-19 10:03:02	2026-06-19 10:03:04
16	Eubacteria	Bacillota	Clostridia	Lachnospirales	Lachnospiraceae	Blautia	producta	blautia	producta	Blautia producta	species	1121114	Positive	anaerobe	NULL	0	fermenter	carbohydrates	2026-06-19 10:03:02	2026-06-19 10:03:04
17	Eubacteria	Bacillota	Clostridia	Eubacteriales	Oscillospiraceae	Faecalibacterium	prausnitzii	faecalibacterium	prausnitzii	Faecalibacterium prausnitzii	species	411483	Structurally positive but stains negative	anaerobe	NULL	NULL	fermenter	carbohydrates	2026-06-19 10:03:02	2026-06-19 10:03:04
18	NULL	Bacillota	Clostridia	Eubacteriales	Oscillospiraceae	Oscillospira	guilliermondii	oscillospira	guilliermondii	Oscillospira guilliermondii	species	NULL	NULL	NULL	NULL	NULL	N/A	N/A	2026-06-19 10:03:02	2026-06-19 10:03:02
19	Eubacteria	Campylobacterota	Epsilonproteobacteria	Campylobacterales	Helicobacteraceae	Helicobacter	pullorum	helicobacter	pullorum	Helicobacter pullorum	species	35818	Negative	microaerophile	NULL	0	mixed	carbohydrates	2026-06-19 10:03:02	2026-06-19 10:03:04
20	NULL	Cyanobacteriota	Cyanophyceae	Gloeobacterales	Gloeobacteraceae	Gloeobacter	violaceus	gloeobacter	violaceus	Gloeobacter violaceus	species	NULL	NULL	NULL	NULL	NULL	N/A	N/A	2026-06-19 10:03:02	2026-06-19 10:03:02
21	Eubacteria	Bacteroidota	Bacteroidia	Bacteroidales	Prevotellaceae	Prevotella	melaninogenica	prevotella	melaninogenica	Prevotella melaninogenica	species	28132	Negative	anaerobe	alkaliphile	0	fermenter	N/A	2026-06-19 10:03:02	2026-06-19 10:03:04
22	NULL	Lentisphaerota	Lentisphaeria	Victivallales	Victivallaceae	Victivallis	vadensis	victivallis	vadensis	Victivallis vadensis	species	NULL	NULL	anaerobe	NULL	NULL	N/A	N/A	2026-06-19 10:03:02	2026-06-19 10:03:02
23	Eubacteria	Synergistota	Synergistia	Synergistales	Dethiosulfovibrionaceae	Pyramidobacter	piscolens	pyramidobacter	piscolens	Pyramidobacter piscolens	species	352165	Negative	anaerobe	NULL	NULL	fermenter	carbohydrates	2026-06-19 10:03:02	2026-06-19 10:03:04
24	NULL	Bacillota	Clostridia	Eubacteriales	Oscillospiraceae	Ethanoligenens		ethanoligenens		Ethanoligenens	genus	NULL	NULL	anaerobe	alkaliphile	0	N/A	N/A	2026-06-19 10:03:02	2026-06-19 10:03:02
25	NULL	Bacillota	Clostridia	Eubacteriales	Eubacteriaceae	Pseudoramibacter		pseudoramibacter		Pseudoramibacter	genus	NULL	NULL	anaerobe	NULL	NULL	N/A	N/A	2026-06-19 10:03:02	2026-06-19 10:03:02
26	NULL	Bacillota	Tissierellia	Tissierellales	Tepidimicrobiaceae	Tepidimicrobium		tepidimicrobium		Tepidimicrobium	genus	NULL	NULL	anaerobe	alkaliphile	1	N/A	N/A	2026-06-19 10:03:02	2026-06-19 10:03:02
27	NULL	Bacillota	Clostridia	Lachnospirales	Lachnospiraceae	Pseudobutyrivibrio		pseudobutyrivibrio		Pseudobutyrivibrio	genus	NULL	NULL	anaerobe	NULL	NULL	N/A	N/A	2026-06-19 10:03:02	2026-06-19 10:03:02
28	NULL	Bacillota	Negativicutes	Selenomonadales	Selenomonadaceae	Anaerovibrio		anaerovibrio		Anaerovibrio	genus	NULL	NULL	anaerobe	NULL	NULL	N/A	N/A	2026-06-19 10:03:02	2026-06-19 10:03:02
29	NULL	Bacillota	Clostridia	Lachnospirales	Lachnospiraceae	Moryella	indoligenes	moryella	indoligenes	Moryella indoligenes	species	NULL	NULL	anaerobe	NULL	0	N/A	N/A	2026-06-19 10:03:02	2026-06-19 10:03:02
30	NULL	Bacillota	Clostridia	Eubacteriales	Oscillospiraceae	Ruminococcus	torques	ruminococcus	torques	Ruminococcus torques	species	NULL	NULL	anaerobe	NULL	0	N/A	N/A	2026-06-19 10:03:02	2026-06-19 10:03:02
31	Eubacteria	Bacillota	Clostridia	Eubacteriales	Oscillospiraceae	Ruminococcus	gnavus	ruminococcus	gnavus	Ruminococcus gnavus	species	33038	NULL	anaerobe	NULL	0	N/A	N/A	2026-06-19 10:03:02	2026-06-19 10:03:04
32	NULL	Arthropoda	Insecta	Phasmatodea	Bacillidae	Bacillus	muralis	bacillus	muralis	Bacillus muralis	species	NULL	NULL	aerobe	alkaliphile	1	N/A	N/A	2026-06-19 10:03:02	2026-06-19 10:03:02
33	NULL	Bacillota	Clostridia	Lachnospirales	Lachnospiraceae	Butyrivibrio		butyrivibrio		Butyrivibrio	genus	NULL	NULL	anaerobe	NULL	NULL	N/A	N/A	2026-06-19 10:03:02	2026-06-19 10:03:02
34	NULL	Bacillota	Bacilli	Lactobacillales	Carnobacteriaceae	Granulicatella		granulicatella		Granulicatella	genus	NULL	NULL	anaerobe	NULL	NULL	N/A	N/A	2026-06-19 10:03:02	2026-06-19 10:03:02
35	NULL	Bacteroidota	Bacteroidia	Bacteroidales	Odoribacteraceae	Odoribacter		odoribacter		Odoribacter	genus	NULL	NULL	anaerobe	NULL	0	N/A	N/A	2026-06-19 10:03:02	2026-06-19 10:03:02
36	Eubacteria	Bacillota	Negativicutes	Acidaminococcales	Acidaminococcaceae	Acidaminococcus		acidaminococcus		Acidaminococcus	genus	904	NULL	anaerobe	NULL	0	N/A	N/A	2026-06-19 10:03:02	2026-06-19 10:03:04
37	NULL	Bacillota	Clostridia	Peptostreptococcales	Anaerovoracaceae	Mogibacterium		mogibacterium		Mogibacterium	genus	NULL	NULL	anaerobe	NULL	0	N/A	N/A	2026-06-19 10:03:02	2026-06-19 10:03:02
38	Eubacteria	Bacillota	Clostridia	Lachnospirales	Lachnospiraceae	Marvinbryantia	formatexigens	marvinbryantia	formatexigens	Marvinbryantia formatexigens	species	168384	Positive	anaerobe	NULL	NULL	fermenter	carbohydrates	2026-06-19 10:03:02	2026-06-19 10:03:04
39	Eubacteria	Verrucomicrobiota	Verrucomicrobiia	Verrucomicrobiales	Akkermansiaceae	Akkermansia	muciniphila	akkermansia	muciniphila	Akkermansia muciniphila	species	239935	Negative	anaerobe	NULL	Pairs - Singles	fermenter	carbohydrates	2026-06-19 10:03:02	2026-06-19 10:03:04
40	NULL	Bacillota	Negativicutes	Veillonellales	Veillonellaceae	Megasphaera		megasphaera		Megasphaera	genus	NULL	NULL	anaerobe	alkaliphile	0	N/A	N/A	2026-06-19 10:03:02	2026-06-19 10:03:02
41	NULL	Bacteroidota	Sphingobacteriia	Sphingobacteriales	Sphingobacteriaceae	Pedobacter	saltans	pedobacter	saltans	Pedobacter saltans	species	NULL	NULL	aerobe	alkaliphile	0	N/A	N/A	2026-06-19 10:03:02	2026-06-19 10:03:02
42	NULL	Euryarchaeota	Methanomicrobia	Methanomicrobiales	Methanocorpusculaceae	Methanocorpusculum		methanocorpusculum		Methanocorpusculum	genus	NULL	NULL	anaerobe	NULL	NULL	N/A	N/A	2026-06-19 10:03:02	2026-06-19 10:03:02
43	Eubacteria	Bacillota	Clostridia	Eubacteriales	Oscillospiraceae	Ruminococcus	albus	ruminococcus	albus	Ruminococcus albus	species	1264	Positive	anaerobe	NULL	0	fermenter	complex_carbs_fiber	2026-06-19 10:03:02	2026-06-19 10:03:04
44	NULL	Pseudomonadota	Betaproteobacteria	Rhodocyclales	Azonexaceae	Dechloromonas		dechloromonas		Dechloromonas	genus	NULL	NULL	aerobe	NULL	NULL	N/A	N/A	2026-06-19 10:03:02	2026-06-19 10:03:02
45	NULL	Fusobacteriota	Fusobacteriia	Fusobacteriales	Fusobacteriaceae	Fusobacterium		fusobacterium		Fusobacterium	genus	NULL	NULL	anaerobe	NULL	0	N/A	N/A	2026-06-19 10:03:02	2026-06-19 10:03:02
46	NULL	Bacillota	Tissierellia	Tissierellales	Peptoniphilaceae	Peptoniphilus		peptoniphilus		Peptoniphilus	genus	NULL	NULL	anaerobe	alkaliphile	0	N/A	N/A	2026-06-19 10:03:02	2026-06-19 10:03:02
47	NULL	Bacteroidota	Bacteroidia	Bacteroidales	Prevotellaceae	Paraprevotella		paraprevotella		Paraprevotella	genus	NULL	NULL	anaerobe	NULL	0	N/A	N/A	2026-06-19 10:03:02	2026-06-19 10:03:02
48	Eubacteria	Bacteroidota	Bacteroidia	Bacteroidales	Prevotellaceae	Prevotella	copri	prevotella	copri	Prevotella copri	species	165179	Negative	anaerobe	alkaliphile	0	fermenter	carbohydrates	2026-06-19 10:03:02	2026-06-19 10:03:04
49	Eubacteria	Actinomycetota	Actinomycetes	Mycobacteriales	Corynebacteriaceae	Corynebacterium	durum	corynebacterium	durum	Corynebacterium durum	species	1035195	Positive	aerobe	alkaliphile	0	mixed	carbohydrates	2026-06-19 10:03:02	2026-06-19 10:03:05
50	NULL	Bacteroidota	Bacteroidia	Bacteroidales	Bacteroidaceae	Bacteroides	coprophilus	bacteroides	coprophilus	Bacteroides coprophilus	species	NULL	NULL	anaerobe	alkaliphile	0	fermenter	carbohydrates	2026-06-19 10:03:02	2026-06-19 10:03:02
51	NULL	Actinomycetota	Coriobacteriia	Eggerthellales	Eggerthellaceae	Slackia		slackia		Slackia	genus	NULL	NULL	anaerobe	NULL	0	N/A	N/A	2026-06-19 10:03:02	2026-06-19 10:03:02
52	NULL	Bacteroidota	Bacteroidia	Bacteroidales	Paludibacteraceae	Paludibacter		paludibacter		Paludibacter	genus	NULL	NULL	facultative anaerobe	acidophile	0	N/A	N/A	2026-06-19 10:03:02	2026-06-19 10:03:02
53	NULL	Streptophyta	Magnoliopsida	Myrtales	Onagraceae	Oenothera	berteroana	oenothera	berteroana	Oenothera berteroana	species	NULL	NULL	NULL	NULL	NULL	N/A	N/A	2026-06-19 10:03:02	2026-06-19 10:03:02
54	NULL	Arthropoda	Insecta	Lepidoptera	Geometridae	Victoria	amazonica	victoria	amazonica	Victoria amazonica	species	NULL	NULL	NULL	NULL	NULL	N/A	N/A	2026-06-19 10:03:02	2026-06-19 10:03:02
55	Eubacteria	Bacillota	Negativicutes	Selenomonadales	Selenomonadaceae	Mitsuokella	multacida	mitsuokella	multacida	Mitsuokella multacida	species	500635	Negative	anaerobe	NULL	NULL	fermenter	carbohydrates	2026-06-19 10:03:02	2026-06-19 10:03:04
56	NULL	Streptophyta	Magnoliopsida	Proteales	Nelumbonaceae	Nelumbo	nucifera	nelumbo	nucifera	Nelumbo nucifera	species	NULL	NULL	NULL	NULL	NULL	N/A	N/A	2026-06-19 10:03:02	2026-06-19 10:03:02
57	NULL	Bacillota	Clostridia	Lachnospirales	Lachnospiraceae	Anaerostipes		anaerostipes		Anaerostipes	genus	NULL	NULL	anaerobe	NULL	1	N/A	N/A	2026-06-19 10:03:02	2026-06-19 10:03:02
58	Eubacteria	Actinomycetota	Actinomycetes	Bifidobacteriales	Bifidobacteriaceae	Bifidobacterium	breve	bifidobacterium	breve	Bifidobacterium breve	species	1203540	Positive	anaerobe	acidophile	0	fermenter	carbohydrates	2026-06-19 10:03:02	2026-06-19 10:03:04
59	Eubacteria	Fibrobacterota	Fibrobacteria	Fibrobacterales	Fibrobacteraceae	Fibrobacter	succinogenes	fibrobacter	succinogenes	Fibrobacter succinogenes	species	833	Negative	Anaerobic	NULL	Singles	fermenter	complex_carbs_fiber	2026-06-19 10:03:02	2026-06-19 10:03:04
60	NULL	Bacteroidota	Sphingobacteriia	Sphingobacteriales	Sphingobacteriaceae	Olivibacter	sitiensis	olivibacter	sitiensis	Olivibacter sitiensis	species	NULL	NULL	aerobe	alkaliphile	0	N/A	N/A	2026-06-19 10:03:02	2026-06-19 10:03:02
61	NULL	Bacillota	Erysipelotrichia	Erysipelotrichales	Erysipelotrichaceae	Bulleidia	p-1630-c5	bulleidia	p-1630-c5	Bulleidia p-1630-c5	species	NULL	NULL	anaerobe	NULL	NULL	N/A	N/A	2026-06-19 10:03:02	2026-06-19 10:03:02
62	NULL	Actinomycetota	Actinomycetes	Micrococcales	Microbacteriaceae	Frigoribacterium		frigoribacterium		Frigoribacterium	genus	NULL	NULL	aerobe	alkaliphile	0	N/A	N/A	2026-06-19 10:03:02	2026-06-19 10:03:02
63	NULL	Actinomycetota	Actinomycetes	Micrococcales	Micrococcaceae	Nesterenkonia		nesterenkonia		Nesterenkonia	genus	NULL	NULL	aerobe	alkaliphile	0	N/A	N/A	2026-06-19 10:03:02	2026-06-19 10:03:02
64	Eubacteria	Bacillota	Clostridia	Lachnospirales	Lachnospiraceae	Coprococcus	catus	coprococcus	catus	Coprococcus catus	species	116085	Positive	Anaerobe	NULL	NULL	fermenter	carbohydrates	2026-06-19 10:03:02	2026-06-19 10:03:04
65	NULL	Myxococcota	Myxococcia	Myxococcales	Anaeromyxobacteraceae	Anaeromyxobacter		anaeromyxobacter		Anaeromyxobacter	genus	NULL	NULL	anaerobe	NULL	NULL	N/A	N/A	2026-06-19 10:03:02	2026-06-19 10:03:02
66	Eubacteria	Bacillota	Clostridia	Lachnospirales	Lachnospiraceae	Blautia	obeum	blautia	obeum	Blautia obeum	species	40520	Positive	anaerobe	NULL	0	fermenter	carbohydrates	2026-06-19 10:03:02	2026-06-19 10:03:04
67	NULL	Bacillota	Erysipelotrichia	Erysipelotrichales	Erysipelotrichaceae	Allobaculum		allobaculum		Allobaculum	genus	NULL	NULL	anaerobe	NULL	NULL	N/A	N/A	2026-06-19 10:03:02	2026-06-19 10:03:02
68	NULL	Thermodesulfobacteriota	Desulfovibrionia	Desulfovibrionales	Desulfovibrionaceae	Desulfovibrio	c21_c20	desulfovibrio	c21_c20	Desulfovibrio c21_c20	species	NULL	NULL	anaerobe	alkaliphile	0	N/A	N/A	2026-06-19 10:03:02	2026-06-19 10:03:02
69	NULL	Bacteroidota	Flavobacteriia	Flavobacteriales	Flavobacteriaceae	Krokinobacter	genikus	krokinobacter	genikus	Krokinobacter genikus	species	NULL	NULL	NULL	NULL	NULL	N/A	N/A	2026-06-19 10:03:02	2026-06-19 10:03:02
70	NULL	Actinomycetota	Coriobacteriia	Eggerthellales	Eggerthellaceae	Adlercreutzia		adlercreutzia		Adlercreutzia	genus	NULL	NULL	anaerobe	alkaliphile	0	N/A	N/A	2026-06-19 10:03:02	2026-06-19 10:03:02
71	NULL	Bacillota	Clostridia	Eubacteriales	Peptococcaceae	Dehalobacterium		dehalobacterium		Dehalobacterium	genus	NULL	NULL	NULL	NULL	NULL	N/A	N/A	2026-06-19 10:03:02	2026-06-19 10:03:02
72	NULL	Actinomycetota	Actinomycetes	Mycobacteriales	Dietziaceae	Dietzia		dietzia		Dietzia	genus	NULL	NULL	aerobe	alkaliphile	0	N/A	N/A	2026-06-19 10:03:02	2026-06-19 10:03:02
73	NULL	Bacillota	Clostridia	Eubacteriales	Oscillospiraceae	Anaerofilum		anaerofilum		Anaerofilum	genus	NULL	NULL	anaerobe	NULL	NULL	N/A	N/A	2026-06-19 10:03:02	2026-06-19 10:03:02
74	Eubacteria	Bacillota	Bacilli	Lactobacillales	Streptococcaceae	Streptococcus	anginosus	streptococcus	anginosus	Streptococcus anginosus	species	1328	Positive	facultative anaerobe	alkaliphile	0	mixed	carbohydrates	2026-06-19 10:03:02	2026-06-19 10:03:04
75	NULL	Bacillota	Negativicutes	Selenomonadales	Selenomonadaceae	Pectinatus		pectinatus		Pectinatus	genus	NULL	NULL	anaerobe	alkaliphile	0	N/A	N/A	2026-06-19 10:03:02	2026-06-19 10:03:02
76	NULL	Bacteroidota	Flavobacteriia	Flavobacteriales	Flavobacteriaceae	Flavobacterium	succinicans	flavobacterium	succinicans	Flavobacterium succinicans	species	NULL	NULL	aerobe	alkaliphile	0	N/A	N/A	2026-06-19 10:03:02	2026-06-19 10:03:02
77	Eubacteria	Actinomycetota	Actinomycetes	Propionibacteriales	Propionibacteriaceae	Propionibacterium	acnes	propionibacterium	acnes	Propionibacterium acnes	species	1747	Positive	anaerobe	alkaliphile	0	fermenter	N/A	2026-06-19 10:03:02	2026-06-19 10:03:04
78	NULL	Pseudomonadota	Betaproteobacteria	Burkholderiales	Comamonadaceae	Hydrogenophaga		hydrogenophaga		Hydrogenophaga	genus	NULL	NULL	aerobe	alkaliphile	0	N/A	N/A	2026-06-19 10:03:02	2026-06-19 10:03:02
79	Eubacteria	Actinomycetota	Actinomycetes	Bifidobacteriales	Bifidobacteriaceae	Bifidobacterium	bifidum	bifidobacterium	bifidum	Bifidobacterium bifidum	species	1681	Positive	anaerobe	acidophile	0	fermenter	carbohydrates	2026-06-19 10:03:02	2026-06-19 10:03:04
80	NULL	Pseudomonadota	Gammaproteobacteria	Pasteurellales	Pasteurellaceae	Mannheimia		mannheimia		Mannheimia	genus	NULL	NULL	microaerophile	acidophile	0	N/A	N/A	2026-06-19 10:03:02	2026-06-19 10:03:02
81	NULL	Euryarchaeota	Methanobacteria	Methanobacteriales	Methanobacteriaceae	Methanobrevibacter		methanobrevibacter		Methanobrevibacter	genus	NULL	NULL	anaerobe	NULL	NULL	N/A	N/A	2026-06-19 10:03:02	2026-06-19 10:03:02
82	NULL	Bacillota	Erysipelotrichia	Erysipelotrichales	Turicibacteraceae	Turicibacter		turicibacter		Turicibacter	genus	NULL	NULL	anaerobe	NULL	NULL	N/A	N/A	2026-06-19 10:03:02	2026-06-19 10:03:02
83	NULL	Spirochaetota	Spirochaetia	Spirochaetales	Sphaerochaetaceae	Sphaerochaeta		sphaerochaeta		Sphaerochaeta	genus	NULL	NULL	anaerobe	NULL	NULL	N/A	N/A	2026-06-19 10:03:02	2026-06-19 10:03:02
84	NULL	Bacillota	Clostridia	Peptostreptococcales	Tindalliaceae	Tindallia		tindallia		Tindallia	genus	NULL	NULL	anaerobe	NULL	NULL	N/A	N/A	2026-06-19 10:03:02	2026-06-19 10:03:02
85	NULL	Bacillota	Negativicutes	Acidaminococcales	Acidaminococcaceae	Succiniclasticum		succiniclasticum		Succiniclasticum	genus	NULL	NULL	anaerobe	NULL	0	N/A	N/A	2026-06-19 10:03:02	2026-06-19 10:03:02
86	NULL	Pseudomonadota	Betaproteobacteria	Burkholderiales	Sphaerotilaceae	Methylibium		methylibium		Methylibium	genus	NULL	NULL	anaerobe	alkaliphile	0	N/A	N/A	2026-06-19 10:03:02	2026-06-19 10:03:02
87	Eubacteria	Bacillota	Clostridia	Lachnospirales	Lachnospiraceae	Dorea	formicigenerans	dorea	formicigenerans	Dorea formicigenerans	species	39486	Positive	anaerobe	NULL	0	fermenter	carbohydrates	2026-06-19 10:03:02	2026-06-19 10:03:04
88	Eubacteria	Pseudomonadota	Gammaproteobacteria	Pasteurellales	Pasteurellaceae	Haemophilus	parainfluenzae	haemophilus	parainfluenzae	Haemophilus parainfluenzae	species	729	Negative	microaerophile	NULL	0	mixed	N/A	2026-06-19 10:03:02	2026-06-19 10:03:04
89	NULL	Bacillota	Clostridia	Eubacteriales	Eubacteriaceae	Anaerofustis		anaerofustis		Anaerofustis	genus	NULL	NULL	anaerobe	NULL	NULL	N/A	N/A	2026-06-19 10:03:02	2026-06-19 10:03:02
90	Eubacteria	Bacteroidota	Bacteroidia	Bacteroidales	Prevotellaceae	Prevotella	nigrescens	prevotella	nigrescens	Prevotella nigrescens	species	28133	Negative	anaerobe	alkaliphile	0	fermenter	carbohydrates	2026-06-19 10:03:02	2026-06-19 10:03:05
91	Eubacteria	Bacillota	Negativicutes	Veillonellales	Veillonellaceae	Veillonella	dispar	veillonella	dispar	Veillonella dispar	species	39778	Negative	anaerobe	alkaliphile	0	fermenter	carbohydrates	2026-06-19 10:03:02	2026-06-19 10:03:04
92	Eubacteria	Bacteroidota	Bacteroidia	Bacteroidales	Prevotellaceae	Prevotella	stercorea	prevotella	stercorea	Prevotella stercorea	species	1002367	Negative	anaerobe	alkaliphile	0	fermenter	carbohydrates	2026-06-19 10:03:02	2026-06-19 10:03:05
93	NULL	Bacillota	Clostridia	Eubacteriales	Peptococcaceae	Peptococcus		peptococcus		Peptococcus	genus	NULL	NULL	anaerobe	NULL	0	N/A	N/A	2026-06-19 10:03:02	2026-06-19 10:03:02
94	NULL	Bacteroidota	Bacteroidia	Bacteroidales	Odoribacteraceae	Butyricimonas		butyricimonas		Butyricimonas	genus	NULL	NULL	anaerobe	NULL	0	N/A	N/A	2026-06-19 10:03:02	2026-06-19 10:03:02
95	NULL	Bacillota	Clostridia	Eubacteriales	Clostridiaceae	Clostridium	ruminantium	clostridium	ruminantium	Clostridium ruminantium	species	NULL	NULL	anaerobe	alkaliphile	1	N/A	N/A	2026-06-19 10:03:02	2026-06-19 10:03:02
96	NULL	Bacillota	Clostridia	Lachnospirales	Lachnospiraceae	Lachnobacterium		lachnobacterium		Lachnobacterium	genus	NULL	NULL	anaerobe	NULL	NULL	N/A	N/A	2026-06-19 10:03:02	2026-06-19 10:03:02
97	NULL	Bacillota	Bacilli	Lactobacillales	Lactobacillaceae	Lactobacillus	agilis	lactobacillus	agilis	Lactobacillus agilis	species	NULL	NULL	anaerobe	acidophile	0	N/A	N/A	2026-06-19 10:03:02	2026-06-19 10:03:02
98	NULL	Bacteroidota	Flavobacteriia	Flavobacteriales	Weeksellaceae	Chryseobacterium		chryseobacterium		Chryseobacterium	genus	NULL	NULL	aerobe	alkaliphile	0	N/A	N/A	2026-06-19 10:03:02	2026-06-19 10:03:02
99	NULL	Bacillota	Clostridia	Lachnospirales	Lachnospiraceae	Candidatus epulonipiscium		candidatus epulonipiscium		Candidatus epulonipiscium	genus	NULL	NULL	NULL	NULL	NULL	N/A	N/A	2026-06-19 10:03:02	2026-06-19 10:03:02
100	NULL	Arthropoda	Insecta	Phasmatodea	Bacillidae	Bacillus	asahii	bacillus	asahii	Bacillus asahii	species	NULL	NULL	aerobe	alkaliphile	1	N/A	N/A	2026-06-19 10:03:02	2026-06-19 10:03:02
101	Eubacteria	Bacillota	Bacilli	Lactobacillales	Enterococcaceae	Enterococcus	casseliflavus	enterococcus	casseliflavus	Enterococcus casseliflavus	species	37734	Positive	facultative anaerobe	alkaliphile	0	mixed	carbohydrates	2026-06-19 10:03:02	2026-06-19 10:03:04
102	NULL	Bacteroidota	Bacteroidia	Bacteroidales	Prevotellaceae	Prevotella	tannerae	prevotella	tannerae	Prevotella tannerae	species	NULL	NULL	anaerobe	alkaliphile	0	N/A	N/A	2026-06-19 10:03:02	2026-06-19 10:03:02
103	NULL	Actinomycetota	Actinomycetes	Actinomycetales	Actinomycetaceae	Arcanobacterium		arcanobacterium		Arcanobacterium	genus	NULL	NULL	anaerobe	NULL	0	N/A	N/A	2026-06-19 10:03:02	2026-06-19 10:03:02
104	NULL	Bacillota	Bacilli	Lactobacillales	Streptococcaceae	Streptococcus	luteciae	streptococcus	luteciae	Streptococcus luteciae	species	NULL	NULL	facultative anaerobe	alkaliphile	0	N/A	N/A	2026-06-19 10:03:02	2026-06-19 10:03:02
105	NULL	Bacillota	Clostridia	Lachnospirales	Lachnospiraceae	Lachnospira	pectinoschiza	lachnospira	pectinoschiza	Lachnospira pectinoschiza	species	NULL	NULL	anaerobe	NULL	NULL	N/A	N/A	2026-06-19 10:03:02	2026-06-19 10:03:02
106	NULL	Pseudomonadota	Betaproteobacteria	Burkholderiales	Sutterellaceae	Sutterella		sutterella		Sutterella	genus	NULL	NULL	anaerobe	NULL	0	N/A	N/A	2026-06-19 10:03:02	2026-06-19 10:03:02
107	Eubacteria	Bacteroidota	Bacteroidia	Bacteroidales	Bacteroidaceae	Bacteroides	uniformis	bacteroides	uniformis	Bacteroides uniformis	species	411479	Negative	anaerobe	alkaliphile	0	fermenter	carbohydrates	2026-06-19 10:03:02	2026-06-19 10:03:04
108	NULL	Euryarchaeota	Methanobacteria	Methanobacteriales	Methanobacteriaceae	Methanobacterium	bryantii	methanobacterium	bryantii	Methanobacterium bryantii	species	NULL	NULL	anaerobe	alkaliphile	0	N/A	N/A	2026-06-19 10:03:02	2026-06-19 10:03:02
109	Eubacteria	Bacteroidota	Bacteroidia	Bacteroidales	Rikenellaceae	Alistipes	indistinctus	alistipes	indistinctus	Alistipes indistinctus	species	626932	Negative	anaerobe	NULL	0	fermenter	carbohydrates	2026-06-19 10:03:02	2026-06-19 10:03:04
110	NULL	Pseudomonadota	Betaproteobacteria	Nitrosomonadales	Thiobacillaceae	Thiobacillus		thiobacillus		Thiobacillus	genus	NULL	NULL	anaerobe	alkaliphile	0	N/A	N/A	2026-06-19 10:03:02	2026-06-19 10:03:02
111	NULL	Bacillota	Clostridia	Eubacteriales	Syntrophomonadaceae	Syntrophomonas		syntrophomonas		Syntrophomonas	genus	NULL	NULL	anaerobe	alkaliphile	0	N/A	N/A	2026-06-19 10:03:02	2026-06-19 10:03:02
112	Eubacteria	Pseudomonadota	Betaproteobacteria	Burkholderiales	Oxalobacteraceae	Oxalobacter	formigenes	oxalobacter	formigenes	Oxalobacter formigenes	species	556268	Negative	anaerobe	NULL	NULL	fermenter	carbohydrates	2026-06-19 10:03:02	2026-06-19 10:03:04
113	NULL	Pseudomonadota	Betaproteobacteria	Burkholderiales	Oxalobacteraceae	Herminiimonas		herminiimonas		Herminiimonas	genus	NULL	NULL	aerobe	alkaliphile	0	N/A	N/A	2026-06-19 10:03:02	2026-06-19 10:03:02
114	Eubacteria	Pseudomonadota	Gammaproteobacteria	Enterobacterales	Enterobacteriaceae	Klebsiella	oxytoca	klebsiella	oxytoca	Klebsiella oxytoca	species	571	NULL	aerobe	NULL	0	N/A	N/A	2026-06-19 10:03:02	2026-06-19 10:03:05
115	NULL	Bacillota	Tissierellia	Tissierellales	Peptoniphilaceae	Helcococcus		helcococcus		Helcococcus	genus	NULL	NULL	anaerobe	NULL	0	N/A	N/A	2026-06-19 10:03:02	2026-06-19 10:03:02
116	NULL	Pseudomonadota	Betaproteobacteria	Burkholderiales	Comamonadaceae	Hylemonella		hylemonella		Hylemonella	genus	NULL	NULL	aerobe	NULL	NULL	N/A	N/A	2026-06-19 10:03:02	2026-06-19 10:03:02
117	NULL	Actinomycetota	Actinomycetes	Pseudonocardiales	Pseudonocardiaceae	Prauserella	rugosa	prauserella	rugosa	Prauserella rugosa	species	43354	NULL	aerobe	alkaliphile	1	N/A	N/A	2026-06-19 10:03:02	2026-06-19 10:03:05
118	NULL	Bacillota	Clostridia	Lachnospirales	Lachnospiraceae	Oribacterium		oribacterium		Oribacterium	genus	NULL	NULL	anaerobe	NULL	0	N/A	N/A	2026-06-19 10:03:02	2026-06-19 10:03:02
119	NULL	Bacillota	Clostridia	Eubacteriales	Clostridiaceae	Caloramator		caloramator		Caloramator	genus	NULL	NULL	anaerobe	alkaliphile	0	N/A	N/A	2026-06-19 10:03:02	2026-06-19 10:03:02
120	NULL	Pseudomonadota	Betaproteobacteria	Burkholderiales	Comamonadaceae	Variovorax	paradoxus	variovorax	paradoxus	Variovorax paradoxus	species	NULL	NULL	aerobe	alkaliphile	0	N/A	N/A	2026-06-19 10:03:02	2026-06-19 10:03:02
121	Eubacteria	Bacillota	Clostridia	Eubacteriales	Clostridiaceae	Clostridium	butyricum	clostridium	butyricum	Clostridium butyricum	species	1316931	Positive	anaerobe	alkaliphile	1	fermenter	carbohydrates	2026-06-19 10:03:02	2026-06-19 10:03:04
122	NULL	Bacteroidota	Bacteroidia	Bacteroidales	Bacteroidaceae	Bacteroides	coprosuis	bacteroides	coprosuis	Bacteroides coprosuis	species	NULL	NULL	anaerobe	alkaliphile	0	N/A	N/A	2026-06-19 10:03:02	2026-06-19 10:03:02
123	NULL	Bacillota	Clostridia	Eubacteriales	Clostridiaceae	Clostridium	intestinale	clostridium	intestinale	Clostridium intestinale	species	NULL	NULL	anaerobe	alkaliphile	1	N/A	N/A	2026-06-19 10:03:02	2026-06-19 10:03:02
124	NULL	Actinomycetota	Coriobacteriia	Coriobacteriales	Atopobiaceae	Atopobium	vaginae	atopobium	vaginae	Atopobium vaginae	species	NULL	NULL	anaerobe	NULL	NULL	N/A	N/A	2026-06-19 10:03:02	2026-06-19 10:03:02
125	NULL	Bacillota	Bacilli	Bacillales	Paenibacillaceae	Brevibacillus	laterosporus	brevibacillus	laterosporus	Brevibacillus laterosporus	species	1465	NULL	aerobe	alkaliphile	1	N/A	N/A	2026-06-19 10:03:02	2026-06-19 10:03:05
126	NULL	Pseudomonadota	Betaproteobacteria	Burkholderiales	Comamonadaceae	Acidovorax	wohlfahrtii	acidovorax	wohlfahrtii	Acidovorax wohlfahrtii	species	NULL	NULL	aerobe	alkaliphile	0	N/A	N/A	2026-06-19 10:03:02	2026-06-19 10:03:02
127	NULL	Pseudomonadota	Gammaproteobacteria	Pasteurellales	Pasteurellaceae	Actinobacillus	parahaemolyticus	actinobacillus	parahaemolyticus	Actinobacillus parahaemolyticus	species	NULL	NULL	facultative anaerobe	NULL	NULL	N/A	N/A	2026-06-19 10:03:02	2026-06-19 10:03:02
128	NULL	Bacillota	Clostridia	Eubacteriales	Desulfallaceae	Sporotomaculum		sporotomaculum		Sporotomaculum	genus	NULL	NULL	anaerobe	NULL	NULL	N/A	N/A	2026-06-19 10:03:02	2026-06-19 10:03:02
129	NULL	Bacillota	Clostridia	Eubacteriales	Oscillospiraceae	Papillibacter	cinnamivorans	papillibacter	cinnamivorans	Papillibacter cinnamivorans	species	NULL	NULL	anaerobe	NULL	NULL	N/A	N/A	2026-06-19 10:03:02	2026-06-19 10:03:02
130	NULL	Pseudomonadota	Betaproteobacteria	Burkholderiales	Alcaligenaceae	Denitrobacter		denitrobacter		Denitrobacter	genus	NULL	NULL	anaerobe	NULL	NULL	N/A	N/A	2026-06-19 10:03:02	2026-06-19 10:03:02
131	NULL	Pseudomonadota	Betaproteobacteria	Burkholderiales	Comamonadaceae	Thiomonas	cuprina	thiomonas	cuprina	Thiomonas cuprina	species	NULL	NULL	aerobe	acidophile	0	N/A	N/A	2026-06-19 10:03:02	2026-06-19 10:03:02
132	NULL	Pseudomonadota	Betaproteobacteria	Burkholderiales	Comamonadaceae	Limnohabitans	curvus	limnohabitans	curvus	Limnohabitans curvus	species	NULL	NULL	aerobe	NULL	NULL	N/A	N/A	2026-06-19 10:03:02	2026-06-19 10:03:02
133	NULL	Actinomycetota	Actinomycetes	Micromonosporales	Micromonosporaceae	Salinispora	tropica	salinispora	tropica	Salinispora tropica	species	NULL	NULL	aerobe	NULL	0	N/A	N/A	2026-06-19 10:03:02	2026-06-19 10:03:02
134	NULL	Pseudomonadota	Gammaproteobacteria	Lysobacterales	Lysobacteraceae	Thermomonas		thermomonas		Thermomonas	genus	NULL	NULL	aerobe	alkaliphile	0	N/A	N/A	2026-06-19 10:03:02	2026-06-19 10:03:02
135	NULL	Pseudomonadota	Betaproteobacteria	Burkholderiales	Oxalobacteraceae	Janthinobacterium	lividum	janthinobacterium	lividum	Janthinobacterium lividum	species	NULL	NULL	aerobe	NULL	NULL	N/A	N/A	2026-06-19 10:03:02	2026-06-19 10:03:02
136	NULL	Bacillota	Clostridia	Eubacteriales	Clostridiaceae	Sarcina		sarcina		Sarcina	genus	NULL	NULL	anaerobe	NULL	NULL	N/A	N/A	2026-06-19 10:03:02	2026-06-19 10:03:02
137	NULL	Pseudomonadota	Alphaproteobacteria	Sphingomonadales	Sphingomonadaceae	Sphingomonas	yabuuchiae	sphingomonas	yabuuchiae	Sphingomonas yabuuchiae	species	NULL	NULL	aerobe	alkaliphile	0	N/A	N/A	2026-06-19 10:03:02	2026-06-19 10:03:02
138	NULL	Synergistota	Synergistia	Synergistales	Acetomicrobiaceae	Acetomicrobium	hydrogeniformans	acetomicrobium	hydrogeniformans	Acetomicrobium hydrogeniformans	species	NULL	NULL	anaerobe	alkaliphile	0	N/A	N/A	2026-06-19 10:03:02	2026-06-19 10:03:02
139	NULL	Pseudomonadota	Betaproteobacteria	Burkholderiales	Burkholderiaceae	Lautropia		lautropia		Lautropia	genus	NULL	NULL	aerobe	NULL	NULL	N/A	N/A	2026-06-19 10:03:02	2026-06-19 10:03:02
140	Eubacteria	Arthropoda	Insecta	Coleoptera	Lampyridae	Serratia	marcescens	serratia	marcescens	Serratia marcescens	species	273526	Negative	aerobe	alkaliphile	0	mixed	N/A	2026-06-19 10:03:02	2026-06-19 10:03:05
141	NULL	Pseudomonadota	Betaproteobacteria	Rhodocyclales	Rhodocyclaceae	Propionivibrio		propionivibrio		Propionivibrio	genus	NULL	NULL	anaerobe	NULL	NULL	N/A	N/A	2026-06-19 10:03:02	2026-06-19 10:03:02
142	Eubacteria	Thermodesulfobacteriota	Desulfovibrionia	Desulfovibrionales	Desulfovibrionaceae	Desulfovibrio	vulgaris	desulfovibrio	vulgaris	Desulfovibrio vulgaris	species	881	Negative	anaerobe	alkaliphile	0	fermenter	N/A	2026-06-19 10:03:02	2026-06-19 10:03:04
143	NULL	Bacillota	Clostridia	Eubacteriales	Clostridiaceae	Clostridium	gasigenes	clostridium	gasigenes	Clostridium gasigenes	species	NULL	NULL	anaerobe	alkaliphile	1	N/A	N/A	2026-06-19 10:03:02	2026-06-19 10:03:02
144	Eubacteria	Bacillota	Clostridia	Caldicellulosiruptorales	Caldicellulosiruptoraceae	Caldicellulosiruptor	saccharolyticus	caldicellulosiruptor	saccharolyticus	Caldicellulosiruptor saccharolyticus	species	44001	Positive	anaerobe	alkaliphile	0	fermenter	complex_carbs_fiber	2026-06-19 10:03:02	2026-06-19 10:03:04
145	NULL	Bacillota	Clostridia	Eubacteriales	Oscillospiraceae	Anaerotruncus		anaerotruncus		Anaerotruncus	genus	NULL	NULL	anaerobe	alkaliphile	0	N/A	N/A	2026-06-19 10:03:02	2026-06-19 10:03:02
146	NULL	Pseudomonadota	Betaproteobacteria	Burkholderiales	Alcaligenaceae	Pigmentiphaga		pigmentiphaga		Pigmentiphaga	genus	NULL	NULL	aerobe	alkaliphile	0	N/A	N/A	2026-06-19 10:03:02	2026-06-19 10:03:02
147	NULL	Nitrospirota	Nitrospiria	Nitrospirales	Nitrospiraceae	Nitrospira		nitrospira		Nitrospira	genus	NULL	NULL	NULL	NULL	NULL	N/A	N/A	2026-06-19 10:03:02	2026-06-19 10:03:02
148	Eubacteria	Chlorobiota	Chlorobiia	Chlorobiales	Chlorobiaceae	Chlorobium	chlorochromatii	chlorobium	chlorochromatii	Chlorobium chlorochromatii	species	337090	Negative	anaerobe	NULL	NULL	fermenter	N/A	2026-06-19 10:03:02	2026-06-19 10:03:05
149	NULL	Bacillota	Erysipelotrichia	Erysipelotrichales	Coprobacillaceae	Coprobacillus	cateniformis	coprobacillus	cateniformis	Coprobacillus cateniformis	species	100884	NULL	anaerobe	NULL	NULL	N/A	N/A	2026-06-19 10:03:02	2026-06-19 10:03:05
150	NULL	Bacillota	Clostridia	Eubacteriales	Gracilibacteraceae	Gracilibacter		gracilibacter		Gracilibacter	genus	NULL	NULL	anaerobe	NULL	NULL	N/A	N/A	2026-06-19 10:03:02	2026-06-19 10:03:02
151	Eubacteria	Bacillota	Bacilli	Lactobacillales	Streptococcaceae	Lactococcus	garvieae	lactococcus	garvieae	Lactococcus garvieae	species	1363	Positive	facultative anaerobe	alkaliphile	0	mixed	carbohydrates	2026-06-19 10:03:02	2026-06-19 10:03:04
152	NULL	Pseudomonadota	Betaproteobacteria	Burkholderiales	Burkholderiaceae	Burkholderia	andropogonis	burkholderia	andropogonis	Burkholderia andropogonis	species	NULL	NULL	aerobe	NULL	0	N/A	N/A	2026-06-19 10:03:02	2026-06-19 10:03:02
153	NULL	Pseudomonadota	Betaproteobacteria	Burkholderiales	Comamonadaceae	Tepidimonas		tepidimonas		Tepidimonas	genus	NULL	NULL	aerobe	alkaliphile	NULL	N/A	N/A	2026-06-19 10:03:02	2026-06-19 10:03:02
154	NULL	Bdellovibrionota	Bdellovibrionia	Bdellovibrionales	Pseudobdellovibrionaceae	Bdellovibrio		bdellovibrio		Bdellovibrio	genus	NULL	NULL	NULL	NULL	NULL	N/A	N/A	2026-06-19 10:03:02	2026-06-19 10:03:02
155	NULL	Bacillota	Tissierellia	Tissierellales	Peptoniphilaceae	Parvimonas		parvimonas		Parvimonas	genus	NULL	NULL	anaerobe	NULL	NULL	N/A	N/A	2026-06-19 10:03:02	2026-06-19 10:03:02
156	NULL	Pseudomonadota	Gammaproteobacteria	Pasteurellales	Pasteurellaceae	Pasteurella	skyensis	pasteurella	skyensis	Pasteurella skyensis	species	NULL	NULL	facultative anaerobe	NULL	NULL	N/A	N/A	2026-06-19 10:03:02	2026-06-19 10:03:02
157	Eubacteria	Bacillota	Negativicutes	Selenomonadales	Selenomonadaceae	Selenomonas	ruminantium	selenomonas	ruminantium	Selenomonas ruminantium	species	971	NULL	anaerobe	NULL	0	fermenter	N/A	2026-06-19 10:03:02	2026-06-19 10:03:04
158	NULL	Bacillota	Clostridia	Lachnospirales	Lachnospiraceae	Hespellia	stercorisuis	hespellia	stercorisuis	Hespellia stercorisuis	species	NULL	NULL	anaerobe	NULL	0	N/A	N/A	2026-06-19 10:03:02	2026-06-19 10:03:02
159	NULL	Pseudomonadota	Gammaproteobacteria	Aeromonadales	Aeromonadaceae	Tolumonas		tolumonas		Tolumonas	genus	NULL	NULL	aerobe	alkaliphile	NULL	N/A	N/A	2026-06-19 10:03:02	2026-06-19 10:03:02
160	NULL	Bacillota	Clostridia	Eubacteriales	Desulfotomaculaceae	Desulfotomaculum		desulfotomaculum		Desulfotomaculum	genus	NULL	NULL	anaerobe	alkaliphile	1	N/A	N/A	2026-06-19 10:03:02	2026-06-19 10:03:02
161	NULL	Bacillota	Bacilli	Bacillales	Alicyclobacillaceae	Alicyclobacillus	pomorum	alicyclobacillus	pomorum	Alicyclobacillus pomorum	species	NULL	NULL	aerobe	acidophile	1	N/A	N/A	2026-06-19 10:03:02	2026-06-19 10:03:02
162	Eubacteria	Pseudomonadota	Gammaproteobacteria	Aeromonadales	Succinivibrionaceae	Succinatimonas	hippei	succinatimonas	hippei	Succinatimonas hippei	species	626938	Negative	anaerobe	NULL	0	fermenter	carbohydrates	2026-06-19 10:03:02	2026-06-19 10:03:05
163	NULL	Pseudomonadota	Betaproteobacteria	Burkholderiales	Sphaerotilaceae	Roseateles	depolymerans	roseateles	depolymerans	Roseateles depolymerans	species	NULL	NULL	aerobe	alkaliphile	0	N/A	N/A	2026-06-19 10:03:02	2026-06-19 10:03:02
164	NULL	Bacteroidota	Bacteroidia	Bacteroidales	Rikenellaceae	Rikenella		rikenella		Rikenella	genus	NULL	NULL	anaerobe	NULL	NULL	N/A	N/A	2026-06-19 10:03:02	2026-06-19 10:03:02
165	Eubacteria	Pseudomonadota	Betaproteobacteria	Burkholderiales	Comamonadaceae	Acidovorax	delafieldii	acidovorax	delafieldii	Acidovorax delafieldii	species	47920	NULL	aerobe	alkaliphile	0	N/A	N/A	2026-06-19 10:03:02	2026-06-19 10:03:04
166	NULL	Verrucomicrobiota	Verrucomicrobiia	Verrucomicrobiales	Verrucomicrobiaceae	Verrucomicrobium		verrucomicrobium		Verrucomicrobium	genus	NULL	NULL	aerobe	NULL	NULL	N/A	N/A	2026-06-19 10:03:02	2026-06-19 10:03:02
167	NULL	Bacillota	Bacilli	Bacillales	Alicyclobacillaceae	Alicyclobacillus	cycloheptanicus	alicyclobacillus	cycloheptanicus	Alicyclobacillus cycloheptanicus	species	NULL	NULL	aerobe	acidophile	1	N/A	N/A	2026-06-19 10:03:02	2026-06-19 10:03:02
168	Eubacteria	Bacillota	Clostridia	Eubacteriales	Clostridiaceae	Clostridium	celatum	clostridium	celatum	Clostridium celatum	species	36834	Positive	anaerobe	alkaliphile	1	fermenter	carbohydrates	2026-06-19 10:03:02	2026-06-19 10:03:04
169	NULL	Bacillota	Clostridia	Eubacteriales	Desulfitobacteriaceae	Desulfosporosinus	meridiei	desulfosporosinus	meridiei	Desulfosporosinus meridiei	species	NULL	NULL	anaerobe	NULL	1	N/A	N/A	2026-06-19 10:03:02	2026-06-19 10:03:02
170	NULL	Bacillota	Tissierellia	Tissierellales	Tissierellaceae	Sedimentibacter		sedimentibacter		Sedimentibacter	genus	NULL	NULL	anaerobe	alkaliphile	0	N/A	N/A	2026-06-19 10:03:02	2026-06-19 10:03:02
171	NULL	Bacillota	Clostridia	Lachnospirales	Lachnospiraceae	Robinsoniella	peoriensis	robinsoniella	peoriensis	Robinsoniella peoriensis	species	NULL	NULL	anaerobe	NULL	1	N/A	N/A	2026-06-19 10:03:02	2026-06-19 10:03:02
172	NULL	Pseudomonadota	Acidithiobacillia	Acidithiobacillales	Acidithiobacillaceae	Acidithiobacillus	albertensis	acidithiobacillus	albertensis	Acidithiobacillus albertensis	species	NULL	NULL	facultative anaerobe	acidophile	0	N/A	N/A	2026-06-19 10:03:02	2026-06-19 10:03:02
173	NULL	Bacillota	Erysipelotrichia	Erysipelotrichales	Erysipelotrichaceae	Holdemania		holdemania		Holdemania	genus	NULL	NULL	anaerobe	NULL	NULL	N/A	N/A	2026-06-19 10:03:02	2026-06-19 10:03:02
174	NULL	Pseudomonadota	Gammaproteobacteria	Pasteurellales	Pasteurellaceae	Actinobacillus	delphinicola	actinobacillus	delphinicola	Actinobacillus delphinicola	species	NULL	NULL	facultative anaerobe	NULL	NULL	N/A	N/A	2026-06-19 10:03:02	2026-06-19 10:03:02
175	NULL	Bacillota	Bacilli	Lactobacillales	Enterococcaceae	Vagococcus		vagococcus		Vagococcus	genus	NULL	NULL	aerobe	alkaliphile	0	N/A	N/A	2026-06-19 10:03:02	2026-06-19 10:03:02
176	NULL	Bacillota	Bacilli	Bacillales	Gemellaceae	Gemella		gemella		Gemella	genus	NULL	NULL	anaerobe	NULL	NULL	N/A	N/A	2026-06-19 10:03:02	2026-06-19 10:03:02
177	NULL	Bacillota	Clostridia	Eubacteriales	Clostridiaceae	Clostridium	methylpentosum	clostridium	methylpentosum	Clostridium methylpentosum	species	NULL	NULL	anaerobe	alkaliphile	1	N/A	N/A	2026-06-19 10:03:02	2026-06-19 10:03:02
178	NULL	Bacillota	Erysipelotrichia	Erysipelotrichales	Coprobacillaceae	Sharpea		sharpea		Sharpea	genus	NULL	NULL	anaerobe	NULL	0	N/A	N/A	2026-06-19 10:03:02	2026-06-19 10:03:02
179	NULL	Pseudomonadota	Betaproteobacteria	Burkholderiales	Comamonadaceae	Delftia		delftia		Delftia	genus	NULL	NULL	aerobe	alkaliphile	0	N/A	N/A	2026-06-19 10:03:02	2026-06-19 10:03:02
180	NULL	Pseudomonadota	Gammaproteobacteria	Cellvibrionales	Halieaceae	Congregibacter		congregibacter		Congregibacter	genus	NULL	NULL	microaerophile	alkaliphile	0	N/A	N/A	2026-06-19 10:03:02	2026-06-19 10:03:02
181	NULL	Actinomycetota	Actinomycetes	Mycobacteriales	Mycobacteriaceae	Mycobacterium		mycobacterium		Mycobacterium	genus	NULL	NULL	aerobe	alkaliphile	0	N/A	N/A	2026-06-19 10:03:02	2026-06-19 10:03:02
182	NULL	Pseudomonadota	Gammaproteobacteria	Pasteurellales	Pasteurellaceae	Chelonobacter		chelonobacter		Chelonobacter	genus	NULL	NULL	aerobe	NULL	NULL	N/A	N/A	2026-06-19 10:03:02	2026-06-19 10:03:02
183	NULL	Campylobacterota	Epsilonproteobacteria	Campylobacterales	Sulfurospirillaceae	Sulfurospirillum		sulfurospirillum		Sulfurospirillum	genus	NULL	NULL	anaerobe	NULL	NULL	N/A	N/A	2026-06-19 10:03:02	2026-06-19 10:03:02
184	NULL	Pseudomonadota	Betaproteobacteria	Burkholderiales	Burkholderiaceae	Ralstonia		ralstonia		Ralstonia	genus	NULL	NULL	aerobe	NULL	NULL	N/A	N/A	2026-06-19 10:03:02	2026-06-19 10:03:02
185	NULL	Pseudomonadota	Betaproteobacteria	Nitrosomonadales	Gallionellaceae	Gallionella		gallionella		Gallionella	genus	NULL	NULL	NULL	NULL	NULL	N/A	N/A	2026-06-19 10:03:02	2026-06-19 10:03:02
186	NULL	Pseudomonadota	Gammaproteobacteria	Enterobacterales	Erwiniaceae	Erwinia	chrysanthemi	erwinia	chrysanthemi	Erwinia chrysanthemi	species	NULL	NULL	facultative anaerobe	alkaliphile	0	N/A	N/A	2026-06-19 10:03:02	2026-06-19 10:03:02
187	NULL	Bacillota	Bacilli	Bacillales	Exiguobacteraceae	Exiguobacterium		exiguobacterium		Exiguobacterium	genus	NULL	NULL	aerobe	alkaliphile	0	N/A	N/A	2026-06-19 10:03:02	2026-06-19 10:03:02
188	Eubacteria	Pseudomonadota	Gammaproteobacteria	Enterobacterales	Hafniaceae	Hafnia	alvei	hafnia	alvei	Hafnia alvei	species	1002364	Negative	aerobe	NULL	0	mixed	N/A	2026-06-19 10:03:02	2026-06-19 10:03:05
189	NULL	Pseudomonadota	Betaproteobacteria	Burkholderiales	Sphaerotilaceae	Aquincola	tertiaricarbonis	aquincola	tertiaricarbonis	Aquincola tertiaricarbonis	species	NULL	NULL	aerobe	alkaliphile	0	N/A	N/A	2026-06-19 10:03:02	2026-06-19 10:03:02
190	Eubacteria	Bacillota	Clostridia	Eubacteriales	Butyricicoccaceae	Butyricicoccus	pullicaecorum	butyricicoccus	pullicaecorum	Butyricicoccus pullicaecorum	species	1203606	Positive	anaerobe	acidophile	0	mixed	carbohydrates	2026-06-19 10:03:02	2026-06-19 10:03:05
191	NULL	Pseudomonadota	Betaproteobacteria	Burkholderiales	Sphaerotilaceae	Rubrivivax	gelatinosus	rubrivivax	gelatinosus	Rubrivivax gelatinosus	species	NULL	NULL	aerobe	NULL	0	N/A	N/A	2026-06-19 10:03:02	2026-06-19 10:03:02
192	NULL	Pseudomonadota	Betaproteobacteria	Burkholderiales	Alcaligenaceae	Brackiella	oedipodis	brackiella	oedipodis	Brackiella oedipodis	species	NULL	NULL	aerobe	NULL	NULL	N/A	N/A	2026-06-19 10:03:02	2026-06-19 10:03:02
193	Eubacteria	Pseudomonadota	Gammaproteobacteria	Enterobacterales	Enterobacteriaceae	Plesiomonas	shigelloides	plesiomonas	shigelloides	Plesiomonas shigelloides	species	1315976	Negative	aerobe	NULL	0	respirator	N/A	2026-06-19 10:03:02	2026-06-19 10:03:05
194	NULL	Bacillota	Bacilli	Bacillales	Paenibacillaceae	Paenibacillus	stellifer	paenibacillus	stellifer	Paenibacillus stellifer	species	NULL	NULL	aerobe	alkaliphile	1	N/A	N/A	2026-06-19 10:03:02	2026-06-19 10:03:02
195	NULL	Actinomycetota	Coriobacteriia	Coriobacteriales	Coriobacteriaceae	Coriobacterium		coriobacterium		Coriobacterium	genus	NULL	NULL	anaerobe	NULL	NULL	N/A	N/A	2026-06-19 10:03:02	2026-06-19 10:03:02
196	NULL	Bacillota	Erysipelotrichia	Erysipelotrichales	Erysipelotrichaceae	Bulleidia	moorei	bulleidia	moorei	Bulleidia moorei	species	NULL	NULL	anaerobe	NULL	NULL	N/A	N/A	2026-06-19 10:03:02	2026-06-19 10:03:02
197	NULL	Thermodesulfobacteriota	Desulfobulbia	Desulfobulbales	Desulfobulbaceae	Desulfobulbus		desulfobulbus		Desulfobulbus	genus	NULL	NULL	anaerobe	alkaliphile	0	N/A	N/A	2026-06-19 10:03:02	2026-06-19 10:03:02
198	NULL	Pseudomonadota	Gammaproteobacteria	Pseudomonadales	Pseudomonadaceae	Pseudomonas	alcaligenes	pseudomonas	alcaligenes	Pseudomonas alcaligenes	species	NULL	NULL	aerobe	alkaliphile	0	N/A	N/A	2026-06-19 10:03:02	2026-06-19 10:03:02
199	Eubacteria	Campylobacterota	Epsilonproteobacteria	Campylobacterales	Campylobacteraceae	Campylobacter	ureolyticus	campylobacter	ureolyticus	Campylobacter ureolyticus	species	1121102	Negative	microaerophile	acidophile	0	mixed	N/A	2026-06-19 10:03:02	2026-06-19 10:03:04
200	NULL	Bacillota	Clostridia	Eubacteriales	Eubacteriaceae	Eubacterium	cylindroides	eubacterium	cylindroides	Eubacterium cylindroides	species	NULL	NULL	anaerobe	NULL	0	N/A	N/A	2026-06-19 10:03:02	2026-06-19 10:03:02
201	NULL	Bacteroidota	Bacteroidia	Bacteroidales	Tannerellaceae	Tannerella		tannerella		Tannerella	genus	NULL	NULL	anaerobe	NULL	NULL	N/A	N/A	2026-06-19 10:03:02	2026-06-19 10:03:02
202	Eubacteria	Actinomycetota	Coriobacteriia	Coriobacteriales	Coriobacteriaceae	Collinsella	stercoris	collinsella	stercoris	Collinsella stercoris	species	147206	Positive	anaerobe	NULL	0	fermenter	carbohydrates	2026-06-19 10:03:02	2026-06-19 10:03:04
203	Eubacteria	Bacillota	Clostridia	Eubacteriales	Oscillospiraceae	Ruminococcus	bromii	ruminococcus	bromii	Ruminococcus bromii	species	40518	Positive	anaerobe	NULL	0	fermenter	carbohydrates	2026-06-19 10:03:02	2026-06-19 10:03:04
204	Eubacteria	Bacteroidota	Bacteroidia	Bacteroidales	Dysgonomonadaceae	Dysgonomonas	gadei	dysgonomonas	gadei	Dysgonomonas gadei	species	156974	Negative	anaerobe	NULL	0	mixed	carbohydrates	2026-06-19 10:03:02	2026-06-19 10:03:04
205	NULL	Pseudomonadota	Gammaproteobacteria	Pasteurellales	Pasteurellaceae	Haemophilus	felis	haemophilus	felis	Haemophilus felis	species	NULL	NULL	microaerophile	NULL	0	N/A	N/A	2026-06-19 10:03:02	2026-06-19 10:03:02
206	NULL	Pseudomonadota	Gammaproteobacteria	Pasteurellales	Pasteurellaceae	Aggregatibacter	pneumotropica	aggregatibacter	pneumotropica	Aggregatibacter pneumotropica	species	NULL	NULL	microaerophile	NULL	NULL	N/A	N/A	2026-06-19 10:03:02	2026-06-19 10:03:02
207	Eubacteria	Pseudomonadota	Gammaproteobacteria	Enterobacterales	Enterobacteriaceae	Citrobacter	freundii	citrobacter	freundii	Citrobacter freundii	species	1006003	Negative	aerobe	alkaliphile	0	mixed	N/A	2026-06-19 10:03:02	2026-06-19 10:03:04
208	NULL	Bacillota	Clostridia	Eubacteriales	Eubacteriaceae	Eubacterium	biforme	eubacterium	biforme	Eubacterium biforme	species	NULL	NULL	anaerobe	NULL	0	N/A	N/A	2026-06-19 10:03:02	2026-06-19 10:03:02
209	Eubacteria	Bacillota	Negativicutes	Veillonellales	Veillonellaceae	Veillonella	parvula	veillonella	parvula	Veillonella parvula	species	29466	Negative	aerobe	alkaliphile	0	fermenter	N/A	2026-06-19 10:03:02	2026-06-19 10:03:04
210	NULL	Pseudomonadota	Betaproteobacteria	Nitrosomonadales	Methylophilaceae	Methylobacillus		methylobacillus		Methylobacillus	genus	NULL	NULL	aerobe	alkaliphile	0	N/A	N/A	2026-06-19 10:03:02	2026-06-19 10:03:02
211	Eubacteria	Bacillota	Negativicutes	Selenomonadales	Selenomonadaceae	Megamonas	hypermegale	megamonas	hypermegale	Megamonas hypermegale	species	158847	Negative	anaerobe	alkaliphile	0	fermenter	carbohydrates	2026-06-19 10:03:02	2026-06-19 10:03:04
212	NULL	Bacillota	Clostridia	Lachnospirales	Lachnospiraceae	Roseburia	faecis	roseburia	faecis	Roseburia faecis	species	NULL	NULL	anaerobe	NULL	NULL	N/A	N/A	2026-06-19 10:03:02	2026-06-19 10:03:02
213	NULL	Pseudomonadota	Betaproteobacteria	Neisseriales	Neisseriaceae	Kingella		kingella		Kingella	genus	NULL	NULL	aerobe	NULL	0	N/A	N/A	2026-06-19 10:03:02	2026-06-19 10:03:02
214	NULL	Bacillota	Clostridia	Eubacteriales	Clostridiaceae	Clostridium	colinum	clostridium	colinum	Clostridium colinum	species	NULL	NULL	anaerobe	alkaliphile	1	N/A	N/A	2026-06-19 10:03:02	2026-06-19 10:03:02
215	NULL	Bacillota	Negativicutes	Selenomonadales	Sporomusaceae	Pelosinus		pelosinus		Pelosinus	genus	NULL	NULL	anaerobe	alkaliphile	1	N/A	N/A	2026-06-19 10:03:02	2026-06-19 10:03:02
216	Eubacteria	Bacteroidota	Bacteroidia	Bacteroidales	Tannerellaceae	Parabacteroides	distasonis	parabacteroides	distasonis	Parabacteroides distasonis	species	435591	Positive	anaerobe	alkaliphile	0	fermenter	N/A	2026-06-19 10:03:02	2026-06-19 10:03:04
217	NULL	Bacillota	Negativicutes	Veillonellales	Veillonellaceae	Dialister		dialister		Dialister	genus	NULL	NULL	anaerobe	NULL	0	N/A	N/A	2026-06-19 10:03:02	2026-06-19 10:03:02
218	NULL	Bacillota	Bacilli	Lactobacillales	Lactobacillaceae	Leuconostoc		leuconostoc		Leuconostoc	genus	NULL	NULL	facultative anaerobe	alkaliphile	0	N/A	N/A	2026-06-19 10:03:02	2026-06-19 10:03:02
219	Eubacteria	Bacillota	Bacilli	Lactobacillales	Streptococcaceae	Streptococcus	equi	streptococcus	equi	Streptococcus equi	species	1336	Positive	facultative anaerobe	alkaliphile	0	mixed	carbohydrates	2026-06-19 10:03:02	2026-06-19 10:03:04
220	NULL	Bacillota	Clostridia	Eubacteriales	Eubacteriaceae	Eubacterium	dolichum	eubacterium	dolichum	Eubacterium dolichum	species	NULL	NULL	anaerobe	NULL	0	N/A	N/A	2026-06-19 10:03:02	2026-06-19 10:03:02
221	Eubacteria	Streptophyta	Magnoliopsida	Fabales	Fabaceae	Rothia	mucilaginosa	rothia	mucilaginosa	Rothia mucilaginosa	species	43675	Positive	aerobe	alkaliphile	0	respirator	N/A	2026-06-19 10:03:02	2026-06-19 10:03:04
222	NULL	Bacillota	Clostridia	Lachnospirales	Lachnospiraceae	Shuttleworthia	satelles	shuttleworthia	satelles	Shuttleworthia satelles	species	NULL	NULL	NULL	NULL	NULL	N/A	N/A	2026-06-19 10:03:02	2026-06-19 10:03:02
223	NULL	Nitrososphaerota	Nitrososphaeria	Nitrososphaerales	Nitrososphaeraceae	Nitrososphaera	gargensis	nitrososphaera	gargensis	Nitrososphaera gargensis	species	NULL	NULL	Aerobe	NULL	NULL	N/A	N/A	2026-06-19 10:03:02	2026-06-19 10:03:03
224	NULL	Bacillota	Bacilli	Lactobacillales	Streptococcaceae	Streptococcus	minor	streptococcus	minor	Streptococcus minor	species	NULL	NULL	facultative anaerobe	alkaliphile	0	N/A	N/A	2026-06-19 10:03:02	2026-06-19 10:03:02
225	NULL	Actinomycetota	Actinomycetes	Micrococcales	Microbacteriaceae	Microbacterium		microbacterium		Microbacterium	genus	NULL	NULL	aerobe	alkaliphile	0	N/A	N/A	2026-06-19 10:03:02	2026-06-19 10:03:02
226	NULL	Actinomycetota	Actinomycetes	Actinomycetales	Actinomycetaceae	Actinomyces	hyovaginalis	actinomyces	hyovaginalis	Actinomyces hyovaginalis	species	NULL	NULL	anaerobe	alkaliphile	0	N/A	N/A	2026-06-19 10:03:02	2026-06-19 10:03:02
227	NULL	Bacillota	Bacilli	Bacillales	Planococcaceae	Rummeliibacillus		rummeliibacillus		Rummeliibacillus	genus	NULL	NULL	aerobe	NULL	1	N/A	N/A	2026-06-19 10:03:02	2026-06-19 10:03:02
228	Eubacteria	Bacillota	Clostridia	Eubacteriales	Clostridiaceae	Clostridium	perfringens	clostridium	perfringens	Clostridium perfringens	species	1502	Positive	anaerobe	alkaliphile	1	fermenter	carbohydrates	2026-06-19 10:03:02	2026-06-19 10:03:04
229	Eubacteria	Bacillota	Bacilli	Bacillales	Staphylococcaceae	Staphylococcus	aureus	staphylococcus	aureus	Staphylococcus aureus	species	1280	Positive	aerobe	alkaliphile	0	mixed	carbohydrates	2026-06-19 10:03:02	2026-06-19 10:03:04
230	Eubacteria	Bacteroidota	Bacteroidia	Bacteroidales	Tannerellaceae	Parabacteroides	gordonii	parabacteroides	gordonii	Parabacteroides gordonii	species	1203610	NULL	anaerobe	alkaliphile	0	N/A	N/A	2026-06-19 10:03:02	2026-06-19 10:03:05
231	Eubacteria	Bacteroidota	Bacteroidia	Bacteroidales	Bacteroidaceae	Bacteroides	caccae	bacteroides	caccae	Bacteroides caccae	species	411901	Negative	anaerobe	alkaliphile	0	fermenter	carbohydrates	2026-06-19 10:03:02	2026-06-19 10:03:04
232	NULL	Pseudomonadota	Gammaproteobacteria	Aeromonadales	Succinivibrionaceae	Succinivibrio		succinivibrio		Succinivibrio	genus	NULL	NULL	anaerobe	NULL	NULL	N/A	N/A	2026-06-19 10:03:02	2026-06-19 10:03:02
233	Eubacteria	Pseudomonadota	Gammaproteobacteria	Moraxellales	Moraxellaceae	Acinetobacter	lwoffii	acinetobacter	lwoffii	Acinetobacter lwoffii	species	1046625	Negative	aerobe	alkaliphile	0	respirator	N/A	2026-06-19 10:03:02	2026-06-19 10:03:05
234	NULL	Bacteroidota	Bacteroidia	Bacteroidales	Porphyromonadaceae	Candidatus azobacteroides		candidatus azobacteroides		Candidatus azobacteroides	genus	NULL	NULL	NULL	NULL	NULL	N/A	N/A	2026-06-19 10:03:02	2026-06-19 10:03:02
235	NULL	Thermodesulfobacteriota	Desulfovibrionia	Desulfovibrionales	Desulfovibrionaceae	Bilophila		bilophila		Bilophila	genus	NULL	NULL	anaerobe	NULL	NULL	N/A	N/A	2026-06-19 10:03:02	2026-06-19 10:03:02
236	NULL	Bacillota	Clostridia	Lachnospirales	Lachnospiraceae	Syntrophococcus	sucromutans	syntrophococcus	sucromutans	Syntrophococcus sucromutans	species	NULL	NULL	anaerobe	NULL	NULL	N/A	N/A	2026-06-19 10:03:02	2026-06-19 10:03:02
237	NULL	Bacillota	Bacilli	Lactobacillales	Lactobacillaceae	Weissella	beninensis	weissella	beninensis	Weissella beninensis	species	NULL	NULL	anaerobe	alkaliphile	0	N/A	N/A	2026-06-19 10:03:02	2026-06-19 10:03:02
238	NULL	Pseudomonadota	Gammaproteobacteria	Lysobacterales	Lysobacteraceae	Stenotrophomonas	acidaminiphila	stenotrophomonas	acidaminiphila	Stenotrophomonas acidaminiphila	species	NULL	NULL	aerobe	alkaliphile	0	N/A	N/A	2026-06-19 10:03:02	2026-06-19 10:03:02
239	Eubacteria	Bacteroidota	Bacteroidia	Bacteroidales	Bacteroidaceae	Bacteroides	ovatus	bacteroides	ovatus	Bacteroides ovatus	species	28116	Negative	anaerobe	alkaliphile	0	fermenter	carbohydrates	2026-06-19 10:03:02	2026-06-19 10:03:04
240	NULL	Bacillota	Clostridia	Lutisporales	Lutisporaceae	Lutispora		lutispora		Lutispora	genus	NULL	NULL	anaerobe	alkaliphile	1	N/A	N/A	2026-06-19 10:03:02	2026-06-19 10:03:02
241	Eubacteria	Bacillota	Clostridia	Lachnospirales	Lachnospiraceae	Coprococcus	eutactus	coprococcus	eutactus	Coprococcus eutactus	species	33043	Positive	Anaerobe	NULL	NULL	fermenter	carbohydrates	2026-06-19 10:03:02	2026-06-19 10:03:04
242	NULL	Actinomycetota	Actinomycetes	Micrococcales	Micrococcaceae	Micrococcus		micrococcus		Micrococcus	genus	NULL	NULL	aerobe	alkaliphile	0	N/A	N/A	2026-06-19 10:03:02	2026-06-19 10:03:02
243	NULL	Bacteroidota	Bacteroidia	Bacteroidales	Bacteroidaceae	Bacteroides	barnesiae	bacteroides	barnesiae	Bacteroides barnesiae	species	NULL	NULL	anaerobe	alkaliphile	0	N/A	N/A	2026-06-19 10:03:02	2026-06-19 10:03:02
244	NULL	Bacillota	Clostridia	Peptostreptococcales	Natronincolaceae	Alkaliphilus	transvaalensis	alkaliphilus	transvaalensis	Alkaliphilus transvaalensis	species	NULL	NULL	anaerobe	alkaliphile	1	N/A	N/A	2026-06-19 10:03:02	2026-06-19 10:03:02
245	NULL	Pseudomonadota	Betaproteobacteria	Nitrosomonadales	Sterolibacteriaceae	Sulfuritalea		sulfuritalea		Sulfuritalea	genus	NULL	NULL	anaerobe	NULL	NULL	N/A	N/A	2026-06-19 10:03:02	2026-06-19 10:03:02
246	NULL	Bacillota	Negativicutes	Selenomonadales	Sporomusaceae	Sporomusa	polytropa	sporomusa	polytropa	Sporomusa polytropa	species	NULL	NULL	anaerobe	NULL	NULL	N/A	N/A	2026-06-19 10:03:02	2026-06-19 10:03:02
247	NULL	Bacillota	Bacilli	Bacillales	Staphylococcaceae	Salinicoccus		salinicoccus		Salinicoccus	genus	NULL	NULL	aerobe	alkaliphile	0	N/A	N/A	2026-06-19 10:03:02	2026-06-19 10:03:02
248	NULL	Synergistota	Synergistia	Synergistales	Synergistaceae	Synergistes		synergistes		Synergistes	genus	NULL	NULL	NULL	NULL	NULL	N/A	N/A	2026-06-19 10:03:02	2026-06-19 10:03:02
249	Eubacteria	Bacteroidota	Bacteroidia	Bacteroidales	Prevotellaceae	Prevotella	nanceiensis	prevotella	nanceiensis	Prevotella nanceiensis	species	1122988	Negative	anaerobe	alkaliphile	0	fermenter	carbohydrates	2026-06-19 10:03:02	2026-06-19 10:03:05
250	NULL	Pseudomonadota	Alphaproteobacteria	Hyphomicrobiales	Methylobacteriaceae	Methylobacterium	adhaesivum	methylobacterium	adhaesivum	Methylobacterium adhaesivum	species	NULL	NULL	aerobe	alkaliphile	0	N/A	N/A	2026-06-19 10:03:02	2026-06-19 10:03:02
251	Eubacteria	Bacteroidota	Bacteroidia	Bacteroidales	Bacteroidaceae	Bacteroides	fragilis	bacteroides	fragilis	Bacteroides fragilis	species	272559	Negative	anaerobe	alkaliphile	0	fermenter	carbohydrates	2026-06-19 10:03:02	2026-06-19 10:03:04
252	Eubacteria	Bacillota	Clostridia	Eubacteriales	Clostridiaceae	Clostridium	difficile	clostridium	difficile	Clostridium difficile	species	645462	Positive	anaerobe	alkaliphile	1	fermenter	organic_unspecified	2026-06-19 10:03:02	2026-06-19 10:03:04
253	NULL	Bacillota	Bacilli	Bacillales	Listeriaceae	Brochothrix		brochothrix		Brochothrix	genus	NULL	NULL	aerobe	NULL	NULL	N/A	N/A	2026-06-19 10:03:02	2026-06-19 10:03:02
254	NULL	Bacillota	Clostridia	Eubacteriales	Caldicoprobacteraceae	Caldicoprobacter		caldicoprobacter		Caldicoprobacter	genus	NULL	NULL	anaerobe	alkaliphile	0	N/A	N/A	2026-06-19 10:03:02	2026-06-19 10:03:02
255	NULL	Bacillota	Clostridia	Eubacteriales	Clostridiaceae	Clostridium	bifermentans	clostridium	bifermentans	Clostridium bifermentans	species	NULL	NULL	anaerobe	alkaliphile	1	N/A	N/A	2026-06-19 10:03:02	2026-06-19 10:03:02
256	NULL	Bacillota	Clostridia	Eubacteriales	Clostridiaceae	Proteiniclasticum		proteiniclasticum		Proteiniclasticum	genus	NULL	NULL	anaerobe	alkaliphile	0	N/A	N/A	2026-06-19 10:03:02	2026-06-19 10:03:02
257	NULL	Pseudomonadota	Betaproteobacteria	Burkholderiales	Comamonadaceae	Ramlibacter		ramlibacter		Ramlibacter	genus	NULL	NULL	aerobe	alkaliphile	NULL	N/A	N/A	2026-06-19 10:03:02	2026-06-19 10:03:02
258	NULL	Bacillota	Tissierellia	Tissierellales	Thermohalobacteraceae	Clostridiisalibacter		clostridiisalibacter		Clostridiisalibacter	genus	NULL	NULL	anaerobe	alkaliphile	1	N/A	N/A	2026-06-19 10:03:02	2026-06-19 10:03:02
259	Eubacteria	Pseudomonadota	Betaproteobacteria	Nitrosomonadales	Methylophilaceae	Methylotenera	mobilis	methylotenera	mobilis	Methylotenera mobilis	species	359408	NULL	anaerobe	alkaliphile	1	N/A	N/A	2026-06-19 10:03:02	2026-06-19 10:03:04
260	NULL	Fusobacteriota	Fusobacteriia	Fusobacteriales	Leptotrichiaceae	Leptotrichia		leptotrichia		Leptotrichia	genus	NULL	NULL	anaerobe	NULL	0	N/A	N/A	2026-06-19 10:03:02	2026-06-19 10:03:02
261	NULL	Arthropoda	Insecta	Phasmatodea	Bacillidae	Bacillus	ginsengihumi	bacillus	ginsengihumi	Bacillus ginsengihumi	species	NULL	NULL	aerobe	alkaliphile	1	N/A	N/A	2026-06-19 10:03:02	2026-06-19 10:03:02
262	NULL	Bacillota	Clostridia	Eubacteriales	Clostridiaceae	Clostridium	metallolevans	clostridium	metallolevans	Clostridium metallolevans	species	NULL	NULL	anaerobe	alkaliphile	1	N/A	N/A	2026-06-19 10:03:02	2026-06-19 10:03:02
263	NULL	Streptophyta	Magnoliopsida	Fabales	Fabaceae	Lupinus	luteus	lupinus	luteus	Lupinus luteus	species	NULL	NULL	NULL	NULL	NULL	N/A	N/A	2026-06-19 10:03:02	2026-06-19 10:03:02
264	NULL	Bacillota	Clostridia	Eubacteriales	Clostridiaceae	Clostridium	hiranonis	clostridium	hiranonis	Clostridium hiranonis	species	NULL	NULL	anaerobe	alkaliphile	1	N/A	N/A	2026-06-19 10:03:02	2026-06-19 10:03:02
265	NULL	Pseudomonadota	Betaproteobacteria	Burkholderiales	Comamonadaceae	Giesbergeria		giesbergeria		Giesbergeria	genus	NULL	NULL	aerobe	alkaliphile	0	N/A	N/A	2026-06-19 10:03:02	2026-06-19 10:03:02
266	NULL	Bacillota	Bacilli	Lactobacillales	Aerococcaceae	Facklamia		facklamia		Facklamia	genus	NULL	NULL	facultative anaerobe	NULL	NULL	N/A	N/A	2026-06-19 10:03:02	2026-06-19 10:03:02
267	NULL	Actinomycetota	Actinomycetes	Micrococcales	Microbacteriaceae	Aquiluna	rubra	aquiluna	rubra	Aquiluna rubra	species	NULL	NULL	NULL	NULL	NULL	N/A	N/A	2026-06-19 10:03:02	2026-06-19 10:03:02
268	Eubacteria	Streptophyta	Magnoliopsida	Fabales	Fabaceae	Rothia	dentocariosa	rothia	dentocariosa	Rothia dentocariosa	species	2047	Positive	aerobe	alkaliphile	0	respirator	N/A	2026-06-19 10:03:02	2026-06-19 10:03:04
269	Eubacteria	Bacillota	Bacilli	Lactobacillales	Lactobacillaceae	Lactobacillus	mucosae	lactobacillus	mucosae	Lactobacillus mucosae	species	1130798	Positive	anaerobe	acidophile	0	mixed	carbohydrates	2026-06-19 10:03:02	2026-06-19 10:03:04
270	NULL	Bacillota	Bacilli	Lactobacillales	Lactobacillaceae	Lactobacillus	pontis	lactobacillus	pontis	Lactobacillus pontis	species	NULL	NULL	anaerobe	acidophile	0	N/A	N/A	2026-06-19 10:03:02	2026-06-19 10:03:02
271	NULL	Bacillota	Bacilli	Lactobacillales	Carnobacteriaceae	Trichococcus		trichococcus		Trichococcus	genus	NULL	NULL	aerobe	alkaliphile	NULL	N/A	N/A	2026-06-19 10:03:02	2026-06-19 10:03:02
272	NULL	Actinomycetota	Actinomycetes	Micrococcales	Micrococcaceae	Acaricomes	phytoseiuli	acaricomes	phytoseiuli	Acaricomes phytoseiuli	species	NULL	NULL	aerobe	alkaliphile	0	N/A	N/A	2026-06-19 10:03:02	2026-06-19 10:03:02
273	NULL	Acidobacteriota	Terriglobia	Terriglobales	Acidobacteriaceae	Acidobacterium		acidobacterium		Acidobacterium	genus	NULL	NULL	aerobe	acidophile	0	N/A	N/A	2026-06-19 10:03:02	2026-06-19 10:03:02
274	Eubacteria	Thermodesulfobacteriota	Desulfuromonadia	Geobacterales	Geobacteraceae	Geobacter	lovleyi	geobacter	lovleyi	Geobacter lovleyi	species	313985	Negative	anaerobe	NULL	Singles	fermenter	inorganic	2026-06-19 10:03:02	2026-06-19 10:03:04
275	NULL	Pseudomonadota	Betaproteobacteria	Rhodocyclales	Rhodocyclaceae	Candidatus accumulibacter		candidatus accumulibacter		Candidatus accumulibacter	genus	NULL	NULL	NULL	NULL	NULL	N/A	N/A	2026-06-19 10:03:02	2026-06-19 10:03:02
276	Eubacteria	Bacteroidota	Bacteroidia	Bacteroidales	Prevotellaceae	Prevotella	pallens	prevotella	pallens	Prevotella pallens	species	60133	Negative	anaerobe	alkaliphile	0	fermenter	carbohydrates	2026-06-19 10:03:02	2026-06-19 10:03:05
277	NULL	Bacillota	Clostridia	Peptostreptococcales	Anaerovoracaceae	Anaerovorax		anaerovorax		Anaerovorax	genus	NULL	NULL	anaerobe	NULL	NULL	N/A	N/A	2026-06-19 10:03:02	2026-06-19 10:03:02
278	Eubacteria	Bacillota	Bacilli	Lactobacillales	Streptococcaceae	Streptococcus	infantis	streptococcus	infantis	Streptococcus infantis	species	68892	Positive	facultative anaerobe	alkaliphile	0	mixed	carbohydrates	2026-06-19 10:03:02	2026-06-19 10:03:04
279	NULL	Actinomycetota	Actinomycetes	Micrococcales	Brevibacteriaceae	Brevibacterium		brevibacterium		Brevibacterium	genus	NULL	NULL	aerobe	alkaliphile	0	N/A	N/A	2026-06-19 10:03:02	2026-06-19 10:03:02
280	NULL	Verrucomicrobiota	Spartobacteria	Chthoniobacterales	Chthoniobacteraceae	Chthoniobacter		chthoniobacter		Chthoniobacter	genus	NULL	NULL	aerobe	acidophile	NULL	N/A	N/A	2026-06-19 10:03:02	2026-06-19 10:03:02
281	Eubacteria	Bacillota	Bacilli	Bacillales	Staphylococcaceae	Staphylococcus	epidermidis	staphylococcus	epidermidis	Staphylococcus epidermidis	species	1282	Positive	aerobe	alkaliphile	0	mixed	N/A	2026-06-19 10:03:02	2026-06-19 10:03:04
282	NULL	Bacillota	Clostridia	Eubacteriales	Clostridiaceae	Clostridium	maritimum	clostridium	maritimum	Clostridium maritimum	species	NULL	NULL	anaerobe	alkaliphile	1	N/A	N/A	2026-06-19 10:03:02	2026-06-19 10:03:02
283	NULL	Pseudomonadota	Gammaproteobacteria	Lysobacterales	Rhodanobacteraceae	Rhodanobacter		rhodanobacter		Rhodanobacter	genus	NULL	NULL	aerobe	alkaliphile	0	N/A	N/A	2026-06-19 10:03:02	2026-06-19 10:03:02
284	NULL	Campylobacterota	Epsilonproteobacteria	Campylobacterales	Helicobacteraceae	Flexispira		flexispira		Flexispira	genus	NULL	NULL	NULL	NULL	NULL	N/A	N/A	2026-06-19 10:03:02	2026-06-19 10:03:02
285	NULL	Bacillota	Clostridia	Eubacteriales	Clostridiaceae	Clostridium	sordellii	clostridium	sordellii	Clostridium sordellii	species	NULL	NULL	anaerobe	alkaliphile	1	N/A	N/A	2026-06-19 10:03:02	2026-06-19 10:03:02
286	NULL	Bacillota	Bacilli	Bacillales	Bacillaceae	Lysinibacillus	boronitolerans	lysinibacillus	boronitolerans	Lysinibacillus boronitolerans	species	NULL	NULL	aerobe	alkaliphile	1	N/A	N/A	2026-06-19 10:03:02	2026-06-19 10:03:02
287	Eubacteria	Bacillota	Clostridia	Peptostreptococcales	Peptostreptococcaceae	Peptostreptococcus	anaerobius	peptostreptococcus	anaerobius	Peptostreptococcus anaerobius	species	1035196	Positive	anaerobe	NULL	1	fermenter	carbohydrates	2026-06-19 10:03:02	2026-06-19 10:03:04
288	Eubacteria	Bacillota	Clostridia	Eubacteriales	Oscillospiraceae	Ruminococcus	callidus	ruminococcus	callidus	Ruminococcus callidus	species	40519	Positive	anaerobe	NULL	0	fermenter	carbohydrates	2026-06-19 10:03:02	2026-06-19 10:03:04
289	NULL	Actinomycetota	Actinomycetes	Actinomycetales	Actinomycetaceae	Mobiluncus		mobiluncus		Mobiluncus	genus	NULL	NULL	anaerobe	NULL	0	N/A	N/A	2026-06-19 10:03:02	2026-06-19 10:03:02
290	Eubacteria	Bacillota	Bacilli	Lactobacillales	Lactobacillaceae	Pediococcus	acidilactici	pediococcus	acidilactici	Pediococcus acidilactici	species	1254	Positive	aerobe	acidophile	0	mixed	carbohydrates	2026-06-19 10:03:02	2026-06-19 10:03:04
291	NULL	Bacillota	Bacilli	Bacillales	Staphylococcaceae	Staphylococcus	succinus	staphylococcus	succinus	Staphylococcus succinus	species	NULL	NULL	aerobe	alkaliphile	0	N/A	N/A	2026-06-19 10:03:02	2026-06-19 10:03:02
292	NULL	Actinomycetota	Actinomycetes	Actinomycetales	Actinomycetaceae	Actinobaculum		actinobaculum		Actinobaculum	genus	NULL	NULL	anaerobe	NULL	0	N/A	N/A	2026-06-19 10:03:02	2026-06-19 10:03:02
293	NULL	Pseudomonadota	Hydrogenophilia	Hydrogenophilales	Hydrogenophilaceae	Hydrogenophilus		hydrogenophilus		Hydrogenophilus	genus	NULL	NULL	aerobe	NULL	0	N/A	N/A	2026-06-19 10:03:02	2026-06-19 10:03:02
294	NULL	Bacillota	Bacilli	Bacillales	Planococcaceae	Planomicrobium		planomicrobium		Planomicrobium	genus	NULL	NULL	NULL	alkaliphile	NULL	N/A	N/A	2026-06-19 10:03:02	2026-06-19 10:03:02
295	NULL	Actinomycetota	Actinomycetes	Pseudonocardiales	Pseudonocardiaceae	Saccharopolyspora		saccharopolyspora		Saccharopolyspora	genus	NULL	NULL	aerobe	alkaliphile	1	N/A	N/A	2026-06-19 10:03:02	2026-06-19 10:03:02
296	NULL	Bacillota	Bacilli	Lactobacillales	Carnobacteriaceae	Carnobacterium		carnobacterium		Carnobacterium	genus	NULL	NULL	facultative anaerobe	alkaliphile	0	N/A	N/A	2026-06-19 10:03:02	2026-06-19 10:03:02
297	NULL	Bacillota	Negativicutes	Acidaminococcales	Acidaminococcaceae	Succinispira	mobilis	succinispira	mobilis	Succinispira mobilis	species	NULL	NULL	anaerobe	alkaliphile	1	N/A	N/A	2026-06-19 10:03:02	2026-06-19 10:03:02
298	NULL	Bacillota	Negativicutes	Selenomonadales	Sporomusaceae	Anaeromusa		anaeromusa		Anaeromusa	genus	NULL	NULL	anaerobe	NULL	NULL	N/A	N/A	2026-06-19 10:03:02	2026-06-19 10:03:02
299	NULL	Pseudomonadota	Betaproteobacteria	Burkholderiales	Burkholderiaceae	Polynucleobacter		polynucleobacter		Polynucleobacter	genus	NULL	NULL	aerobe	NULL	NULL	N/A	N/A	2026-06-19 10:03:02	2026-06-19 10:03:02
300	NULL	Bacillota	Bacilli	Lactobacillales	Lactobacillaceae	Weissella	thailandensis	weissella	thailandensis	Weissella thailandensis	species	NULL	NULL	anaerobe	alkaliphile	0	N/A	N/A	2026-06-19 10:03:02	2026-06-19 10:03:02
301	NULL	Bacillota	Bacilli	Bacillales	Bacillaceae	Pontibacillus		pontibacillus		Pontibacillus	genus	NULL	NULL	aerobe	alkaliphile	1	N/A	N/A	2026-06-19 10:03:02	2026-06-19 10:03:02
302	NULL	Bacillota	Clostridia	Eubacteriales	Clostridiaceae	Clostridium	neonatale	clostridium	neonatale	Clostridium neonatale	species	NULL	NULL	anaerobe	alkaliphile	1	N/A	N/A	2026-06-19 10:03:02	2026-06-19 10:03:02
303	NULL	Pseudomonadota	Alphaproteobacteria	Caulobacterales	Caulobacteraceae	Phenylobacterium		phenylobacterium		Phenylobacterium	genus	NULL	NULL	aerobe	alkaliphile	0	N/A	N/A	2026-06-19 10:03:02	2026-06-19 10:03:02
304	NULL	Actinomycetota	Actinomycetes	Micrococcales	Dermacoccaceae	Dermacoccus		dermacoccus		Dermacoccus	genus	NULL	NULL	aerobe	NULL	1	N/A	N/A	2026-06-19 10:03:02	2026-06-19 10:03:02
305	Eubacteria	Actinomycetota	Coriobacteriia	Eggerthellales	Eggerthellaceae	Eggerthella	lenta	eggerthella	lenta	Eggerthella lenta	species	479437	Positive	anaerobe	NULL	Chains - Pairs - Singles	fermenter	N/A	2026-06-19 10:03:02	2026-06-19 10:03:04
306	NULL	Bacillota	Clostridia	Halanaerobiales	Halobacteroidaceae	Halanaerobacter		halanaerobacter		Halanaerobacter	genus	NULL	NULL	anaerobe	alkaliphile	0	N/A	N/A	2026-06-19 10:03:02	2026-06-19 10:03:02
307	Eubacteria	Bacillota	Bacilli	Lactobacillales	Lactobacillaceae	Lactobacillus	ruminis	lactobacillus	ruminis	Lactobacillus ruminis	species	1623	Positive	anaerobe	acidophile	0	mixed	carbohydrates	2026-06-19 10:03:02	2026-06-19 10:03:04
308	NULL	Actinomycetota	Actinomycetes	Micrococcales	Intrasporangiaceae	Intrasporangium	calvum	intrasporangium	calvum	Intrasporangium calvum	species	NULL	NULL	aerobe	alkaliphile	0	N/A	N/A	2026-06-19 10:03:02	2026-06-19 10:03:02
309	NULL	Bacteroidota	Cytophagia	Cytophagales	Spirosomataceae	Dyadobacter		dyadobacter		Dyadobacter	genus	NULL	NULL	aerobe	alkaliphile	0	N/A	N/A	2026-06-19 10:03:02	2026-06-19 10:03:02
310	NULL	Bacillota	Bacilli	Lactobacillales	Carnobacteriaceae	Alloiococcus		alloiococcus		Alloiococcus	genus	NULL	NULL	aerobe	NULL	0	N/A	N/A	2026-06-19 10:03:02	2026-06-19 10:03:02
311	NULL	Pseudomonadota	Alphaproteobacteria	Rhodospirillales	Rhodospirillaceae	Magnetospirillum		magnetospirillum		Magnetospirillum	genus	NULL	NULL	microaerophile	NULL	NULL	N/A	N/A	2026-06-19 10:03:02	2026-06-19 10:03:02
312	NULL	Pseudomonadota	Gammaproteobacteria	Moraxellales	Moraxellaceae	Acinetobacter	guillouiae	acinetobacter	guillouiae	Acinetobacter guillouiae	species	106649	NULL	aerobe	alkaliphile	0	N/A	N/A	2026-06-19 10:03:02	2026-06-19 10:03:05
313	NULL	Pseudomonadota	Betaproteobacteria	Rhodocyclales	Zoogloeaceae	Zoogloea		zoogloea		Zoogloea	genus	NULL	NULL	aerobe	NULL	0	N/A	N/A	2026-06-19 10:03:02	2026-06-19 10:03:02
314	NULL	Bacillota	Clostridia	Peptostreptococcales	Peptostreptococcaceae	Tepidibacter		tepidibacter		Tepidibacter	genus	NULL	NULL	anaerobe	alkaliphile	1	N/A	N/A	2026-06-19 10:03:02	2026-06-19 10:03:02
315	Eubacteria	Pseudomonadota	Gammaproteobacteria	Enterobacterales	Enterobacteriaceae	Enterobacter	hormaechei	enterobacter	hormaechei	Enterobacter hormaechei	species	1259823	Negative	aerobe	alkaliphile	0	mixed	N/A	2026-06-19 10:03:02	2026-06-19 10:03:05
316	NULL	Bacillota	Clostridia	Eubacteriales	Clostridiaceae	Clostridium	citroniae	clostridium	citroniae	Clostridium citroniae	species	NULL	NULL	anaerobe	alkaliphile	1	N/A	N/A	2026-06-19 10:03:02	2026-06-19 10:03:02
317	Eubacteria	Arthropoda	Insecta	Phasmatodea	Bacillidae	Bacillus	cereus	bacillus	cereus	Bacillus cereus	species	1396	Positive	aerobe	alkaliphile	1	mixed	carbohydrates	2026-06-19 10:03:02	2026-06-19 10:03:04
318	Eubacteria	Pseudomonadota	Betaproteobacteria	Neisseriales	Neisseriaceae	Neisseria	cinerea	neisseria	cinerea	Neisseria cinerea	species	483	Negative	microaerophile	alkaliphile	0	fermenter	carbohydrates	2026-06-19 10:03:02	2026-06-19 10:03:05
319	Eubacteria	Fusobacteriota	Fusobacteriia	Fusobacteriales	Fusobacteriaceae	Cetobacterium	somerae	cetobacterium	somerae	Cetobacterium somerae	species	1319815	Negative	anaerobe	NULL	NULL	fermenter	carbohydrates	2026-06-19 10:03:02	2026-06-19 10:03:04
320	NULL	Pseudomonadota	Gammaproteobacteria	Pasteurellales	Pasteurellaceae	Aggregatibacter	segnis	aggregatibacter	segnis	Aggregatibacter segnis	species	NULL	NULL	microaerophile	NULL	NULL	N/A	N/A	2026-06-19 10:03:02	2026-06-19 10:03:02
321	Eubacteria	Pseudomonadota	Gammaproteobacteria	Enterobacterales	Enterobacteriaceae	Shigella	sonnei	shigella	sonnei	Shigella sonnei	species	300269	Negative	aerobe	NULL	0	mixed	organic_unspecified	2026-06-19 10:03:02	2026-06-19 10:03:04
322	NULL	Pseudomonadota	Gammaproteobacteria	Pasteurellales	Pasteurellaceae	Gallibacterium	genomosp.	gallibacterium	genomosp.	Gallibacterium genomosp.	species	NULL	NULL	facultative anaerobe	NULL	NULL	N/A	N/A	2026-06-19 10:03:02	2026-06-19 10:03:02
323	NULL	Pseudomonadota	Betaproteobacteria	Burkholderiales	Burkholderiaceae	Cupriavidus	gilardii	cupriavidus	gilardii	Cupriavidus gilardii	species	NULL	NULL	aerobe	alkaliphile	0	N/A	N/A	2026-06-19 10:03:02	2026-06-19 10:03:02
324	NULL	Pseudomonadota	Gammaproteobacteria	Pasteurellales	Pasteurellaceae	Pasteurella	mairii	pasteurella	mairii	Pasteurella mairii	species	NULL	NULL	facultative anaerobe	NULL	NULL	N/A	N/A	2026-06-19 10:03:02	2026-06-19 10:03:02
325	Eubacteria	Pseudomonadota	Gammaproteobacteria	Enterobacterales	Erwiniaceae	Pantoea	agglomerans	pantoea	agglomerans	Pantoea agglomerans	species	1110694	Negative	aerobe	NULL	0	mixed	N/A	2026-06-19 10:03:02	2026-06-19 10:03:05
326	Eubacteria	Bacillota	Bacilli	Lactobacillales	Lactobacillaceae	Lactobacillus	salivarius	lactobacillus	salivarius	Lactobacillus salivarius	species	1624	Positive	anaerobe	acidophile	0	mixed	N/A	2026-06-19 10:03:02	2026-06-19 10:03:04
327	NULL	Arthropoda	Insecta	Phasmatodea	Bacillidae	Bacillus	foraminis	bacillus	foraminis	Bacillus foraminis	species	NULL	NULL	aerobe	alkaliphile	1	N/A	N/A	2026-06-19 10:03:02	2026-06-19 10:03:02
328	NULL	Bacillota	Clostridia	Eubacteriales	Clostridiaceae	Clostridium	hungatei	clostridium	hungatei	Clostridium hungatei	species	NULL	NULL	anaerobe	alkaliphile	1	N/A	N/A	2026-06-19 10:03:02	2026-06-19 10:03:02
329	NULL	Pseudomonadota	Gammaproteobacteria	Pasteurellales	Pasteurellaceae	Actinobacillus	porcinus	actinobacillus	porcinus	Actinobacillus porcinus	species	NULL	NULL	facultative anaerobe	NULL	NULL	N/A	N/A	2026-06-19 10:03:02	2026-06-19 10:03:02
330	NULL	Pseudomonadota	Gammaproteobacteria	Pasteurellales	Pasteurellaceae	Actinobacillus	seminis	actinobacillus	seminis	Actinobacillus seminis	species	NULL	NULL	facultative anaerobe	NULL	NULL	N/A	N/A	2026-06-19 10:03:02	2026-06-19 10:03:02
331	NULL	Pseudomonadota	Gammaproteobacteria	Oceanospirillales	Oceanospirillaceae	Nitrincola		nitrincola		Nitrincola	genus	NULL	NULL	aerobe	alkaliphile	0	N/A	N/A	2026-06-19 10:03:02	2026-06-19 10:03:02
332	NULL	Bacillota	Bacilli	Bacillales	Paenibacillaceae	Thermobacillus	composti	thermobacillus	composti	Thermobacillus composti	species	NULL	NULL	aerobe	alkaliphile	0	N/A	N/A	2026-06-19 10:03:02	2026-06-19 10:03:02
333	NULL	Pseudomonadota	Gammaproteobacteria	Alteromonadales	Alteromonadaceae	Glaciecola	punicea	glaciecola	punicea	Glaciecola punicea	species	NULL	NULL	aerobe	NULL	0	N/A	N/A	2026-06-19 10:03:02	2026-06-19 10:03:02
334	NULL	Bacillota	Bacilli	Bacillales	Thermoactinomycetaceae	Shimazuella		shimazuella		Shimazuella	genus	NULL	NULL	aerobe	NULL	1	N/A	N/A	2026-06-19 10:03:02	2026-06-19 10:03:02
335	NULL	Pseudomonadota	Gammaproteobacteria	Pasteurellales	Pasteurellaceae	Haemophilus	paracuniculus	haemophilus	paracuniculus	Haemophilus paracuniculus	species	NULL	NULL	microaerophile	NULL	0	N/A	N/A	2026-06-19 10:03:02	2026-06-19 10:03:02
336	NULL	Pseudomonadota	Gammaproteobacteria	Alteromonadales	Shewanellaceae	Shewanella	algae	shewanella	algae	Shewanella algae	species	38313	NULL	aerobe	alkaliphile	0	N/A	N/A	2026-06-19 10:03:02	2026-06-19 10:03:05
337	NULL	Bacillota	Bacilli	Bacillales	Staphylococcaceae	Macrococcus	caseolyticus	macrococcus	caseolyticus	Macrococcus caseolyticus	species	NULL	NULL	aerobe	NULL	NULL	N/A	N/A	2026-06-19 10:03:02	2026-06-19 10:03:02
338	NULL	Pseudomonadota	Gammaproteobacteria	Methylococcales	Crenotrichaceae	Crenothrix		crenothrix		Crenothrix	genus	NULL	NULL	NULL	NULL	NULL	N/A	N/A	2026-06-19 10:03:02	2026-06-19 10:03:02
339	NULL	Pseudomonadota	Betaproteobacteria	Neisseriales	Neisseriaceae	Eikenella		eikenella		Eikenella	genus	NULL	NULL	anaerobe	NULL	NULL	N/A	N/A	2026-06-19 10:03:02	2026-06-19 10:03:02
340	Eubacteria	Actinomycetota	Actinomycetes	Bifidobacteriales	Bifidobacteriaceae	Bifidobacterium	pseudolongum	bifidobacterium	pseudolongum	Bifidobacterium pseudolongum	species	1437595	Positive	anaerobe	acidophile	0	fermenter	carbohydrates	2026-06-19 10:03:02	2026-06-19 10:03:04
341	Eubacteria	Bacteroidota	Bacteroidia	Bacteroidales	Bacteroidaceae	Bacteroides	nordii	bacteroides	nordii	Bacteroides nordii	species	291645	Negative	anaerobe	alkaliphile	0	fermenter	carbohydrates	2026-06-19 10:03:02	2026-06-19 10:03:04
342	NULL	Bacillota	Bacilli	Bacillales	Paenibacillaceae	Brevibacillus	reuszeri	brevibacillus	reuszeri	Brevibacillus reuszeri	species	NULL	NULL	aerobe	alkaliphile	1	N/A	N/A	2026-06-19 10:03:02	2026-06-19 10:03:02
343	NULL	Pseudomonadota	Gammaproteobacteria	Pasteurellales	Pasteurellaceae	Avibacterium	gallinarum	avibacterium	gallinarum	Avibacterium gallinarum	species	NULL	NULL	microaerophile	NULL	NULL	N/A	N/A	2026-06-19 10:03:02	2026-06-19 10:03:02
344	NULL	Pseudomonadota	Gammaproteobacteria	Alteromonadales	Colwelliaceae	Thalassomonas	sediminis	thalassomonas	sediminis	Thalassomonas sediminis	species	NULL	NULL	anaerobe	alkaliphile	NULL	N/A	N/A	2026-06-19 10:03:02	2026-06-19 10:03:02
345	Eubacteria	Campylobacterota	Epsilonproteobacteria	Campylobacterales	Helicobacteraceae	Wolinella	succinogenes	wolinella	succinogenes	Wolinella succinogenes	species	273121	Negative	anaerobe	NULL	NULL	respirator	N/A	2026-06-19 10:03:02	2026-06-19 10:03:04
346	NULL	Bacteroidota	Bacteroidia	Bacteroidales	Rikenellaceae	Ruminofilibacter	xylanolyticum	ruminofilibacter	xylanolyticum	Ruminofilibacter xylanolyticum	species	NULL	NULL	NULL	NULL	NULL	N/A	N/A	2026-06-19 10:03:02	2026-06-19 10:03:02
347	NULL	Pseudomonadota	Alphaproteobacteria	Hyphomonadales	Hyphomonadaceae	Hyphomonas	oceanitis	hyphomonas	oceanitis	Hyphomonas oceanitis	species	NULL	NULL	obligate aerobe	NULL	NULL	N/A	N/A	2026-06-19 10:03:02	2026-06-19 10:03:02
348	NULL	Actinomycetota	Actinomycetes	Bifidobacteriales	Bifidobacteriaceae	Bombiscardovia		bombiscardovia		Bombiscardovia	genus	NULL	NULL	anaerobe	NULL	NULL	N/A	N/A	2026-06-19 10:03:02	2026-06-19 10:03:02
349	NULL	Pseudomonadota	Gammaproteobacteria	Alteromonadales	Psychromonadaceae	Psychromonas		psychromonas		Psychromonas	genus	NULL	NULL	facultative anaerobe	alkaliphile	0	N/A	N/A	2026-06-19 10:03:02	2026-06-19 10:03:02
350	NULL	Pseudomonadota	Alphaproteobacteria	Rickettsiales	Rickettsiaceae	Rickettsia		rickettsia		Rickettsia	genus	NULL	NULL	obligate aerobe	NULL	0	N/A	N/A	2026-06-19 10:03:02	2026-06-19 10:03:02
351	NULL	Pseudomonadota	Gammaproteobacteria	Aeromonadales	Aeromonadaceae	Oceanisphaera		oceanisphaera		Oceanisphaera	genus	NULL	NULL	aerobe	alkaliphile	0	N/A	N/A	2026-06-19 10:03:02	2026-06-19 10:03:02
352	NULL	Actinomycetota	Actinomycetes	Pseudonocardiales	Pseudonocardiaceae	Saccharomonospora		saccharomonospora		Saccharomonospora	genus	NULL	NULL	aerobe	alkaliphile	1	N/A	N/A	2026-06-19 10:03:02	2026-06-19 10:03:02
353	NULL	Pseudomonadota	Gammaproteobacteria	Aeromonadales	Aeromonadaceae	Aeromonas	popoffii	aeromonas	popoffii	Aeromonas popoffii	species	NULL	NULL	facultative anaerobe	alkaliphile	0	N/A	N/A	2026-06-19 10:03:02	2026-06-19 10:03:02
354	NULL	Bacillota	Bacilli	Bacillales	Planococcaceae	Ureibacillus		ureibacillus		Ureibacillus	genus	NULL	NULL	aerobe	alkaliphile	1	N/A	N/A	2026-06-19 10:03:02	2026-06-19 10:03:02
355	NULL	Bacillota	Erysipelotrichia	Erysipelotrichales	Erysipelotrichaceae	Erysipelothrix		erysipelothrix		Erysipelothrix	genus	NULL	NULL	anaerobe	NULL	0	N/A	N/A	2026-06-19 10:03:02	2026-06-19 10:03:02
356	NULL	Pseudomonadota	Gammaproteobacteria	Pasteurellales	Pasteurellaceae	Haemophilus	parasuis	haemophilus	parasuis	Haemophilus parasuis	species	NULL	NULL	microaerophile	NULL	0	N/A	N/A	2026-06-19 10:03:02	2026-06-19 10:03:02
357	NULL	Bacillota	Clostridia	Eubacteriales	Clostridiaceae	Clostridium	piliforme	clostridium	piliforme	Clostridium piliforme	species	NULL	NULL	anaerobe	alkaliphile	1	N/A	N/A	2026-06-19 10:03:02	2026-06-19 10:03:02
358	Eubacteria	Bacillota	Erysipelotrichia	Erysipelotrichales	Coprobacillaceae	Catenibacterium	mitsuokai	catenibacterium	mitsuokai	Catenibacterium mitsuokai	species	100886	Positive	anaerobe	NULL	NULL	fermenter	carbohydrates	2026-06-19 10:03:02	2026-06-19 10:03:04
359	NULL	Pseudomonadota	Betaproteobacteria	Burkholderiales	Burkholderiaceae	Limnobacter		limnobacter		Limnobacter	genus	NULL	NULL	aerobe	alkaliphile	0	N/A	N/A	2026-06-19 10:03:02	2026-06-19 10:03:02
360	NULL	Bacteroidota	Sphingobacteriia	Sphingobacteriales	Sphingobacteriaceae	Parapedobacter		parapedobacter		Parapedobacter	genus	NULL	NULL	aerobe	alkaliphile	0	N/A	N/A	2026-06-19 10:03:02	2026-06-19 10:03:02
361	NULL	Thermodesulfobacteriota	Desulfovibrionia	Desulfovibrionales	Desulfovibrionaceae	Desulfovibrio	alaskensis	desulfovibrio	alaskensis	Desulfovibrio alaskensis	species	NULL	NULL	anaerobe	alkaliphile	0	N/A	N/A	2026-06-19 10:03:02	2026-06-19 10:03:02
362	Eubacteria	Pseudomonadota	Betaproteobacteria	Burkholderiales	Alcaligenaceae	Alcaligenes	faecalis	alcaligenes	faecalis	Alcaligenes faecalis	species	1156918	Negative	anaerobe	alkaliphile	NULL	respirator	N/A	2026-06-19 10:03:02	2026-06-19 10:03:04
363	NULL	Bacteroidota	Flavobacteriia	Flavobacteriales	Crocinitomicaceae	Crocinitomix		crocinitomix		Crocinitomix	genus	NULL	NULL	aerobe	alkaliphile	NULL	N/A	N/A	2026-06-19 10:03:02	2026-06-19 10:03:02
364	NULL	Bacteroidota	Sphingobacteriia	Sphingobacteriales	Sphingobacteriaceae	Sphingobacterium	multivorum	sphingobacterium	multivorum	Sphingobacterium multivorum	species	NULL	NULL	aerobe	alkaliphile	0	N/A	N/A	2026-06-19 10:03:02	2026-06-19 10:03:02
365	NULL	Pseudomonadota	Betaproteobacteria	Tremblayales	Tremblayaceae	Candidatus tremblaya	princeps	candidatus tremblaya	princeps	Candidatus tremblaya princeps	species	NULL	NULL	NULL	NULL	NULL	N/A	N/A	2026-06-19 10:03:02	2026-06-19 10:03:02
366	NULL	Pseudomonadota	Gammaproteobacteria	Oceanospirillales	Alcanivoracaceae	Alcanivorax		alcanivorax		Alcanivorax	genus	NULL	NULL	aerobe	alkaliphile	0	N/A	N/A	2026-06-19 10:03:02	2026-06-19 10:03:02
367	NULL	Bacteroidota	Sphingobacteriia	Sphingobacteriales	Sphingobacteriaceae	Pedobacter	terricola	pedobacter	terricola	Pedobacter terricola	species	NULL	NULL	aerobe	alkaliphile	0	N/A	N/A	2026-06-19 10:03:02	2026-06-19 10:03:02
368	NULL	Pseudomonadota	Betaproteobacteria	Burkholderiales	Oxalobacteraceae	Collimonas		collimonas		Collimonas	genus	NULL	NULL	aerobe	NULL	0	N/A	N/A	2026-06-19 10:03:02	2026-06-19 10:03:02
369	Eubacteria	Pseudomonadota	Gammaproteobacteria	Enterobacterales	Enterobacteriaceae	Enterobacter	cloacae	enterobacter	cloacae	Enterobacter cloacae	species	1045856	Negative	aerobe	alkaliphile	0	mixed	N/A	2026-06-19 10:03:02	2026-06-19 10:03:04
370	NULL	Fusobacteriota	Fusobacteriia	Fusobacteriales	Fusobacteriaceae	Propionigenium		propionigenium		Propionigenium	genus	NULL	NULL	anaerobe	NULL	NULL	N/A	N/A	2026-06-19 10:03:02	2026-06-19 10:03:02
371	NULL	Arthropoda	Insecta	Coleoptera	Lampyridae	Serratia	symbiotica	serratia	symbiotica	Serratia symbiotica	species	NULL	NULL	aerobe	alkaliphile	0	N/A	N/A	2026-06-19 10:03:02	2026-06-19 10:03:02
372	NULL	Bacillota	Clostridia	Peptostreptococcales	Filifactoraceae	Filifactor		filifactor		Filifactor	genus	NULL	NULL	anaerobe	NULL	NULL	N/A	N/A	2026-06-19 10:03:02	2026-06-19 10:03:02
373	NULL	Thermodesulfobacteriota	Desulfovibrionia	Desulfovibrionales	Desulfovibrionaceae	Desulfovibrio	d168	desulfovibrio	d168	Desulfovibrio d168	species	NULL	NULL	anaerobe	alkaliphile	0	N/A	N/A	2026-06-19 10:03:02	2026-06-19 10:03:02
374	NULL	Bacillota	Clostridia	Eubacteriales	Oscillospiraceae	Cellulosibacter	alkalithermophilus	cellulosibacter	alkalithermophilus	Cellulosibacter alkalithermophilus	species	NULL	NULL	anaerobe	alkaliphile	1	N/A	N/A	2026-06-19 10:03:02	2026-06-19 10:03:02
375	NULL	Bacteroidota	Bacteroidia	Bacteroidales	Rikenellaceae	Alistipes	massiliensis	alistipes	massiliensis	Alistipes massiliensis	species	NULL	NULL	anaerobe	NULL	0	N/A	N/A	2026-06-19 10:03:02	2026-06-19 10:03:02
376	NULL	Pseudomonadota	Gammaproteobacteria	Moraxellales	Moraxellaceae	Enhydrobacter		enhydrobacter		Enhydrobacter	genus	NULL	NULL	aerobe	NULL	NULL	N/A	N/A	2026-06-19 10:03:02	2026-06-19 10:03:02
377	Eubacteria	Bacillota	Bacilli	Lactobacillales	Lactobacillaceae	Lactobacillus	iners	lactobacillus	iners	Lactobacillus iners	species	147802	Positive	anaerobe	acidophile	0	mixed	carbohydrates	2026-06-19 10:03:02	2026-06-19 10:03:04
378	NULL	Arthropoda	Insecta	Mantodea	Amelidae	Yersinia		yersinia		Yersinia	genus	NULL	NULL	aerobe	NULL	0	N/A	N/A	2026-06-19 10:03:02	2026-06-19 10:03:02
379	Eubacteria	Pseudomonadota	Gammaproteobacteria	Vibrionales	Vibrionaceae	Vibrio	cholerae	vibrio	cholerae	Vibrio cholerae	species	666	Negative	facultative anaerobe	alkaliphile	0	mixed	organic_unspecified	2026-06-19 10:03:02	2026-06-19 10:03:04
380	NULL	Pseudomonadota	Gammaproteobacteria	Alteromonadales	Ferrimonadaceae	Ferrimonas		ferrimonas		Ferrimonas	genus	NULL	NULL	anaerobe	alkaliphile	NULL	N/A	N/A	2026-06-19 10:03:02	2026-06-19 10:03:02
381	NULL	Pseudomonadota	Gammaproteobacteria	Moraxellales	Moraxellaceae	Moraxella		moraxella		Moraxella	genus	NULL	NULL	aerobe	NULL	0	N/A	N/A	2026-06-19 10:03:02	2026-06-19 10:03:02
382	NULL	Bacillota	Erysipelotrichia	Erysipelotrichales	Erysipelotrichaceae	Anaerorhabdus	furcosa	anaerorhabdus	furcosa	Anaerorhabdus furcosa	species	NULL	NULL	NULL	NULL	NULL	N/A	N/A	2026-06-19 10:03:02	2026-06-19 10:03:02
383	NULL	Cyanobacteriota	Cyanophyceae	Synechococcales	Prochlorococcaceae	Prochlorococcus		prochlorococcus		Prochlorococcus	genus	NULL	NULL	NULL	NULL	NULL	N/A	N/A	2026-06-19 10:03:02	2026-06-19 10:03:02
384	NULL	Pseudomonadota	Gammaproteobacteria	Moraxellales	Moraxellaceae	Psychrobacter	sanguinis	psychrobacter	sanguinis	Psychrobacter sanguinis	species	NULL	NULL	aerobe	alkaliphile	0	N/A	N/A	2026-06-19 10:03:02	2026-06-19 10:03:02
385	Eubacteria	Bacillota	Clostridia	Eubacteriales	Clostridiaceae	Clostridium	tyrobutyricum	clostridium	tyrobutyricum	Clostridium tyrobutyricum	species	1121342	Positive	anaerobe	alkaliphile	1	fermenter	carbohydrates	2026-06-19 10:03:02	2026-06-19 10:03:04
386	NULL	Pseudomonadota	Gammaproteobacteria	Enterobacterales	Enterobacteriaceae	Cronobacter	turicensis	cronobacter	turicensis	Cronobacter turicensis	species	NULL	NULL	aerobe	alkaliphile	0	N/A	N/A	2026-06-19 10:03:02	2026-06-19 10:03:02
387	Eubacteria	Pseudomonadota	Gammaproteobacteria	Enterobacterales	Enterobacteriaceae	Salmonella	enterica	salmonella	enterica	Salmonella enterica	species	1016998	Negative	facultative anaerobe	NULL	0	mixed	organic_unspecified	2026-06-19 10:03:02	2026-06-19 10:03:04
388	NULL	Pseudomonadota	Gammaproteobacteria	Pseudomonadales	Pseudomonadaceae	Pseudomonas	fragi	pseudomonas	fragi	Pseudomonas fragi	species	NULL	NULL	aerobe	alkaliphile	0	N/A	N/A	2026-06-19 10:03:02	2026-06-19 10:03:02
389	NULL	Actinomycetota	Actinomycetes	Mycobacteriales	Corynebacteriaceae	Corynebacterium	stationis	corynebacterium	stationis	Corynebacterium stationis	species	NULL	NULL	aerobe	alkaliphile	0	N/A	N/A	2026-06-19 10:03:02	2026-06-19 10:03:02
390	Eubacteria	Bacillota	Clostridia	Eubacteriales	Clostridiaceae	Clostridium	tetani	clostridium	tetani	Clostridium tetani	species	1513	Positive	anaerobe	alkaliphile	1	fermenter	organic_unspecified	2026-06-19 10:03:02	2026-06-19 10:03:04
391	Eubacteria	Bacteroidota	Flavobacteriia	Flavobacteriales	Flavobacteriaceae	Capnocytophaga	ochracea	capnocytophaga	ochracea	Capnocytophaga ochracea	species	1018	Negative	anaerobe	NULL	Nonsporulating	fermenter	organic_unspecified	2026-06-19 10:03:02	2026-06-19 10:03:04
392	NULL	Pseudomonadota	Gammaproteobacteria	Enterobacterales	Enterobacteriaceae	Cronobacter	dublinensis	cronobacter	dublinensis	Cronobacter dublinensis	species	NULL	NULL	aerobe	alkaliphile	0	N/A	N/A	2026-06-19 10:03:02	2026-06-19 10:03:02
393	NULL	Pseudomonadota	Gammaproteobacteria	Enterobacterales	Morganellaceae	Providencia		providencia		Providencia	genus	NULL	NULL	aerobe	alkaliphile	0	N/A	N/A	2026-06-19 10:03:02	2026-06-19 10:03:02
394	NULL	Pseudomonadota	Gammaproteobacteria	Pseudomonadales	Pseudomonadaceae	Pseudomonas	veronii	pseudomonas	veronii	Pseudomonas veronii	species	NULL	NULL	aerobe	alkaliphile	0	N/A	N/A	2026-06-19 10:03:02	2026-06-19 10:03:02
395	NULL	Campylobacterota	Epsilonproteobacteria	Campylobacterales	Arcobacteraceae	Arcobacter		arcobacter		Arcobacter	genus	NULL	NULL	microaerophile	alkaliphile	0	N/A	N/A	2026-06-19 10:03:02	2026-06-19 10:03:02
396	NULL	Chloroflexota	Dehalococcoidia	Dehalococcoidales	Dehalococcoidaceae	Dehalococcoides		dehalococcoides		Dehalococcoides	genus	NULL	NULL	anaerobe	NULL	0	N/A	N/A	2026-06-19 10:03:02	2026-06-19 10:03:02
397	NULL	Pseudomonadota	Betaproteobacteria	Burkholderiales	Comamonadaceae	Pelomonas		pelomonas		Pelomonas	genus	NULL	NULL	aerobe	NULL	0	N/A	N/A	2026-06-19 10:03:02	2026-06-19 10:03:02
398	NULL	Pseudomonadota	Alphaproteobacteria	Rhodobacterales	Roseobacteraceae	Octadecabacter		octadecabacter		Octadecabacter	genus	NULL	NULL	aerobe	NULL	0	N/A	N/A	2026-06-19 10:03:02	2026-06-19 10:03:02
399	NULL	Chloroflexota	Thermobacula	Thermobaculales	Thermobaculaceae	Thermobaculum	terrenum	thermobaculum	terrenum	Thermobaculum terrenum	species	NULL	NULL	NULL	NULL	NULL	N/A	N/A	2026-06-19 10:03:02	2026-06-19 10:03:02
400	NULL	Pseudomonadota	Gammaproteobacteria	Methylococcales	Methylococcaceae	Methylocaldum		methylocaldum		Methylocaldum	genus	NULL	NULL	NULL	NULL	NULL	N/A	N/A	2026-06-19 10:03:02	2026-06-19 10:03:02
401	NULL	Streptophyta	Magnoliopsida	Acorales	Acoraceae	Acorus	gramineus	acorus	gramineus	Acorus gramineus	species	NULL	NULL	NULL	NULL	NULL	N/A	N/A	2026-06-19 10:03:02	2026-06-19 10:03:02
402	Eubacteria	Pseudomonadota	Gammaproteobacteria	Enterobacterales	Enterobacteriaceae	Cronobacter	sakazakii	cronobacter	sakazakii	Cronobacter sakazakii	species	28141	Negative	aerobe	alkaliphile	0	fermenter	N/A	2026-06-19 10:03:02	2026-06-19 10:03:04
403	NULL	Pseudomonadota	Gammaproteobacteria	Enterobacterales	Enterobacteriaceae	Enterobacter	cowanii	enterobacter	cowanii	Enterobacter cowanii	species	NULL	NULL	aerobe	alkaliphile	0	N/A	N/A	2026-06-19 10:03:02	2026-06-19 10:03:02
404	NULL	Bacillota	Bacilli	Bacillales	Sporolactobacillaceae	Sporolactobacillus		sporolactobacillus		Sporolactobacillus	genus	NULL	NULL	facultative anaerobe	acidophile	1	N/A	N/A	2026-06-19 10:03:02	2026-06-19 10:03:02
405	NULL	Pseudomonadota	Gammaproteobacteria	Vibrionales	Vibrionaceae	Vibrio	tapetis	vibrio	tapetis	Vibrio tapetis	species	NULL	NULL	facultative anaerobe	alkaliphile	0	N/A	N/A	2026-06-19 10:03:02	2026-06-19 10:03:02
406	NULL	Bacteroidota	Flavobacteriia	Flavobacteriales	Cryomorphaceae	Cryomorpha		cryomorpha		Cryomorpha	genus	NULL	NULL	NULL	NULL	NULL	N/A	N/A	2026-06-19 10:03:02	2026-06-19 10:03:02
407	NULL	Actinomycetota	Actinomycetes	Micrococcales	Promicromonosporaceae	Cellulosimicrobium		cellulosimicrobium		Cellulosimicrobium	genus	NULL	NULL	aerobe	alkaliphile	0	N/A	N/A	2026-06-19 10:03:02	2026-06-19 10:03:02
408	NULL	Chordata	Amphibia	Caudata	Proteidae	Proteus		proteus		Proteus	genus	NULL	NULL	facultative anaerobe	alkaliphile	NULL	N/A	N/A	2026-06-19 10:03:02	2026-06-19 10:03:02
409	Eubacteria	Pseudomonadota	Gammaproteobacteria	Enterobacterales	Budviciaceae	Leminorella	grimontii	leminorella	grimontii	Leminorella grimontii	species	1005999	Negative	facultative anaerobe	NULL	NULL	mixed	N/A	2026-06-19 10:03:02	2026-06-19 10:03:05
410	NULL	Pseudomonadota	Gammaproteobacteria	Moraxellales	Moraxellaceae	Alkanindiges		alkanindiges		Alkanindiges	genus	NULL	NULL	NULL	NULL	NULL	N/A	N/A	2026-06-19 10:03:02	2026-06-19 10:03:02
411	NULL	Pseudomonadota	Gammaproteobacteria	Enterobacterales	Erwiniaceae	Pantoea	ananatis	pantoea	ananatis	Pantoea ananatis	species	NULL	NULL	aerobe	NULL	0	N/A	N/A	2026-06-19 10:03:02	2026-06-19 10:03:02
412	NULL	Pseudomonadota	Gammaproteobacteria	Enterobacterales	Pectobacteriaceae	Dickeya		dickeya		Dickeya	genus	NULL	NULL	aerobe	NULL	NULL	N/A	N/A	2026-06-19 10:03:02	2026-06-19 10:03:02
413	NULL	Pseudomonadota	Gammaproteobacteria	Thiotrichales	Thiotrichaceae	Beggiatoa		beggiatoa		Beggiatoa	genus	NULL	NULL	NULL	NULL	NULL	N/A	N/A	2026-06-19 10:03:02	2026-06-19 10:03:02
414	NULL	Pseudomonadota	Gammaproteobacteria	Enterobacterales	Enterobacteriaceae	Enterobacter	gergoviae	enterobacter	gergoviae	Enterobacter gergoviae	species	NULL	NULL	aerobe	alkaliphile	0	N/A	N/A	2026-06-19 10:03:02	2026-06-19 10:03:02
415	NULL	Arthropoda	Insecta	Hemiptera	Coccidae	Rhodococcus	fascians	rhodococcus	fascians	Rhodococcus fascians	species	1828	NULL	aerobe	alkaliphile	0	N/A	N/A	2026-06-19 10:03:02	2026-06-19 10:03:05
416	NULL	Bacillota	Clostridia	Peptostreptococcales	Natronincolaceae	Natronincola		natronincola		Natronincola	genus	NULL	NULL	anaerobe	NULL	NULL	N/A	N/A	2026-06-19 10:03:02	2026-06-19 10:03:02
417	NULL	Pseudomonadota	Gammaproteobacteria	Alteromonadales	Shewanellaceae	Shewanella	benthica	shewanella	benthica	Shewanella benthica	species	NULL	NULL	aerobe	alkaliphile	0	N/A	N/A	2026-06-19 10:03:02	2026-06-19 10:03:02
418	NULL	Pseudomonadota	Gammaproteobacteria	Enterobacterales	Enterobacteriaceae	Enterobacter	pyrinus	enterobacter	pyrinus	Enterobacter pyrinus	species	NULL	NULL	aerobe	alkaliphile	0	N/A	N/A	2026-06-19 10:03:02	2026-06-19 10:03:02
419	NULL	Pseudomonadota	Gammaproteobacteria	Oceanospirillales	Oceanospirillaceae	Marinomonas		marinomonas		Marinomonas	genus	NULL	NULL	aerobe	alkaliphile	0	N/A	N/A	2026-06-19 10:03:02	2026-06-19 10:03:02
420	NULL	Streptophyta	Magnoliopsida	Lamiales	Orobanchaceae	Buchnera		buchnera		Buchnera	genus	NULL	NULL	NULL	NULL	NULL	N/A	N/A	2026-06-19 10:03:02	2026-06-19 10:03:02
421	Eubacteria	Thermodesulfobacteriota	Desulfobacteria	Desulfobacterales	Desulfococcaceae	Desulfococcus	oleovorans	desulfococcus	oleovorans	Desulfococcus oleovorans	species	181663	Negative	anaerobe	NULL	Nonsporulating	fermenter	N/A	2026-06-19 10:03:02	2026-06-19 10:03:05
422	NULL	Pseudomonadota	Gammaproteobacteria	Enterobacterales	Enterobacteriaceae	Enterobacter	arachidis	enterobacter	arachidis	Enterobacter arachidis	species	NULL	NULL	aerobe	alkaliphile	0	N/A	N/A	2026-06-19 10:03:02	2026-06-19 10:03:02
423	NULL	Pseudomonadota	Gammaproteobacteria	Thiotrichales	Thiotrichaceae	Candidatus thiopilula	aggregata	candidatus thiopilula	aggregata	Candidatus thiopilula aggregata	species	NULL	NULL	NULL	NULL	NULL	N/A	N/A	2026-06-19 10:03:02	2026-06-19 10:03:02
424	NULL	Pseudomonadota	Gammaproteobacteria	Oceanospirillales	Halomonadaceae	Halomonas		halomonas		Halomonas	genus	NULL	NULL	aerobe	alkaliphile	0	N/A	N/A	2026-06-19 10:03:02	2026-06-19 10:03:02
425	NULL	Pseudomonadota	Alphaproteobacteria	Hyphomicrobiales	Rhizobiaceae	Agrobacterium		agrobacterium		Agrobacterium	genus	NULL	NULL	aerobe	alkaliphile	0	N/A	N/A	2026-06-19 10:03:02	2026-06-19 10:03:02
426	NULL	Bacillota	Bacilli	Bacillales	Paenibacillaceae	Aneurinibacillus		aneurinibacillus		Aneurinibacillus	genus	NULL	NULL	facultative anaerobe	acidophile	1	N/A	N/A	2026-06-19 10:03:02	2026-06-19 10:03:02
427	NULL	Arthropoda	Insecta	Coleoptera	Anthribidae	Lawsonia		lawsonia		Lawsonia	genus	NULL	NULL	NULL	NULL	NULL	N/A	N/A	2026-06-19 10:03:02	2026-06-19 10:03:02
428	NULL	Bacillota	Bacilli	Lactobacillales	Lactobacillaceae	Fructobacillus		fructobacillus		Fructobacillus	genus	NULL	NULL	aerobe	acidophile	0	N/A	N/A	2026-06-19 10:03:02	2026-06-19 10:03:02
429	NULL	Bacillota	Clostridia	Eubacteriales	Clostridiaceae	Clostridium	hathewayi	clostridium	hathewayi	Clostridium hathewayi	species	NULL	NULL	anaerobe	alkaliphile	1	N/A	N/A	2026-06-19 10:03:02	2026-06-19 10:03:02
430	NULL	Thermodesulfobacteriota	Desulfovibrionia	Desulfovibrionales	Desulfovibrionaceae	Desulfovibrio	litoralis	desulfovibrio	litoralis	Desulfovibrio litoralis	species	NULL	NULL	anaerobe	alkaliphile	0	N/A	N/A	2026-06-19 10:03:02	2026-06-19 10:03:02
431	NULL	Streptophyta	Pinopsida	Araucariales	Podocarpaceae	Phyllocladus	trichomanoides	phyllocladus	trichomanoides	Phyllocladus trichomanoides	species	NULL	NULL	NULL	NULL	NULL	N/A	N/A	2026-06-19 10:03:02	2026-06-19 10:03:02
432	NULL	Pseudomonadota	Gammaproteobacteria	Enterobacterales	Bruguierivoracaceae	Sodalis		sodalis		Sodalis	genus	NULL	NULL	microaerophile	NULL	NULL	N/A	N/A	2026-06-19 10:03:02	2026-06-19 10:03:02
433	NULL	Pseudomonadota	Zetaproteobacteria	Mariprofundales	Mariprofundaceae	Mariprofundus		mariprofundus		Mariprofundus	genus	NULL	NULL	facultative anaerobe	NULL	NULL	N/A	N/A	2026-06-19 10:03:02	2026-06-19 10:03:02
434	NULL	Pseudomonadota	Gammaproteobacteria	Enterobacterales	Enterobacteriaceae	Escherichia	blattae	escherichia	blattae	Escherichia blattae	species	NULL	NULL	facultative anaerobe	alkaliphile	0	N/A	N/A	2026-06-19 10:03:02	2026-06-19 10:03:02
435	NULL	Pseudomonadota	Gammaproteobacteria	Enterobacterales	Morganellaceae	Xenorhabdus	bovienii	xenorhabdus	bovienii	Xenorhabdus bovienii	species	NULL	NULL	facultative anaerobe	NULL	0	N/A	N/A	2026-06-19 10:03:02	2026-06-19 10:03:02
436	NULL	Pseudomonadota	Gammaproteobacteria	Enterobacterales	Enterobacteriaceae	Candidatus schneideria	nysicola	candidatus schneideria	nysicola	Candidatus schneideria nysicola	species	NULL	NULL	NULL	NULL	NULL	N/A	N/A	2026-06-19 10:03:02	2026-06-19 10:03:02
437	NULL	Pseudomonadota	Gammaproteobacteria	Moraxellales	Moraxellaceae	Acinetobacter	rhizosphaerae	acinetobacter	rhizosphaerae	Acinetobacter rhizosphaerae	species	NULL	NULL	aerobe	alkaliphile	0	N/A	N/A	2026-06-19 10:03:02	2026-06-19 10:03:02
438	NULL	Bacillota	Clostridia	Lachnospirales	Lachnospiraceae	Catonella		catonella		Catonella	genus	NULL	NULL	NULL	NULL	NULL	N/A	N/A	2026-06-19 10:03:02	2026-06-19 10:03:02
439	NULL	Pseudomonadota	Gammaproteobacteria	Cardiobacteriales	Cardiobacteriaceae	Cardiobacterium		cardiobacterium		Cardiobacterium	genus	NULL	NULL	anaerobe	NULL	NULL	N/A	N/A	2026-06-19 10:03:02	2026-06-19 10:03:02
440	NULL	Bacillota	Negativicutes	Selenomonadales	Sporomusaceae	Anaerospora	hongkongensis	anaerospora	hongkongensis	Anaerospora hongkongensis	species	NULL	NULL	anaerobe	NULL	NULL	N/A	N/A	2026-06-19 10:03:02	2026-06-19 10:03:02
441	Eubacteria	Pseudomonadota	Gammaproteobacteria	Lysobacterales	Lysobacteraceae	Stenotrophomonas	maltophilia	stenotrophomonas	maltophilia	Stenotrophomonas maltophilia	species	1163399	Negative	aerobe	alkaliphile	0	mixed	carbohydrates	2026-06-19 10:03:02	2026-06-19 10:03:04
442	NULL	Streptophyta	Magnoliopsida	Brassicales	Brassicaceae	Raphanus	sativus	raphanus	sativus	Raphanus sativus	species	NULL	NULL	NULL	NULL	NULL	N/A	N/A	2026-06-19 10:03:02	2026-06-19 10:03:02
443	NULL	Pseudomonadota	Gammaproteobacteria	Enterobacterales	Enterobacteriaceae	Candidatus kleidoceria	schneideri	candidatus kleidoceria	schneideri	Candidatus kleidoceria schneideri	species	NULL	NULL	NULL	NULL	NULL	N/A	N/A	2026-06-19 10:03:02	2026-06-19 10:03:02
444	NULL	Pseudomonadota	Betaproteobacteria	Burkholderiales	Comamonadaceae	Mitsuaria	chitosanitabida	mitsuaria	chitosanitabida	Mitsuaria chitosanitabida	species	NULL	NULL	NULL	NULL	NULL	N/A	N/A	2026-06-19 10:03:02	2026-06-19 10:03:02
445	NULL	Pseudomonadota	Gammaproteobacteria	Enterobacterales	Morganellaceae	Photorhabdus	temperata	photorhabdus	temperata	Photorhabdus temperata	species	NULL	NULL	facultative anaerobe	NULL	0	N/A	N/A	2026-06-19 10:03:02	2026-06-19 10:03:02
446	NULL	Pseudomonadota	Gammaproteobacteria	Vibrionales	Vibrionaceae	Vibrio	fortis	vibrio	fortis	Vibrio fortis	species	NULL	NULL	facultative anaerobe	alkaliphile	0	N/A	N/A	2026-06-19 10:03:02	2026-06-19 10:03:02
447	Eubacteria	Pseudomonadota	Gammaproteobacteria	Aeromonadales	Aeromonadaceae	Aeromonas	caviae	aeromonas	caviae	Aeromonas caviae	species	648	Negative	facultative anaerobe	alkaliphile	0	mixed	carbohydrates	2026-06-19 10:03:02	2026-06-19 10:03:05
448	NULL	Bacteroidota	Flavobacteriia	Flavobacteriales	Owenweeksiaceae	Owenweeksia	hongkongensis	owenweeksia	hongkongensis	Owenweeksia hongkongensis	species	NULL	NULL	aerobe	alkaliphile	0	N/A	N/A	2026-06-19 10:03:02	2026-06-19 10:03:02
449	NULL	Actinomycetota	Actinomycetes	Micrococcales	Microbacteriaceae	Rhodoluna		rhodoluna		Rhodoluna	genus	NULL	NULL	aerobe	NULL	NULL	N/A	N/A	2026-06-19 10:03:02	2026-06-19 10:03:02
450	NULL	Bacteroidota	Flavobacteriia	Flavobacteriales	Flavobacteriaceae	Kordia		kordia		Kordia	genus	NULL	NULL	aerobe	alkaliphile	0	N/A	N/A	2026-06-19 10:03:02	2026-06-19 10:03:02
451	NULL	Pseudomonadota	Betaproteobacteria	Burkholderiales	Comamonadaceae	Polaromonas		polaromonas		Polaromonas	genus	NULL	NULL	aerobe	alkaliphile	0	N/A	N/A	2026-06-19 10:03:02	2026-06-19 10:03:02
452	Eubacteria	Bacteroidota	Bacteroidia	Bacteroidales	Porphyromonadaceae	Porphyromonas	endodontalis	porphyromonas	endodontalis	Porphyromonas endodontalis	species	28124	Negative	anaerobe	NULL	0	fermenter	carbohydrates	2026-06-19 10:03:02	2026-06-19 10:03:04
453	NULL	Bacillota	Clostridia	Eubacteriales	Oscillospiraceae	Sporobacter	termitidis	sporobacter	termitidis	Sporobacter termitidis	species	NULL	NULL	anaerobe	NULL	NULL	N/A	N/A	2026-06-19 10:03:02	2026-06-19 10:03:02
454	NULL	Bacillota	Clostridia	Eubacteriales	Clostridiaceae	Oxobacter		oxobacter		Oxobacter	genus	NULL	NULL	anaerobe	NULL	NULL	N/A	N/A	2026-06-19 10:03:02	2026-06-19 10:03:02
455	NULL	Pseudomonadota	Alphaproteobacteria	Hyphomicrobiales	Parvibaculaceae	Parvibaculum		parvibaculum		Parvibaculum	genus	NULL	NULL	aerobe	acidophile	0	N/A	N/A	2026-06-19 10:03:02	2026-06-19 10:03:02
456	NULL	Bacillota	Clostridia	Eubacteriales	Clostridiaceae	Clostridium	fimetarium	clostridium	fimetarium	Clostridium fimetarium	species	NULL	NULL	anaerobe	alkaliphile	1	N/A	N/A	2026-06-19 10:03:02	2026-06-19 10:03:02
457	NULL	Actinomycetota	Actinomycetes	Propionibacteriales	Nocardioidaceae	Friedmanniella		friedmanniella		Friedmanniella	genus	NULL	NULL	aerobe	alkaliphile	NULL	N/A	N/A	2026-06-19 10:03:02	2026-06-19 10:03:02
458	NULL	Bacillota	Clostridia	Eubacteriales	Eubacteriales Family XII. Incertae Sedis	Fusibacter		fusibacter		Fusibacter	genus	NULL	NULL	anaerobe	NULL	0	N/A	N/A	2026-06-19 10:03:02	2026-06-19 10:03:02
459	NULL	Pseudomonadota	Gammaproteobacteria	Steroidobacterales	Steroidobacteraceae	Steroidobacter		steroidobacter		Steroidobacter	genus	NULL	NULL	aerobe	alkaliphile	0	N/A	N/A	2026-06-19 10:03:02	2026-06-19 10:03:02
460	Eubacteria	Pseudomonadota	Gammaproteobacteria	Enterobacterales	Enterobacteriaceae	Escherichia	coli	escherichia	coli	Escherichia coli	species	199310	Negative	facultative anaerobe	alkaliphile	0	mixed	N/A	2026-06-19 10:03:02	2026-06-19 10:03:04
461	NULL	Actinomycetota	Coriobacteriia	Coriobacteriales	Atopobiaceae	Atopobium	rimae	atopobium	rimae	Atopobium rimae	species	NULL	NULL	anaerobe	NULL	NULL	fermenter	carbohydrates	2026-06-19 10:03:02	2026-06-19 10:03:02
462	NULL	Pseudomonadota	Gammaproteobacteria	Aeromonadales	Succinivibrionaceae	Ruminobacter		ruminobacter		Ruminobacter	genus	NULL	NULL	anaerobe	NULL	NULL	N/A	N/A	2026-06-19 10:03:02	2026-06-19 10:03:02
463	NULL	Actinomycetota	Actinomycetes	Bifidobacteriales	Bifidobacteriaceae	Gardnerella		gardnerella		Gardnerella	genus	NULL	NULL	anaerobe	NULL	NULL	N/A	N/A	2026-06-19 10:03:02	2026-06-19 10:03:02
464	NULL	Streptophyta	Magnoliopsida	Ericales	Marcgraviaceae	Schwartzia		schwartzia		Schwartzia	genus	NULL	NULL	anaerobe	NULL	NULL	N/A	N/A	2026-06-19 10:03:02	2026-06-19 10:03:02
465	NULL	Pseudomonadota	Gammaproteobacteria	Lysobacterales	Lysobacteraceae	Lysobacter		lysobacter		Lysobacter	genus	NULL	NULL	aerobe	alkaliphile	0	N/A	N/A	2026-06-19 10:03:02	2026-06-19 10:03:02
466	NULL	Pseudomonadota	Gammaproteobacteria	Enterobacterales	Erwiniaceae	Erwinia	oleae	erwinia	oleae	Erwinia oleae	species	NULL	NULL	facultative anaerobe	alkaliphile	0	N/A	N/A	2026-06-19 10:03:02	2026-06-19 10:03:02
467	NULL	Fusobacteriota	Fusobacteriia	Fusobacteriales	Fusobacteriaceae	Psychrilyobacter		psychrilyobacter		Psychrilyobacter	genus	NULL	NULL	anaerobe	NULL	0	N/A	N/A	2026-06-19 10:03:02	2026-06-19 10:03:02
468	NULL	Bacillota	Clostridia	Eubacteriales	Clostridiaceae	Clostridium	cocleatum	clostridium	cocleatum	Clostridium cocleatum	species	NULL	NULL	anaerobe	alkaliphile	1	N/A	N/A	2026-06-19 10:03:02	2026-06-19 10:03:02
469	NULL	Pseudomonadota	Gammaproteobacteria	Enterobacterales	Pectobacteriaceae	Samsonia	erythrinae	samsonia	erythrinae	Samsonia erythrinae	species	NULL	NULL	facultative anaerobe	NULL	NULL	N/A	N/A	2026-06-19 10:03:02	2026-06-19 10:03:02
470	NULL	Arthropoda	Insecta	Phasmatodea	Bacillidae	Bacillus	humi	bacillus	humi	Bacillus humi	species	NULL	NULL	aerobe	alkaliphile	1	N/A	N/A	2026-06-19 10:03:02	2026-06-19 10:03:02
471	NULL	Pseudomonadota	Gammaproteobacteria	Aeromonadales	Aeromonadaceae	Oceanimonas		oceanimonas		Oceanimonas	genus	NULL	NULL	obligate aerobe	alkaliphile	NULL	N/A	N/A	2026-06-19 10:03:02	2026-06-19 10:03:02
472	Eubacteria	Bacteroidota	Bacteroidia	Bacteroidales	Prevotellaceae	Prevotella	intermedia	prevotella	intermedia	Prevotella intermedia	species	1122984	Negative	anaerobe	alkaliphile	0	fermenter	carbohydrates	2026-06-19 10:03:02	2026-06-19 10:03:04
473	NULL	Pseudomonadota	Alphaproteobacteria	Rhodospirillales	Thalassospiraceae	Thalassospira	xiamenensis	thalassospira	xiamenensis	Thalassospira xiamenensis	species	NULL	NULL	aerobe	alkaliphile	0	N/A	N/A	2026-06-19 10:03:02	2026-06-19 10:03:02
474	NULL	Pseudomonadota	Betaproteobacteria	Rhodocyclales	Rhodocyclaceae	Petrobacter	succinatimandens	petrobacter	succinatimandens	Petrobacter succinatimandens	species	NULL	NULL	NULL	NULL	NULL	N/A	N/A	2026-06-19 10:03:02	2026-06-19 10:03:02
475	NULL	Pseudomonadota	Betaproteobacteria	Burkholderiales	Comamonadaceae	Aquabacterium		aquabacterium		Aquabacterium	genus	NULL	NULL	aerobe	alkaliphile	0	N/A	N/A	2026-06-19 10:03:02	2026-06-19 10:03:02
476	Eubacteria	Bacillota	Bacilli	Lactobacillales	Lactobacillaceae	Weissella	paramesenteroides	weissella	paramesenteroides	Weissella paramesenteroides	species	1249	Positive	anaerobe	alkaliphile	0	mixed	carbohydrates	2026-06-19 10:03:02	2026-06-19 10:03:05
477	NULL	Pseudomonadota	Betaproteobacteria	Burkholderiales	Oxalobacteraceae	Massilia	aerolata	massilia	aerolata	Massilia aerolata	species	NULL	NULL	aerobe	alkaliphile	0	N/A	N/A	2026-06-19 10:03:02	2026-06-19 10:03:02
478	NULL	Streptophyta	Magnoliopsida	Ericales	Theaceae	Gordonia		gordonia		Gordonia	genus	NULL	NULL	aerobe	alkaliphile	0	N/A	N/A	2026-06-19 10:03:02	2026-06-19 10:03:02
479	NULL	Pseudomonadota	Alphaproteobacteria	Rhodospirillales	Acetobacteraceae	Swaminathania		swaminathania		Swaminathania	genus	NULL	NULL	NULL	acidophile	NULL	N/A	N/A	2026-06-19 10:03:02	2026-06-19 10:03:02
480	NULL	Bacillota	Tissierellia	Tissierellales	Peptoniphilaceae	Anaerococcus		anaerococcus		Anaerococcus	genus	NULL	NULL	anaerobe	NULL	NULL	N/A	N/A	2026-06-19 10:03:02	2026-06-19 10:03:02
481	NULL	Bacillota	Tissierellia	Tissierellales	Peptoniphilaceae	Finegoldia		finegoldia		Finegoldia	genus	NULL	NULL	anaerobe	NULL	0	N/A	N/A	2026-06-19 10:03:02	2026-06-19 10:03:02
482	NULL	Pseudomonadota	Gammaproteobacteria	Alteromonadales	Idiomarinaceae	Idiomarina		idiomarina		Idiomarina	genus	NULL	NULL	aerobe	alkaliphile	0	N/A	N/A	2026-06-19 10:03:02	2026-06-19 10:03:02
483	NULL	Bacillota	Clostridia	Eubacteriales	Peptococcaceae	Desulfitobacter		desulfitobacter		Desulfitobacter	genus	NULL	NULL	anaerobe	NULL	1	N/A	N/A	2026-06-19 10:03:02	2026-06-19 10:03:02
484	NULL	Pseudomonadota	Gammaproteobacteria	Aeromonadales	Succinivibrionaceae	Anaerobiospirillum		anaerobiospirillum		Anaerobiospirillum	genus	NULL	NULL	anaerobe	NULL	NULL	N/A	N/A	2026-06-19 10:03:02	2026-06-19 10:03:02
485	NULL	Pseudomonadota	Gammaproteobacteria	Vibrionales	Vibrionaceae	Photobacterium	rosenbergii	photobacterium	rosenbergii	Photobacterium rosenbergii	species	NULL	NULL	facultative anaerobe	alkaliphile	0	N/A	N/A	2026-06-19 10:03:02	2026-06-19 10:03:02
486	NULL	Pseudomonadota	Gammaproteobacteria	Cellvibrionales	Cellvibrionaceae	Marinimicrobium		marinimicrobium		Marinimicrobium	genus	NULL	NULL	aerobe	alkaliphile	0	N/A	N/A	2026-06-19 10:03:02	2026-06-19 10:03:02
487	NULL	Pseudomonadota	Gammaproteobacteria	Pseudomonadales	Pseudomonadaceae	Pseudomonas	viridiflava	pseudomonas	viridiflava	Pseudomonas viridiflava	species	NULL	NULL	aerobe	alkaliphile	0	N/A	N/A	2026-06-19 10:03:02	2026-06-19 10:03:02
488	Eubacteria	Pseudomonadota	Gammaproteobacteria	Aeromonadales	Aeromonadaceae	Aeromonas	hydrophila	aeromonas	hydrophila	Aeromonas hydrophila	species	380703	Negative	facultative anaerobe	alkaliphile	0	mixed	organic_unspecified	2026-06-19 10:03:02	2026-06-19 10:03:04
489	NULL	Actinomycetota	Actinomycetes	Micrococcales	Intrasporangiaceae	Janibacter		janibacter		Janibacter	genus	NULL	NULL	aerobe	alkaliphile	0	N/A	N/A	2026-06-19 10:03:02	2026-06-19 10:03:02
490	NULL	Actinomycetota	Actinomycetes	Bifidobacteriales	Bifidobacteriaceae	Scardovia		scardovia		Scardovia	genus	NULL	NULL	anaerobe	NULL	0	N/A	N/A	2026-06-19 10:03:02	2026-06-19 10:03:02
491	NULL	Pseudomonadota	Betaproteobacteria	Burkholderiales	Alcaligenaceae	Achromobacter		achromobacter		Achromobacter	genus	NULL	NULL	aerobe	alkaliphile	0	N/A	N/A	2026-06-19 10:03:02	2026-06-19 10:03:02
492	NULL	Bacillota	Bacilli	Bacillales	Bacillaceae	Oceanobacillus	oncorhynchi	oceanobacillus	oncorhynchi	Oceanobacillus oncorhynchi	species	NULL	NULL	aerobe	alkaliphile	1	N/A	N/A	2026-06-19 10:03:02	2026-06-19 10:03:02
493	NULL	Pseudomonadota	Alphaproteobacteria	Sphingomonadales	Sphingomonadaceae	Sphingobium		sphingobium		Sphingobium	genus	NULL	NULL	aerobe	alkaliphile	0	N/A	N/A	2026-06-19 10:03:02	2026-06-19 10:03:02
494	NULL	Pseudomonadota	Alphaproteobacteria	Sphingomonadales	Sphingomonadaceae	Novosphingobium		novosphingobium		Novosphingobium	genus	NULL	NULL	aerobe	alkaliphile	0	N/A	N/A	2026-06-19 10:03:02	2026-06-19 10:03:02
495	NULL	Bacillota	Bacilli	Lactobacillales	Aerococcaceae	Aerococcus		aerococcus		Aerococcus	genus	NULL	NULL	facultative anaerobe	alkaliphile	0	N/A	N/A	2026-06-19 10:03:02	2026-06-19 10:03:02
496	NULL	Bacillota	Bacilli	Lactobacillales	Lactobacillaceae	Oenococcus	kitaharae	oenococcus	kitaharae	Oenococcus kitaharae	species	NULL	NULL	aerobe	NULL	NULL	N/A	N/A	2026-06-19 10:03:02	2026-06-19 10:03:02
497	NULL	Bacillota	Clostridia	Eubacteriales	Clostridiaceae	Clostridium	saccharogumia	clostridium	saccharogumia	Clostridium saccharogumia	species	NULL	NULL	anaerobe	alkaliphile	1	N/A	N/A	2026-06-19 10:03:02	2026-06-19 10:03:02
498	NULL	Streptophyta	Magnoliopsida	Cucurbitales	Cucurbitaceae	Citrullus	lanatus	citrullus	lanatus	Citrullus lanatus	species	NULL	NULL	NULL	NULL	NULL	N/A	N/A	2026-06-19 10:03:02	2026-06-19 10:03:02
499	NULL	Bacillota	Tissierellia	Tissierellales	Tissierellaceae	Dethiosulfatibacter		dethiosulfatibacter		Dethiosulfatibacter	genus	NULL	NULL	anaerobe	alkaliphile	0	N/A	N/A	2026-06-19 10:03:02	2026-06-19 10:03:02
500	NULL	Actinomycetota	Actinomycetes	Micromonosporales	Micromonosporaceae	Pilimelia		pilimelia		Pilimelia	genus	NULL	NULL	NULL	NULL	1	N/A	N/A	2026-06-19 10:03:02	2026-06-19 10:03:02
501	NULL	Bacteroidota	Flavobacteriia	Flavobacteriales	Flavobacteriaceae	Imtechella	halotolerans	imtechella	halotolerans	Imtechella halotolerans	species	NULL	NULL	aerobe	alkaliphile	0	N/A	N/A	2026-06-19 10:03:02	2026-06-19 10:03:02
502	NULL	Bacillota	Bacilli	Lactobacillales	Lactobacillaceae	Lactobacillus	plantarum	lactobacillus	plantarum	Lactobacillus plantarum	species	NULL	NULL	anaerobe	acidophile	0	mixed	carbohydrates	2026-06-19 10:03:02	2026-06-19 10:03:02
503	Eubacteria	Bacillota	Bacilli	Lactobacillales	Lactobacillaceae	Weissella	cibaria	weissella	cibaria	Weissella cibaria	species	137591	Negative	anaerobe	alkaliphile	0	mixed	N/A	2026-06-19 10:03:02	2026-06-19 10:03:05
504	NULL	Chloroflexota	Chloroflexia	Chloroflexales	Roseiflexaceae	Roseiflexus		roseiflexus		Roseiflexus	genus	NULL	NULL	anaerobe	alkaliphile	NULL	N/A	N/A	2026-06-19 10:03:02	2026-06-19 10:03:02
505	NULL	Pseudomonadota	Gammaproteobacteria	Enterobacterales	Enterobacteriaceae	Aquamonas	haywardensis	aquamonas	haywardensis	Aquamonas haywardensis	species	NULL	NULL	NULL	NULL	NULL	N/A	N/A	2026-06-19 10:03:02	2026-06-19 10:03:02
506	NULL	Pseudomonadota	Gammaproteobacteria	Enterobacterales	Enterobacteriaceae	Candidatus profftia	virida	candidatus profftia	virida	Candidatus profftia virida	species	NULL	NULL	NULL	NULL	NULL	N/A	N/A	2026-06-19 10:03:02	2026-06-19 10:03:02
507	NULL	Synergistota	Synergistia	Synergistales	Dethiosulfovibrionaceae	Dethiosulfovibrio	peptidovorans	dethiosulfovibrio	peptidovorans	Dethiosulfovibrio peptidovorans	species	NULL	NULL	anaerobe	alkaliphile	0	N/A	N/A	2026-06-19 10:03:02	2026-06-19 10:03:02
508	NULL	Pseudomonadota	Gammaproteobacteria	Enterobacterales	Enterobacteriaceae	Candidatus ecksteinia	adelgidicola	candidatus ecksteinia	adelgidicola	Candidatus ecksteinia adelgidicola	species	NULL	NULL	NULL	NULL	NULL	N/A	N/A	2026-06-19 10:03:02	2026-06-19 10:03:02
509	NULL	Bacillota	Bacilli	Bacillales	Planococcaceae	Solibacillus		solibacillus		Solibacillus	genus	NULL	NULL	aerobe	alkaliphile	1	N/A	N/A	2026-06-19 10:03:02	2026-06-19 10:03:02
510	NULL	Pseudomonadota	Gammaproteobacteria	Oceanospirillales	Oceanospirillaceae	Neptuniibacter	caesariensis	neptuniibacter	caesariensis	Neptuniibacter caesariensis	species	NULL	NULL	aerobe	NULL	NULL	N/A	N/A	2026-06-19 10:03:02	2026-06-19 10:03:02
511	NULL	Pseudomonadota	Betaproteobacteria	Burkholderiales	Comamonadaceae	Diaphorobacter		diaphorobacter		Diaphorobacter	genus	NULL	NULL	aerobe	NULL	NULL	N/A	N/A	2026-06-19 10:03:02	2026-06-19 10:03:02
512	NULL	Euryarchaeota	Methanobacteria	Methanobacteriales	Methanobacteriaceae	Methanothermobacter	thermautotrophicus	methanothermobacter	thermautotrophicus	Methanothermobacter thermautotrophicus	species	145262	NULL	anaerobe	alkaliphile	NULL	fermenter	N/A	2026-06-19 10:03:02	2026-06-19 10:03:04
513	NULL	Pseudomonadota	Alphaproteobacteria	Hyphomicrobiales	Nitrobacteraceae	Bradyrhizobium		bradyrhizobium		Bradyrhizobium	genus	NULL	NULL	aerobe	alkaliphile	0	N/A	N/A	2026-06-19 10:03:02	2026-06-19 10:03:02
514	NULL	Pseudomonadota	Betaproteobacteria	Neisseriales	Leeiaceae	Leeia	oryzae	leeia	oryzae	Leeia oryzae	species	NULL	NULL	aerobe	alkaliphile	0	N/A	N/A	2026-06-19 10:03:02	2026-06-19 10:03:02
515	NULL	Cyanobacteriota	Cyanophyceae	Leptolyngbyales	Leptolyngbyaceae	Leptolyngbya		leptolyngbya		Leptolyngbya	genus	NULL	NULL	NULL	NULL	NULL	N/A	N/A	2026-06-19 10:03:02	2026-06-19 10:03:02
516	Eubacteria	Pseudomonadota	Betaproteobacteria	Neisseriales	Neisseriaceae	Neisseria	subflava	neisseria	subflava	Neisseria subflava	species	28449	Negative	microaerophile	alkaliphile	0	mixed	N/A	2026-06-19 10:03:02	2026-06-19 10:03:04
517	NULL	Streptophyta	Magnoliopsida	Brassicales	Caricaceae	Carica	papaya	carica	papaya	Carica papaya	species	NULL	NULL	NULL	NULL	NULL	N/A	N/A	2026-06-19 10:03:02	2026-06-19 10:03:02
518	NULL	Streptophyta	Pinopsida	Araucariales	Podocarpaceae	Nageia	nagi	nageia	nagi	Nageia nagi	species	NULL	NULL	NULL	NULL	NULL	N/A	N/A	2026-06-19 10:03:02	2026-06-19 10:03:02
519	NULL	Bacillota	Clostridia	Thermoanaerobacterales	Thermoanaerobacteraceae	Thermoanaerobacterium		thermoanaerobacterium		Thermoanaerobacterium	genus	NULL	NULL	anaerobe	acidophile	1	N/A	N/A	2026-06-19 10:03:02	2026-06-19 10:03:02
520	NULL	Arthropoda	Insecta	Phasmatodea	Bacillidae	Bacillus	firmus	bacillus	firmus	Bacillus firmus	species	NULL	NULL	aerobe	alkaliphile	1	mixed	carbohydrates	2026-06-19 10:03:02	2026-06-19 10:03:02
521	NULL	Bacillota	Clostridia	Eubacteriales	Desulfitobacteriaceae	Dehalobacter		dehalobacter		Dehalobacter	genus	NULL	NULL	anaerobe	NULL	NULL	N/A	N/A	2026-06-19 10:03:02	2026-06-19 10:03:02
522	NULL	Bacteroidota	Flavobacteriia	Flavobacteriales	Weeksellaceae	Wautersiella		wautersiella		Wautersiella	genus	NULL	NULL	NULL	NULL	NULL	N/A	N/A	2026-06-19 10:03:02	2026-06-19 10:03:02
523	NULL	Arthropoda	Insecta	Phasmatodea	Bacillidae	Bacillus	horti	bacillus	horti	Bacillus horti	species	NULL	NULL	aerobe	alkaliphile	1	N/A	N/A	2026-06-19 10:03:02	2026-06-19 10:03:02
524	NULL	Pseudomonadota	Gammaproteobacteria	Pseudomonadales	Marinobacteraceae	Marinobacter		marinobacter		Marinobacter	genus	NULL	NULL	aerobe	alkaliphile	0	N/A	N/A	2026-06-19 10:03:02	2026-06-19 10:03:02
525	NULL	Pseudomonadota	Gammaproteobacteria	Thiotrichales	Piscirickettsiaceae	Thiomicrospira		thiomicrospira		Thiomicrospira	genus	NULL	NULL	microaerophile	alkaliphile	NULL	N/A	N/A	2026-06-19 10:03:02	2026-06-19 10:03:02
526	NULL	Bacillota	Clostridia	Peptostreptococcales	Acidaminobacteraceae	Acidaminobacter		acidaminobacter		Acidaminobacter	genus	NULL	NULL	anaerobe	NULL	NULL	N/A	N/A	2026-06-19 10:03:02	2026-06-19 10:03:02
527	NULL	Pseudomonadota	Betaproteobacteria	Rhodocyclales	Zoogloeaceae	Uliginosibacterium		uliginosibacterium		Uliginosibacterium	genus	NULL	NULL	aerobe	acidophile	0	N/A	N/A	2026-06-19 10:03:02	2026-06-19 10:03:02
528	NULL	Bacillota	Negativicutes	Selenomonadales	Sporomusaceae	Thermosinus		thermosinus		Thermosinus	genus	NULL	NULL	anaerobe	NULL	0	N/A	N/A	2026-06-19 10:03:02	2026-06-19 10:03:02
529	NULL	Actinomycetota	Actinomycetes	Micrococcales	Micrococcaceae	Arthrobacter	nitroguajacolicus	arthrobacter	nitroguajacolicus	Arthrobacter nitroguajacolicus	species	NULL	NULL	aerobe	alkaliphile	0	N/A	N/A	2026-06-19 10:03:02	2026-06-19 10:03:02
530	Eubacteria	Bacillota	Bacilli	Lactobacillales	Lactobacillaceae	Weissella	confusa	weissella	confusa	Weissella confusa	species	1583	Negative	anaerobe	alkaliphile	0	mixed	N/A	2026-06-19 10:03:02	2026-06-19 10:03:04
531	NULL	Pseudomonadota	Gammaproteobacteria	Pseudomonadales	Perlucidibacaceae	Perlucidibaca		perlucidibaca		Perlucidibaca	genus	NULL	NULL	aerobe	alkaliphile	NULL	N/A	N/A	2026-06-19 10:03:02	2026-06-19 10:03:02
532	NULL	Pseudomonadota	Gammaproteobacteria	Pasteurellales	Pasteurellaceae	Haemophilus	influenzae-murium	haemophilus	influenzae-murium	Haemophilus influenzae-murium	species	NULL	NULL	microaerophile	NULL	0	N/A	N/A	2026-06-19 10:03:02	2026-06-19 10:03:02
533	NULL	Pseudomonadota	Betaproteobacteria	Rhodocyclales	Zoogloeaceae	Thauera		thauera		Thauera	genus	NULL	NULL	aerobe	alkaliphile	0	N/A	N/A	2026-06-19 10:03:02	2026-06-19 10:03:02
534	NULL	Pseudomonadota	Alphaproteobacteria	Rhodospirillales	Acetobacteraceae	Gluconacetobacter	liquefaciens	gluconacetobacter	liquefaciens	Gluconacetobacter liquefaciens	species	NULL	NULL	aerobe	acidophile	0	N/A	N/A	2026-06-19 10:03:02	2026-06-19 10:03:02
535	Eubacteria	Mycoplasmatota	Mollicutes	Mycoplasmatales	Mycoplasmataceae	Mycoplasma	hyorhinis	mycoplasma	hyorhinis	Mycoplasma hyorhinis	species	2100	NULL	aerobe	NULL	NULL	N/A	N/A	2026-06-19 10:03:02	2026-06-19 10:03:04
536	NULL	Pseudomonadota	Betaproteobacteria	Burkholderiales	Comamonadaceae	Lampropedia		lampropedia		Lampropedia	genus	NULL	NULL	aerobe	alkaliphile	0	N/A	N/A	2026-06-19 10:03:02	2026-06-19 10:03:02
537	NULL	Pseudomonadota	Betaproteobacteria	Nitrosomonadales	Nitrosomonadaceae	Nitrosomonas	marina	nitrosomonas	marina	Nitrosomonas marina	species	NULL	NULL	aerobe	alkaliphile	1	N/A	N/A	2026-06-19 10:03:02	2026-06-19 10:03:02
538	NULL	Bacteroidota	Flavobacteriia	Flavobacteriales	Flavobacteriaceae	Lutaonella	thermophilus	lutaonella	thermophilus	Lutaonella thermophilus	species	NULL	NULL	aerobe	alkaliphile	1	N/A	N/A	2026-06-19 10:03:02	2026-06-19 10:03:02
539	NULL	Pseudomonadota	Gammaproteobacteria	Methylococcales	Methylococcaceae	Methylomicrobium	buryatense	methylomicrobium	buryatense	Methylomicrobium buryatense	species	NULL	NULL	aerobe	acidophile	0	N/A	N/A	2026-06-19 10:03:02	2026-06-19 10:03:02
540	NULL	Thermodesulfobacteriota	Desulfovibrionia	Desulfovibrionales	Desulfovibrionaceae	Desulfovibrio	aminophilus	desulfovibrio	aminophilus	Desulfovibrio aminophilus	species	NULL	NULL	anaerobe	alkaliphile	0	N/A	N/A	2026-06-19 10:03:02	2026-06-19 10:03:02
541	NULL	Bacillota	Clostridia	Eubacteriales	Clostridiaceae	Proteiniborus	ethanoligenes	proteiniborus	ethanoligenes	Proteiniborus ethanoligenes	species	NULL	NULL	anaerobe	alkaliphile	0	N/A	N/A	2026-06-19 10:03:02	2026-06-19 10:03:02
542	NULL	Pseudomonadota	Betaproteobacteria	Rhodocyclales	Rhodocyclaceae	Azovibrio		azovibrio		Azovibrio	genus	NULL	NULL	NULL	NULL	NULL	N/A	N/A	2026-06-19 10:03:02	2026-06-19 10:03:02
543	Eubacteria	Bacteroidota	Bacteroidia	Bacteroidales	Prevotellaceae	Prevotella	ruminicola	prevotella	ruminicola	Prevotella ruminicola	species	264731	Negative	anaerobe	alkaliphile	0	fermenter	N/A	2026-06-19 10:03:02	2026-06-19 10:03:04
544	NULL	Arthropoda	Insecta	Phasmatodea	Bacillidae	Bacillus	selenatarsenatis	bacillus	selenatarsenatis	Bacillus selenatarsenatis	species	NULL	NULL	aerobe	alkaliphile	1	N/A	N/A	2026-06-19 10:03:02	2026-06-19 10:03:02
545	NULL	Arthropoda	Insecta	Hemiptera	Pseudococcidae	Paracoccus	marcusii	paracoccus	marcusii	Paracoccus marcusii	species	NULL	NULL	aerobe	alkaliphile	0	N/A	N/A	2026-06-19 10:03:02	2026-06-19 10:03:02
546	Eubacteria	Arthropoda	Insecta	Phasmatodea	Bacillidae	Bacillus	flexus	bacillus	flexus	Bacillus flexus	species	1292043	Positive	aerobe	alkaliphile	1	mixed	carbohydrates	2026-06-19 10:03:02	2026-06-19 10:03:05
547	NULL	Pseudomonadota	Alphaproteobacteria	Rhodobacterales	Roseobacteraceae	Roseivivax		roseivivax		Roseivivax	genus	NULL	NULL	aerobe	alkaliphile	NULL	N/A	N/A	2026-06-19 10:03:02	2026-06-19 10:03:02
548	Eubacteria	Bacteroidota	Flavobacteriia	Flavobacteriales	Flavobacteriaceae	Myroides	odoratimimus	myroides	odoratimimus	Myroides odoratimimus	species	76832	NULL	aerobe	alkaliphile	0	N/A	N/A	2026-06-19 10:03:02	2026-06-19 10:03:04
549	NULL	Pseudomonadota	Alphaproteobacteria	Rhodobacterales	Paracoccaceae	Rhodobacter		rhodobacter		Rhodobacter	genus	NULL	NULL	aerobe	alkaliphile	0	N/A	N/A	2026-06-19 10:03:02	2026-06-19 10:03:02
550	NULL	Verrucomicrobiota	Verrucomicrobiia	Verrucomicrobiales	Verrucomicrobiaceae	Haloferula	rosea	haloferula	rosea	Haloferula rosea	species	NULL	NULL	aerobe	alkaliphile	0	N/A	N/A	2026-06-19 10:03:02	2026-06-19 10:03:02
551	NULL	Pseudomonadota	Alphaproteobacteria	Rhodobacterales	Paracoccaceae	Rhodovulum		rhodovulum		Rhodovulum	genus	NULL	NULL	anaerobe	alkaliphile	0	N/A	N/A	2026-06-19 10:03:02	2026-06-19 10:03:02
552	NULL	Pseudomonadota	Gammaproteobacteria	Cellvibrionales	Cellvibrionaceae	Cellvibrio		cellvibrio		Cellvibrio	genus	NULL	NULL	aerobe	alkaliphile	0	N/A	N/A	2026-06-19 10:03:02	2026-06-19 10:03:02
553	NULL	Pseudomonadota	Alphaproteobacteria	Rhodobacterales	Roseobacteraceae	Roseisalinus	antarcticus	roseisalinus	antarcticus	Roseisalinus antarcticus	species	NULL	NULL	microaerophile	alkaliphile	0	N/A	N/A	2026-06-19 10:03:02	2026-06-19 10:03:02
554	NULL	Pseudomonadota	Alphaproteobacteria	Rhodobacterales	Roseobacteraceae	Maritimibacter	alkaliphilus	maritimibacter	alkaliphilus	Maritimibacter alkaliphilus	species	NULL	NULL	anaerobe	alkaliphile	1	N/A	N/A	2026-06-19 10:03:02	2026-06-19 10:03:02
555	Eubacteria	Pseudomonadota	Gammaproteobacteria	Moraxellales	Moraxellaceae	Acinetobacter	johnsonii	acinetobacter	johnsonii	Acinetobacter johnsonii	species	40214	Negative	aerobe	alkaliphile	0	fermenter	carbohydrates	2026-06-19 10:03:02	2026-06-19 10:03:05
556	Eubacteria	Arthropoda	Insecta	Phasmatodea	Bacillidae	Bacillus	coagulans	bacillus	coagulans	Bacillus coagulans	species	1398	NULL	aerobe	alkaliphile	1	N/A	N/A	2026-06-19 10:03:02	2026-06-19 10:03:04
557	NULL	Actinomycetota	Actinomycetes	Pseudonocardiales	Pseudonocardiaceae	Amycolatopsis		amycolatopsis		Amycolatopsis	genus	NULL	NULL	aerobe	alkaliphile	1	N/A	N/A	2026-06-19 10:03:02	2026-06-19 10:03:02
558	Eubacteria	Bacillota	Bacilli	Lactobacillales	Lactobacillaceae	Lactobacillus	vaginalis	lactobacillus	vaginalis	Lactobacillus vaginalis	species	1423814	Positive	anaerobe	acidophile	0	mixed	carbohydrates	2026-06-19 10:03:02	2026-06-19 10:03:04
559	NULL	Pseudomonadota	Alphaproteobacteria	Rhodobacterales	Roseobacteraceae	Nautella	italica	nautella	italica	Nautella italica	species	NULL	NULL	NULL	NULL	NULL	N/A	N/A	2026-06-19 10:03:02	2026-06-19 10:03:02
560	Eubacteria	Deferribacterota	Deferribacteres	Deferribacterales	Calditerrivibrionaceae	Calditerrivibrio	nitroreducens	calditerrivibrio	nitroreducens	Calditerrivibrio nitroreducens	species	477976	NULL	anaerobe	NULL	0	N/A	N/A	2026-06-19 10:03:02	2026-06-19 10:03:04
561	NULL	Actinomycetota	Rubrobacteria	Rubrobacterales	Rubrobacteraceae	Rubrobacter		rubrobacter		Rubrobacter	genus	NULL	NULL	aerobe	alkaliphile	0	N/A	N/A	2026-06-19 10:03:02	2026-06-19 10:03:02
562	NULL	Bacillota	Bacilli	Bacillales	Bacillaceae	Ornithinibacillus	scapharcae	ornithinibacillus	scapharcae	Ornithinibacillus scapharcae	species	NULL	NULL	aerobe	alkaliphile	1	N/A	N/A	2026-06-19 10:03:02	2026-06-19 10:03:02
563	NULL	Pseudomonadota	Gammaproteobacteria	Enterobacterales	Pectobacteriaceae	Brenneria	alni	brenneria	alni	Brenneria alni	species	NULL	NULL	facultative anaerobe	alkaliphile	NULL	N/A	N/A	2026-06-19 10:03:02	2026-06-19 10:03:02
564	NULL	Acidobacteriota	Terriglobia	Bryobacterales	Solibacteraceae	Candidatus solibacter		candidatus solibacter		Candidatus solibacter	genus	NULL	NULL	NULL	NULL	NULL	N/A	N/A	2026-06-19 10:03:02	2026-06-19 10:03:02
565	Eubacteria	Bacillota	Bacilli	Lactobacillales	Lactobacillaceae	Lactobacillus	coleohominis	lactobacillus	coleohominis	Lactobacillus coleohominis	species	181675	Positive	anaerobe	acidophile	0	mixed	carbohydrates	2026-06-19 10:03:02	2026-06-19 10:03:04
566	NULL	Arthropoda	Insecta	Phasmatodea	Bacillidae	Bacillus	aurantiacus	bacillus	aurantiacus	Bacillus aurantiacus	species	NULL	NULL	aerobe	alkaliphile	1	N/A	N/A	2026-06-19 10:03:02	2026-06-19 10:03:02
567	NULL	Arthropoda	Insecta	Coleoptera	Curculionidae	Syntrophus		syntrophus		Syntrophus	genus	NULL	NULL	anaerobe	NULL	NULL	N/A	N/A	2026-06-19 10:03:02	2026-06-19 10:03:02
568	NULL	Pseudomonadota	Betaproteobacteria	Nitrosomonadales	Sterolibacteriaceae	Methyloversatilis		methyloversatilis		Methyloversatilis	genus	NULL	NULL	aerobe	NULL	NULL	N/A	N/A	2026-06-19 10:03:02	2026-06-19 10:03:02
569	NULL	Bacillota	Bacilli	Bacillales	Thermoactinomycetaceae	Thermoflavimicrobium	dichotomicum	thermoflavimicrobium	dichotomicum	Thermoflavimicrobium dichotomicum	species	NULL	NULL	aerobe	alkaliphile	1	N/A	N/A	2026-06-19 10:03:02	2026-06-19 10:03:02
570	NULL	Actinomycetota	Actinomycetes	Mycobacteriales	Nocardiaceae	Nocardia		nocardia		Nocardia	genus	NULL	NULL	aerobe	alkaliphile	1	N/A	N/A	2026-06-19 10:03:02	2026-06-19 10:03:02
571	NULL	Thermodesulfobacteriota	Desulfuromonadia	Desulfuromonadales	Desulfuromonadaceae	Pelobacter		pelobacter		Pelobacter	genus	NULL	NULL	anaerobe	NULL	NULL	N/A	N/A	2026-06-19 10:03:02	2026-06-19 10:03:02
572	NULL	Pseudomonadota	Gammaproteobacteria	Enterobacterales	Erwiniaceae	Erwinia	dispersa	erwinia	dispersa	Erwinia dispersa	species	NULL	NULL	facultative anaerobe	alkaliphile	0	N/A	N/A	2026-06-19 10:03:02	2026-06-19 10:03:02
573	NULL	Pseudomonadota	Gammaproteobacteria	Chromatiales	Chromatiaceae	Marichromatium	fluminis	marichromatium	fluminis	Marichromatium fluminis	species	NULL	NULL	anaerobe	NULL	NULL	N/A	N/A	2026-06-19 10:03:02	2026-06-19 10:03:02
574	NULL	Pseudomonadota	Alphaproteobacteria	Hyphomicrobiales	Aurantimonadaceae	Aurantimonas		aurantimonas		Aurantimonas	genus	NULL	NULL	aerobe	alkaliphile	0	N/A	N/A	2026-06-19 10:03:02	2026-06-19 10:03:02
575	NULL	Pseudomonadota	Gammaproteobacteria	Enterobacterales	Enterobacteriaceae	Trabulsiella	farmeri	trabulsiella	farmeri	Trabulsiella farmeri	species	NULL	NULL	aerobe	NULL	NULL	N/A	N/A	2026-06-19 10:03:02	2026-06-19 10:03:02
576	NULL	Thermodesulfobacteriota	Desulfobaccia	Desulfobaccales	Desulfobaccaceae	Desulfobacca		desulfobacca		Desulfobacca	genus	NULL	NULL	anaerobe	NULL	NULL	N/A	N/A	2026-06-19 10:03:02	2026-06-19 10:03:02
577	NULL	Bacteroidota	Flavobacteriia	Flavobacteriales	Flavobacteriaceae	Sufflavibacter	maritimus	sufflavibacter	maritimus	Sufflavibacter maritimus	species	NULL	NULL	NULL	NULL	NULL	N/A	N/A	2026-06-19 10:03:02	2026-06-19 10:03:02
578	NULL	Pseudomonadota	Gammaproteobacteria	Enterobacterales	Enterobacteriaceae	Baumannia	cicadellinicola	baumannia	cicadellinicola	Baumannia cicadellinicola	species	NULL	NULL	NULL	NULL	NULL	N/A	N/A	2026-06-19 10:03:02	2026-06-19 10:03:02
579	NULL	Bacillota	Clostridia	Eubacteriales	Clostridiaceae	Caldanaerocella		caldanaerocella		Caldanaerocella	genus	NULL	NULL	NULL	NULL	NULL	N/A	N/A	2026-06-19 10:03:02	2026-06-19 10:03:02
580	NULL	Bacillota	Clostridia	Christensenellales	Christensenellaceae	Christensenella		christensenella		Christensenella	genus	NULL	NULL	anaerobe	alkaliphile	0	N/A	N/A	2026-06-19 10:03:02	2026-06-19 10:03:02
581	NULL	Cnidaria	Anthozoa	Actiniaria	Edwardsiidae	Edwardsiella		edwardsiella		Edwardsiella	genus	NULL	NULL	facultative anaerobe	NULL	NULL	N/A	N/A	2026-06-19 10:03:02	2026-06-19 10:03:02
582	NULL	Actinomycetota	Actinomycetes	Micrococcales	Microbacteriaceae	Rathayibacter		rathayibacter		Rathayibacter	genus	NULL	NULL	obligate aerobe	NULL	NULL	N/A	N/A	2026-06-19 10:03:02	2026-06-19 10:03:02
583	NULL	Bacteroidota	Bacteroidia	Bacteroidales	Barnesiellaceae	Barnesiella	viscericola	barnesiella	viscericola	Barnesiella viscericola	species	NULL	NULL	anaerobe	NULL	0	N/A	N/A	2026-06-19 10:03:02	2026-06-19 10:03:02
584	NULL	Deferribacterota	Deferribacteres	Deferribacterales	Flexistipitaceae	Flexistipes		flexistipes		Flexistipes	genus	NULL	NULL	anaerobe	NULL	NULL	N/A	N/A	2026-06-19 10:03:02	2026-06-19 10:03:02
585	NULL	Bacillota	Clostridia	Peptostreptococcales	Thermotaleaceae	Geosporobacter		geosporobacter		Geosporobacter	genus	NULL	NULL	anaerobe	NULL	1	N/A	N/A	2026-06-19 10:03:02	2026-06-19 10:03:02
586	NULL	Pseudomonadota	Betaproteobacteria	Burkholderiales	Alcaligenaceae	Oligella		oligella		Oligella	genus	NULL	NULL	aerobe	NULL	0	N/A	N/A	2026-06-19 10:03:02	2026-06-19 10:03:02
587	NULL	Thermotogota	Thermotogae	Thermotogales	Thermotogaceae	Thermotoga		thermotoga		Thermotoga	genus	NULL	NULL	anaerobe	alkaliphile	NULL	N/A	N/A	2026-06-19 10:03:02	2026-06-19 10:03:02
588	NULL	Bacillota	Clostridia	Thermoanaerobacterales	Thermoanaerobacteraceae	Thermoanaerobacter		thermoanaerobacter		Thermoanaerobacter	genus	NULL	NULL	anaerobe	acidophile	1	N/A	N/A	2026-06-19 10:03:02	2026-06-19 10:03:02
589	NULL	Bacillota	Clostridia	Eubacteriales	Peptococcaceae	Desulfonispora	thiosulfatigenes	desulfonispora	thiosulfatigenes	Desulfonispora thiosulfatigenes	species	NULL	NULL	anaerobe	NULL	NULL	N/A	N/A	2026-06-19 10:03:02	2026-06-19 10:03:02
590	NULL	Pseudomonadota	Gammaproteobacteria	Enterobacterales	Budviciaceae	Pragia	fontium	pragia	fontium	Pragia fontium	species	NULL	NULL	NULL	NULL	NULL	N/A	N/A	2026-06-19 10:03:02	2026-06-19 10:03:02
591	Eubacteria	Arthropoda	Insecta	Hemiptera	Diaspididae	Morganella	morganii	morganella	morganii	Morganella morganii	species	1124991	Negative	facultative anaerobe	NULL	NULL	mixed	N/A	2026-06-19 10:03:02	2026-06-19 10:03:05
592	NULL	Actinomycetota	Actinomycetes	Bifidobacteriales	Bifidobacteriaceae	Alloscardovia		alloscardovia		Alloscardovia	genus	NULL	NULL	anaerobe	acidophile	0	N/A	N/A	2026-06-19 10:03:02	2026-06-19 10:03:02
593	NULL	Bacteroidota	Cytophagia	Cytophagales	Leadbetterellaceae	Leadbetterella		leadbetterella		Leadbetterella	genus	NULL	NULL	aerobe	NULL	NULL	N/A	N/A	2026-06-19 10:03:02	2026-06-19 10:03:02
594	NULL	Pseudomonadota	Gammaproteobacteria	Lysobacterales	Lysobacteraceae	Pseudoxanthomonas	mexicana	pseudoxanthomonas	mexicana	Pseudoxanthomonas mexicana	species	NULL	NULL	aerobe	alkaliphile	0	N/A	N/A	2026-06-19 10:03:02	2026-06-19 10:03:02
595	NULL	Pseudomonadota	Gammaproteobacteria	Methylococcales	Methylococcaceae	Methylomonas		methylomonas		Methylomonas	genus	NULL	NULL	aerobe	acidophile	NULL	N/A	N/A	2026-06-19 10:03:02	2026-06-19 10:03:02
596	NULL	Pseudomonadota	Gammaproteobacteria	Enterobacterales	Morganellaceae	Xenorhabdus	poinarii	xenorhabdus	poinarii	Xenorhabdus poinarii	species	NULL	NULL	facultative anaerobe	NULL	0	N/A	N/A	2026-06-19 10:03:02	2026-06-19 10:03:02
597	NULL	Thermodesulfobacteriota	Desulfobacteria	Desulfobacterales	Desulfobacteraceae	Desulfotignum		desulfotignum		Desulfotignum	genus	NULL	NULL	anaerobe	alkaliphile	NULL	N/A	N/A	2026-06-19 10:03:02	2026-06-19 10:03:02
598	NULL	Bacillota	Dethiobacteria	Dethiobacterales	Dethiobacteraceae	Dethiobacter		dethiobacter		Dethiobacter	genus	NULL	NULL	anaerobe	NULL	NULL	N/A	N/A	2026-06-19 10:03:02	2026-06-19 10:03:02
599	NULL	Pseudomonadota	Gammaproteobacteria	Alteromonadales	Pseudoalteromonadaceae	Pseudoalteromonas	porphyrae	pseudoalteromonas	porphyrae	Pseudoalteromonas porphyrae	species	NULL	NULL	obligate aerobe	alkaliphile	0	N/A	N/A	2026-06-19 10:03:02	2026-06-19 10:03:02
600	NULL	Pseudomonadota	Gammaproteobacteria	Enterobacterales	Pectobacteriaceae	Brenneria	salicis	brenneria	salicis	Brenneria salicis	species	NULL	NULL	facultative anaerobe	alkaliphile	NULL	N/A	N/A	2026-06-19 10:03:02	2026-06-19 10:03:02
601	NULL	Cyanobacteriota	Cyanophyceae	Synechococcales	Synechococcaceae	Synechococcus		synechococcus		Synechococcus	genus	NULL	NULL	NULL	NULL	NULL	N/A	N/A	2026-06-19 10:03:02	2026-06-19 10:03:02
602	NULL	Pseudomonadota	Gammaproteobacteria	Cardiobacteriales	Ignatzschineriaceae	Wohlfahrtiimonas		wohlfahrtiimonas		Wohlfahrtiimonas	genus	NULL	NULL	aerobe	alkaliphile	0	N/A	N/A	2026-06-19 10:03:02	2026-06-19 10:03:02
603	NULL	Pseudomonadota	Betaproteobacteria	Burkholderiales	Comamonadaceae	Rhodoferax		rhodoferax		Rhodoferax	genus	NULL	NULL	aerobe	alkaliphile	NULL	N/A	N/A	2026-06-19 10:03:02	2026-06-19 10:03:02
604	NULL	Pseudomonadota	Gammaproteobacteria	Enterobacterales	Enterobacteriaceae	Candidatus hamiltonella		candidatus hamiltonella		Candidatus hamiltonella	genus	NULL	NULL	NULL	NULL	NULL	N/A	N/A	2026-06-19 10:03:02	2026-06-19 10:03:02
605	NULL	Pseudomonadota	Gammaproteobacteria	Enterobacterales	Enterobacteriaceae	Candidatus phlomobacter		candidatus phlomobacter		Candidatus phlomobacter	genus	NULL	NULL	NULL	NULL	NULL	N/A	N/A	2026-06-19 10:03:02	2026-06-19 10:03:02
606	NULL	Actinomycetota	Actinomycetes	Micrococcales	Cellulomonadaceae	Cellulomonas		cellulomonas		Cellulomonas	genus	NULL	NULL	aerobe	alkaliphile	0	N/A	N/A	2026-06-19 10:03:02	2026-06-19 10:03:02
607	NULL	Pseudomonadota	Gammaproteobacteria	Chromatiales	Ectothiorhodospiraceae	Halorhodospira		halorhodospira		Halorhodospira	genus	NULL	NULL	anaerobe	NULL	NULL	N/A	N/A	2026-06-19 10:03:02	2026-06-19 10:03:02
608	NULL	Pseudomonadota	Alphaproteobacteria	Sphingomonadales	Sphingomonadaceae	Kaistobacter		kaistobacter		Kaistobacter	genus	NULL	NULL	NULL	NULL	NULL	N/A	N/A	2026-06-19 10:03:02	2026-06-19 10:03:02
609	NULL	Pseudomonadota	Betaproteobacteria	Burkholderiales	Burkholderiaceae	Candidatus glomeribacter		candidatus glomeribacter		Candidatus glomeribacter	genus	NULL	NULL	NULL	NULL	NULL	N/A	N/A	2026-06-19 10:03:02	2026-06-19 10:03:02
610	NULL	Pseudomonadota	Alphaproteobacteria	Hyphomicrobiales	Hyphomicrobiaceae	Hyphomicrobium	zavarzinii	hyphomicrobium	zavarzinii	Hyphomicrobium zavarzinii	species	NULL	NULL	aerobe	alkaliphile	NULL	N/A	N/A	2026-06-19 10:03:02	2026-06-19 10:03:02
611	NULL	Bacillota	Bacilli	Bacillales	Paenibacillaceae	Ammoniphilus		ammoniphilus		Ammoniphilus	genus	NULL	NULL	facultative anaerobe	alkaliphile	1	N/A	N/A	2026-06-19 10:03:02	2026-06-19 10:03:02
612	NULL	Pseudomonadota	Gammaproteobacteria	Thiotrichales	Piscirickettsiaceae	Thioalkalimicrobium		thioalkalimicrobium		Thioalkalimicrobium	genus	NULL	NULL	obligate aerobe	alkaliphile	NULL	N/A	N/A	2026-06-19 10:03:02	2026-06-19 10:03:02
613	NULL	Pseudomonadota	Gammaproteobacteria	Alteromonadales	Pseudoalteromonadaceae	Pseudoalteromonas	tunicata	pseudoalteromonas	tunicata	Pseudoalteromonas tunicata	species	NULL	NULL	obligate aerobe	alkaliphile	0	N/A	N/A	2026-06-19 10:03:02	2026-06-19 10:03:02
614	NULL	Pseudomonadota	Gammaproteobacteria	Enterobacterales	Enterobacteriaceae	Raoultella	terrigena	raoultella	terrigena	Raoultella terrigena	species	NULL	NULL	NULL	NULL	NULL	N/A	N/A	2026-06-19 10:03:02	2026-06-19 10:03:02
615	NULL	Pseudomonadota	Gammaproteobacteria	Enterobacterales	Erwiniaceae	Erwinia	soli	erwinia	soli	Erwinia soli	species	NULL	NULL	aerobe	alkaliphile	0	N/A	N/A	2026-06-19 10:03:02	2026-06-19 10:03:02
616	NULL	Thermodesulfobacteriota	Desulfovibrionia	Desulfovibrionales	Desulfovibrionaceae	Desulfovibrio	cavernae	desulfovibrio	cavernae	Desulfovibrio cavernae	species	NULL	NULL	anaerobe	alkaliphile	0	N/A	N/A	2026-06-19 10:03:02	2026-06-19 10:03:02
617	NULL	Pseudomonadota	Alphaproteobacteria	Hyphomicrobiales	Hyphomicrobiaceae	Rhodoplanes		rhodoplanes		Rhodoplanes	genus	NULL	NULL	anaerobe	alkaliphile	NULL	N/A	N/A	2026-06-19 10:03:02	2026-06-19 10:03:02
618	NULL	Bacillota	Bacilli	Lactobacillales	Enterococcaceae	Melissococcus	plutonius	melissococcus	plutonius	Melissococcus plutonius	species	NULL	NULL	anaerobe	NULL	NULL	N/A	N/A	2026-06-19 10:03:02	2026-06-19 10:03:02
619	NULL	Actinomycetota	Actinomycetes	Streptosporangiales	Streptosporangiaceae	Thermobispora	bispora	thermobispora	bispora	Thermobispora bispora	species	NULL	NULL	NULL	NULL	NULL	N/A	N/A	2026-06-19 10:03:02	2026-06-19 10:03:02
620	NULL	Pseudomonadota	Gammaproteobacteria	Enterobacterales	Morganellaceae	Xenorhabdus	romanii	xenorhabdus	romanii	Xenorhabdus romanii	species	NULL	NULL	facultative anaerobe	NULL	0	N/A	N/A	2026-06-19 10:03:02	2026-06-19 10:03:02
621	Eubacteria	Bacillota	Clostridia	Eubacteriales	Clostridiaceae	Clostridium	botulinum	clostridium	botulinum	Clostridium botulinum	species	1491	Positive	anaerobe	alkaliphile	1	fermenter	organic_unspecified	2026-06-19 10:03:02	2026-06-19 10:03:04
622	Eubacteria	Pseudomonadota	Gammaproteobacteria	Pasteurellales	Pasteurellaceae	Haemophilus	influenzae	haemophilus	influenzae	Haemophilus influenzae	species	262727	Negative	microaerophile	NULL	0	mixed	carbohydrates	2026-06-19 10:03:02	2026-06-19 10:03:04
623	NULL	Actinomycetota	Actinomycetes	Propionibacteriales	Nocardioidaceae	Nocardioides		nocardioides		Nocardioides	genus	NULL	NULL	aerobe	alkaliphile	0	N/A	N/A	2026-06-19 10:03:02	2026-06-19 10:03:02
624	NULL	Actinomycetota	Nitriliruptoria	Euzebyales	Euzebyaceae	Euzebya		euzebya		Euzebya	genus	NULL	NULL	aerobe	alkaliphile	0	N/A	N/A	2026-06-19 10:03:02	2026-06-19 10:03:02
625	NULL	Bacillota	Clostridia	Eubacteriales	Clostridiaceae	Clostridium	venationis	clostridium	venationis	Clostridium venationis	species	NULL	NULL	anaerobe	alkaliphile	1	N/A	N/A	2026-06-19 10:03:02	2026-06-19 10:03:02
626	NULL	Bacteroidota	Flavobacteriia	Flavobacteriales	Crocinitomicaceae	Fluviicola		fluviicola		Fluviicola	genus	NULL	NULL	aerobe	alkaliphile	0	N/A	N/A	2026-06-19 10:03:02	2026-06-19 10:03:02
627	NULL	Bacteroidota	Flavobacteriia	Flavobacteriales	Flavobacteriaceae	Polaribacter		polaribacter		Polaribacter	genus	NULL	NULL	aerobe	alkaliphile	0	N/A	N/A	2026-06-19 10:03:02	2026-06-19 10:03:02
628	NULL	Bacteroidota	Flavobacteriia	Flavobacteriales	Flavobacteriaceae	Psychroflexus		psychroflexus		Psychroflexus	genus	NULL	NULL	aerobe	alkaliphile	0	N/A	N/A	2026-06-19 10:03:02	2026-06-19 10:03:02
630	Eubacteria	Bacillota	Bacilli	Lactobacillales	Streptococcaceae	Streptococcus	sobrinus	streptococcus	sobrinus	Streptococcus sobrinus	species	1310	NULL	facultative anaerobe	alkaliphile	0	N/A	N/A	2026-06-19 10:03:02	2026-06-19 10:03:04
631	NULL	Rhodothermota	Rhodothermia	Rhodothermales	Rhodothermaceae	Rhodothermus		rhodothermus		Rhodothermus	genus	NULL	NULL	aerobe	NULL	0	N/A	N/A	2026-06-19 10:03:02	2026-06-19 10:03:02
632	NULL	Thermodesulfobacteriota	Desulfovibrionia	Desulfovibrionales	Desulfomicrobiaceae	Desulfomicrobium		desulfomicrobium		Desulfomicrobium	genus	NULL	NULL	anaerobe	NULL	NULL	N/A	N/A	2026-06-19 10:03:02	2026-06-19 10:03:02
633	NULL	Bacteroidota	Flavobacteriia	Flavobacteriales	Weeksellaceae	Cloacibacterium		cloacibacterium		Cloacibacterium	genus	NULL	NULL	aerobe	alkaliphile	0	N/A	N/A	2026-06-19 10:03:02	2026-06-19 10:03:02
634	Eubacteria	Campylobacterota	Epsilonproteobacteria	Campylobacterales	Helicobacteraceae	Helicobacter	pylori	helicobacter	pylori	Helicobacter pylori	species	210	Negative	microaerophile	NULL	0	respirator	N/A	2026-06-19 10:03:02	2026-06-19 10:03:04
635	NULL	Pseudomonadota	Alphaproteobacteria	Maricaulales	Maricaulaceae	Oceanicaulis		oceanicaulis		Oceanicaulis	genus	NULL	NULL	aerobe	alkaliphile	NULL	N/A	N/A	2026-06-19 10:03:02	2026-06-19 10:03:02
636	NULL	Actinomycetota	Actinomycetes	Micrococcales	Microbacteriaceae	Curtobacterium		curtobacterium		Curtobacterium	genus	NULL	NULL	aerobe	acidophile	0	N/A	N/A	2026-06-19 10:03:02	2026-06-19 10:03:02
637	Fungi	Basidiomycota	Agaricomycetes	Agaricales	Agaricaceae	Agaricus	bisporus	agaricus	bisporus	Agaricus bisporus	species	5341	Positive	Aerobic	NULL	Sporulating (basidiospores); reproduction also by budding	fermenter	complex_carbs_fiber	2026-06-19 10:03:02	2026-06-19 10:03:04
638	Eubacteria	Bacillota	Clostridia	Eubacteriales	Clostridiaceae	Clostridium	sticklandii	clostridium	sticklandii	Clostridium sticklandii	species	499177	Positive	anaerobe	alkaliphile	1	fermenter	organic_unspecified	2026-06-19 10:03:02	2026-06-19 10:03:04
639	Eubacteria	Arthropoda	Insecta	Phasmatodea	Bacillidae	Bacillus	coahuilensis	bacillus	coahuilensis	Bacillus coahuilensis	species	408580	NULL	aerobe	alkaliphile	1	N/A	N/A	2026-06-19 10:03:02	2026-06-19 10:03:04
640	Eubacteria	Firmicutes	Clostridia	Clostridiales	Ruminococcaceae	Agathobaculum	desmolans	agathobaculum	desmolans	Agathobaculum desmolans	species	39484	NULL	NULL	NULL	NULL	N/A	N/A	2026-06-19 10:03:02	2026-06-19 10:03:05
641	NULL	Actinomycetota	Actinomycetes	Micrococcales	Sanguibacteraceae	Sanguibacter		sanguibacter		Sanguibacter	genus	NULL	NULL	aerobe	alkaliphile	0	N/A	N/A	2026-06-19 10:03:02	2026-06-19 10:03:02
642	Eubacteria	Proteobacteria	Gammaproteobacteria	Pasteurellales	Pasteurellaceae	Aggregatibacter	actinomycetemcomitans	aggregatibacter	actinomycetemcomitans	Aggregatibacter actinomycetemcomitans	species	714	NULL	NULL	NULL	NULL	N/A	N/A	2026-06-19 10:03:02	2026-06-19 10:03:04
643	NULL	Bacillota	Bacilli	Bacillales	Planococcaceae	Sporosarcina		sporosarcina		Sporosarcina	genus	NULL	NULL	aerobe	alkaliphile	1	N/A	N/A	2026-06-19 10:03:02	2026-06-19 10:03:02
644	Eubacteria	Proteobacteria	Gammaproteobacteria	Pasteurellales	Pasteurellaceae	Aggregatibacter	aphrophilus	aggregatibacter	aphrophilus	Aggregatibacter aphrophilus	species	634176	Negative	Facultative	NULL	NULL	mixed	N/A	2026-06-19 10:03:02	2026-06-19 10:03:04
645	NULL	Euryarchaeota	Methanomicrobia	Methanosarcinales	Methanosaetaceae	Methanosaeta		methanosaeta		Methanosaeta	genus	NULL	NULL	anaerobe	NULL	NULL	N/A	N/A	2026-06-19 10:03:02	2026-06-19 10:03:02
646	Eubacteria	Proteobacteria	Alphaproteobacteria	Rhizobiales	Rhizobiaceae	Agrobacterium	tumefaciens	agrobacterium	tumefaciens	Agrobacterium tumefaciens	species	1050720	Negative	Aerobe	NULL	NULL	respirator	N/A	2026-06-19 10:03:02	2026-06-19 10:03:04
647	NULL	Pseudomonadota	Betaproteobacteria	Rhodocyclales	Rhodocyclaceae	Azospira		azospira		Azospira	genus	NULL	NULL	aerobe	NULL	0	N/A	N/A	2026-06-19 10:03:02	2026-06-19 10:03:02
648	NULL	Proteobacteria	Alphaproteobacteria	Rhizobiales	Brucellaceae	Alfipia	birgiae	alfipia	birgiae	Alfipia birgiae	species	NULL	NULL	Aerobe	NULL	NULL	N/A	N/A	2026-06-19 10:03:02	2026-06-19 10:03:02
649	NULL	Pseudomonadota	Gammaproteobacteria	Alteromonadales	Idiomarinaceae	Pseudidiomarina		pseudidiomarina		Pseudidiomarina	genus	NULL	NULL	aerobe	alkaliphile	0	N/A	N/A	2026-06-19 10:03:02	2026-06-19 10:03:02
650	Eubacteria	Proteobacteria	Betaproteobacteria	Burkholderiales	Comamonadaceae	Alicycliphilus	denitrificans	alicycliphilus	denitrificans	Alicycliphilus denitrificans	species	179636	Negative	Facultative	NULL	NULL	mixed	N/A	2026-06-19 10:03:02	2026-06-19 10:03:04
651	NULL	Pseudomonadota	Gammaproteobacteria	Alteromonadales	Alteromonadaceae	Agarivorans		agarivorans		Agarivorans	genus	NULL	NULL	aerobe	alkaliphile	0	N/A	N/A	2026-06-19 10:03:02	2026-06-19 10:03:02
652	NULL	Proteobacteria	Gammaproteobacteria	Vibrionales	Vibrionaceae	Aliivibrio	salmonicida	aliivibrio	salmonicida	Aliivibrio salmonicida	species	40269	NULL	NULL	NULL	NULL	N/A	N/A	2026-06-19 10:03:02	2026-06-19 10:03:05
653	NULL	Bacteroidetes	Bacteroidia	Bacteroidales	Rikenellaceae	Alistipes	bacterium ph8	alistipes	bacterium ph8	Alistipes bacterium ph8	species	NULL	NULL	NULL	NULL	NULL	N/A	N/A	2026-06-19 10:03:02	2026-06-19 10:03:02
654	NULL	Pseudomonadota	Gammaproteobacteria	Thiotrichales	Thiotrichaceae	Thiothrix		thiothrix		Thiothrix	genus	NULL	NULL	aerobe	alkaliphile	NULL	N/A	N/A	2026-06-19 10:03:02	2026-06-19 10:03:02
655	Eubacteria	Bacteroidetes	Bacteroidia	Bacteroidales	Rikenellaceae	Alistipes	finegoldii	alistipes	finegoldii	Alistipes finegoldii	species	214856	Negative	Anaerobe	NULL	NULL	fermenter	carbohydrates	2026-06-19 10:03:02	2026-06-19 10:03:04
656	NULL	Arthropoda	Insecta	Coleoptera	Lampyridae	Serratia	ureilytica	serratia	ureilytica	Serratia ureilytica	species	NULL	NULL	aerobe	alkaliphile	0	N/A	N/A	2026-06-19 10:03:02	2026-06-19 10:03:02
657	Bacillati	Bacteroidota	Bacteroidia	Bacteroidales	Rikenellaceae	Alistipes	intestinihominis	alistipes	intestinihominis	Alistipes intestinihominis	species	3133172	Negative	Anaerobic	NULL	NULL	fermenter	carbohydrates	2026-06-19 10:03:02	2026-06-19 10:03:05
658	Eubacteria	Bacteroidetes	Bacteroidia	Bacteroidales	Rikenellaceae	Alistipes	onderdonkii	alistipes	onderdonkii	Alistipes onderdonkii	species	1203611	Negative	Anaerobe	NULL	NULL	fermenter	carbohydrates	2026-06-19 10:03:02	2026-06-19 10:03:04
659	Eubacteria	Bacteroidetes	Bacteroidia	Bacteroidales	Rikenellaceae	Alistipes	putredinis	alistipes	putredinis	Alistipes putredinis	species	28117	Negative	Anaerobe	NULL	NULL	fermenter	carbohydrates	2026-06-19 10:03:02	2026-06-19 10:03:04
660	Eubacteria	Bacteroidetes	Bacteroidia	Bacteroidales	Rikenellaceae	Alistipes	senegalensis	alistipes	senegalensis	Alistipes senegalensis	species	1288121	NULL	NULL	NULL	NULL	N/A	N/A	2026-06-19 10:03:02	2026-06-19 10:03:04
661	Eubacteria	Bacteroidetes	Bacteroidia	Bacteroidales	Rikenellaceae	Alistipes	shahii	alistipes	shahii	Alistipes shahii	species	328814	Negative	Anaerobe	NULL	NULL	fermenter	carbohydrates	2026-06-19 10:03:02	2026-06-19 10:03:04
662	NULL	Firmicutes	Bacilli	Bacillales	Bacillaceae	Alkalihalobacillus	clausii	alkalihalobacillus	clausii	Alkalihalobacillus clausii	species	NULL	NULL	Facultative anaerobe	NULL	Sporulating	mixed	N/A	2026-06-19 10:03:02	2026-06-19 10:03:02
663	NULL	Firmicutes	Bacilli	Bacillales	Bacillaceae	Alkalihalobacillus	halodurans	alkalihalobacillus	halodurans	Alkalihalobacillus halodurans	species	NULL	NULL	Facultative aerobe	NULL	Sporulating	mixed	carbohydrates	2026-06-19 10:03:02	2026-06-19 10:03:02
664	NULL	Firmicutes	Bacilli	Bacillales	Bacillaceae	Alkalihalobacillus	pseudofirmus	alkalihalobacillus	pseudofirmus	Alkalihalobacillus pseudofirmus	species	NULL	NULL	Facultative aerobe	NULL	Sporulating	mixed	carbohydrates	2026-06-19 10:03:02	2026-06-19 10:03:02
665	Eubacteria	Proteobacteria	Gammaproteobacteria	Chromatiales	Chromatiaceae	Allochromatium	vinosum	allochromatium	vinosum	Allochromatium vinosum	species	1049	Negative	Facultative	NULL	Nonsporulating	mixed	N/A	2026-06-19 10:03:02	2026-06-19 10:03:05
666	Eubacteria	Bacteroidetes	Bacteroidia	Bacteroidales	Prevotellaceae	Alloprevotella	rava	alloprevotella	rava	Alloprevotella rava	species	671218	NULL	NULL	NULL	NULL	N/A	N/A	2026-06-19 10:03:02	2026-06-19 10:03:04
667	Eubacteria	Bacteroidetes	Bacteroidia	Bacteroidales	Prevotellaceae	Alloprevotella	tannerae	alloprevotella	tannerae	Alloprevotella tannerae	species	626522	Negative	Anaerobe	NULL	NULL	fermenter	carbohydrates	2026-06-19 10:03:02	2026-06-19 10:03:04
668	Fungi	Ascomycota	Dothideomycetes	Pleosporales	Pleosporaceae	Alternaria	alternata	alternaria	alternata	Alternaria alternata	species	5599	Positive	Aerobic	NULL	Sporulating (ascospores); reproduction also by budding	respirator	organic_unspecified	2026-06-19 10:03:02	2026-06-19 10:03:04
669	Fungi	Ascomycota	Dothideomycetes	Pleosporales	Pleosporaceae	Alternaria	carthami	alternaria	carthami	Alternaria carthami	species	157258	NULL	NULL	NULL	NULL	N/A	N/A	2026-06-19 10:03:02	2026-06-19 10:03:04
670	Fungi	Ascomycota	Dothideomycetes	Pleosporales	Pleosporaceae	Alternaria	cucumerina	alternaria	cucumerina	Alternaria cucumerina	species	283358	NULL	NULL	NULL	NULL	N/A	N/A	2026-06-19 10:03:02	2026-06-19 10:03:04
671	Fungi	Ascomycota	Dothideomycetes	Pleosporales	Pleosporaceae	Alternaria	dauci	alternaria	dauci	Alternaria dauci	species	48095	NULL	NULL	NULL	NULL	N/A	N/A	2026-06-19 10:03:02	2026-06-19 10:03:04
672	Fungi	Ascomycota	Dothideomycetes	Pleosporales	Pleosporaceae	Alternaria	porri	alternaria	porri	Alternaria porri	species	48098	NULL	NULL	NULL	NULL	N/A	N/A	2026-06-19 10:03:02	2026-06-19 10:03:04
673	Fungi	Ascomycota	Dothideomycetes	Pleosporales	Pleosporaceae	Alternaria	scirpicola	alternaria	scirpicola	Alternaria scirpicola	species	1342724	NULL	Aerobe	NULL	Sporulating	respirator	organic_unspecified	2026-06-19 10:03:02	2026-06-19 10:03:04
674	Fungi	Ascomycota	Dothideomycetes	Pleosporales	Pleosporaceae	Alternaria	solani	alternaria	solani	Alternaria solani	species	48100	NULL	NULL	NULL	NULL	N/A	N/A	2026-06-19 10:03:02	2026-06-19 10:03:04
675	Fungi	Ascomycota	Dothideomycetes	Pleosporales	Pleosporaceae	Alternaria	tagetica	alternaria	tagetica	Alternaria tagetica	species	160391	NULL	NULL	NULL	NULL	N/A	N/A	2026-06-19 10:03:02	2026-06-19 10:03:04
676	Eubacteria	Firmicutes	Erysipelotrichia	Erysipelotrichales	Erysipelotrichaceae	Amedibacillus	dolichus	amedibacillus	dolichus	Amedibacillus dolichus	species	31971	NULL	NULL	NULL	NULL	N/A	N/A	2026-06-19 10:03:02	2026-06-19 10:03:04
677	Eubacteria	Synergistetes	Synergistia	Synergistales	Synergistaceae	Aminobacterium	colombiense	aminobacterium	colombiense	Aminobacterium colombiense	species	81468	NULL	NULL	NULL	NULL	N/A	N/A	2026-06-19 10:03:02	2026-06-19 10:03:04
678	NULL	Actinobacteria	Actinobacteria	Pseudonocardiales	Pseudonocardiaceae	Amycolatopsis	balhimycina	amycolatopsis	balhimycina	Amycolatopsis balhimycina	species	208443	NULL	NULL	NULL	NULL	N/A	N/A	2026-06-19 10:03:02	2026-06-19 10:03:05
679	NULL	Actinobacteria	Actinobacteria	Pseudonocardiales	Pseudonocardiaceae	Amycolatopsis	sp. aa4	amycolatopsis	sp. aa4	Amycolatopsis sp. aa4	species	1896961	NULL	NULL	NULL	NULL	N/A	N/A	2026-06-19 10:03:02	2026-06-19 10:03:05
680	Fungi	Mucoromycota	Mucoromycetes	Mucorales	Mucoraceae	Amylomyces	rouxii	amylomyces	rouxii	Amylomyces rouxii	species	29923	Positive	Aerobic	NULL	Sporulating	respirator	organic_unspecified	2026-06-19 10:03:02	2026-06-19 10:03:04
681	NULL	Synergistetes	Synergistia	Synergistales	Synergistaceae	Anaerobaculum	hydrogeniformans	anaerobaculum	hydrogeniformans	Anaerobaculum hydrogeniformans	species	NULL	NULL	Anaerobe	NULL	NULL	fermenter	carbohydrates	2026-06-19 10:03:02	2026-06-19 10:03:02
682	Eubacteria	Proteobacteria	Gammaproteobacteria	Aeromonadales	Succinivibrionaceae	Anaerobiospirillum	succiniciproducens	anaerobiospirillum	succiniciproducens	Anaerobiospirillum succiniciproducens	species	1120988	Negative	Anaerobe	NULL	NULL	fermenter	carbohydrates	2026-06-19 10:03:02	2026-06-19 10:03:05
683	Eubacteria	Firmicutes	Clostridia	Clostridiales	Lachnospiraceae	Anaerobutyricum	hallii	anaerobutyricum	hallii	Anaerobutyricum hallii	species	39488	NULL	NULL	NULL	NULL	N/A	N/A	2026-06-19 10:03:02	2026-06-19 10:03:04
684	NULL	Firmicutes	Clostridia	Clostridiales	Lachnospiraceae	Anaerobutyricum	soehngenii	anaerobutyricum	soehngenii	Anaerobutyricum soehngenii	species	105843	NULL	NULL	NULL	NULL	N/A	N/A	2026-06-19 10:03:02	2026-06-19 10:03:05
685	Eubacteria	Firmicutes	Tissierellia	Tissierellales	Peptoniphilaceae	Anaerococcus	hydrogenalis	anaerococcus	hydrogenalis	Anaerococcus hydrogenalis	species	33029	Positive	Obligate anaerobe	NULL	NULL	fermenter	carbohydrates	2026-06-19 10:03:02	2026-06-19 10:03:04
686	Eubacteria	Firmicutes	Tissierellia	Tissierellales	Peptoniphilaceae	Anaerococcus	lactolyticus	anaerococcus	lactolyticus	Anaerococcus lactolyticus	species	33032	NULL	NULL	NULL	NULL	N/A	N/A	2026-06-19 10:03:02	2026-06-19 10:03:04
687	Eubacteria	Firmicutes	Clostridia	Clostridiales	Clostridiales Family XI. Incertae Sedis	Anaerococcus	prevotii	anaerococcus	prevotii	Anaerococcus prevotii	species	33034	Positive	Anaerobe	NULL	Pairs	fermenter	N/A	2026-06-19 10:03:02	2026-06-19 10:03:04
688	Eubacteria	Firmicutes	Tissierellia	Tissierellales	Peptoniphilaceae	Anaerococcus	tetradius	anaerococcus	tetradius	Anaerococcus tetradius	species	33036	NULL	NULL	NULL	NULL	N/A	N/A	2026-06-19 10:03:02	2026-06-19 10:03:04
689	Eubacteria	Firmicutes	Tissierellia	Tissierellales	Peptoniphilaceae	Anaerococcus	vaginalis	anaerococcus	vaginalis	Anaerococcus vaginalis	species	33037	Positive	Anaerobe	NULL	NULL	fermenter	carbohydrates	2026-06-19 10:03:02	2026-06-19 10:03:04
690	Eubacteria	Firmicutes	Clostridia	Clostridiales	Eubacteriaceae	Anaerofustis	stercorihominis	anaerofustis	stercorihominis	Anaerofustis stercorihominis	species	214853	Positive	Anaerobe	NULL	NULL	fermenter	carbohydrates	2026-06-19 10:03:02	2026-06-19 10:03:05
691	Eubacteria	Firmicutes	Clostridia	Clostridiales	Lachnospiraceae	Anaerostipes	caccae	anaerostipes	caccae	Anaerostipes caccae	species	105841	Positive	Anaerobe	NULL	NULL	fermenter	carbohydrates	2026-06-19 10:03:02	2026-06-19 10:03:04
692	Eubacteria	Firmicutes	Clostridia	Clostridiales	Lachnospiraceae	Anaerostipes	hadrus	anaerostipes	hadrus	Anaerostipes hadrus	species	649756	Positive	Anaerobe	NULL	NULL	fermenter	carbohydrates	2026-06-19 10:03:02	2026-06-19 10:03:04
693	Eubacteria	Firmicutes	Clostridia	Clostridiales	Ruminococcaceae	Anaerotruncus	colihominis	anaerotruncus	colihominis	Anaerotruncus colihominis	species	169435	Positive	Anaerobe	NULL	NULL	fermenter	carbohydrates	2026-06-19 10:03:02	2026-06-19 10:03:04
694	Eubacteria	Firmicutes	Bacilli	Bacillales	Paenibacillaceae	Aneurinibacillus	aneurinilyticus	aneurinibacillus	aneurinilyticus	Aneurinibacillus aneurinilyticus	species	1391	Positive	Aerobe	NULL	NULL	fermenter	carbohydrates	2026-06-19 10:03:02	2026-06-19 10:03:05
695	NULL	Nematoda	Chromadorea	Rhabditida	Anisakidae	Anisakis	simplex	anisakis	simplex	Anisakis simplex	species	6269	NULL	NULL	NULL	NULL	N/A	N/A	2026-06-19 10:03:02	2026-06-19 10:03:05
696	Fungi	Microsporidia	NULL	NULL	Tubulinosematidae	Anncaliia	algerae	anncaliia	algerae	Anncaliia algerae	species	723287	Positive	Anaerobe	NULL	Sporulating	fermenter	complex_carbs_fiber	2026-06-19 10:03:02	2026-06-19 10:03:04
697	Fungi	Ascomycota	Sordariomycetes	Xylariales	Hypoxylaceae	Annulohypoxylon	stygium	annulohypoxylon	stygium	Annulohypoxylon stygium	species	326628	NULL	Aerobe	NULL	Sporulating	fermenter	complex_carbs_fiber	2026-06-19 10:03:02	2026-06-19 10:03:04
698	Fungi	Basidiomycota	Ustilaginomycetes	Ustilaginales	Ustilaginaceae	Anthracocystis	flocculosa	anthracocystis	flocculosa	Anthracocystis flocculosa	species	84751	Positive	Aerobic	NULL	Sporulating (basidiospores); reproduction also by budding	fermenter	complex_carbs_fiber	2026-06-19 10:03:02	2026-06-19 10:03:04
699	NULL	NULL	Bigyra	Thraustochytrida	Thraustochytriaceae	Aplanochytrium	kerguelense	aplanochytrium	kerguelense	Aplanochytrium kerguelense	species	87111	NULL	NULL	NULL	NULL	N/A	N/A	2026-06-19 10:03:02	2026-06-19 10:03:05
700	Eubacteria	Aquificae	Aquificae	Aquificales	Aquificaceae	Aquifex	aeolicus	aquifex	aeolicus	Aquifex aeolicus	species	63363	Negative	Aerobe	NULL	NULL	respirator	inorganic	2026-06-19 10:03:02	2026-06-19 10:03:04
701	Eubacteria	Actinobacteria	Actinobacteria	Propionibacteriales	Propionibacteriaceae	Arachnia	propionica	arachnia	propionica	Arachnia propionica	species	1750	NULL	NULL	NULL	NULL	N/A	N/A	2026-06-19 10:03:02	2026-06-19 10:03:05
702	Eubacteria	Actinobacteria	Actinobacteria	Actinomycetales	Actinomycetaceae	Arcanobacterium	haemolyticum	arcanobacterium	haemolyticum	Arcanobacterium haemolyticum	species	28264	Positive	Facultative anaerobe	NULL	Nonsporulating	mixed	organic_unspecified	2026-06-19 10:03:02	2026-06-19 10:03:04
703	NULL	Actinobacteria	Actinobacteria	Actinomycetales	Actinomycetaceae	Arcanobacterium	pyogenes	arcanobacterium	pyogenes	Arcanobacterium pyogenes	species	NULL	NULL	Facultative anaerobe	NULL	NULL	mixed	carbohydrates	2026-06-19 10:03:02	2026-06-19 10:03:02
704	NULL	Euryarchaeota	Archaeoglobi	Archaeoglobales	Archaeoglobaceae	Archaeoglobus	fulgidus	archaeoglobus	fulgidus	Archaeoglobus fulgidus	species	2234	NULL	Anaerobe	NULL	NULL	fermenter	N/A	2026-06-19 10:03:02	2026-06-19 10:03:04
705	Eubacteria	Proteobacteria	Epsilonproteobacteria	Campylobacterales	Campylobacteraceae	Arcobacter	butzleri	arcobacter	butzleri	Arcobacter butzleri	species	28197	Negative	Aerobe	NULL	Singles - Chains	mixed	carbohydrates	2026-06-19 10:03:02	2026-06-19 10:03:04
706	NULL	Proteobacteria	Betaproteobacteria	Rhodocyclales	Rhodocyclaceae	Aromatoleum	tolulyticum	aromatoleum	tolulyticum	Aromatoleum tolulyticum	species	34027	NULL	NULL	NULL	NULL	N/A	N/A	2026-06-19 10:03:02	2026-06-19 10:03:05
707	NULL	Actinobacteria	Actinobacteria	Micrococcales	Micrococcaceae	Arthrobacter	globiformis	arthrobacter	globiformis	Arthrobacter globiformis	species	1665	NULL	NULL	NULL	NULL	N/A	N/A	2026-06-19 10:03:02	2026-06-19 10:03:05
708	NULL	Actinobacteria	Actinobacteria	Micrococcales	Micrococcaceae	Arthrobacter		arthrobacter		Arthrobacter	genus	NULL	NULL	NULL	NULL	NULL	N/A	N/A	2026-06-19 10:03:02	2026-06-19 10:03:02
709	Fungi	Ascomycota	Orbiliomycetes	Orbiliales	Orbiliaceae	Arthrobotrys	oligospora	arthrobotrys	oligospora	Arthrobotrys oligospora	species	2813651	NULL	Aerobe	NULL	Sporulating	fermenter	complex_carbs_fiber	2026-06-19 10:03:02	2026-06-19 10:03:04
710	Fungi	Ascomycota	Dothideomycetes	Pleosporales	Didymellaceae	Ascochyta	viciae	ascochyta	viciae	Ascochyta viciae	species	1677696	NULL	NULL	NULL	NULL	N/A	N/A	2026-06-19 10:03:02	2026-06-19 10:03:04
711	Fungi	Ascomycota	Saccharomycetes	Saccharomycetales	Ascoideaceae	Ascoidea	rubescens	ascoidea	rubescens	Ascoidea rubescens	species	54195	NULL	Aerobe	NULL	Sporulating (ascospores)	fermenter	complex_carbs_fiber	2026-06-19 10:03:02	2026-06-19 10:03:04
712	Fungi	Ascomycota	Eurotiomycetes	Eurotiales	Aspergillaceae	Aspergillus	aculeatus	aspergillus	aculeatus	Aspergillus aculeatus	species	5053	Positive	Aerobic	NULL	Sporulating (ascospores); reproduction also by budding	fermenter	complex_carbs_fiber	2026-06-19 10:03:02	2026-06-19 10:03:04
713	Fungi	Ascomycota	Eurotiomycetes	Eurotiales	Aspergillaceae	Aspergillus	amoenus	aspergillus	amoenus	Aspergillus amoenus	species	1220191	Positive	Aerobic	NULL	Sporulating (ascospores); reproduction also by budding	respirator	organic_unspecified	2026-06-19 10:03:02	2026-06-19 10:03:04
714	Fungi	Ascomycota	Eurotiomycetes	Eurotiales	Aspergillaceae	Aspergillus	brevipes	aspergillus	brevipes	Aspergillus brevipes	species	75551	Positive	Aerobic	NULL	Sporulating (ascospores); reproduction also by budding	respirator	organic_unspecified	2026-06-19 10:03:02	2026-06-19 10:03:04
715	Fungi	Ascomycota	Eurotiomycetes	Eurotiales	Aspergillaceae	Aspergillus	calidoustus	aspergillus	calidoustus	Aspergillus calidoustus	species	454130	Positive	Aerobic	NULL	Sporulating (ascospores); reproduction also by budding	respirator	organic_unspecified	2026-06-19 10:03:02	2026-06-19 10:03:04
716	Fungi	Ascomycota	Eurotiomycetes	Eurotiales	Aspergillaceae	Aspergillus	campestris	aspergillus	campestris	Aspergillus campestris	species	41068	Positive	Aerobic	NULL	Sporulating (ascospores); reproduction also by budding	fermenter	complex_carbs_fiber	2026-06-19 10:03:02	2026-06-19 10:03:04
717	Fungi	Ascomycota	Eurotiomycetes	Eurotiales	Aspergillaceae	Aspergillus	carneus	aspergillus	carneus	Aspergillus carneus	species	41282	Positive	Aerobic	NULL	Sporulating (ascospores); reproduction also by budding	respirator	organic_unspecified	2026-06-19 10:03:02	2026-06-19 10:03:04
718	Fungi	Ascomycota	Eurotiomycetes	Eurotiales	Aspergillaceae	Aspergillus	chevalieri	aspergillus	chevalieri	Aspergillus chevalieri	species	182096	Positive	Aerobic	NULL	Sporulating (ascospores); reproduction also by budding	respirator	organic_unspecified	2026-06-19 10:03:02	2026-06-19 10:03:04
719	Fungi	Ascomycota	Eurotiomycetes	Eurotiales	Aspergillaceae	Aspergillus	clavatus	aspergillus	clavatus	Aspergillus clavatus	species	5057	Positive	Aerobic	NULL	Sporulating (ascospores); reproduction also by budding	fermenter	complex_carbs_fiber	2026-06-19 10:03:02	2026-06-19 10:03:04
720	Fungi	Ascomycota	Eurotiomycetes	Eurotiales	Aspergillaceae	Aspergillus	fischeri	aspergillus	fischeri	Aspergillus fischeri	species	36630	Positive	Aerobic	NULL	Sporulating (ascospores); reproduction also by budding	respirator	organic_unspecified	2026-06-19 10:03:02	2026-06-19 10:03:04
721	Fungi	Ascomycota	Eurotiomycetes	Eurotiales	Aspergillaceae	Aspergillus	flavipes	aspergillus	flavipes	Aspergillus flavipes	species	41900	Positive	Aerobic	NULL	Sporulating (ascospores); reproduction also by budding	respirator	organic_unspecified	2026-06-19 10:03:02	2026-06-19 10:03:04
722	Fungi	Ascomycota	Eurotiomycetes	Eurotiales	Aspergillaceae	Aspergillus	flavus	aspergillus	flavus	Aspergillus flavus	species	5059	Positive	Aerobic	NULL	Sporulating (ascospores); reproduction also by budding	fermenter	complex_carbs_fiber	2026-06-19 10:03:02	2026-06-19 10:03:04
723	Fungi	Ascomycota	Eurotiomycetes	Eurotiales	Aspergillaceae	Aspergillus	foveolatus	aspergillus	foveolatus	Aspergillus foveolatus	species	210207	Positive	Aerobic	NULL	Sporulating (ascospores); reproduction also by budding	respirator	organic_unspecified	2026-06-19 10:03:02	2026-06-19 10:03:04
724	Fungi	Ascomycota	Eurotiomycetes	Eurotiales	Aspergillaceae	Aspergillus	fumigatus	aspergillus	fumigatus	Aspergillus fumigatus	species	746128	Positive	Aerobic	NULL	Sporulating (ascospores); reproduction also by budding	respirator	organic_unspecified	2026-06-19 10:03:02	2026-06-19 10:03:04
725	Fungi	Ascomycota	Eurotiomycetes	Eurotiales	Aspergillaceae	Aspergillus	nidulans	aspergillus	nidulans	Aspergillus nidulans	species	162425	Negative	Aerobic	NULL	Sporulating (ascospores); reproduction also by budding	fermenter	complex_carbs_fiber	2026-06-19 10:03:02	2026-06-19 10:03:04
726	Fungi	Ascomycota	Eurotiomycetes	Eurotiales	Aspergillaceae	Aspergillus	niger	aspergillus	niger	Aspergillus niger	species	5061	Positive	Aerobic	NULL	Sporulating (ascospores); reproduction also by budding	fermenter	complex_carbs_fiber	2026-06-19 10:03:02	2026-06-19 10:03:04
727	Fungi	Ascomycota	Eurotiomycetes	Eurotiales	Aspergillaceae	Aspergillus	niveus	aspergillus	niveus	Aspergillus niveus	species	41281	Positive	Aerobic	NULL	Sporulating (ascospores); reproduction also by budding	respirator	organic_unspecified	2026-06-19 10:03:02	2026-06-19 10:03:04
728	Fungi	Ascomycota	Eurotiomycetes	Eurotiales	Aspergillaceae	Aspergillus	nomiae	aspergillus	nomiae	Aspergillus nomiae	species	41061	Positive	Aerobic	NULL	Sporulating (ascospores); reproduction also by budding	fermenter	complex_carbs_fiber	2026-06-19 10:03:02	2026-06-19 10:03:04
729	Fungi	Ascomycota	Eurotiomycetes	Eurotiales	Aspergillaceae	Aspergillus	ochraceus	aspergillus	ochraceus	Aspergillus ochraceus	species	40380	Positive	Aerobic	NULL	Sporulating (ascospores); reproduction also by budding	respirator	organic_unspecified	2026-06-19 10:03:02	2026-06-19 10:03:04
730	Fungi	Ascomycota	Eurotiomycetes	Eurotiales	Aspergillaceae	Aspergillus	oryzae	aspergillus	oryzae	Aspergillus oryzae	species	5062	Positive	Aerobic	NULL	Sporulating (ascospores); reproduction also by budding	respirator	amino_acids_proteins	2026-06-19 10:03:02	2026-06-19 10:03:04
731	Fungi	Ascomycota	Eurotiomycetes	Eurotiales	Aspergillaceae	Aspergillus	parasiticus	aspergillus	parasiticus	Aspergillus parasiticus	species	5067	Positive	Aerobic	NULL	Sporulating (ascospores); reproduction also by budding	respirator	organic_unspecified	2026-06-19 10:03:02	2026-06-19 10:03:04
732	Fungi	Ascomycota	Eurotiomycetes	Eurotiales	Aspergillaceae	Aspergillus	rugulosus	aspergillus	rugulosus	Aspergillus rugulosus	species	41736	Positive	Aerobic	NULL	Sporulating (ascospores); reproduction also by budding	respirator	organic_unspecified	2026-06-19 10:03:02	2026-06-19 10:03:04
733	Fungi	Ascomycota	Eurotiomycetes	Eurotiales	Aspergillaceae	Aspergillus	stellatus	aspergillus	stellatus	Aspergillus stellatus	species	1549217	Positive	Aerobic	NULL	Sporulating (ascospores); reproduction also by budding	respirator	organic_unspecified	2026-06-19 10:03:02	2026-06-19 10:03:04
734	Fungi	Ascomycota	Eurotiomycetes	Eurotiales	Aspergillaceae	Aspergillus	striatus	aspergillus	striatus	Aspergillus striatus	species	469280	Positive	Aerobic	NULL	Sporulating (ascospores); reproduction also by budding	respirator	organic_unspecified	2026-06-19 10:03:02	2026-06-19 10:03:04
735	Fungi	Ascomycota	Eurotiomycetes	Eurotiales	Aspergillaceae	Aspergillus	sydowii	aspergillus	sydowii	Aspergillus sydowii	species	75750	Positive	Aerobic	NULL	Sporulating (ascospores); reproduction also by budding	respirator	organic_unspecified	2026-06-19 10:03:02	2026-06-19 10:03:04
736	Fungi	Ascomycota	Eurotiomycetes	Eurotiales	Aspergillaceae	Aspergillus	taichungensis	aspergillus	taichungensis	Aspergillus taichungensis	species	482145	Positive	Aerobic	NULL	Sporulating (ascospores); reproduction also by budding	respirator	organic_unspecified	2026-06-19 10:03:02	2026-06-19 10:03:04
737	Fungi	Ascomycota	Eurotiomycetes	Eurotiales	Aspergillaceae	Aspergillus	terreus	aspergillus	terreus	Aspergillus terreus	species	33178	Positive	Aerobic	NULL	Sporulating (ascospores); reproduction also by budding	fermenter	complex_carbs_fiber	2026-06-19 10:03:02	2026-06-19 10:03:04
738	Fungi	Ascomycota	Eurotiomycetes	Eurotiales	Aspergillaceae	Aspergillus	unguis	aspergillus	unguis	Aspergillus unguis	species	40381	Positive	Aerobic	NULL	Sporulating (ascospores); reproduction also by budding	respirator	organic_unspecified	2026-06-19 10:03:02	2026-06-19 10:03:04
739	Fungi	Ascomycota	Eurotiomycetes	Eurotiales	Aspergillaceae	Aspergillus	ustus	aspergillus	ustus	Aspergillus ustus	species	40382	Positive	Aerobic	NULL	Sporulating (ascospores); reproduction also by budding	respirator	organic_unspecified	2026-06-19 10:03:02	2026-06-19 10:03:04
740	Fungi	Ascomycota	Eurotiomycetes	Eurotiales	Aspergillaceae	Aspergillus	versicolor	aspergillus	versicolor	Aspergillus versicolor	species	46472	Positive	Aerobic	NULL	Sporulating (ascospores); reproduction also by budding	respirator	organic_unspecified	2026-06-19 10:03:02	2026-06-19 10:03:04
741	Eubacteria	Proteobacteria	Gammaproteobacteria	Enterobacterales	Enterobacteriaceae	Atlantibacter	hermannii	atlantibacter	hermannii	Atlantibacter hermannii	species	565	NULL	NULL	NULL	NULL	N/A	N/A	2026-06-19 10:03:02	2026-06-19 10:03:05
742	Eubacteria	Actinobacteria	Coriobacteriia	Coriobacteriales	Atopobiaceae	Atopobium	minutum	atopobium	minutum	Atopobium minutum	species	1381	Positive	Anaerobe	NULL	NULL	fermenter	carbohydrates	2026-06-19 10:03:02	2026-06-19 10:03:05
743	Eubacteria	Actinobacteria	Actinobacteria	Coriobacteriales	Coriobacteriaceae	Atopobium	parvulum	atopobium	parvulum	Atopobium parvulum	species	1382	Positive	Anaerobe	NULL	Pairs - Singles	fermenter	N/A	2026-06-19 10:03:02	2026-06-19 10:03:04
744	Fungi	Ascomycota	Dothideomycetes	Dothideales	Saccotheciaceae	Aureobasidium	namibiae	aureobasidium	namibiae	Aureobasidium namibiae	species	559561	NULL	Aerobe	NULL	Sporulating	respirator	lipids	2026-06-19 10:03:02	2026-06-19 10:03:04
745	Fungi	Ascomycota	Dothideomycetes	Dothideales	Saccotheciaceae	Aureobasidium	pullulans	aureobasidium	pullulans	Aureobasidium pullulans	species	5580	Positive	Aerobic	NULL	Sporulating (ascospores); reproduction also by budding	fermenter	complex_carbs_fiber	2026-06-19 10:03:02	2026-06-19 10:03:04
746	Fungi	Ascomycota	Dothideomycetes	Dothideales	Saccotheciaceae	Aureobasidium	subglaciale	aureobasidium	subglaciale	Aureobasidium subglaciale	species	1042127	NULL	Aerobe	NULL	Sporulating	fermenter	complex_carbs_fiber	2026-06-19 10:03:02	2026-06-19 10:03:04
747	Eubacteria	Proteobacteria	Alphaproteobacteria	Rhizobiales	Xanthobacteraceae	Azorhizobium	caulinodans	azorhizobium	caulinodans	Azorhizobium caulinodans	species	7	Negative	NULL	NULL	NULL	N/A	N/A	2026-06-19 10:03:02	2026-06-19 10:03:05
748	Eubacteria	Proteobacteria	Gammaproteobacteria	Pseudomonadales	Pseudomonadaceae	Azotobacter	vinelandii	azotobacter	vinelandii	Azotobacter vinelandii	species	354	Negative	Aerobe	NULL	NULL	respirator	inorganic	2026-06-19 10:03:02	2026-06-19 10:03:04
749	NULL	Apicomplexa	Aconoidasida	Piroplasmida	Babesiidae	Babesia	microti	babesia	microti	Babesia microti	species	5868	NULL	NULL	NULL	NULL	N/A	N/A	2026-06-19 10:03:02	2026-06-19 10:03:05
750	Fungi	Ascomycota	Saccharomycetes	Saccharomycetales	Debaryomycetaceae	Babjeviella	inositovora	babjeviella	inositovora	Babjeviella inositovora	species	45609	NULL	Aerobe	NULL	Sporulating (ascospores)	fermenter	complex_carbs_fiber	2026-06-19 10:03:02	2026-06-19 10:03:04
751	Eubacteria	Firmicutes	Bacilli	Bacillales	Bacillaceae	Bacillus	altitudinis	bacillus	altitudinis	Bacillus altitudinis	species	1178544	Positive	Facultative anaerobe	NULL	NULL	mixed	carbohydrates	2026-06-19 10:03:02	2026-06-19 10:03:04
752	Eubacteria	Firmicutes	Bacilli	Bacillales	Bacillaceae	Bacillus	amyloliquefaciens	bacillus	amyloliquefaciens	Bacillus amyloliquefaciens	species	1198291	Positive	Aerobe	NULL	Sporulating	mixed	carbohydrates	2026-06-19 10:03:02	2026-06-19 10:03:04
753	Eubacteria	Firmicutes	Bacilli	Bacillales	Bacillaceae	Bacillus	anthracis	bacillus	anthracis	Bacillus anthracis	species	1392	NULL	NULL	NULL	NULL	N/A	N/A	2026-06-19 10:03:02	2026-06-19 10:03:04
754	Eubacteria	Firmicutes	Bacilli	Bacillales	Bacillaceae	Bacillus	atrophaeus	bacillus	atrophaeus	Bacillus atrophaeus	species	1452	Positive	Aerobe	NULL	Sporulating	mixed	carbohydrates	2026-06-19 10:03:02	2026-06-19 10:03:04
755	Eubacteria	Firmicutes	Bacilli	Bacillales	Bacillaceae	Bacillus	cellulosilyticus	bacillus	cellulosilyticus	Bacillus cellulosilyticus	species	1413	NULL	NULL	NULL	NULL	N/A	N/A	2026-06-19 10:03:02	2026-06-19 10:03:04
756	NULL	Firmicutes	Bacilli	Bacillales	Bacillaceae	Bacillus	circulans	bacillus	circulans	Bacillus circulans	species	1397	NULL	NULL	NULL	NULL	N/A	N/A	2026-06-19 10:03:02	2026-06-19 10:03:05
757	Eubacteria	Firmicutes	Bacilli	Bacillales	Bacillaceae	Bacillus	clausii	bacillus	clausii	Bacillus clausii	species	66692	Positive	Facultative anaerobe	NULL	Sporulating	mixed	N/A	2026-06-19 10:03:02	2026-06-19 10:03:04
758	Eubacteria	Firmicutes	Bacilli	Bacillales	Bacillaceae	Bacillus	cytotoxicus	bacillus	cytotoxicus	Bacillus cytotoxicus	species	315749	Positive	Aerobe	NULL	NULL	respirator	N/A	2026-06-19 10:03:02	2026-06-19 10:03:04
759	Eubacteria	Firmicutes	Bacilli	Bacillales	Bacillaceae	Bacillus	endophyticus	bacillus	endophyticus	Bacillus endophyticus	species	1196029	Positive	Aerobe	NULL	NULL	mixed	carbohydrates	2026-06-19 10:03:02	2026-06-19 10:03:05
760	Eubacteria	Firmicutes	Bacilli	Bacillales	Bacillaceae	Bacillus	fordii	bacillus	fordii	Bacillus fordii	species	1121090	Positive	Aerobe	NULL	NULL	mixed	carbohydrates	2026-06-19 10:03:02	2026-06-19 10:03:05
761	Eubacteria	Firmicutes	Bacilli	Bacillales	Bacillaceae	Bacillus	halodurans	bacillus	halodurans	Bacillus halodurans	species	272558	Positive	Facultative aerobe	NULL	Sporulating	mixed	carbohydrates	2026-06-19 10:03:02	2026-06-19 10:03:04
762	Eubacteria	Firmicutes	Bacilli	Bacillales	Bacillaceae	Bacillus	infantis	bacillus	infantis	Bacillus infantis	species	1367477	Positive	Aerobe	NULL	NULL	mixed	carbohydrates	2026-06-19 10:03:02	2026-06-19 10:03:05
763	Eubacteria	Firmicutes	Bacilli	Bacillales	Bacillaceae	Bacillus	licheniformis	bacillus	licheniformis	Bacillus licheniformis	species	1402	Positive	Facultative aerobe	NULL	Sporulating	mixed	N/A	2026-06-19 10:03:02	2026-06-19 10:03:04
764	NULL	Firmicutes	Bacilli	Bacillales	Bacillaceae	Bacillus	megaterium	bacillus	megaterium	Bacillus megaterium	species	NULL	NULL	Aerobe	NULL	Sporulating	N/A	N/A	2026-06-19 10:03:02	2026-06-19 10:03:02
765	Eubacteria	Firmicutes	Bacilli	Bacillales	Bacillaceae	Bacillus	mojavensis	bacillus	mojavensis	Bacillus mojavensis	species	1051501	Positive	Aerobe	NULL	NULL	mixed	carbohydrates	2026-06-19 10:03:02	2026-06-19 10:03:05
766	Eubacteria	Firmicutes	Bacilli	Bacillales	Bacillaceae	Bacillus	mycoides	bacillus	mycoides	Bacillus mycoides	species	1405	Positive	Facultative anaerobe	NULL	NULL	mixed	carbohydrates	2026-06-19 10:03:02	2026-06-19 10:03:04
767	Eubacteria	Firmicutes	Bacilli	Bacillales	Bacillaceae	Bacillus	nealsonii	bacillus	nealsonii	Bacillus nealsonii	species	115979	Positive	Facultative anaerobe	NULL	NULL	mixed	carbohydrates	2026-06-19 10:03:02	2026-06-19 10:03:05
768	NULL	Firmicutes	Bacilli	Bacillales	Bacillaceae	Bacillus	pseudofirmus	bacillus	pseudofirmus	Bacillus pseudofirmus	species	NULL	NULL	Facultative aerobe	NULL	Sporulating	mixed	carbohydrates	2026-06-19 10:03:02	2026-06-19 10:03:02
769	Eubacteria	Firmicutes	Bacilli	Bacillales	Bacillaceae	Bacillus	pseudomycoides	bacillus	pseudomycoides	Bacillus pseudomycoides	species	64104	NULL	NULL	NULL	NULL	N/A	N/A	2026-06-19 10:03:02	2026-06-19 10:03:04
770	Eubacteria	Firmicutes	Bacilli	Bacillales	Bacillaceae	Bacillus	pumilus	bacillus	pumilus	Bacillus pumilus	species	1408	Positive	Aerobe	NULL	Sporulating	mixed	carbohydrates	2026-06-19 10:03:02	2026-06-19 10:03:04
771	Eubacteria	Firmicutes	Bacilli	Bacillales	Bacillaceae	Bacillus	sonorensis	bacillus	sonorensis	Bacillus sonorensis	species	119858	Positive	Facultative anaerobe	NULL	NULL	mixed	carbohydrates	2026-06-19 10:03:02	2026-06-19 10:03:05
772	Eubacteria	Firmicutes	Bacilli	Bacillales	Bacillaceae	Bacillus	subtilis	bacillus	subtilis	Bacillus subtilis	species	1423	Positive	Facultative	NULL	Sporulating	mixed	N/A	2026-06-19 10:03:02	2026-06-19 10:03:04
773	Eubacteria	Firmicutes	Bacilli	Bacillales	Bacillaceae	Bacillus	thermoamylovorans	bacillus	thermoamylovorans	Bacillus thermoamylovorans	species	35841	Positive	Facultative anaerobe	NULL	NULL	mixed	carbohydrates	2026-06-19 10:03:02	2026-06-19 10:03:05
774	Eubacteria	Firmicutes	Bacilli	Bacillales	Bacillaceae	Bacillus	thuringiensis	bacillus	thuringiensis	Bacillus thuringiensis	species	1428	Positive	Facultative anaerobe	NULL	Sporulating	mixed	carbohydrates	2026-06-19 10:03:02	2026-06-19 10:03:04
775	Eubacteria	Firmicutes	Bacilli	Bacillales	Bacillaceae	Bacillus	timonensis	bacillus	timonensis	Bacillus timonensis	species	1033734	Positive	Facultative anaerobe	NULL	NULL	mixed	carbohydrates	2026-06-19 10:03:02	2026-06-19 10:03:04
776	Eubacteria	Firmicutes	Bacilli	Bacillales	Bacillaceae	Bacillus	vallismortis	bacillus	vallismortis	Bacillus vallismortis	species	1051502	Positive	Aerobe	NULL	NULL	mixed	carbohydrates	2026-06-19 10:03:02	2026-06-19 10:03:04
777	NULL	Firmicutes	Bacilli	Bacillales	Bacillaceae	Bacillus	vulcani	bacillus	vulcani	Bacillus vulcani	species	NULL	NULL	Aerobe	NULL	NULL	mixed	carbohydrates	2026-06-19 10:03:02	2026-06-19 10:03:02
778	NULL	Firmicutes	Bacilli	Bacillales	Bacillaceae	Bacillus		bacillus		Bacillus	genus	NULL	NULL	NULL	NULL	NULL	N/A	N/A	2026-06-19 10:03:02	2026-06-19 10:03:02
779	Eubacteria	Bacteroidetes	Bacteroidia	Bacteroidales	Bacteroidaceae	Bacteroides	cellulosilyticus	bacteroides	cellulosilyticus	Bacteroides cellulosilyticus	species	246787	Negative	Anaerobe	NULL	NULL	fermenter	carbohydrates	2026-06-19 10:03:02	2026-06-19 10:03:04
780	Eubacteria	Bacteroidetes	Bacteroidia	Bacteroidales	Bacteroidaceae	Bacteroides	clarus	bacteroides	clarus	Bacteroides clarus	species	626929	Negative	Anaerobe	NULL	NULL	fermenter	carbohydrates	2026-06-19 10:03:02	2026-06-19 10:03:04
781	NULL	Bacteroidetes	Bacteroidia	Bacteroidales	Bacteroidaceae	Bacteroides	coprocola	bacteroides	coprocola	Bacteroides coprocola	species	NULL	NULL	Anaerobe	NULL	NULL	fermenter	carbohydrates	2026-06-19 10:03:02	2026-06-19 10:03:02
782	NULL	Bacteroidetes	Bacteroidia	Bacteroidales	Bacteroidaceae	Bacteroides	dorei	bacteroides	dorei	Bacteroides dorei	species	NULL	NULL	Anaerobe	NULL	NULL	fermenter	carbohydrates	2026-06-19 10:03:02	2026-06-19 10:03:02
783	Eubacteria	Bacteroidetes	Bacteroidia	Bacteroidales	Bacteroidaceae	Bacteroides	faecis	bacteroides	faecis	Bacteroides faecis	species	1077285	Negative	Anaerobe	NULL	NULL	fermenter	carbohydrates	2026-06-19 10:03:02	2026-06-19 10:03:04
784	Eubacteria	Bacteroidetes	Bacteroidia	Bacteroidales	Bacteroidaceae	Bacteroides	finegoldii	bacteroides	finegoldii	Bacteroides finegoldii	species	338188	Negative	Anaerobe	NULL	NULL	fermenter	carbohydrates	2026-06-19 10:03:02	2026-06-19 10:03:04
785	Eubacteria	Bacteroidetes	Bacteroidia	Bacteroidales	Bacteroidaceae	Bacteroides	fluxus	bacteroides	fluxus	Bacteroides fluxus	species	626930	Negative	Anaerobe	NULL	NULL	fermenter	carbohydrates	2026-06-19 10:03:02	2026-06-19 10:03:04
786	Eubacteria	Bacteroidetes	Bacteroidia	Bacteroidales	Bacteroidaceae	Bacteroides	graminisolvens	bacteroides	graminisolvens	Bacteroides graminisolvens	species	1121097	Negative	Anaerobe	NULL	NULL	fermenter	carbohydrates	2026-06-19 10:03:02	2026-06-19 10:03:04
787	Eubacteria	Bacteroidetes	Bacteroidia	Bacteroidales	Bacteroidaceae	Bacteroides	helcogenes	bacteroides	helcogenes	Bacteroides helcogenes	species	290053	Negative	Anaerobic	NULL	Nonsporulating	fermenter	N/A	2026-06-19 10:03:02	2026-06-19 10:03:04
788	Eubacteria	Bacteroidetes	Bacteroidia	Bacteroidales	Bacteroidaceae	Bacteroides	intestinalis	bacteroides	intestinalis	Bacteroides intestinalis	species	329854	Negative	Anaerobe	NULL	NULL	fermenter	carbohydrates	2026-06-19 10:03:02	2026-06-19 10:03:04
789	Pseudomonadati	Bacteroidota	Bacteroidia	Bacteroidales	Bacteroidaceae	Bacteroides	maternus	bacteroides	maternus	Bacteroides maternus	species	3117552	Negative	Anaerobic	NULL	Nonsporulating	fermenter	N/A	2026-06-19 10:03:02	2026-06-19 10:03:05
790	Eubacteria	Bacteroidetes	Bacteroidia	Bacteroidales	Bacteroidaceae	Bacteroides	oleiciplenus	bacteroides	oleiciplenus	Bacteroides oleiciplenus	species	626931	Negative	Anaerobe	NULL	NULL	fermenter	carbohydrates	2026-06-19 10:03:02	2026-06-19 10:03:04
791	Eubacteria	Bacteroidetes	Bacteroidia	Bacteroidales	Bacteroidaceae	Bacteroides	pyogenes	bacteroides	pyogenes	Bacteroides pyogenes	species	1121100	Negative	Obligate anaerobe	NULL	NULL	fermenter	carbohydrates	2026-06-19 10:03:02	2026-06-19 10:03:04
792	Eubacteria	Bacteroidetes	Bacteroidia	Bacteroidales	Bacteroidaceae	Bacteroides	salyersiae	bacteroides	salyersiae	Bacteroides salyersiae	species	1121101	Negative	Anaerobe	NULL	NULL	fermenter	carbohydrates	2026-06-19 10:03:02	2026-06-19 10:03:04
793	Eubacteria	Bacteroidetes	Bacteroidia	Bacteroidales	Bacteroidaceae	Bacteroides	sp. 1_1_14	bacteroides	sp. 1_1_14	Bacteroides sp. 1_1_14	species	469585	Negative	Anaerobe	NULL	NULL	fermenter	carbohydrates	2026-06-19 10:03:02	2026-06-19 10:03:04
794	Eubacteria	Bacteroidetes	Bacteroidia	Bacteroidales	Bacteroidaceae	Bacteroides	sp. 1_1_30	bacteroides	sp. 1_1_30	Bacteroides sp. 1_1_30	species	457387	Negative	Anaerobe	NULL	NULL	fermenter	carbohydrates	2026-06-19 10:03:02	2026-06-19 10:03:04
795	NULL	Bacteroidetes	Bacteroidia	Bacteroidales	Bacteroidaceae	Bacteroides	sp. 20_3	bacteroides	sp. 20_3	Bacteroides sp. 20_3	species	NULL	NULL	Anaerobe	NULL	NULL	fermenter	carbohydrates	2026-06-19 10:03:02	2026-06-19 10:03:02
796	Eubacteria	Bacteroidetes	Bacteroidia	Bacteroidales	Bacteroidaceae	Bacteroides	sp. 2_1_22	bacteroides	sp. 2_1_22	Bacteroides sp. 2_1_22	species	469588	Negative	Anaerobe	NULL	NULL	fermenter	carbohydrates	2026-06-19 10:03:02	2026-06-19 10:03:04
797	Eubacteria	Bacteroidetes	Bacteroidia	Bacteroidales	Bacteroidaceae	Bacteroides	sp. 2_1_33b	bacteroides	sp. 2_1_33b	Bacteroides sp. 2_1_33b	species	469589	Negative	Anaerobe	NULL	NULL	fermenter	carbohydrates	2026-06-19 10:03:02	2026-06-19 10:03:04
798	NULL	Bacteroidetes	Bacteroidia	Bacteroidales	Bacteroidaceae	Bacteroides	sp. 2_1_7	bacteroides	sp. 2_1_7	Bacteroides sp. 2_1_7	species	NULL	NULL	Anaerobe	NULL	NULL	fermenter	carbohydrates	2026-06-19 10:03:02	2026-06-19 10:03:02
799	Eubacteria	Bacteroidetes	Bacteroidia	Bacteroidales	Bacteroidaceae	Bacteroides	sp. 2_2_4	bacteroides	sp. 2_2_4	Bacteroides sp. 2_2_4	species	469590	Negative	Anaerobe	NULL	NULL	fermenter	carbohydrates	2026-06-19 10:03:02	2026-06-19 10:03:04
800	Eubacteria	Bacteroidetes	Bacteroidia	Bacteroidales	Bacteroidaceae	Bacteroides	sp. 3_1_19	bacteroides	sp. 3_1_19	Bacteroides sp. 3_1_19	species	469592	Negative	Anaerobe	NULL	NULL	fermenter	carbohydrates	2026-06-19 10:03:02	2026-06-19 10:03:04
801	Eubacteria	Bacteroidetes	Bacteroidia	Bacteroidales	Bacteroidaceae	Bacteroides	sp. 3_1_23	bacteroides	sp. 3_1_23	Bacteroides sp. 3_1_23	species	457390	Negative	Anaerobe	NULL	NULL	fermenter	carbohydrates	2026-06-19 10:03:02	2026-06-19 10:03:04
802	Eubacteria	Bacteroidetes	Bacteroidia	Bacteroidales	Bacteroidaceae	Bacteroides	sp. 3_1_33faa	bacteroides	sp. 3_1_33faa	Bacteroides sp. 3_1_33faa	species	457391	Negative	Anaerobe	NULL	NULL	fermenter	carbohydrates	2026-06-19 10:03:02	2026-06-19 10:03:04
803	Eubacteria	Bacteroidetes	Bacteroidia	Bacteroidales	Bacteroidaceae	Bacteroides	sp. 3_1_40a	bacteroides	sp. 3_1_40a	Bacteroides sp. 3_1_40a	species	469593	Negative	Anaerobe	NULL	NULL	fermenter	carbohydrates	2026-06-19 10:03:02	2026-06-19 10:03:04
804	Eubacteria	Bacteroidetes	Bacteroidia	Bacteroidales	Bacteroidaceae	Bacteroides	sp. 3_2_5	bacteroides	sp. 3_2_5	Bacteroides sp. 3_2_5	species	457392	Negative	Anaerobe	NULL	NULL	fermenter	carbohydrates	2026-06-19 10:03:02	2026-06-19 10:03:04
805	Eubacteria	Bacteroidetes	Bacteroidia	Bacteroidales	Bacteroidaceae	Bacteroides	sp. 4_1_36	bacteroides	sp. 4_1_36	Bacteroides sp. 4_1_36	species	457393	Negative	Anaerobe	NULL	NULL	fermenter	carbohydrates	2026-06-19 10:03:02	2026-06-19 10:03:04
806	Eubacteria	Bacteroidetes	Bacteroidia	Bacteroidales	Bacteroidaceae	Bacteroides	sp. 4_3_47faa	bacteroides	sp. 4_3_47faa	Bacteroides sp. 4_3_47faa	species	457394	Negative	Anaerobe	NULL	NULL	fermenter	carbohydrates	2026-06-19 10:03:02	2026-06-19 10:03:04
807	Eubacteria	Bacteroidetes	Bacteroidia	Bacteroidales	Bacteroidaceae	Bacteroides	sp. 9_1_42faa	bacteroides	sp. 9_1_42faa	Bacteroides sp. 9_1_42faa	species	457395	Negative	Anaerobe	NULL	NULL	fermenter	carbohydrates	2026-06-19 10:03:02	2026-06-19 10:03:04
808	Eubacteria	Bacteroidetes	Bacteroidia	Bacteroidales	Bacteroidaceae	Bacteroides	sp. d1	bacteroides	sp. d1	Bacteroides sp. d1	species	556258	Negative	Anaerobe	NULL	NULL	fermenter	carbohydrates	2026-06-19 10:03:02	2026-06-19 10:03:04
809	Eubacteria	Bacteroidetes	Bacteroidia	Bacteroidales	Bacteroidaceae	Bacteroides	sp. d2	bacteroides	sp. d2	Bacteroides sp. d2	species	556259	Negative	Anaerobe	NULL	NULL	fermenter	carbohydrates	2026-06-19 10:03:02	2026-06-19 10:03:04
810	Eubacteria	Bacteroidetes	Bacteroidia	Bacteroidales	Bacteroidaceae	Bacteroides	sp. d20	bacteroides	sp. d20	Bacteroides sp. d20	species	585543	Negative	Anaerobe	NULL	NULL	fermenter	carbohydrates	2026-06-19 10:03:02	2026-06-19 10:03:04
811	Eubacteria	Bacteroidetes	Bacteroidia	Bacteroidales	Bacteroidaceae	Bacteroides	sp. d22	bacteroides	sp. d22	Bacteroides sp. d22	species	585544	Negative	Anaerobe	NULL	NULL	fermenter	carbohydrates	2026-06-19 10:03:02	2026-06-19 10:03:04
812	Eubacteria	Bacteroidetes	Bacteroidia	Bacteroidales	Bacteroidaceae	Bacteroides	stercoris	bacteroides	stercoris	Bacteroides stercoris	species	449673	Negative	Anaerobe	NULL	NULL	fermenter	carbohydrates	2026-06-19 10:03:02	2026-06-19 10:03:04
813	Eubacteria	Bacteroidetes	Bacteroidia	Bacteroidales	Bacteroidaceae	Bacteroides	thetaiotaomicron	bacteroides	thetaiotaomicron	Bacteroides thetaiotaomicron	species	226186	Negative	Anaerobe	NULL	NULL	fermenter	carbohydrates	2026-06-19 10:03:02	2026-06-19 10:03:04
814	Eubacteria	Bacteroidetes	Bacteroidia	Bacteroidales	Bacteroidaceae	Bacteroides	timonensis	bacteroides	timonensis	Bacteroides timonensis	species	1203465	Negative	Anaerobe	NULL	NULL	fermenter	carbohydrates	2026-06-19 10:03:02	2026-06-19 10:03:04
815	Eubacteria	Bacteroidetes	Bacteroidia	Bacteroidales	Bacteroidaceae	Bacteroides	xylanisolvens	bacteroides	xylanisolvens	Bacteroides xylanisolvens	species	371601	Negative	Anaerobe	NULL	NULL	fermenter	carbohydrates	2026-06-19 10:03:02	2026-06-19 10:03:04
816	Eubacteria	Bacteroidetes	Bacteroidia	Bacteroidales	Barnesiellaceae	Barnesiella	intestinihominis	barnesiella	intestinihominis	Barnesiella intestinihominis	species	487174	Negative	Anaerobe	NULL	NULL	fermenter	carbohydrates	2026-06-19 10:03:02	2026-06-19 10:03:04
817	Fungi	Basidiomycota	Bartheletiomycetes	Bartheletiales	Bartheletiaceae	Bartheletia	paradoxa	bartheletia	paradoxa	Bartheletia paradoxa	species	669517	NULL	Aerobe	NULL	Sporulating (basidiospores)	fermenter	complex_carbs_fiber	2026-06-19 10:03:02	2026-06-19 10:03:04
818	Eubacteria	Proteobacteria	Alphaproteobacteria	Rhizobiales	Bartonellaceae	Bartonella	henselae	bartonella	henselae	Bartonella henselae	species	38323	Negative	Aerobe	NULL	NULL	respirator	N/A	2026-06-19 10:03:02	2026-06-19 10:03:05
819	Eubacteria	Proteobacteria	Alphaproteobacteria	Rhizobiales	Bartonellaceae	Bartonella	quintana	bartonella	quintana	Bartonella quintana	species	283165	Negative	Aerobe	NULL	Nonsporulating	respirator	N/A	2026-06-19 10:03:02	2026-06-19 10:03:04
820	Fungi	Ascomycota	Sordariomycetes	Hypocreales	Cordycipitaceae	Beauveria	bassiana	beauveria	bassiana	Beauveria bassiana	species	176275	NULL	NULL	NULL	NULL	N/A	N/A	2026-06-19 10:03:02	2026-06-19 10:03:04
821	Eubacteria	Proteobacteria	Alphaproteobacteria	Rhizobiales	Beijerinckiaceae	Beijerinckia	indica	beijerinckia	indica	Beijerinckia indica	species	533	Negative	Aerobe	NULL	NULL	respirator	organic_unspecified	2026-06-19 10:03:02	2026-06-19 10:03:05
822	Eubacteria	Bacteroidetes	Flavobacteriia	Flavobacteriales	Weeksellaceae	Bergeyella	zoohelcum	bergeyella	zoohelcum	Bergeyella zoohelcum	species	1015	NULL	NULL	NULL	NULL	N/A	N/A	2026-06-19 10:03:02	2026-06-19 10:03:04
823	Eubacteria	Actinobacteria	Actinobacteria	Bifidobacteriales	Bifidobacteriaceae	Bifidobacterium	angulatum	bifidobacterium	angulatum	Bifidobacterium angulatum	species	1683	Positive	Anaerobe	NULL	NULL	fermenter	carbohydrates	2026-06-19 10:03:02	2026-06-19 10:03:04
824	Eubacteria	Actinobacteria	Actinobacteria	Bifidobacteriales	Bifidobacteriaceae	Bifidobacterium	animalis	bifidobacterium	animalis	Bifidobacterium animalis	species	1042403	Positive	Anaerobe	NULL	Nonsporulating	fermenter	carbohydrates	2026-06-19 10:03:02	2026-06-19 10:03:04
825	Eubacteria	Actinobacteria	Actinobacteria	Bifidobacteriales	Bifidobacteriaceae	Bifidobacterium	boum	bifidobacterium	boum	Bifidobacterium boum	species	1410645	Positive	Facultative anaerobe, air+co2	NULL	NULL	mixed	carbohydrates	2026-06-19 10:03:02	2026-06-19 10:03:05
826	Eubacteria	Actinobacteria	Actinobacteria	Bifidobacteriales	Bifidobacteriaceae	Bifidobacterium	catenulatum	bifidobacterium	catenulatum	Bifidobacterium catenulatum	species	1150460	Positive	Anaerobe	NULL	NULL	fermenter	carbohydrates	2026-06-19 10:03:02	2026-06-19 10:03:04
827	Eubacteria	Actinobacteria	Actinobacteria	Bifidobacteriales	Bifidobacteriaceae	Bifidobacterium	coryneforme	bifidobacterium	coryneforme	Bifidobacterium coryneforme	species	1437599	Positive	Anaerobe	NULL	NULL	fermenter	carbohydrates	2026-06-19 10:03:02	2026-06-19 10:03:05
828	Eubacteria	Actinobacteria	Actinobacteria	Bifidobacteriales	Bifidobacteriaceae	Bifidobacterium	dentium	bifidobacterium	dentium	Bifidobacterium dentium	species	1689	Positive	Anaerobe	NULL	NULL	fermenter	carbohydrates	2026-06-19 10:03:02	2026-06-19 10:03:04
829	Eubacteria	Actinobacteria	Actinobacteria	Bifidobacteriales	Bifidobacteriaceae	Bifidobacterium	gallicum	bifidobacterium	gallicum	Bifidobacterium gallicum	species	561180	Positive	Anaerobe	NULL	NULL	fermenter	carbohydrates	2026-06-19 10:03:02	2026-06-19 10:03:04
830	Bacillati	Actinomycetota	Actinobacteria	Bifidobacteriales	Bifidobacteriaceae	Bifidobacterium	hominis	bifidobacterium	hominis	Bifidobacterium hominis	species	3133177	Positive	Anaerobic	NULL	NULL	fermenter	carbohydrates	2026-06-19 10:03:02	2026-06-19 10:03:05
831	Eubacteria	Actinobacteria	Actinobacteria	Bifidobacteriales	Bifidobacteriaceae	Bifidobacterium	mongoliense	bifidobacterium	mongoliense	Bifidobacterium mongoliense	species	1437603	Positive	Facultative anaerobe	NULL	NULL	mixed	carbohydrates	2026-06-19 10:03:02	2026-06-19 10:03:04
832	Eubacteria	Actinobacteria	Actinobacteria	Bifidobacteriales	Bifidobacteriaceae	Bifidobacterium	pseudocatenulatum	bifidobacterium	pseudocatenulatum	Bifidobacterium pseudocatenulatum	species	28026	Positive	Anaerobe	NULL	NULL	fermenter	carbohydrates	2026-06-19 10:03:02	2026-06-19 10:03:04
833	Eubacteria	Actinobacteria	Actinobacteria	Bifidobacteriales	Bifidobacteriaceae	Bifidobacterium	ruminantium	bifidobacterium	ruminantium	Bifidobacterium ruminantium	species	1410647	Positive	Anaerobe	NULL	NULL	fermenter	carbohydrates	2026-06-19 10:03:02	2026-06-19 10:03:05
834	Eubacteria	Actinobacteria	Actinobacteria	Bifidobacteriales	Bifidobacteriaceae	Bifidobacterium	scardovii	bifidobacterium	scardovii	Bifidobacterium scardovii	species	1150461	Positive	Facultative anaerobe	NULL	NULL	mixed	carbohydrates	2026-06-19 10:03:02	2026-06-19 10:03:05
835	Eubacteria	Actinobacteria	Actinobacteria	Bifidobacteriales	Bifidobacteriaceae	Bifidobacterium	thermacidophilum	bifidobacterium	thermacidophilum	Bifidobacterium thermacidophilum	species	1121111	Positive	Anaerobe	NULL	NULL	fermenter	carbohydrates	2026-06-19 10:03:02	2026-06-19 10:03:05
836	Eubacteria	Actinobacteria	Actinobacteria	Bifidobacteriales	Bifidobacteriaceae	Bifidobacterium	thermophilum	bifidobacterium	thermophilum	Bifidobacterium thermophilum	species	1254439	Positive	Anaerobe	NULL	NULL	fermenter	carbohydrates	2026-06-19 10:03:02	2026-06-19 10:03:04
837	Eubacteria	Proteobacteria	Deltaproteobacteria	Desulfovibrionales	Desulfovibrionaceae	Bilophila	wadsworthia	bilophila	wadsworthia	Bilophila wadsworthia	species	35833	Negative	Anaerobe	NULL	NULL	mixed	carbohydrates	2026-06-19 10:03:02	2026-06-19 10:03:04
838	Fungi	Ascomycota	Dothideomycetes	Pleosporales	Pleosporaceae	Bipolaris	oryzae	bipolaris	oryzae	Bipolaris oryzae	species	101162	Positive	Aerobic	NULL	Sporulating (ascospores); reproduction also by budding	respirator	organic_unspecified	2026-06-19 10:03:02	2026-06-19 10:03:04
839	Fungi	Ascomycota	Dothideomycetes	Pleosporales	Pleosporaceae	Bipolaris	sorokiniana	bipolaris	sorokiniana	Bipolaris sorokiniana	species	45130	Positive	Aerobic	NULL	Sporulating (ascospores); reproduction also by budding	respirator	organic_unspecified	2026-06-19 10:03:02	2026-06-19 10:03:04
840	Fungi	Ascomycota	Dothideomycetes	Pleosporales	Pleosporaceae	Bipolaris	victoriae	bipolaris	victoriae	Bipolaris victoriae	species	40125	Positive	Aerobic	NULL	Sporulating (ascospores); reproduction also by budding	respirator	complex_carbs_fiber	2026-06-19 10:03:02	2026-06-19 10:03:04
841	Fungi	Ascomycota	Dothideomycetes	Pleosporales	Pleosporaceae	Bipolaris	zeicola	bipolaris	zeicola	Bipolaris zeicola	species	5017	Positive	Aerobic	NULL	Sporulating (ascospores); reproduction also by budding	fermenter	carbohydrates	2026-06-19 10:03:02	2026-06-19 10:03:04
842	Fungi	Ascomycota	Sordariomycetes	Hypocreales	Cordycipitaceae	Blackwellomyces	pseudomilitaris	blackwellomyces	pseudomilitaris	Blackwellomyces pseudomilitaris	species	153663	NULL	NULL	NULL	NULL	N/A	N/A	2026-06-19 10:03:02	2026-06-19 10:03:04
843	Fungi	Ascomycota	Saccharomycetes	Saccharomycetales	Trichomonascaceae	Blastobotrys	adeninivorans	blastobotrys	adeninivorans	Blastobotrys adeninivorans	species	409370	NULL	Aerobe	NULL	Nonsporulating	respirator	lipids	2026-06-19 10:03:02	2026-06-19 10:03:04
844	NULL	Actinobacteria	Actinobacteria	Geodermatophilales	Geodermatophilaceae	Blastococcus	massiliensis	blastococcus	massiliensis	Blastococcus massiliensis	species	NULL	NULL	Aerobe	NULL	NULL	N/A	N/A	2026-06-19 10:03:02	2026-06-19 10:03:02
845	Fungi	Ascomycota	Eurotiomycetes	Onygenales	Ajellomycetaceae	Blastomyces	dermatitidis	blastomyces	dermatitidis	Blastomyces dermatitidis	species	5039	NULL	Aerobe	NULL	Sporulating	respirator	organic_unspecified	2026-06-19 10:03:02	2026-06-19 10:03:04
846	Bacillati	Bacillota	Clostridia	Lachnospirales	Lachnospiraceae	Blautia	aquisgranensis	blautia	aquisgranensis	Blautia aquisgranensis	species	3133153	Positive	Anaerobic	NULL	NULL	fermenter	carbohydrates	2026-06-19 10:03:02	2026-06-19 10:03:05
847	Bacillati	Bacillota	Clostridia	Lachnospirales	Lachnospiraceae	Blautia	caccae	blautia	caccae	Blautia caccae	species	3133175	Positive	Anaerobic	NULL	NULL	fermenter	carbohydrates	2026-06-19 10:03:02	2026-06-19 10:03:05
848	NULL	Firmicutes	Clostridia	Clostridiales	Lachnospiraceae	Blautia	gnavus	blautia	gnavus	Blautia gnavus	species	NULL	NULL	Anaerobe	NULL	NULL	fermenter	carbohydrates	2026-06-19 10:03:02	2026-06-19 10:03:02
849	Eubacteria	Firmicutes	Clostridia	Clostridiales	Lachnospiraceae	Blautia	hansenii	blautia	hansenii	Blautia hansenii	species	1322	Positive	Anaerobe	NULL	NULL	fermenter	carbohydrates	2026-06-19 10:03:02	2026-06-19 10:03:04
850	Eubacteria	Firmicutes	Clostridia	Clostridiales	Lachnospiraceae	Blautia	hydrogenotrophica	blautia	hydrogenotrophica	Blautia hydrogenotrophica	species	476272	Positive	Anaerobe	NULL	NULL	fermenter	carbohydrates	2026-06-19 10:03:02	2026-06-19 10:03:04
851	Bacillati	Bacillota	Clostridia	Lachnospirales	Lachnospiraceae	Blautia	intestinihominis	blautia	intestinihominis	Blautia intestinihominis	species	3133152	Positive	Anaerobic	NULL	NULL	fermenter	carbohydrates	2026-06-19 10:03:02	2026-06-19 10:03:05
852	NULL	Firmicutes	Clostridia	Clostridiales	Lachnospiraceae	Blautia	torques	blautia	torques	Blautia torques	species	NULL	NULL	Anaerobe	NULL	NULL	fermenter	carbohydrates	2026-06-19 10:03:02	2026-06-19 10:03:02
853	Eubacteria	Firmicutes	Clostridia	Clostridiales	Lachnospiraceae	Blautia	wexlerae	blautia	wexlerae	Blautia wexlerae	species	1121115	Positive	Anaerobe	NULL	NULL	fermenter	carbohydrates	2026-06-19 10:03:02	2026-06-19 10:03:05
854	NULL	Ascomycota	Dothideomycetes	NULL	NULL	Bonordeniella	apollinis	bonordeniella	apollinis	Bonordeniella apollinis	species	NULL	NULL	Aerobe	NULL	Sporulating	N/A	organic_unspecified	2026-06-19 10:03:02	2026-06-19 10:03:02
855	Eubacteria	Proteobacteria	Betaproteobacteria	Burkholderiales	Alcaligenaceae	Bordetella	hinzii	bordetella	hinzii	Bordetella hinzii	species	103855	Negative	Aerobe	NULL	NULL	respirator	N/A	2026-06-19 10:03:02	2026-06-19 10:03:05
856	Eubacteria	Proteobacteria	Betaproteobacteria	Burkholderiales	Alcaligenaceae	Bordetella	pertussis	bordetella	pertussis	Bordetella pertussis	species	520	Negative	Aerobe	NULL	NULL	respirator	N/A	2026-06-19 10:03:02	2026-06-19 10:03:05
857	Eubacteria	Spirochaetes	Spirochaetia	Spirochaetales	Borreliaceae	Borrelia	recurrentis	borrelia	recurrentis	Borrelia recurrentis	species	44449	Negative	Aerobe	NULL	Singles	respirator	N/A	2026-06-19 10:03:02	2026-06-19 10:03:05
858	Eubacteria	Spirochaetes	Spirochaetia	Spirochaetales	Borreliaceae	Borreliella	afzelii	borreliella	afzelii	Borreliella afzelii	species	29518	NULL	NULL	NULL	NULL	N/A	N/A	2026-06-19 10:03:02	2026-06-19 10:03:05
859	Eubacteria	Spirochaetes	Spirochaetia	Spirochaetales	Borreliaceae	Borreliella	burgdorferi	borreliella	burgdorferi	Borreliella burgdorferi	species	139	NULL	NULL	NULL	NULL	N/A	N/A	2026-06-19 10:03:02	2026-06-19 10:03:05
860	Eubacteria	Spirochaetes	Spirochaetia	Spirochaetales	Borreliaceae	Borreliella	garinii	borreliella	garinii	Borreliella garinii	species	29519	NULL	NULL	NULL	NULL	N/A	N/A	2026-06-19 10:03:02	2026-06-19 10:03:05
861	Fungi	Ascomycota	Leotiomycetes	Helotiales	Sclerotiniaceae	Botrytis	cinerea	botrytis	cinerea	Botrytis cinerea	species	40559	Positive	Aerobic	NULL	Sporulating (ascospores); reproduction also by budding	fermenter	complex_carbs_fiber	2026-06-19 10:03:02	2026-06-19 10:03:04
862	Eubacteria	Actinobacteria	Actinobacteria	Micrococcales	Dermabacteraceae	Brachybacterium	paraconglomeratum	brachybacterium	paraconglomeratum	Brachybacterium paraconglomeratum	species	1064537	Positive	Aerobe, microaerophile	NULL	NULL	fermenter	carbohydrates	2026-06-19 10:03:02	2026-06-19 10:03:05
863	Eubacteria	Spirochaetes	Spirochaetia	Brachyspirales	Brachyspiraceae	Brachyspira	pilosicoli	brachyspira	pilosicoli	Brachyspira pilosicoli	species	1133568	Negative	Anaerobe	NULL	NULL	fermenter	carbohydrates	2026-06-19 10:03:02	2026-06-19 10:03:04
864	Eubacteria	Proteobacteria	Alphaproteobacteria	Rhizobiales	Bradyrhizobiaceae	Bradyrhizobium	elkanii	bradyrhizobium	elkanii	Bradyrhizobium elkanii	species	29448	Negative	Aerobe	NULL	NULL	respirator	N/A	2026-06-19 10:03:02	2026-06-19 10:03:04
865	Eubacteria	Proteobacteria	Alphaproteobacteria	Rhizobiales	Bradyrhizobiaceae	Bradyrhizobium	japonicum	bradyrhizobium	japonicum	Bradyrhizobium japonicum	species	1037409	Negative	Aerobe	NULL	NULL	respirator	N/A	2026-06-19 10:03:02	2026-06-19 10:03:04
866	Fungi	Ascomycota	Saccharomycetes	Saccharomycetales	Pichiaceae	Brettanomyces	bruxellensis	brettanomyces	bruxellensis	Brettanomyces bruxellensis	species	5007	NULL	Aerobe/facultative anaerobe	NULL	Sporulating (ascospores)/reproduction by budding	mixed	organic_unspecified	2026-06-19 10:03:02	2026-06-19 10:03:04
867	NULL	Bacteroidota	Chitinophagia	Chitinophagales	Chitinophagaceae	Sediminibacterium		sediminibacterium		Sediminibacterium	genus	NULL	NULL	aerobe	alkaliphile	0	N/A	N/A	2026-06-19 10:03:02	2026-06-19 10:03:02
868	Eubacteria	Firmicutes	Bacilli	Bacillales	Paenibacillaceae	Brevibacillus	agri	brevibacillus	agri	Brevibacillus agri	species	1246477	Variable	Aerobe	NULL	NULL	fermenter	carbohydrates	2026-06-19 10:03:02	2026-06-19 10:03:05
869	Eubacteria	Firmicutes	Bacilli	Bacillales	Paenibacillaceae	Brevibacillus	borstelensis	brevibacillus	borstelensis	Brevibacillus borstelensis	species	1300222	Variable	Aerobe	NULL	NULL	fermenter	carbohydrates	2026-06-19 10:03:02	2026-06-19 10:03:04
870	Eubacteria	Firmicutes	Bacilli	Bacillales	Paenibacillaceae	Brevibacillus	brevis	brevibacillus	brevis	Brevibacillus brevis	species	1393	Positive	Aerobe	NULL	Sporulating	respirator	N/A	2026-06-19 10:03:02	2026-06-19 10:03:04
871	Eubacteria	Actinobacteria	Actinobacteria	Micrococcales	Brevibacteriaceae	Brevibacterium	casei	brevibacterium	casei	Brevibacterium casei	species	1229781	Positive	Aerobe	NULL	NULL	mixed	N/A	2026-06-19 10:03:02	2026-06-19 10:03:05
872	NULL	Bacillota	Bacilli	Bacillales	Staphylococcaceae	Jeotgalicoccus	psychrophilus	jeotgalicoccus	psychrophilus	Jeotgalicoccus psychrophilus	species	NULL	NULL	aerobe	alkaliphile	0	N/A	N/A	2026-06-19 10:03:02	2026-06-19 10:03:02
873	Eubacteria	Actinobacteria	Actinobacteria	Micrococcales	Brevibacteriaceae	Brevibacterium	linens	brevibacterium	linens	Brevibacterium linens	species	1703	Positive	Aerobe	NULL	NULL	mixed	N/A	2026-06-19 10:03:02	2026-06-19 10:03:05
874	Eubacteria	Actinobacteria	Actinobacteria	Micrococcales	Brevibacteriaceae	Brevibacterium	ravenspurgense	brevibacterium	ravenspurgense	Brevibacterium ravenspurgense	species	1176165	Positive	Aerobe	NULL	NULL	mixed	N/A	2026-06-19 10:03:02	2026-06-19 10:03:05
875	Eubacteria	Proteobacteria	Alphaproteobacteria	Caulobacterales	Caulobacteraceae	Brevundimonas	bacteroides	brevundimonas	bacteroides	Brevundimonas bacteroides	species	1121124	Negative	Aerobe	NULL	NULL	respirator	N/A	2026-06-19 10:03:02	2026-06-19 10:03:05
876	Eubacteria	Proteobacteria	Alphaproteobacteria	Caulobacterales	Caulobacteraceae	Brevundimonas	diminuta	brevundimonas	diminuta	Brevundimonas diminuta	species	1035191	Negative	Anaerobe	NULL	NULL	respirator	N/A	2026-06-19 10:03:02	2026-06-19 10:03:05
877	Eubacteria	Firmicutes	Bacilli	Bacillales	Listeriaceae	Brochothrix	thermosphacta	brochothrix	thermosphacta	Brochothrix thermosphacta	species	2756	Positive	Facultative anaerobe	NULL	NULL	mixed	carbohydrates	2026-06-19 10:03:02	2026-06-19 10:03:05
878	NULL	Pseudomonadota	Gammaproteobacteria	Enterobacterales	Yersiniaceae	Ewingella	americana	ewingella	americana	Ewingella americana	species	NULL	NULL	aerobe	NULL	NULL	N/A	N/A	2026-06-19 10:03:02	2026-06-19 10:03:02
879	NULL	Bacillota	Bacilli	Bacillales	Planococcaceae	Kurthia		kurthia		Kurthia	genus	NULL	NULL	obligate aerobe	NULL	NULL	N/A	N/A	2026-06-19 10:03:02	2026-06-19 10:03:02
880	NULL	Pseudomonadota	Gammaproteobacteria	Enterobacterales	Enterobacteriaceae	Enterobacter	radicincitans	enterobacter	radicincitans	Enterobacter radicincitans	species	NULL	NULL	aerobe	alkaliphile	0	N/A	N/A	2026-06-19 10:03:02	2026-06-19 10:03:02
881	NULL	Bacillota	Clostridia	Eubacteriales	Desulfotomaculaceae	Pelotomaculum		pelotomaculum		Pelotomaculum	genus	NULL	NULL	anaerobe	NULL	1	N/A	N/A	2026-06-19 10:03:02	2026-06-19 10:03:02
882	NULL	Pseudomonadota	Gammaproteobacteria	Enterobacterales	Enterobacteriaceae	Enterobacter	ludwigii	enterobacter	ludwigii	Enterobacter ludwigii	species	NULL	NULL	aerobe	alkaliphile	0	N/A	N/A	2026-06-19 10:03:02	2026-06-19 10:03:02
883	NULL	Pseudomonadota	Betaproteobacteria	Neisseriales	Neisseriaceae	Neisseria	iguanae	neisseria	iguanae	Neisseria iguanae	species	NULL	NULL	microaerophile	alkaliphile	0	N/A	N/A	2026-06-19 10:03:02	2026-06-19 10:03:02
884	NULL	Pseudomonadota	Betaproteobacteria	Burkholderiales	Comamonadaceae	Verminephrobacter		verminephrobacter		Verminephrobacter	genus	NULL	NULL	NULL	NULL	NULL	N/A	N/A	2026-06-19 10:03:02	2026-06-19 10:03:02
885	NULL	Bacillota	Bacilli	Lactobacillales	Lactobacillaceae	Lactobacillus	zeae	lactobacillus	zeae	Lactobacillus zeae	species	NULL	NULL	anaerobe	acidophile	0	N/A	N/A	2026-06-19 10:03:02	2026-06-19 10:03:02
886	NULL	Synergistota	Synergistia	Synergistales	Synergistaceae	Cloacibacillus		cloacibacillus		Cloacibacillus	genus	NULL	NULL	anaerobe	acidophile	0	N/A	N/A	2026-06-19 10:03:02	2026-06-19 10:03:02
887	Eubacteria	Firmicutes	Clostridia	Clostridiales	Clostridiaceae	Clostridium	carboxidivorans	clostridium	carboxidivorans	Clostridium carboxidivorans	species	217159	NULL	NULL	NULL	NULL	N/A	N/A	2026-06-19 10:03:02	2026-06-19 10:03:04
888	Eubacteria	Firmicutes	Clostridia	Clostridiales	Clostridiaceae	Clostridium	cellulovorans	clostridium	cellulovorans	Clostridium cellulovorans	species	1493	NULL	NULL	NULL	NULL	N/A	N/A	2026-06-19 10:03:02	2026-06-19 10:03:04
889	NULL	Bacillota	Clostridia	Peptostreptococcales	Natronincolaceae	Anaerovirgula		anaerovirgula		Anaerovirgula	genus	NULL	NULL	anaerobe	NULL	NULL	N/A	N/A	2026-06-19 10:03:02	2026-06-19 10:03:02
890	Eubacteria	Firmicutes	Clostridia	Clostridiales	Clostridiaceae	Clostridium	kluyveri	clostridium	kluyveri	Clostridium kluyveri	species	1534	Positive	Anaerobe	NULL	Pairs - Singles	fermenter	organic_unspecified	2026-06-19 10:03:02	2026-06-19 10:03:04
891	NULL	Bacillota	Clostridia	Thermoanaerobacterales	Thermoanaerobacteraceae	Desulfovirgula		desulfovirgula		Desulfovirgula	genus	NULL	NULL	anaerobe	NULL	1	N/A	N/A	2026-06-19 10:03:02	2026-06-19 10:03:02
892	Eubacteria	Firmicutes	Clostridia	Clostridiales	Clostridiaceae	Clostridium	ljungdahlii	clostridium	ljungdahlii	Clostridium ljungdahlii	species	1538	NULL	NULL	NULL	NULL	N/A	N/A	2026-06-19 10:03:02	2026-06-19 10:03:04
893	NULL	Bacillota	Clostridia	Eubacteriales	Desulfitobacteriaceae	Syntrophobotulus		syntrophobotulus		Syntrophobotulus	genus	NULL	NULL	anaerobe	NULL	NULL	N/A	N/A	2026-06-19 10:03:02	2026-06-19 10:03:02
894	Eubacteria	Firmicutes	Clostridia	Clostridiales	Clostridiaceae	Clostridium	novyi	clostridium	novyi	Clostridium novyi	species	1542	Positive	Anaerobe	NULL	Pairs - Singles	fermenter	organic_unspecified	2026-06-19 10:03:02	2026-06-19 10:03:04
895	NULL	Bacillota	Clostridia	Peptostreptococcales	Thermotaleaceae	Thermotalea		thermotalea		Thermotalea	genus	NULL	NULL	anaerobe	alkaliphile	0	N/A	N/A	2026-06-19 10:03:02	2026-06-19 10:03:02
896	Eubacteria	Firmicutes	Clostridia	Clostridiales	Clostridiaceae	Clostridium	paraputrificum	clostridium	paraputrificum	Clostridium paraputrificum	species	1280689	Positive	Anaerobe	NULL	NULL	fermenter	carbohydrates	2026-06-19 10:03:02	2026-06-19 10:03:04
897	Eubacteria	Firmicutes	Bacilli	Lactobacillales	Aerococcaceae	Abiotrophia	defectiva	abiotrophia	defectiva	Abiotrophia defectiva	species	46125	Positive	Facultative anaerobe	NULL	NULL	mixed	carbohydrates	2026-06-19 10:03:02	2026-06-19 10:03:05
898	Eubacteria	Firmicutes	Clostridia	Clostridiales	Clostridiaceae	Clostridium	saccharoperbutylacetonicum	clostridium	saccharoperbutylacetonicum	Clostridium saccharoperbutylacetonicum	species	36745	Positive	Anaerobe	NULL	NULL	fermenter	carbohydrates	2026-06-19 10:03:02	2026-06-19 10:03:04
899	Eubacteria	Firmicutes	Clostridia	Clostridiales	Peptostreptococcaceae	Acetoanaerobium	sticklandii	acetoanaerobium	sticklandii	Acetoanaerobium sticklandii	species	1511	Positive	Anaerobe	NULL	Pairs - Singles	fermenter	organic_unspecified	2026-06-19 10:03:02	2026-06-19 10:03:04
900	Eubacteria	Proteobacteria	Alphaproteobacteria	Rhodospirillales	Acetobacteraceae	Acetobacter	pasteurianus	acetobacter	pasteurianus	Acetobacter pasteurianus	species	438	NULL	NULL	NULL	NULL	N/A	N/A	2026-06-19 10:03:02	2026-06-19 10:03:04
901	Eubacteria	Firmicutes	Clostridia	Clostridiales	Clostridiaceae	Clostridium	sartagoforme	clostridium	sartagoforme	Clostridium sartagoforme	species	1202534	Positive	Anaerobe	NULL	NULL	fermenter	carbohydrates	2026-06-19 10:03:02	2026-06-19 10:03:04
902	Eubacteria	Firmicutes	Clostridia	Clostridiales	Clostridiaceae	Clostridium	sp. 7_2_43faa	clostridium	sp. 7_2_43faa	Clostridium sp. 7_2_43faa	species	457396	Uncharacterized	Anaerobe	NULL	NULL	fermenter	N/A	2026-06-19 10:03:02	2026-06-19 10:03:05
903	Eubacteria	Firmicutes	Clostridia	Clostridiales	Clostridiaceae	Clostridium	sp. l2-50	clostridium	sp. l2-50	Clostridium sp. l2-50	species	411489	NULL	NULL	NULL	NULL	N/A	N/A	2026-06-19 10:03:02	2026-06-19 10:03:05
904	Eubacteria	Firmicutes	Clostridia	Halanaerobiales	Halobacteroidaceae	Acetohalobium	arabaticum	acetohalobium	arabaticum	Acetohalobium arabaticum	species	28187	NULL	NULL	NULL	NULL	N/A	N/A	2026-06-19 10:03:02	2026-06-19 10:03:04
905	Eubacteria	Firmicutes	Clostridia	Clostridiales	Clostridiaceae	Clostridium	sp. m62/1	clostridium	sp. m62/1	Clostridium sp. m62/1	species	411486	Uncharacterized	Anaerobe	NULL	NULL	fermenter	N/A	2026-06-19 10:03:02	2026-06-19 10:03:05
906	Eubacteria	Tenericutes	Mollicutes	Acholeplasmatales	Acholeplasmataceae	Acholeplasma	laidlawii	acholeplasma	laidlawii	Acholeplasma laidlawii	species	2148	Positive	Facultative	NULL	NULL	mixed	N/A	2026-06-19 10:03:02	2026-06-19 10:03:04
907	Eubacteria	Firmicutes	Clostridia	Clostridiales	Clostridiaceae	Clostridium	sp. md294	clostridium	sp. md294	Clostridium sp. md294	species	97138	NULL	NULL	NULL	NULL	N/A	N/A	2026-06-19 10:03:02	2026-06-19 10:03:04
908	Eubacteria	Proteobacteria	Betaproteobacteria	Burkholderiales	Alcaligenaceae	Achromobacter	piechaudii	achromobacter	piechaudii	Achromobacter piechaudii	species	72556	NULL	NULL	NULL	NULL	N/A	N/A	2026-06-19 10:03:02	2026-06-19 10:03:04
909	Eubacteria	Firmicutes	Clostridia	Clostridiales	Clostridiaceae	Clostridium	sp. ss2/1	clostridium	sp. ss2/1	Clostridium sp. ss2/1	species	411484	Positive	Anaerobe	NULL	NULL	fermenter	carbohydrates	2026-06-19 10:03:02	2026-06-19 10:03:05
910	Eubacteria	Proteobacteria	Betaproteobacteria	Burkholderiales	Alcaligenaceae	Achromobacter	xylosoxidans	achromobacter	xylosoxidans	Achromobacter xylosoxidans	species	1216976	Negative	Aerobe	NULL	NULL	respirator	N/A	2026-06-19 10:03:02	2026-06-19 10:03:04
911	Eubacteria	Firmicutes	Clostridia	Clostridiales	Clostridiaceae	Clostridium	sp. sy8519	clostridium	sp. sy8519	Clostridium sp. sy8519	species	1042156	Positive	Anaerobe	NULL	NULL	fermenter	N/A	2026-06-19 10:03:02	2026-06-19 10:03:04
912	Eubacteria	Firmicutes	Clostridia	Clostridiales	Clostridiaceae	Clostridium	sporogenes	clostridium	sporogenes	Clostridium sporogenes	species	1509	Positive	Anaerobe	NULL	NULL	fermenter	carbohydrates	2026-06-19 10:03:02	2026-06-19 10:03:04
914	Eubacteria	Firmicutes	Clostridia	Clostridiales	Clostridiaceae	Clostridium	subterminale	clostridium	subterminale	Clostridium subterminale	species	1550	NULL	NULL	NULL	NULL	N/A	N/A	2026-06-19 10:03:02	2026-06-19 10:03:04
915	Eubacteria	Firmicutes	Negativicutes	Selenomonadales	Acidaminococcaceae	Acidaminococcus	fermentans	acidaminococcus	fermentans	Acidaminococcus fermentans	species	591001	Negative	Anaerobe	NULL	Nonsporulating	fermenter	N/A	2026-06-19 10:03:02	2026-06-19 10:03:04
916	Fungi	Ascomycota	Sordariomycetes	Glomerellales	Glomerellaceae	Colletotrichum	fioriniae	colletotrichum	fioriniae	Colletotrichum fioriniae	species	710243	NULL	Aerobe	NULL	Sporulating	fermenter	complex_carbs_fiber	2026-06-19 10:03:02	2026-06-19 10:03:04
917	Eubacteria	Firmicutes	Negativicutes	Selenomonadales	Acidaminococcaceae	Acidaminococcus	intestini	acidaminococcus	intestini	Acidaminococcus intestini	species	187327	Negative	Anaerobe	NULL	NULL	fermenter	carbohydrates	2026-06-19 10:03:02	2026-06-19 10:03:04
918	Fungi	Ascomycota	Sordariomycetes	Glomerellales	Glomerellaceae	Colletotrichum	gloeosporioides	colletotrichum	gloeosporioides	Colletotrichum gloeosporioides	species	474922	NULL	Aerobe	NULL	Sporulating	fermenter	complex_carbs_fiber	2026-06-19 10:03:02	2026-06-19 10:03:04
919	Eubacteria	Actinobacteria	Acidimicrobiia	Acidimicrobiales	Acidimicrobiaceae	Acidimicrobium	ferrooxidans	acidimicrobium	ferrooxidans	Acidimicrobium ferrooxidans	species	53635	Positive	Anaerobic	NULL	Nonsporulating	respirator	inorganic	2026-06-19 10:03:02	2026-06-19 10:03:04
920	Fungi	Ascomycota	Sordariomycetes	Glomerellales	Glomerellaceae	Colletotrichum	higginsianum	colletotrichum	higginsianum	Colletotrichum higginsianum	species	80884	NULL	Aerobe	NULL	Sporulating	fermenter	complex_carbs_fiber	2026-06-19 10:03:02	2026-06-19 10:03:04
921	Eubacteria	Proteobacteria	Alphaproteobacteria	Rhodospirillales	Acetobacteraceae	Acidiphilium	cryptum	acidiphilium	cryptum	Acidiphilium cryptum	species	524	Negative	Aerobe	NULL	NULL	respirator	organic_unspecified	2026-06-19 10:03:02	2026-06-19 10:03:04
922	Eubacteria	Actinobacteria	Coriobacteriia	Coriobacteriales	Coriobacteriaceae	Collinsella	intestinalis	collinsella	intestinalis	Collinsella intestinalis	species	147207	Positive	Anaerobe	NULL	NULL	fermenter	carbohydrates	2026-06-19 10:03:02	2026-06-19 10:03:04
923	Eubacteria	Actinobacteria	Actinobacteria	Propionibacteriales	Propionibacteriaceae	Acidipropionibacterium	acidipropionici	acidipropionibacterium	acidipropionici	Acidipropionibacterium acidipropionici	species	1748	NULL	NULL	NULL	NULL	N/A	N/A	2026-06-19 10:03:02	2026-06-19 10:03:05
924	Eubacteria	Actinobacteria	Coriobacteriia	Coriobacteriales	Coriobacteriaceae	Collinsella	tanakaei	collinsella	tanakaei	Collinsella tanakaei	species	626935	Positive	Anaerobe	NULL	NULL	fermenter	carbohydrates	2026-06-19 10:03:02	2026-06-19 10:03:05
925	Eubacteria	Actinobacteria	Actinobacteria	Propionibacteriales	Propionibacteriaceae	Acidipropionibacterium	jensenii	acidipropionibacterium	jensenii	Acidipropionibacterium jensenii	species	1749	NULL	NULL	NULL	NULL	N/A	N/A	2026-06-19 10:03:02	2026-06-19 10:03:05
926	Eubacteria	Proteobacteria	Betaproteobacteria	Burkholderiales	Comamonadaceae	Comamonas	testosteroni	comamonas	testosteroni	Comamonas testosteroni	species	285	Negative	Aerobe	NULL	Nonsporulating	respirator	N/A	2026-06-19 10:03:02	2026-06-19 10:03:04
927	Eubacteria	Proteobacteria	Acidithiobacillia	Acidithiobacillales	Acidithiobacillaceae	Acidithiobacillus	caldus	acidithiobacillus	caldus	Acidithiobacillus caldus	species	33059	NULL	NULL	NULL	NULL	N/A	N/A	2026-06-19 10:03:02	2026-06-19 10:03:04
928	Fungi	Basidiomycota	Agaricomycetes	Boletales	Coniophoraceae	Coniophora	puteana	coniophora	puteana	Coniophora puteana	species	80637	NULL	Aerobe/facultative anaerobe	NULL	Sporulating (basidiospores)/reproduction by budding	mixed	complex_carbs_fiber	2026-06-19 10:03:02	2026-06-19 10:03:04
929	Eubacteria	Proteobacteria	Acidithiobacillia	Acidithiobacillales	Acidithiobacillaceae	Acidithiobacillus	ferrooxidans	acidithiobacillus	ferrooxidans	Acidithiobacillus ferrooxidans	species	920	Negative	Aerobe	NULL	Nonsporulating	respirator	inorganic	2026-06-19 10:03:02	2026-06-19 10:03:04
930	Eubacteria	Actinobacteria	Actinobacteria	Acidothermales	Acidothermaceae	Acidothermus	cellulolyticus	acidothermus	cellulolyticus	Acidothermus cellulolyticus	species	28049	Positive	Aerobe	NULL	Sporulating	respirator	complex_carbs_fiber	2026-06-19 10:03:02	2026-06-19 10:03:04
931	Eubacteria	Proteobacteria	Betaproteobacteria	Burkholderiales	Comamonadaceae	Acidovorax	avenae	acidovorax	avenae	Acidovorax avenae	species	80867	NULL	NULL	NULL	NULL	N/A	N/A	2026-06-19 10:03:02	2026-06-19 10:03:04
932	Fungi	Basidiomycota	Agaricomycetes	Agaricales	Psathyrellaceae	Coprinopsis	cinerea	coprinopsis	cinerea	Coprinopsis cinerea	species	5346	Positive	Aerobic	NULL	Sporulating (basidiospores); reproduction also by budding	fermenter	complex_carbs_fiber	2026-06-19 10:03:02	2026-06-19 10:03:04
933	Eubacteria	Proteobacteria	Gammaproteobacteria	Pseudomonadales	Moraxellaceae	Acinetobacter	baumannii	acinetobacter	baumannii	Acinetobacter baumannii	species	400667	Negative	Aerobe	NULL	Singles	respirator	organic_unspecified	2026-06-19 10:03:02	2026-06-19 10:03:04
934	Eubacteria	Firmicutes	Erysipelotrichia	Erysipelotrichales	Erysipelotrichaceae	Coprobacillus	sp. d7	coprobacillus	sp. d7	Coprobacillus sp. d7	species	556270	Positive	Anaerobe	NULL	NULL	fermenter	carbohydrates	2026-06-19 10:03:02	2026-06-19 10:03:05
935	Eubacteria	Bacteroidetes	Bacteroidia	Bacteroidales	Barnesiellaceae	Coprobacter	fastidiosus	coprobacter	fastidiosus	Coprobacter fastidiosus	species	1099853	NULL	NULL	NULL	NULL	N/A	N/A	2026-06-19 10:03:02	2026-06-19 10:03:04
936	Eubacteria	Firmicutes	Clostridia	Clostridiales	Lachnospiraceae	Coprococcus	comes	coprococcus	comes	Coprococcus comes	species	410072	Positive	Anaerobe	NULL	NULL	fermenter	carbohydrates	2026-06-19 10:03:02	2026-06-19 10:03:04
937	Eubacteria	Proteobacteria	Gammaproteobacteria	Pseudomonadales	Moraxellaceae	Acinetobacter	calcoaceticus	acinetobacter	calcoaceticus	Acinetobacter calcoaceticus	species	471	Negative	Aerobe	NULL	NULL	respirator	N/A	2026-06-19 10:03:02	2026-06-19 10:03:04
938	Bacillati	Bacillota	Clostridia	Lachnospirales	Lachnospiraceae	Coprococcus	intestinihominis	coprococcus	intestinihominis	Coprococcus intestinihominis	species	3133154	Positive	Anaerobic	NULL	NULL	fermenter	carbohydrates	2026-06-19 10:03:02	2026-06-19 10:03:05
939	Eubacteria	Proteobacteria	Gammaproteobacteria	Pseudomonadales	Moraxellaceae	Acinetobacter	haemolyticus	acinetobacter	haemolyticus	Acinetobacter haemolyticus	species	1217986	Negative	Aerobe	NULL	NULL	respirator	N/A	2026-06-19 10:03:02	2026-06-19 10:03:05
940	Eubacteria	Proteobacteria	Gammaproteobacteria	Pseudomonadales	Moraxellaceae	Acinetobacter	junii	acinetobacter	junii	Acinetobacter junii	species	40215	Negative	Aerobe	NULL	NULL	respirator	amino_acids_proteins	2026-06-19 10:03:02	2026-06-19 10:03:05
941	Eubacteria	Firmicutes	Clostridia	Clostridiales	Lachnospiraceae	Coprococcus	sp. art55_1	coprococcus	sp. art55_1	Coprococcus sp. art55_1	species	2710826	NULL	NULL	NULL	NULL	N/A	N/A	2026-06-19 10:03:02	2026-06-19 10:03:04
942	Eubacteria	Proteobacteria	Gammaproteobacteria	Pseudomonadales	Moraxellaceae	Acinetobacter	pittii	acinetobacter	pittii	Acinetobacter pittii	species	1217689	Negative	Aerobe	NULL	NULL	mixed	carbohydrates	2026-06-19 10:03:02	2026-06-19 10:03:04
943	Eubacteria	Proteobacteria	Gammaproteobacteria	Pseudomonadales	Moraxellaceae	Acinetobacter	radioresistens	acinetobacter	radioresistens	Acinetobacter radioresistens	species	1217674	Negative	Aerobe	NULL	NULL	fermenter	carbohydrates	2026-06-19 10:03:02	2026-06-19 10:03:04
944	Fungi	Ascomycota	Sordariomycetes	Hypocreales	NULL	Acremonium	egyptiacum	acremonium	egyptiacum	Acremonium egyptiacum	species	749675	NULL	NULL	NULL	NULL	N/A	N/A	2026-06-19 10:03:02	2026-06-19 10:03:04
945	Eubacteria	Actinobacteria	Actinobacteria	Corynebacteriales	Corynebacteriaceae	Corynebacterium	ammoniagenes	corynebacterium	ammoniagenes	Corynebacterium ammoniagenes	species	1697	Positive	Facultative anaerobe	NULL	NULL	mixed	carbohydrates	2026-06-19 10:03:02	2026-06-19 10:03:04
946	NULL	Actinobacteria	Actinomycetia	Pseudonocardiales	Pseudonocardiaceae	Actinoalloteichus	caeruleus	actinoalloteichus	caeruleus	Actinoalloteichus caeruleus	species	2893586	NULL	NULL	NULL	NULL	N/A	N/A	2026-06-19 10:03:02	2026-06-19 10:03:05
947	Eubacteria	Actinobacteria	Actinobacteria	Corynebacteriales	Corynebacteriaceae	Corynebacterium	amycolatum	corynebacterium	amycolatum	Corynebacterium amycolatum	species	43765	Positive	Facultative anaerobe	NULL	NULL	mixed	carbohydrates	2026-06-19 10:03:02	2026-06-19 10:03:05
948	Eubacteria	Proteobacteria	Gammaproteobacteria	Pasteurellales	Pasteurellaceae	Actinobacillus	pleuropneumoniae	actinobacillus	pleuropneumoniae	Actinobacillus pleuropneumoniae	species	416269	Negative	Facultative anaerobe	NULL	NULL	mixed	N/A	2026-06-19 10:03:02	2026-06-19 10:03:04
949	Eubacteria	Actinobacteria	Actinobacteria	Actinomycetales	Corynebacteriaceae	Corynebacterium	aurimucosum	corynebacterium	aurimucosum	Corynebacterium aurimucosum	species	169292	Positive	Facultative aerobe	NULL	Singles	mixed	organic_unspecified	2026-06-19 10:03:02	2026-06-19 10:03:04
950	Eubacteria	Proteobacteria	Gammaproteobacteria	Pasteurellales	Pasteurellaceae	Actinobacillus	succinogenes	actinobacillus	succinogenes	Actinobacillus succinogenes	species	67854	Negative	Facultative anaerobe	NULL	NULL	mixed	N/A	2026-06-19 10:03:02	2026-06-19 10:03:04
951	Eubacteria	Actinobacteria	Actinobacteria	Corynebacteriales	Corynebacteriaceae	Corynebacterium	diphtheriae	corynebacterium	diphtheriae	Corynebacterium diphtheriae	species	1717	Positive	Aerobe	NULL	NULL	respirator	N/A	2026-06-19 10:03:02	2026-06-19 10:03:04
952	NULL	Actinobacteria	Actinobacteria	Actinomycetales	Actinomycetaceae	Actinomyces	cardiffensis	actinomyces	cardiffensis	Actinomyces cardiffensis	species	NULL	NULL	Obligate anaerobe	NULL	NULL	fermenter	carbohydrates	2026-06-19 10:03:02	2026-06-19 10:03:02
953	Eubacteria	Actinobacteria	Actinobacteria	Corynebacteriales	Corynebacteriaceae	Corynebacterium	glucuronolyticum	corynebacterium	glucuronolyticum	Corynebacterium glucuronolyticum	species	39791	Positive	Facultative anaerobe	NULL	NULL	mixed	carbohydrates	2026-06-19 10:03:02	2026-06-19 10:03:05
954	NULL	Actinobacteria	Actinobacteria	Actinomycetales	Actinomycetaceae	Actinomyces	georgiae	actinomyces	georgiae	Actinomyces georgiae	species	NULL	NULL	Obligate anaerobe	NULL	NULL	fermenter	carbohydrates	2026-06-19 10:03:02	2026-06-19 10:03:02
955	Eubacteria	Actinobacteria	Actinobacteria	Corynebacteriales	Corynebacteriaceae	Corynebacterium	glutamicum	corynebacterium	glutamicum	Corynebacterium glutamicum	species	1718	Positive	Facultative aerobe	NULL	Singles - V-shaped forms	mixed	organic_unspecified	2026-06-19 10:03:02	2026-06-19 10:03:04
956	Eubacteria	Actinobacteria	Actinobacteria	Actinomycetales	Actinomycetaceae	Actinomyces	graevenitzii	actinomyces	graevenitzii	Actinomyces graevenitzii	species	435830	Positive	Facultative anaerobe	NULL	NULL	mixed	carbohydrates	2026-06-19 10:03:02	2026-06-19 10:03:04
957	Eubacteria	Actinobacteria	Actinobacteria	Actinomycetales	Corynebacteriaceae	Corynebacterium	kroppenstedtii	corynebacterium	kroppenstedtii	Corynebacterium kroppenstedtii	species	161879	Positive	Facultative aerobe	NULL	Singles	mixed	organic_unspecified	2026-06-19 10:03:02	2026-06-19 10:03:04
958	Eubacteria	Actinobacteria	Actinobacteria	Actinomycetales	Actinomycetaceae	Actinomyces	israelii	actinomyces	israelii	Actinomyces israelii	species	1659	NULL	NULL	NULL	NULL	N/A	N/A	2026-06-19 10:03:02	2026-06-19 10:03:05
959	Eubacteria	Actinobacteria	Actinobacteria	Corynebacteriales	Corynebacteriaceae	Corynebacterium	matruchotii	corynebacterium	matruchotii	Corynebacterium matruchotii	species	43768	NULL	NULL	NULL	NULL	N/A	N/A	2026-06-19 10:03:02	2026-06-19 10:03:05
960	Eubacteria	Actinobacteria	Actinobacteria	Actinomycetales	Actinomycetaceae	Actinomyces	naeslundii	actinomyces	naeslundii	Actinomyces naeslundii	species	1115803	Positive	Facultative anaerobe	NULL	NULL	mixed	carbohydrates	2026-06-19 10:03:02	2026-06-19 10:03:05
961	Eubacteria	Actinobacteria	Actinobacteria	Corynebacteriales	Corynebacteriaceae	Corynebacterium	propinquum	corynebacterium	propinquum	Corynebacterium propinquum	species	1121367	Positive	Facultative anaerobe	NULL	NULL	mixed	carbohydrates	2026-06-19 10:03:02	2026-06-19 10:03:05
962	NULL	Actinobacteria	Actinobacteria	Actinomycetales	Actinomycetaceae	Actinomyces	odontolytica	actinomyces	odontolytica	Actinomyces odontolytica	species	NULL	NULL	Facultative anaerobe	NULL	NULL	mixed	carbohydrates	2026-06-19 10:03:02	2026-06-19 10:03:02
963	Eubacteria	Actinobacteria	Actinobacteria	Corynebacteriales	Corynebacteriaceae	Corynebacterium	striatum	corynebacterium	striatum	Corynebacterium striatum	species	43770	Positive	Facultative anaerobe	NULL	NULL	mixed	carbohydrates	2026-06-19 10:03:02	2026-06-19 10:03:05
964	Eubacteria	Actinobacteria	Actinobacteria	Actinomycetales	Actinomycetaceae	Actinomyces	oris	actinomyces	oris	Actinomyces oris	species	544580	Positive	Facultative anaerobe	NULL	NULL	mixed	carbohydrates	2026-06-19 10:03:02	2026-06-19 10:03:04
965	Eubacteria	Actinobacteria	Actinobacteria	Corynebacteriales	Corynebacteriaceae	Corynebacterium	tuberculostearicum	corynebacterium	tuberculostearicum	Corynebacterium tuberculostearicum	species	38304	Positive	Facultative anaerobe	NULL	NULL	mixed	carbohydrates	2026-06-19 10:03:02	2026-06-19 10:03:05
966	Eubacteria	Actinobacteria	Actinobacteria	Actinomycetales	Corynebacteriaceae	Corynebacterium	ulcerans	corynebacterium	ulcerans	Corynebacterium ulcerans	species	65058	Positive	Facultative anaerobe	NULL	NULL	mixed	carbohydrates	2026-06-19 10:03:02	2026-06-19 10:03:04
967	Eubacteria	Actinobacteria	Actinobacteria	Actinomycetales	Corynebacteriaceae	Corynebacterium	ureicelerivorans	corynebacterium	ureicelerivorans	Corynebacterium ureicelerivorans	species	401472	Positive	Facultative anaerobe	NULL	NULL	mixed	carbohydrates	2026-06-19 10:03:02	2026-06-19 10:03:05
968	NULL	Actinobacteria	Actinobacteria	Actinomycetales	Actinomycetaceae	Actinomyces	turicensis	actinomyces	turicensis	Actinomyces turicensis	species	NULL	NULL	Facultative anaerobe	NULL	NULL	mixed	carbohydrates	2026-06-19 10:03:02	2026-06-19 10:03:02
969	Fungi	Basidiomycota	Agaricomycetes	Cantharellales	Cantharellaceae	Craterellus	odoratus	craterellus	odoratus	Craterellus odoratus	species	57198	NULL	NULL	NULL	NULL	N/A	N/A	2026-06-19 10:03:02	2026-06-19 10:03:04
970	Eubacteria	Actinobacteria	Actinobacteria	Actinomycetales	Actinomycetaceae	Actinomyces	urogenitalis	actinomyces	urogenitalis	Actinomyces urogenitalis	species	103621	Positive	Facultative anaerobe	NULL	NULL	mixed	carbohydrates	2026-06-19 10:03:02	2026-06-19 10:03:04
971	Eubacteria	Actinobacteria	Actinobacteria	Actinomycetales	Actinomycetaceae	Actinomyces	viscosus	actinomyces	viscosus	Actinomyces viscosus	species	1656	Positive	Facultative anaerobe	NULL	NULL	mixed	carbohydrates	2026-06-19 10:03:02	2026-06-19 10:03:04
972	NULL	Actinobacteria	Actinobacteria	Micromonosporales	Micromonosporaceae	Actinoplanes		actinoplanes		Actinoplanes	genus	NULL	NULL	NULL	NULL	NULL	N/A	N/A	2026-06-19 10:03:02	2026-06-19 10:03:02
973	Eubacteria	Actinobacteria	Actinobacteria	Pseudonocardiales	Pseudonocardiaceae	Actinosynnema	mirum	actinosynnema	mirum	Actinosynnema mirum	species	40567	Positive	Aerobic	NULL	Sporulating	respirator	organic_unspecified	2026-06-19 10:03:02	2026-06-19 10:03:04
974	NULL	NULL	Ichthyosporea	Ichthyophonida	NULL	Creolimax	fragrantissima	creolimax	fragrantissima	Creolimax fragrantissima	species	470921	NULL	NULL	NULL	NULL	N/A	N/A	2026-06-19 10:03:02	2026-06-19 10:03:05
975	Eubacteria	Actinobacteria	Coriobacteriia	Eggerthellales	Eggerthellaceae	Adlercreutzia	equolifaciens	adlercreutzia	equolifaciens	Adlercreutzia equolifaciens	species	1384484	Positive	Anaerobe	NULL	NULL	mixed	carbohydrates	2026-06-19 10:03:02	2026-06-19 10:03:04
976	Eubacteria	Actinobacteria	Actinobacteria	Coriobacteriales	Coriobacteriaceae	Cryptobacterium	curtum	cryptobacterium	curtum	Cryptobacterium curtum	species	469378	Positive	Anaerobe	NULL	Clusters - Singles	fermenter	N/A	2026-06-19 10:03:02	2026-06-19 10:03:04
977	Bacillati	Actinomycetota	Coriobacteriia	Eggerthellales	Eggerthellaceae	Adlercreutzia	hattorii	adlercreutzia	hattorii	Adlercreutzia hattorii	species	2707299	Positive	Anaerobic	NULL	NULL	fermenter	carbohydrates	2026-06-19 10:03:02	2026-06-19 10:03:05
978	Fungi	Basidiomycota	Tremellomycetes	Tremellales	Cryptococcaceae	Cryptococcus	neoformans	cryptococcus	neoformans	Cryptococcus neoformans	species	5207	Positive	Aerobic	NULL	Sporulating (basidiospores); reproduction also by budding	mixed	organic_unspecified	2026-06-19 10:03:02	2026-06-19 10:03:04
979	Eubacteria	Firmicutes	Bacilli	Lactobacillales	Aerococcaceae	Aerococcus	viridans	aerococcus	viridans	Aerococcus viridans	species	1377	Positive	Facultative anaerobe	NULL	NULL	mixed	carbohydrates	2026-06-19 10:03:02	2026-06-19 10:03:04
980	Eubacteria	Actinobacteria	Actinobacteria	Micrococcales	Microbacteriaceae	Curtobacterium	flaccumfaciens	curtobacterium	flaccumfaciens	Curtobacterium flaccumfaciens	species	1292022	Positive	Aerobe	NULL	NULL	fermenter	carbohydrates	2026-06-19 10:03:02	2026-06-19 10:03:05
981	Eubacteria	Actinobacteria	Actinobacteria	Propionibacteriales	Nocardioidaceae	Aeromicrobium	marinum	aeromicrobium	marinum	Aeromicrobium marinum	species	219314	NULL	NULL	NULL	NULL	N/A	N/A	2026-06-19 10:03:02	2026-06-19 10:03:04
982	Fungi	Basidiomycota	Tremellomycetes	Trichosporonales	Trichosporonaceae	Cutaneotrichosporon	oleaginosum	cutaneotrichosporon	oleaginosum	Cutaneotrichosporon oleaginosum	species	879819	Positive	Aerobic	NULL	Sporulating (basidiospores); reproduction also by budding	respirator	lipids	2026-06-19 10:03:02	2026-06-19 10:03:04
983	Eubacteria	Proteobacteria	Gammaproteobacteria	Aeromonadales	Aeromonadaceae	Aeromonas	jandaei	aeromonas	jandaei	Aeromonas jandaei	species	1458276	Negative	Facultative anaerobe	NULL	NULL	mixed	carbohydrates	2026-06-19 10:03:02	2026-06-19 10:03:04
984	Eubacteria	Actinobacteria	Actinobacteria	Propionibacteriales	Propionibacteriaceae	Cutibacterium	acnes	cutibacterium	acnes	Cutibacterium acnes	species	1747	NULL	NULL	NULL	NULL	N/A	N/A	2026-06-19 10:03:02	2026-06-19 10:03:04
985	Eubacteria	Proteobacteria	Gammaproteobacteria	Aeromonadales	Aeromonadaceae	Aeromonas	media	aeromonas	media	Aeromonas media	species	1208104	Negative	Facultative anaerobe	NULL	NULL	mixed	carbohydrates	2026-06-19 10:03:02	2026-06-19 10:03:05
986	Eubacteria	Proteobacteria	Gammaproteobacteria	Aeromonadales	Aeromonadaceae	Aeromonas	salmonicida	aeromonas	salmonicida	Aeromonas salmonicida	species	645	Negative	Facultative anaerobe	NULL	NULL	mixed	organic_unspecified	2026-06-19 10:03:02	2026-06-19 10:03:04
987	Eubacteria	Actinobacteria	Actinobacteria	Propionibacteriales	Propionibacteriaceae	Cutibacterium	avidum	cutibacterium	avidum	Cutibacterium avidum	species	33010	NULL	NULL	NULL	NULL	N/A	N/A	2026-06-19 10:03:02	2026-06-19 10:03:05
988	Eubacteria	Actinobacteria	Actinobacteria	Propionibacteriales	Propionibacteriaceae	Cutibacterium	granulosum	cutibacterium	granulosum	Cutibacterium granulosum	species	33011	NULL	NULL	NULL	NULL	N/A	N/A	2026-06-19 10:03:02	2026-06-19 10:03:05
989	Eubacteria	Proteobacteria	Gammaproteobacteria	Aeromonadales	Aeromonadaceae	Aeromonas	veronii	aeromonas	veronii	Aeromonas veronii	species	654	Negative	Aerobe	NULL	Pairs - Singles	respirator	N/A	2026-06-19 10:03:02	2026-06-19 10:03:04
990	Fungi	Ascomycota	Saccharomycetes	Saccharomycetales	Phaffomycetaceae	Cyberlindnera	fabianii	cyberlindnera	fabianii	Cyberlindnera fabianii	species	36022	NULL	Aerobe/facultative anaerobe	NULL	Sporulating (ascospores)	mixed	complex_carbs_fiber	2026-06-19 10:03:02	2026-06-19 10:03:04
991	NULL	Crenarchaeota	Thermoprotei	Desulfurococcales	Desulfurococcaceae	Aeropyrum	pernix	aeropyrum	pernix	Aeropyrum pernix	species	56636	NULL	Aerobe	NULL	NULL	respirator	N/A	2026-06-19 10:03:02	2026-06-19 10:03:04
992	Fungi	Ascomycota	Saccharomycetes	Saccharomycetales	Phaffomycetaceae	Cyberlindnera	jadinii	cyberlindnera	jadinii	Cyberlindnera jadinii	species	4903	NULL	Aerobe/facultative anaerobe	NULL	Sporulating (ascospores)	mixed	organic_unspecified	2026-06-19 10:03:02	2026-06-19 10:03:04
993	Eubacteria	Proteobacteria	Alphaproteobacteria	Rhizobiales	Bradyrhizobiaceae	Afipia	birgiae	afipia	birgiae	Afipia birgiae	species	151414	Negative	Aerobe	NULL	NULL	respirator	N/A	2026-06-19 10:03:02	2026-06-19 10:03:05
994	Fungi	Ascomycota	Saccharomycetes	Saccharomycetales	Phaffomycetaceae	Cyberlindnera	suaveolens	cyberlindnera	suaveolens	Cyberlindnera suaveolens	species	907738	NULL	Aerobe	NULL	Sporulating	fermenter	organic_unspecified	2026-06-19 10:03:02	2026-06-19 10:03:04
995	NULL	Ascomycota	Saccharomycetes	Saccharomycetales	Phaffomycetaceae	Cyberlindnera	vartiovaarae	cyberlindnera	vartiovaarae	Cyberlindnera vartiovaarae	species	NULL	NULL	Aerobe	NULL	Sporulating	fermenter	organic_unspecified	2026-06-19 10:03:02	2026-06-19 10:03:02
996	Fungi	Ascomycota	Sordariomycetes	Hypocreales	Nectriaceae	Cylindrocarpon	lucidum	cylindrocarpon	lucidum	Cylindrocarpon lucidum	species	301100	NULL	NULL	NULL	NULL	N/A	N/A	2026-06-19 10:03:02	2026-06-19 10:03:04
997	NULL	Cyanobacteria	NULL	Nostocales	Aphanizomenonaceae	Cylindrospermopsis	raciborskii	cylindrospermopsis	raciborskii	Cylindrospermopsis raciborskii	species	77022	NULL	NULL	NULL	NULL	N/A	N/A	2026-06-19 10:03:02	2026-06-19 10:03:05
998	Eubacteria	Proteobacteria	Alphaproteobacteria	Rickettsiales	Anaplasmataceae	Ehrlichia	chaffeensis	ehrlichia	chaffeensis	Ehrlichia chaffeensis	species	945	Negative	NULL	NULL	NULL	N/A	N/A	2026-06-19 10:03:02	2026-06-19 10:03:05
999	Fungi	Ascomycota	Eurotiomycetes	Chaetothyriales	Cyphellophoraceae	Cyphellophora	europaea	cyphellophora	europaea	Cyphellophora europaea	species	293227	NULL	Aerobe	NULL	Sporulating	fermenter	complex_carbs_fiber	2026-06-19 10:03:02	2026-06-19 10:03:04
1000	Eubacteria	Proteobacteria	Betaproteobacteria	Neisseriales	Neisseriaceae	Eikenella	corrodens	eikenella	corrodens	Eikenella corrodens	species	539	Negative	Facultative anaerobe	NULL	NULL	mixed	N/A	2026-06-19 10:03:02	2026-06-19 10:03:05
1001	Fungi	Basidiomycota	Tremellomycetes	Cystofilobasidiales	Cystofilobasidiaceae	Cystofilobasidium	macerans	cystofilobasidium	macerans	Cystofilobasidium macerans	species	89926	NULL	Aerobe	NULL	Sporulating (basidiospores)/reproduction by budding	fermenter	complex_carbs_fiber	2026-06-19 10:03:02	2026-06-19 10:03:04
1002	Eubacteria	Bacteroidetes	Flavobacteriia	Flavobacteriales	Weeksellaceae	Elizabethkingia	meningoseptica	elizabethkingia	meningoseptica	Elizabethkingia meningoseptica	species	238	NULL	NULL	NULL	NULL	N/A	N/A	2026-06-19 10:03:02	2026-06-19 10:03:04
1003	Eubacteria	Firmicutes	Bacilli	Bacillales	Bacillaceae	Cytobacillus	firmus	cytobacillus	firmus	Cytobacillus firmus	species	1399	NULL	NULL	NULL	NULL	N/A	N/A	2026-06-19 10:03:02	2026-06-19 10:03:05
1004	Fungi	Ascomycota	Sordariomycetes	Hypocreales	NULL	Emericellopsis	minima	emericellopsis	minima	Emericellopsis minima	species	45245	NULL	NULL	NULL	NULL	N/A	N/A	2026-06-19 10:03:02	2026-06-19 10:03:04
1005	Eubacteria	Bacteroidetes	Cytophagia	Cytophagales	Cytophagaceae	Cytophaga	hutchinsonii	cytophaga	hutchinsonii	Cytophaga hutchinsonii	species	985	Negative	Aerobe	NULL	NULL	respirator	complex_carbs_fiber	2026-06-19 10:03:02	2026-06-19 10:03:04
1006	Eubacteria	Bacteroidetes	Flavobacteriia	Flavobacteriales	Weeksellaceae	Empedobacter	brevis	empedobacter	brevis	Empedobacter brevis	species	247	NULL	NULL	NULL	NULL	N/A	N/A	2026-06-19 10:03:02	2026-06-19 10:03:04
1007	Fungi	Basidiomycota	Dacrymycetes	Dacrymycetales	Dacrymycetaceae	Dacrymyces	ancyleus	dacrymyces	ancyleus	Dacrymyces ancyleus	species	581174	NULL	Aerobe	NULL	Sporulating (basidiospores)	fermenter	complex_carbs_fiber	2026-06-19 10:03:02	2026-06-19 10:03:04
1008	Eubacteria	Proteobacteria	Gammaproteobacteria	Enterobacteriales	Enterobacteriaceae	Enterobacter	asburiae	enterobacter	asburiae	Enterobacter asburiae	species	61645	Negative	Facultative anaerobe	NULL	NULL	mixed	N/A	2026-06-19 10:03:02	2026-06-19 10:03:04
1009	Fungi	Ascomycota	Orbiliomycetes	Orbiliales	Orbiliaceae	Dactylellina	haptotyla	dactylellina	haptotyla	Dactylellina haptotyla	species	430498	NULL	Aerobe	NULL	Sporulating	fermenter	complex_carbs_fiber	2026-06-19 10:03:02	2026-06-19 10:03:04
1010	Eubacteria	Proteobacteria	Gammaproteobacteria	Enterobacterales	Enterobacteriaceae	Enterobacter	cancerogenus	enterobacter	cancerogenus	Enterobacter cancerogenus	species	500639	Negative	Facultative anaerobe	NULL	NULL	mixed	carbohydrates	2026-06-19 10:03:02	2026-06-19 10:03:04
1011	Fungi	Ascomycota	Saccharomycetes	Saccharomycetales	Debaryomycetaceae	Debaryomyces	fabryi	debaryomyces	fabryi	Debaryomyces fabryi	species	58627	NULL	Aerobe	NULL	Sporulating (ascospores)	respirator	organic_unspecified	2026-06-19 10:03:02	2026-06-19 10:03:04
1012	Pseudomonadati	Pseudomonadata	Gammaproteobacteria	Enterobaterales	Enterobacteriaceae	Enterobacter	intestinihominis	enterobacter	intestinihominis	Enterobacter intestinihominis	species	3133180	Negative	Anaerobic	NULL	NULL	fermenter	carbohydrates	2026-06-19 10:03:02	2026-06-19 10:03:05
1013	Fungi	Ascomycota	Saccharomycetes	Saccharomycetales	Debaryomycetaceae	Debaryomyces	hansenii	debaryomyces	hansenii	Debaryomyces hansenii	species	4959	NULL	Aerobe/facultative anaerobe	NULL	Sporulating (ascospores)	mixed	organic_unspecified	2026-06-19 10:03:02	2026-06-19 10:03:04
1014	Eubacteria	Firmicutes	Clostridia	Clostridiales	Lachnospiraceae	Enterocloster	asparagiformis	enterocloster	asparagiformis	Enterocloster asparagiformis	species	333367	NULL	NULL	NULL	NULL	N/A	N/A	2026-06-19 10:03:02	2026-06-19 10:03:04
1015	Eubacteria	Deinococcus-thermus	Deinococci	Deinococcales	Deinococcaceae	Deinococcus	radiodurans	deinococcus	radiodurans	Deinococcus radiodurans	species	1299	Positive	Aerobe	NULL	NULL	respirator	organic_unspecified	2026-06-19 10:03:02	2026-06-19 10:03:04
1016	Eubacteria	Firmicutes	Clostridia	Clostridiales	Lachnospiraceae	Enterocloster	bolteae	enterocloster	bolteae	Enterocloster bolteae	species	208479	NULL	NULL	NULL	NULL	N/A	N/A	2026-06-19 10:03:02	2026-06-19 10:03:04
1017	Eubacteria	Proteobacteria	Betaproteobacteria	Burkholderiales	Comamonadaceae	Delftia	acidovorans	delftia	acidovorans	Delftia acidovorans	species	398578	Negative	Aerobe	NULL	NULL	respirator	N/A	2026-06-19 10:03:02	2026-06-19 10:03:04
1018	NULL	Firmicutes	Clostridia	Clostridiales	Lachnospiraceae	Enterocloster	citroniae	enterocloster	citroniae	Enterocloster citroniae	species	NULL	NULL	NULL	NULL	NULL	N/A	N/A	2026-06-19 10:03:02	2026-06-19 10:03:02
1019	Eubacteria	Deferribacteres	Deferribacteres	Deferribacterales	Deferribacteraceae	Denitrovibrio	acetiphilus	denitrovibrio	acetiphilus	Denitrovibrio acetiphilus	species	118000	NULL	NULL	NULL	NULL	N/A	N/A	2026-06-19 10:03:02	2026-06-19 10:03:04
1020	Eubacteria	Firmicutes	Clostridia	Clostridiales	Lachnospiraceae	Enterocloster	clostridioformis	enterocloster	clostridioformis	Enterocloster clostridioformis	species	1531	NULL	Anaerobe	NULL	NULL	fermenter	N/A	2026-06-19 10:03:02	2026-06-19 10:03:04
1021	Eubacteria	Actinobacteria	Actinobacteria	Actinomycetales	Dermacoccaceae	Dermacoccus	nishinomiyaensis	dermacoccus	nishinomiyaensis	Dermacoccus nishinomiyaensis	species	1274	Positive	Aerobe	NULL	NULL	mixed	carbohydrates	2026-06-19 10:03:02	2026-06-19 10:03:05
1022	Bacillati	Bacillota	Clostridia	Lachnospirales	Lachnospiraceae	Enterocloster	hominis	enterocloster	hominis	Enterocloster hominis	species	1917870	Positive	Anaerobic	NULL	NULL	fermenter	carbohydrates	2026-06-19 10:03:02	2026-06-19 10:03:05
1023	Eubacteria	Proteobacteria	Deltaproteobacteria	Desulfarculales	Desulfarculaceae	Desulfarculus	baarsii	desulfarculus	baarsii	Desulfarculus baarsii	species	453230	NULL	NULL	NULL	NULL	N/A	N/A	2026-06-19 10:03:02	2026-06-19 10:03:04
1024	Eubacteria	Firmicutes	Bacilli	Lactobacillales	Enterococcaceae	Enterococcus	asini	enterococcus	asini	Enterococcus asini	species	1158606	Positive	Facultative anaerobe	NULL	NULL	mixed	carbohydrates	2026-06-19 10:03:02	2026-06-19 10:03:04
1025	Eubacteria	Firmicutes	Bacilli	Lactobacillales	Enterococcaceae	Enterococcus	avium	enterococcus	avium	Enterococcus avium	species	1140002	Positive	Facultative anaerobe	NULL	NULL	mixed	carbohydrates	2026-06-19 10:03:02	2026-06-19 10:03:04
1026	Eubacteria	Proteobacteria	Deltaproteobacteria	Desulfobacterales	Desulfobacteraceae	Desulfatibacillum	alkenivorans	desulfatibacillum	alkenivorans	Desulfatibacillum alkenivorans	species	259354	NULL	NULL	NULL	NULL	N/A	N/A	2026-06-19 10:03:02	2026-06-19 10:03:04
1027	Eubacteria	Firmicutes	Bacilli	Lactobacillales	Enterococcaceae	Enterococcus	caccae	enterococcus	caccae	Enterococcus caccae	species	1158612	Positive	Facultative anaerobe	NULL	NULL	mixed	carbohydrates	2026-06-19 10:03:02	2026-06-19 10:03:04
1028	Eubacteria	Firmicutes	Clostridia	Clostridiales	Peptococcaceae	Desulfitobacterium	hafniense	desulfitobacterium	hafniense	Desulfitobacterium hafniense	species	49338	NULL	NULL	NULL	NULL	N/A	N/A	2026-06-19 10:03:02	2026-06-19 10:03:04
1029	Eubacteria	Firmicutes	Bacilli	Lactobacillales	Enterococcaceae	Enterococcus	cecorum	enterococcus	cecorum	Enterococcus cecorum	species	1121864	Positive	Facultative anaerobe	NULL	NULL	mixed	carbohydrates	2026-06-19 10:03:02	2026-06-19 10:03:04
1030	Eubacteria	Firmicutes	Bacilli	Lactobacillales	Enterococcaceae	Enterococcus	dispar	enterococcus	dispar	Enterococcus dispar	species	1139219	Positive	Facultative anaerobe	NULL	NULL	mixed	carbohydrates	2026-06-19 10:03:02	2026-06-19 10:03:04
1031	Eubacteria	Firmicutes	Bacilli	Lactobacillales	Enterococcaceae	Enterococcus	durans	enterococcus	durans	Enterococcus durans	species	1140001	Positive	Facultative anaerobe	NULL	NULL	mixed	carbohydrates	2026-06-19 10:03:02	2026-06-19 10:03:04
1032	Eubacteria	Firmicutes	Bacilli	Lactobacillales	Enterococcaceae	Enterococcus	faecalis	enterococcus	faecalis	Enterococcus faecalis	species	1351	Positive	Facultative anaerobe	NULL	NULL	mixed	carbohydrates	2026-06-19 10:03:02	2026-06-19 10:03:04
1033	Eubacteria	Proteobacteria	Deltaproteobacteria	Desulfobacterales	Desulfobacteraceae	Desulfobacterium	autotrophicum	desulfobacterium	autotrophicum	Desulfobacterium autotrophicum	species	2296	Negative	Anaerobe	NULL	NULL	fermenter	inorganic	2026-06-19 10:03:02	2026-06-19 10:03:04
1034	Eubacteria	Firmicutes	Bacilli	Lactobacillales	Enterococcaceae	Enterococcus	faecium	enterococcus	faecium	Enterococcus faecium	species	1352	Positive	Facultative anaerobe	NULL	NULL	mixed	carbohydrates	2026-06-19 10:03:02	2026-06-19 10:03:04
1035	Eubacteria	Firmicutes	Bacilli	Lactobacillales	Enterococcaceae	Enterococcus	gallinarum	enterococcus	gallinarum	Enterococcus gallinarum	species	1353	Positive	Facultative anaerobe	NULL	NULL	mixed	carbohydrates	2026-06-19 10:03:02	2026-06-19 10:03:04
1036	Eubacteria	Proteobacteria	Deltaproteobacteria	Desulfobacterales	Desulfobulbaceae	Desulfobulbus	propionicus	desulfobulbus	propionicus	Desulfobulbus propionicus	species	894	NULL	NULL	NULL	NULL	N/A	N/A	2026-06-19 10:03:02	2026-06-19 10:03:04
1037	Eubacteria	Firmicutes	Bacilli	Lactobacillales	Enterococcaceae	Enterococcus	hirae	enterococcus	hirae	Enterococcus hirae	species	1354	Positive	Facultative anaerobe	NULL	NULL	mixed	carbohydrates	2026-06-19 10:03:02	2026-06-19 10:03:04
1038	Eubacteria	Proteobacteria	Deltaproteobacteria	Desulfovibrionales	Desulfohalobiaceae	Desulfohalobium	retbaense	desulfohalobium	retbaense	Desulfohalobium retbaense	species	45663	NULL	NULL	NULL	NULL	N/A	N/A	2026-06-19 10:03:02	2026-06-19 10:03:05
1039	Eubacteria	Firmicutes	Bacilli	Lactobacillales	Enterococcaceae	Enterococcus	italicus	enterococcus	italicus	Enterococcus italicus	species	246144	NULL	NULL	NULL	NULL	N/A	N/A	2026-06-19 10:03:02	2026-06-19 10:03:04
1040	Eubacteria	Proteobacteria	Deltaproteobacteria	Desulfovibrionales	Desulfomicrobiaceae	Desulfomicrobium	baculatum	desulfomicrobium	baculatum	Desulfomicrobium baculatum	species	899	NULL	NULL	NULL	NULL	N/A	N/A	2026-06-19 10:03:02	2026-06-19 10:03:05
1041	Eubacteria	Firmicutes	Bacilli	Lactobacillales	Enterococcaceae	Enterococcus	malodoratus	enterococcus	malodoratus	Enterococcus malodoratus	species	71451	NULL	NULL	NULL	NULL	N/A	N/A	2026-06-19 10:03:02	2026-06-19 10:03:04
1042	Eubacteria	Proteobacteria	Deltaproteobacteria	Desulfovibrionales	Desulfohalobiaceae	Desulfonatronospira	thiodismutans	desulfonatronospira	thiodismutans	Desulfonatronospira thiodismutans	species	488939	NULL	NULL	NULL	NULL	N/A	N/A	2026-06-19 10:03:02	2026-06-19 10:03:05
1043	Eubacteria	Firmicutes	Bacilli	Lactobacillales	Enterococcaceae	Enterococcus	pallens	enterococcus	pallens	Enterococcus pallens	species	160454	NULL	NULL	NULL	NULL	N/A	N/A	2026-06-19 10:03:02	2026-06-19 10:03:04
1044	Eubacteria	Proteobacteria	Deltaproteobacteria	Desulfobacterales	Desulfobulbaceae	Desulfotalea	psychrophila	desulfotalea	psychrophila	Desulfotalea psychrophila	species	84980	NULL	NULL	NULL	NULL	N/A	N/A	2026-06-19 10:03:02	2026-06-19 10:03:05
1045	Eubacteria	Firmicutes	Bacilli	Lactobacillales	Enterococcaceae	Enterococcus	phoeniculicola	enterococcus	phoeniculicola	Enterococcus phoeniculicola	species	1158610	Positive	Facultative anaerobe	NULL	NULL	mixed	carbohydrates	2026-06-19 10:03:02	2026-06-19 10:03:04
1046	Eubacteria	Firmicutes	Clostridia	Clostridiales	Peptococcaceae	Desulfotomaculum	nigrificans	desulfotomaculum	nigrificans	Desulfotomaculum nigrificans	species	1565	NULL	NULL	NULL	NULL	N/A	N/A	2026-06-19 10:03:02	2026-06-19 10:03:04
1047	Eubacteria	Firmicutes	Bacilli	Lactobacillales	Enterococcaceae	Enterococcus	saccharolyticus	enterococcus	saccharolyticus	Enterococcus saccharolyticus	species	41997	NULL	Anaerobe	NULL	Pairs - Singles	fermenter	complex_carbs_fiber	2026-06-19 10:03:02	2026-06-19 10:03:04
1048	Eubacteria	Firmicutes	Clostridia	Clostridiales	Peptococcaceae	Desulfotomaculum	reducens	desulfotomaculum	reducens	Desulfotomaculum reducens	species	59610	Positive	Anaerobe	NULL	Sporulating	fermenter	N/A	2026-06-19 10:03:02	2026-06-19 10:03:04
1049	Fungi	Ascomycota	Dothideomycetes	Pleosporales	Didymellaceae	Epicoccum	nigrum	epicoccum	nigrum	Epicoccum nigrum	species	105696	NULL	NULL	NULL	NULL	N/A	N/A	2026-06-19 10:03:02	2026-06-19 10:03:04
1050	Eubacteria	Proteobacteria	Deltaproteobacteria	Desulfovibrionales	Desulfovibrionaceae	Desulfovibrio	desulfuricans	desulfovibrio	desulfuricans	Desulfovibrio desulfuricans	species	1121445	Negative	Facultative anaerobe	NULL	Singles	mixed	N/A	2026-06-19 10:03:02	2026-06-19 10:03:04
1051	Fungi	Ascomycota	Saccharomycetes	Saccharomycetales	Saccharomycetaceae	Eremothecium	cymbalariae	eremothecium	cymbalariae	Eremothecium cymbalariae	species	45285	NULL	Aerobe/facultative anaerobe	NULL	Sporulating (ascospores)/reproduction by budding	mixed	complex_carbs_fiber	2026-06-19 10:03:02	2026-06-19 10:03:04
1052	Eubacteria	Proteobacteria	Deltaproteobacteria	Desulfovibrionales	Desulfovibrionaceae	Desulfovibrio	magneticus	desulfovibrio	magneticus	Desulfovibrio magneticus	species	184917	Negative	Anaerobe	NULL	Singles	fermenter	N/A	2026-06-19 10:03:02	2026-06-19 10:03:04
1053	Fungi	Ascomycota	Saccharomycetes	Saccharomycetales	Saccharomycetaceae	Eremothecium	gossypii	eremothecium	gossypii	Eremothecium gossypii	species	33169	NULL	Aerobe/facultative anaerobe	NULL	Sporulating (ascospores)/reproduction by budding	mixed	complex_carbs_fiber	2026-06-19 10:03:02	2026-06-19 10:03:04
1054	Eubacteria	Proteobacteria	Deltaproteobacteria	Desulfovibrionales	Desulfovibrionaceae	Desulfovibrio	piger	desulfovibrio	piger	Desulfovibrio piger	species	411464	Negative	Anaerobe	NULL	NULL	mixed	carbohydrates	2026-06-19 10:03:02	2026-06-19 10:03:04
1055	Fungi	Ascomycota	Saccharomycetes	Saccharomycetales	Saccharomycetaceae	Eremothecium	sinecaudum	eremothecium	sinecaudum	Eremothecium sinecaudum	species	45286	NULL	Aerobe	NULL	Sporulating (ascospores)/reproduction by budding	fermenter	complex_carbs_fiber	2026-06-19 10:03:02	2026-06-19 10:03:04
1056	Eubacteria	Proteobacteria	Deltaproteobacteria	Desulfovibrionales	Desulfovibrionaceae	Desulfovibrio	salexigens	desulfovibrio	salexigens	Desulfovibrio salexigens	species	880	Negative	Anaerobe	NULL	Singles	fermenter	N/A	2026-06-19 10:03:02	2026-06-19 10:03:04
1057	NULL	Firmicutes	Erysipelotrichia	Erysipelotrichales	Erysipelotrichaceae	Erysipelatoclostridium	innocuum	erysipelatoclostridium	innocuum	Erysipelatoclostridium innocuum	species	NULL	NULL	Anaerobe	NULL	NULL	fermenter	carbohydrates	2026-06-19 10:03:02	2026-06-19 10:03:02
1058	Eubacteria	Proteobacteria	Deltaproteobacteria	Desulfovibrionales	Desulfovibrionaceae	Desulfovibrio	sp. 3_1_syn3	desulfovibrio	sp. 3_1_syn3	Desulfovibrio sp. 3_1_syn3	species	457398	Negative	Anaerobe	NULL	NULL	mixed	carbohydrates	2026-06-19 10:03:02	2026-06-19 10:03:05
1059	Eubacteria	Firmicutes	Erysipelotrichia	Erysipelotrichales	Erysipelotrichaceae	Erysipelatoclostridium	ramosum	erysipelatoclostridium	ramosum	Erysipelatoclostridium ramosum	species	1547	NULL	NULL	NULL	NULL	N/A	N/A	2026-06-19 10:03:02	2026-06-19 10:03:04
1060	Eubacteria	Proteobacteria	Deltaproteobacteria	Desulfuromonadales	Desulfuromonadaceae	Desulfuromonas	acetoxidans	desulfuromonas	acetoxidans	Desulfuromonas acetoxidans	species	891	NULL	NULL	NULL	NULL	N/A	N/A	2026-06-19 10:03:02	2026-06-19 10:03:04
1061	NULL	Firmicutes	Erysipelotrichia	Erysipelotrichales	Erysipelotrichaceae	Erysipelatoclostridium	saccharogumia	erysipelatoclostridium	saccharogumia	Erysipelatoclostridium saccharogumia	species	NULL	NULL	Anaerobe	NULL	NULL	fermenter	carbohydrates	2026-06-19 10:03:02	2026-06-19 10:03:02
1062	Eubacteria	Firmicutes	Negativicutes	Veillonellales	Veillonellaceae	Dialister	invisus	dialister	invisus	Dialister invisus	species	218538	Negative	Anaerobe	NULL	NULL	fermenter	N/A	2026-06-19 10:03:02	2026-06-19 10:03:04
1063	NULL	Firmicutes	Erysipelotrichia	Erysipelotrichales	Erysipelotrichaceae	Erysipelatoclostridium	spiroforme	erysipelatoclostridium	spiroforme	Erysipelatoclostridium spiroforme	species	NULL	NULL	Anaerobe	NULL	NULL	fermenter	carbohydrates	2026-06-19 10:03:02	2026-06-19 10:03:02
1064	Eubacteria	Firmicutes	Negativicutes	Veillonellales	Veillonellaceae	Dialister	pneumosintes	dialister	pneumosintes	Dialister pneumosintes	species	39950	NULL	NULL	NULL	NULL	N/A	N/A	2026-06-19 10:03:02	2026-06-19 10:03:05
1065	Eubacteria	Firmicutes	Erysipelotrichia	Erysipelotrichales	Erysipelotrichaceae	Erysipelothrix	rhusiopathiae	erysipelothrix	rhusiopathiae	Erysipelothrix rhusiopathiae	species	1648	NULL	NULL	NULL	NULL	N/A	N/A	2026-06-19 10:03:02	2026-06-19 10:03:04
1066	Fungi	Ascomycota	Leotiomycetes	Erysiphales	Erysiphaceae	Erysiphe	necator	erysiphe	necator	Erysiphe necator	species	52586	NULL	Aerobe	NULL	Sporulating	fermenter	complex_carbs_fiber	2026-06-19 10:03:02	2026-06-19 10:03:04
1067	Eubacteria	Proteobacteria	Gammaproteobacteria	Enterobacterales	Enterobacteriaceae	Escherichia	albertii	escherichia	albertii	Escherichia albertii	species	1440052	Negative	Facultative anaerobe	NULL	NULL	mixed	N/A	2026-06-19 10:03:02	2026-06-19 10:03:04
1068	Eubacteria	Proteobacteria	Gammaproteobacteria	Enterobacterales	Enterobacteriaceae	Escherichia	fergusonii	escherichia	fergusonii	Escherichia fergusonii	species	564	Negative	Aerobe	NULL	Pairs - Singles	respirator	N/A	2026-06-19 10:03:02	2026-06-19 10:03:04
1069	Eubacteria	Firmicutes	Negativicutes	Veillonellales	Veillonellaceae	Dialister	succinatiphilus	dialister	succinatiphilus	Dialister succinatiphilus	species	487173	Negative	Anaerobe	NULL	NULL	fermenter	N/A	2026-06-19 10:03:02	2026-06-19 10:03:05
1070	NULL	Proteobacteria	Gammaproteobacteria	Enterobacteriales	Enterobacteriaceae	Escherichia	hermannii	escherichia	hermannii	Escherichia hermannii	species	NULL	NULL	Facultative anaerobe	NULL	NULL	mixed	N/A	2026-06-19 10:03:02	2026-06-19 10:03:02
1071	NULL	Cyanobacteria	NULL	Nostocales	Rivulariaceae	Dichothrix	baueriana	dichothrix	baueriana	Dichothrix baueriana	species	1316775	NULL	NULL	NULL	NULL	N/A	N/A	2026-06-19 10:03:02	2026-06-19 10:03:05
1072	Eubacteria	Proteobacteria	Gammaproteobacteria	Enterobacteriales	Enterobacteriaceae	Escherichia	sp. 1_1_43	escherichia	sp. 1_1_43	Escherichia sp. 1_1_43	species	457400	Negative	Facultative anaerobe	NULL	NULL	mixed	N/A	2026-06-19 10:03:02	2026-06-19 10:03:05
1073	NULL	Platyhelminthes	Trematoda	Plagiorchiida	Dicrocoeliidae	Dicrocoelium	dendriticum	dicrocoelium	dendriticum	Dicrocoelium dendriticum	species	57078	NULL	NULL	NULL	NULL	N/A	N/A	2026-06-19 10:03:02	2026-06-19 10:03:05
1074	Eubacteria	Proteobacteria	Gammaproteobacteria	Enterobacteriales	Enterobacteriaceae	Escherichia	sp. 4_1_40b	escherichia	sp. 4_1_40b	Escherichia sp. 4_1_40b	species	457401	Negative	Facultative anaerobe	NULL	NULL	mixed	N/A	2026-06-19 10:03:02	2026-06-19 10:03:05
1075	Fungi	Ascomycota	Dothideomycetes	Pleosporales	Didymellaceae	Didymella	pinodes	didymella	pinodes	Didymella pinodes	species	749589	NULL	Aerobe	NULL	Sporulating	fermenter	complex_carbs_fiber	2026-06-19 10:03:02	2026-06-19 10:03:04
1076	Eubacteria	Firmicutes	Clostridia	Clostridiales	Ruminococcaceae	Ethanoligenens	harbinense	ethanoligenens	harbinense	Ethanoligenens harbinense	species	253239	Positive	Anaerobic	NULL	Nonsporulating	fermenter	N/A	2026-06-19 10:03:02	2026-06-19 10:03:04
1077	Eubacteria	Actinobacteria	Actinobacteria	Corynebacteriales	Dietziaceae	Dietzia	cinnamea	dietzia	cinnamea	Dietzia cinnamea	species	321318	Positive	Aerobe	NULL	NULL	fermenter	carbohydrates	2026-06-19 10:03:02	2026-06-19 10:03:05
1078	Eubacteria	Firmicutes	Clostridia	Clostridiales	Clostridiales Incertae Sedis XIII	Eubacterium	brachy	eubacterium	brachy	Eubacterium brachy	species	1321814	Positive	Anaerobe	NULL	NULL	fermenter	carbohydrates	2026-06-19 10:03:02	2026-06-19 10:03:05
1079	NULL	Actinobacteria	Actinobacteria	Corynebacteriales	Dietziaceae	Dietzia	maris	dietzia	maris	Dietzia maris	species	37915	NULL	NULL	NULL	NULL	N/A	N/A	2026-06-19 10:03:02	2026-06-19 10:03:05
1080	Eubacteria	Firmicutes	Clostridia	Clostridiales	Eubacteriaceae	Eubacterium	cellulosolvens	eubacterium	cellulosolvens	Eubacterium cellulosolvens	species	29322	Positive	Anaerobe	NULL	NULL	fermenter	carbohydrates	2026-06-19 10:03:02	2026-06-19 10:03:04
1081	Fungi	Ascomycota	Lecanoromycetes	Caliciales	Caliciaceae	Diploicia	canescens	diploicia	canescens	Diploicia canescens	species	144695	NULL	NULL	NULL	NULL	N/A	N/A	2026-06-19 10:03:02	2026-06-19 10:03:04
1082	NULL	Firmicutes	Clostridia	Clostridiales	Ruminococcaceae	Eubacterium	desmolans	eubacterium	desmolans	Eubacterium desmolans	species	NULL	NULL	Obligate anaerobe	NULL	NULL	fermenter	N/A	2026-06-19 10:03:02	2026-06-19 10:03:02
1083	NULL	Cyanobacteria	NULL	Nostocales	Aphanizomenonaceae	Dolichospermum	flos-aquae	dolichospermum	flos-aquae	Dolichospermum flos-aquae	species	1166	NULL	NULL	NULL	NULL	N/A	N/A	2026-06-19 10:03:02	2026-06-19 10:03:05
1084	Eubacteria	Firmicutes	Clostridia	Clostridiales	Eubacteriaceae	Eubacterium	eligen	eubacterium	eligen	Eubacterium eligen	species	39485	Negative	Anaerobe	NULL	NULL	fermenter	N/A	2026-06-19 10:03:02	2026-06-19 10:03:04
1085	Eubacteria	Firmicutes	Clostridia	Clostridiales	Lachnospiraceae	Dorea	longicatena	dorea	longicatena	Dorea longicatena	species	411462	Positive	Anaerobe	NULL	NULL	fermenter	carbohydrates	2026-06-19 10:03:02	2026-06-19 10:03:04
1086	NULL	Firmicutes	Clostridia	Clostridiales	Eubacteriaceae	Eubacterium	hallii	eubacterium	hallii	Eubacterium hallii	species	NULL	NULL	Obligate anaerobe	NULL	NULL	fermenter	carbohydrates	2026-06-19 10:03:02	2026-06-19 10:03:02
1087	Eubacteria	Firmicutes	Clostridia	Clostridiales	Eubacteriaceae	Eubacterium	limosum	eubacterium	limosum	Eubacterium limosum	species	1736	Positive	Anaerobe	NULL	NULL	fermenter	N/A	2026-06-19 10:03:02	2026-06-19 10:03:04
1088	Eubacteria	Bacteroidetes	Cytophagia	Cytophagales	Cytophagaceae	Dyadobacter	beijingensis	dyadobacter	beijingensis	Dyadobacter beijingensis	species	1121482	Negative	Aerobe	NULL	NULL	fermenter	carbohydrates	2026-06-19 10:03:02	2026-06-19 10:03:05
1089	Eubacteria	Firmicutes	Clostridia	Clostridiales	Eubacteriaceae	Eubacterium	ramulus	eubacterium	ramulus	Eubacterium ramulus	species	1256908	Positive	Anaerobe	NULL	NULL	fermenter	carbohydrates	2026-06-19 10:03:02	2026-06-19 10:03:04
1090	Eubacteria	Bacteroidetes	Cytophagia	Cytophagales	Cytophagaceae	Dyadobacter	fermentans	dyadobacter	fermentans	Dyadobacter fermentans	species	471854	Negative	Aerobe	NULL	Chains - Pairs	respirator	organic_unspecified	2026-06-19 10:03:02	2026-06-19 10:03:04
1091	Eubacteria	Firmicutes	Clostridia	Clostridiales	Eubacteriaceae	Eubacterium	rectale	eubacterium	rectale	Eubacterium rectale	species	515619	Positive	Anaerobe	NULL	Nonsporulating	fermenter	N/A	2026-06-19 10:03:02	2026-06-19 10:03:04
1092	NULL	Platyhelminthes	Trematoda	Plagiorchiida	Echinostomatidae	Echinostoma	caproni	echinostoma	caproni	Echinostoma caproni	species	27848	NULL	NULL	NULL	NULL	N/A	N/A	2026-06-19 10:03:02	2026-06-19 10:03:05
1093	Eubacteria	Firmicutes	Clostridia	Clostridiales	Clostridiales Incertae Sedis XIII	Eubacterium	saphenum	eubacterium	saphenum	Eubacterium saphenum	species	592031	Positive	Anaerobe	NULL	NULL	fermenter	carbohydrates	2026-06-19 10:03:02	2026-06-19 10:03:05
1094	Eubacteria	Proteobacteria	Gammaproteobacteria	Enterobacteriales	Enterobacteriaceae	Edwardsiella	tarda	edwardsiella	tarda	Edwardsiella tarda	species	500638	Negative	Facultative anaerobe	NULL	Nonsporulating	mixed	carbohydrates	2026-06-19 10:03:02	2026-06-19 10:03:04
1095	Eubacteria	Firmicutes	Clostridia	Clostridiales	Clostridiales Incertae Sedis XIII	Eubacterium	sulci	eubacterium	sulci	Eubacterium sulci	species	888727	Positive	Anaerobe	NULL	NULL	fermenter	carbohydrates	2026-06-19 10:03:02	2026-06-19 10:03:05
1096	NULL	Actinobacteria	Coriobacteriia	Eggerthellales	Eggerthellaceae	Eggerthella	sp. 1_3_56faa	eggerthella	sp. 1_3_56faa	Eggerthella sp. 1_3_56faa	species	665943	Positive	Nanaerobe	NULL	NULL	fermenter	carbohydrates	2026-06-19 10:03:02	2026-06-19 10:03:05
1097	Eubacteria	Firmicutes	Clostridia	Clostridiales	Eubacteriaceae	Eubacterium	ventriosum	eubacterium	ventriosum	Eubacterium ventriosum	species	39496	Positive	Anaerobe	NULL	NULL	fermenter	carbohydrates	2026-06-19 10:03:02	2026-06-19 10:03:04
1098	Eubacteria	Actinobacteria	Actinobacteria	Coriobacteriales	Coriobacteriaceae	Eggerthella	sp. yy7918	eggerthella	sp. yy7918	Eggerthella sp. yy7918	species	502558	Positive	Nanaerobe	NULL	NULL	fermenter	N/A	2026-06-19 10:03:02	2026-06-19 10:03:04
1099	Fungi	Ascomycota	Sordariomycetes	Xylariales	Diatrypaceae	Eutypa	lata	eutypa	lata	Eutypa lata	species	97096	NULL	Aerobe	NULL	Sporulating	fermenter	complex_carbs_fiber	2026-06-19 10:03:02	2026-06-19 10:03:04
1100	Eubacteria	Firmicutes	Bacilli	Bacillales	Bacillales Incertae Sedis XII	Exiguobacterium	aurantiacum	exiguobacterium	aurantiacum	Exiguobacterium aurantiacum	species	1397694	Positive	Facultative anaerobe	NULL	NULL	mixed	carbohydrates	2026-06-19 10:03:02	2026-06-19 10:03:05
1101	NULL	Actinobacteria	Coriobacteriia	Eggerthellales	Eggerthellaceae	Eggerthella		eggerthella		Eggerthella	genus	NULL	NULL	Nanaerobe	NULL	NULL	fermenter	N/A	2026-06-19 10:03:02	2026-06-19 10:03:02
1102	Fungi	Ascomycota	Eurotiomycetes	Chaetothyriales	Herpotrichiellaceae	Exophiala	dermatitidis	exophiala	dermatitidis	Exophiala dermatitidis	species	5970	Positive	Aerobic	NULL	Sporulating (ascospores); reproduction also by budding	respirator	organic_unspecified	2026-06-19 10:03:02	2026-06-19 10:03:04
1103	Fungi	Ascomycota	Eurotiomycetes	Chaetothyriales	Herpotrichiellaceae	Exophiala	mesophila	exophiala	mesophila	Exophiala mesophila	species	212818	Positive	Aerobic	NULL	Sporulating (ascospores); reproduction also by budding	fermenter	complex_carbs_fiber	2026-06-19 10:03:02	2026-06-19 10:03:04
1104	Eubacteria	Firmicutes	Erysipelotrichia	Erysipelotrichales	Erysipelotrichaceae	Eggerthia	catenaformis	eggerthia	catenaformis	Eggerthia catenaformis	species	31973	Positive	Anaerobe	NULL	NULL	fermenter	carbohydrates	2026-06-19 10:03:02	2026-06-19 10:03:05
1105	Fungi	Ascomycota	Eurotiomycetes	Chaetothyriales	Herpotrichiellaceae	Exophiala	oligosperma	exophiala	oligosperma	Exophiala oligosperma	species	215243	Positive	Aerobic	NULL	Sporulating (ascospores); reproduction also by budding	fermenter	complex_carbs_fiber	2026-06-19 10:03:02	2026-06-19 10:03:04
1106	Eubacteria	Proteobacteria	Alphaproteobacteria	Rickettsiales	Anaplasmataceae	Ehrlichia	canis	ehrlichia	canis	Ehrlichia canis	species	944	Negative	Aerobe	NULL	NULL	respirator	N/A	2026-06-19 10:03:02	2026-06-19 10:03:05
1107	Fungi	Ascomycota	Eurotiomycetes	Chaetothyriales	Herpotrichiellaceae	Exophiala	pisciphila	exophiala	pisciphila	Exophiala pisciphila	species	86051	Positive	Aerobic	NULL	Sporulating (ascospores); reproduction also by budding	respirator	organic_unspecified	2026-06-19 10:03:02	2026-06-19 10:03:04
1108	Fungi	Ascomycota	Eurotiomycetes	Chaetothyriales	Herpotrichiellaceae	Exophiala	spinifera	exophiala	spinifera	Exophiala spinifera	species	91928	Positive	Aerobic	NULL	Sporulating (ascospores); reproduction also by budding	fermenter	complex_carbs_fiber	2026-06-19 10:03:02	2026-06-19 10:03:04
1109	Fungi	Ascomycota	Eurotiomycetes	Chaetothyriales	Herpotrichiellaceae	Exophiala	xenobiotica	exophiala	xenobiotica	Exophiala xenobiotica	species	348802	Positive	Aerobic	NULL	Sporulating (ascospores); reproduction also by budding	fermenter	complex_carbs_fiber	2026-06-19 10:03:02	2026-06-19 10:03:04
1110	Bacillati	Bacillota	Clostridia	Oscillospirales	Ruminococcaceae	Faecalibacterium	faecis	faecalibacterium	faecis	Faecalibacterium faecis	species	3133157	Positive	Anaerobic	NULL	NULL	fermenter	carbohydrates	2026-06-19 10:03:02	2026-06-19 10:03:05
1111	Eubacteria	Fusobacteria	Fusobacteriia	Fusobacteriales	Fusobacteriaceae	Fusobacterium	mortiferum	fusobacterium	mortiferum	Fusobacterium mortiferum	species	469616	Negative	Anaerobe	NULL	NULL	fermenter	carbohydrates	2026-06-19 10:03:02	2026-06-19 10:03:04
1112	Bacillati	Bacillota	Clostridia	Oscillospirales	Ruminococcaceae	Faecalibacterium	intestinale	faecalibacterium	intestinale	Faecalibacterium intestinale	species	3133155	Positive	Anaerobic	NULL	NULL	fermenter	carbohydrates	2026-06-19 10:03:02	2026-06-19 10:03:05
1113	Eubacteria	Fusobacteria	Fusobacteriia	Fusobacteriales	Fusobacteriaceae	Fusobacterium	necrophorum	fusobacterium	necrophorum	Fusobacterium necrophorum	species	556263	Negative	Anaerobe	NULL	NULL	fermenter	carbohydrates	2026-06-19 10:03:02	2026-06-19 10:03:04
1114	Bacillati	Bacillota	Clostridia	Oscillospirales	Ruminococcaceae	Faecalibacterium	tardum	faecalibacterium	tardum	Faecalibacterium tardum	species	3133156	Positive	Anaerobic	NULL	NULL	fermenter	carbohydrates	2026-06-19 10:03:02	2026-06-19 10:03:05
1115	Eubacteria	Fusobacteria	Fusobacteria	Fusobacteriales	Fusobacteriaceae	Fusobacterium	nucleatum	fusobacterium	nucleatum	Fusobacterium nucleatum	species	190304	Negative	Anaerobe	NULL	Nonsporulating	fermenter	carbohydrates	2026-06-19 10:03:02	2026-06-19 10:03:04
1116	Eubacteria	Firmicutes	Erysipelotrichia	Erysipelotrichales	Erysipelotrichaceae	Faecalicoccus	pleomorphus	faecalicoccus	pleomorphus	Faecalicoccus pleomorphus	species	1323	NULL	NULL	NULL	NULL	N/A	N/A	2026-06-19 10:03:02	2026-06-19 10:03:05
1117	Eubacteria	Fusobacteria	Fusobacteriia	Fusobacteriales	Fusobacteriaceae	Fusobacterium	periodonticum	fusobacterium	periodonticum	Fusobacterium periodonticum	species	469599	Negative	Anaerobe	NULL	NULL	fermenter	carbohydrates	2026-06-19 10:03:02	2026-06-19 10:03:04
1118	Eubacteria	Firmicutes	Erysipelotrichia	Erysipelotrichales	Erysipelotrichaceae	Faecalitalea	cylindroides	faecalitalea	cylindroides	Faecalitalea cylindroides	species	39483	Positive	Obligate anaerobe	NULL	NULL	fermenter	carbohydrates	2026-06-19 10:03:02	2026-06-19 10:03:04
1119	Eubacteria	Fusobacteria	Fusobacteriia	Fusobacteriales	Fusobacteriaceae	Fusobacterium	russii	fusobacterium	russii	Fusobacterium russii	species	1278306	Negative	Microaerophile	NULL	NULL	fermenter	amino_acids_proteins	2026-06-19 10:03:02	2026-06-19 10:03:04
1120	Bacillati	Bacillota	Clostridia	Oscillospirales	Ruminococcaceae	Faecousia	intestinalis	faecousia	intestinalis	Faecousia intestinalis	species	3133167	Positive	Anaerobic	NULL	NULL	fermenter	carbohydrates	2026-06-19 10:03:02	2026-06-19 10:03:05
1121	Eubacteria	Fusobacteria	Fusobacteriia	Fusobacteriales	Fusobacteriaceae	Fusobacterium	ulcerans	fusobacterium	ulcerans	Fusobacterium ulcerans	species	469617	Negative	Anaerobe	NULL	NULL	fermenter	carbohydrates	2026-06-19 10:03:02	2026-06-19 10:03:04
1122	NULL	Actinobacteria	Actinobacteria	Actinomycetales	Actinomycetaceae	Fannyhessea	vaginae	fannyhessea	vaginae	Fannyhessea vaginae	species	NULL	NULL	NULL	NULL	NULL	N/A	N/A	2026-06-19 10:03:02	2026-06-19 10:03:02
1123	Eubacteria	Fusobacteria	Fusobacteriia	Fusobacteriales	Fusobacteriaceae	Fusobacterium	varium	fusobacterium	varium	Fusobacterium varium	species	469618	Negative	Anaerobe	NULL	NULL	fermenter	carbohydrates	2026-06-19 10:03:02	2026-06-19 10:03:04
1124	Eubacteria	Firmicutes	Clostridia	Clostridiales	Peptostreptococcaceae	Filifactor	alocis	filifactor	alocis	Filifactor alocis	species	143361	Negative	Anaerobe	NULL	NULL	fermenter	N/A	2026-06-19 10:03:02	2026-06-19 10:03:04
1125	Eubacteria	Actinobacteria	Actinobacteria	Bifidobacteriales	Bifidobacteriaceae	Gardnerella	vaginalis	gardnerella	vaginalis	Gardnerella vaginalis	species	2702	NULL	Anaerobic	NULL	NULL	fermenter	N/A	2026-06-19 10:03:02	2026-06-19 10:03:04
1126	Fungi	Basidiomycota	Tremellomycetes	Filobasidiales	Filobasidiaceae	Filobasidium	stepposum	filobasidium	stepposum	Filobasidium stepposum	species	350811	NULL	Aerobe	NULL	Sporulating (basidiospores)/reproduction by budding	respirator	organic_unspecified	2026-06-19 10:03:02	2026-06-19 10:03:04
1127	Eubacteria	Firmicutes	Bacilli	Bacillales	NULL	Gemella	bergeri	gemella	bergeri	Gemella bergeri	species	84136	NULL	NULL	NULL	NULL	N/A	N/A	2026-06-19 10:03:02	2026-06-19 10:03:04
1128	Eubacteria	Firmicutes	Tissierellia	Tissierellales	Peptoniphilaceae	Finegoldia	magna	finegoldia	magna	Finegoldia magna	species	1260	Positive	Anaerobe	NULL	NULL	fermenter	N/A	2026-06-19 10:03:02	2026-06-19 10:03:04
1129	Eubacteria	Firmicutes	Bacilli	Bacillales	Bacillales Incertae Sedis XI	Gemella	haemolysans	gemella	haemolysans	Gemella haemolysans	species	1379	Positive	Facultative anaerobe	NULL	NULL	mixed	carbohydrates	2026-06-19 10:03:02	2026-06-19 10:03:04
1130	Eubacteria	Firmicutes	Bacilli	Bacillales	Bacillales Incertae Sedis XI	Gemella	morbillorum	gemella	morbillorum	Gemella morbillorum	species	29391	Positive	Facultative anaerobe	NULL	NULL	mixed	carbohydrates	2026-06-19 10:03:02	2026-06-19 10:03:04
1131	Eubacteria	Firmicutes	Bacilli	Bacillales	Bacillales Incertae Sedis XI	Gemella	sanguinis	gemella	sanguinis	Gemella sanguinis	species	1408440	Positive	Facultative anaerobe	NULL	NULL	mixed	carbohydrates	2026-06-19 10:03:02	2026-06-19 10:03:04
1132	NULL	Cyanobacteria	NULL	Nostocales	Hapalosiphonaceae	Fischerella	ambigua	fischerella	ambigua	Fischerella ambigua	species	230521	NULL	NULL	NULL	NULL	N/A	N/A	2026-06-19 10:03:02	2026-06-19 10:03:05
1133	Eubacteria	Firmicutes	Bacilli	Bacillales	Bacillaceae	Geobacillus	stearothermophilus	geobacillus	stearothermophilus	Geobacillus stearothermophilus	species	1422	Variable	Aerobe	NULL	NULL	mixed	carbohydrates	2026-06-19 10:03:02	2026-06-19 10:03:05
1134	Eubacteria	Bacteroidetes	Flavobacteriia	Flavobacteriales	Flavobacteriaceae	Flavobacterium	johnsoniae	flavobacterium	johnsoniae	Flavobacterium johnsoniae	species	986	Negative	Aerobe	NULL	Nonsporulating	respirator	N/A	2026-06-19 10:03:02	2026-06-19 10:03:04
1135	Eubacteria	Firmicutes	Bacilli	Bacillales	Bacillaceae	Geobacillus	thermodenitrificans	geobacillus	thermodenitrificans	Geobacillus thermodenitrificans	species	33940	Positive	Facultative aerobe	NULL	Sporulating	mixed	organic_unspecified	2026-06-19 10:03:02	2026-06-19 10:03:04
1136	Bacillati	Bacillota	Clostridia	Oscillospirales	Ruminococcaceae	Flavonifractor	hominis	flavonifractor	hominis	Flavonifractor hominis	species	3133178	Positive	Anaerobic	NULL	NULL	fermenter	carbohydrates	2026-06-19 10:03:02	2026-06-19 10:03:05
1137	Eubacteria	Firmicutes	Bacilli	Bacillales	Bacillaceae	Geobacillus	vulcani	geobacillus	vulcani	Geobacillus vulcani	species	135517	Positive	Aerobe	NULL	NULL	mixed	carbohydrates	2026-06-19 10:03:02	2026-06-19 10:03:05
1138	Eubacteria	Firmicutes	Clostridia	Clostridiales	Ruminococcaceae	Flavonifractor	plautii	flavonifractor	plautii	Flavonifractor plautii	species	292800	Positive	Facultative anaerobe	NULL	NULL	mixed	carbohydrates	2026-06-19 10:03:02	2026-06-19 10:03:04
1139	Eubacteria	Proteobacteria	Deltaproteobacteria	Desulfuromonadales	Geobacteraceae	Geobacter	bemidjiensis	geobacter	bemidjiensis	Geobacter bemidjiensis	species	225194	Negative	Anaerobe	NULL	Singles	fermenter	inorganic	2026-06-19 10:03:02	2026-06-19 10:03:04
1140	Fungi	Ascomycota	Eurotiomycetes	Chaetothyriales	Herpotrichiellaceae	Fonsecaea	erecta	fonsecaea	erecta	Fonsecaea erecta	species	1367422	NULL	Aerobe	NULL	Sporulating	respirator	amino_acids_proteins	2026-06-19 10:03:02	2026-06-19 10:03:04
1141	Eubacteria	Proteobacteria	Deltaproteobacteria	Desulfuromonadales	Geobacteraceae	Geobacter	metallireducens	geobacter	metallireducens	Geobacter metallireducens	species	28232	Negative	Anaerobe	NULL	Singles	fermenter	inorganic	2026-06-19 10:03:02	2026-06-19 10:03:04
1142	Eubacteria	Proteobacteria	Gammaproteobacteria	Thiotrichales	Francisellaceae	Francisella	tularensis	francisella	tularensis	Francisella tularensis	species	263	Negative	Aerobe	NULL	Singles	respirator	N/A	2026-06-19 10:03:02	2026-06-19 10:03:05
1143	Eubacteria	Proteobacteria	Deltaproteobacteria	Desulfuromonadales	Geobacteraceae	Geobacter	sulfurreducens	geobacter	sulfurreducens	Geobacter sulfurreducens	species	35554	Negative	Anaerobe	NULL	NULL	fermenter	N/A	2026-06-19 10:03:02	2026-06-19 10:03:04
1144	Eubacteria	Actinobacteria	Actinobacteria	Frankiales	Frankiaceae	Frankia	alni	frankia	alni	Frankia alni	species	1859	NULL	NULL	NULL	NULL	N/A	N/A	2026-06-19 10:03:02	2026-06-19 10:03:05
1145	NULL	Actinobacteria	Actinobacteria	Geodermatophilales	Geodermatophilaceae	Geodermatophilus		geodermatophilus		Geodermatophilus	genus	NULL	NULL	NULL	NULL	NULL	N/A	N/A	2026-06-19 10:03:02	2026-06-19 10:03:02
1146	Fungi	Ascomycota	Sordariomycetes	Hypocreales	Nectriaceae	Fusarium	acuminatum	fusarium	acuminatum	Fusarium acuminatum	species	5515	Positive	Aerobic	NULL	Sporulating (ascospores); reproduction also by budding	respirator	organic_unspecified	2026-06-19 10:03:02	2026-06-19 10:03:04
1147	Fungi	Ascomycota	Saccharomycetes	Saccharomycetales	Dipodascaceae	Geotrichum	candidum	geotrichum	candidum	Geotrichum candidum	species	1173061	NULL	Aerobe/facultative anaerobe	NULL	Sporulating	mixed	amino_acids_proteins	2026-06-19 10:03:02	2026-06-19 10:03:04
1148	Fungi	Ascomycota	Sordariomycetes	Hypocreales	Nectriaceae	Fusarium	babinda	fusarium	babinda	Fusarium babinda	species	48486	Positive	Aerobic	NULL	Sporulating (ascospores); reproduction also by budding	fermenter	complex_carbs_fiber	2026-06-19 10:03:02	2026-06-19 10:03:04
1149	Fungi	Ascomycota	Leotiomycetes	Helotiales	Helotiaceae	Glarea	lozoyensis	glarea	lozoyensis	Glarea lozoyensis	species	101852	NULL	Aerobe	NULL	Sporulating	fermenter	complex_carbs_fiber	2026-06-19 10:03:02	2026-06-19 10:03:04
1150	Fungi	Ascomycota	Sordariomycetes	Hypocreales	Nectriaceae	Fusarium	chlamydosporum	fusarium	chlamydosporum	Fusarium chlamydosporum	species	86545	Positive	Aerobic	NULL	Sporulating (ascospores); reproduction also by budding	respirator	organic_unspecified	2026-06-19 10:03:02	2026-06-19 10:03:04
1151	Eubacteria	Actinobacteria	Actinobacteria	Actinomycetales	Actinomycetaceae	Gleimia	coleocanis	gleimia	coleocanis	Gleimia coleocanis	species	103618	NULL	NULL	NULL	NULL	N/A	N/A	2026-06-19 10:03:02	2026-06-19 10:03:04
1152	Fungi	Ascomycota	Sordariomycetes	Hypocreales	Nectriaceae	Fusarium	compactum	fusarium	compactum	Fusarium compactum	species	867872	Positive	Aerobic	NULL	Sporulating (ascospores); reproduction also by budding	respirator	organic_unspecified	2026-06-19 10:03:02	2026-06-19 10:03:04
1153	Fungi	Basidiomycota	Agaricomycetes	Gloeophyllales	Gloeophyllaceae	Gloeophyllum	trabeum	gloeophyllum	trabeum	Gloeophyllum trabeum	species	104355	NULL	Aerobe/facultative anaerobe	NULL	Sporulating (basidiospores)/reproduction by budding	mixed	complex_carbs_fiber	2026-06-19 10:03:02	2026-06-19 10:03:04
1154	Fungi	Ascomycota	Sordariomycetes	Hypocreales	Nectriaceae	Fusarium	culmorum	fusarium	culmorum	Fusarium culmorum	species	5516	Positive	Aerobic	NULL	Sporulating (ascospores); reproduction also by budding	fermenter	complex_carbs_fiber	2026-06-19 10:03:02	2026-06-19 10:03:04
1155	Eubacteria	Proteobacteria	Alphaproteobacteria	Rhodospirillales	Acetobacteraceae	Gluconobacter	oxydans	gluconobacter	oxydans	Gluconobacter oxydans	species	442	Negative	Aerobe	NULL	NULL	respirator	N/A	2026-06-19 10:03:02	2026-06-19 10:03:04
1156	Fungi	Ascomycota	Sordariomycetes	Hypocreales	Nectriaceae	Fusarium	fujikuroi	fusarium	fujikuroi	Fusarium fujikuroi	species	5127	Positive	Aerobic	NULL	Sporulating (ascospores); reproduction also by budding	fermenter	complex_carbs_fiber	2026-06-19 10:03:02	2026-06-19 10:03:04
1157	Fungi	Chytridiomycota	Monoblepharidomycetes	Monoblepharidales	Gonapodyaceae	Gonapodya	prolifera	gonapodya	prolifera	Gonapodya prolifera	species	1123529	Positive	Aerobic	NULL	Sporulating	fermenter	complex_carbs_fiber	2026-06-19 10:03:02	2026-06-19 10:03:04
1158	Fungi	Ascomycota	Sordariomycetes	Hypocreales	Nectriaceae	Fusarium	graminearum	fusarium	graminearum	Fusarium graminearum	species	5518	Positive	Aerobic	NULL	Sporulating (ascospores); reproduction also by budding	fermenter	complex_carbs_fiber	2026-06-19 10:03:02	2026-06-19 10:03:04
1159	Eubacteria	Actinobacteria	Actinobacteria	Corynebacteriales	Gordoniaceae	Gordonia	rubripertincta	gordonia	rubripertincta	Gordonia rubripertincta	species	1077975	Positive	Aerobe	NULL	NULL	fermenter	carbohydrates	2026-06-19 10:03:02	2026-06-19 10:03:05
1160	Eubacteria	Actinobacteria	Actinobacteria	Corynebacteriales	Gordoniaceae	Gordonia	terrae	gordonia	terrae	Gordonia terrae	species	1089454	Positive	Aerobe	NULL	NULL	fermenter	carbohydrates	2026-06-19 10:03:02	2026-06-19 10:03:05
1161	Eubacteria	Actinobacteria	Coriobacteriia	Eggerthellales	Eggerthellaceae	Gordonibacter	pamelaeae	gordonibacter	pamelaeae	Gordonibacter pamelaeae	species	471189	Positive	Anaerobe	NULL	NULL	fermenter	N/A	2026-06-19 10:03:02	2026-06-19 10:03:04
1162	Fungi	Ascomycota	Sordariomycetes	Hypocreales	Nectriaceae	Fusarium	haematococcum	fusarium	haematococcum	Fusarium haematococcum	species	984957	Positive	Aerobic	NULL	Sporulating (ascospores); reproduction also by budding	respirator	organic_unspecified	2026-06-19 10:03:02	2026-06-19 10:03:04
1163	Fungi	Ascomycota	Sordariomycetes	Hypocreales	Nectriaceae	Fusarium	incarnatum	fusarium	incarnatum	Fusarium incarnatum	species	298378	Positive	Aerobic	NULL	Sporulating (ascospores); reproduction also by budding	respirator	organic_unspecified	2026-06-19 10:03:02	2026-06-19 10:03:04
1164	Eubacteria	Proteobacteria	Alphaproteobacteria	Rhodospirillales	Acetobacteraceae	Granulibacter	bethesdensis	granulibacter	bethesdensis	Granulibacter bethesdensis	species	364410	Negative	NULL	NULL	NULL	N/A	N/A	2026-06-19 10:03:02	2026-06-19 10:03:04
1165	Fungi	Ascomycota	Sordariomycetes	Hypocreales	Nectriaceae	Fusarium	lateritium	fusarium	lateritium	Fusarium lateritium	species	5523	Positive	Aerobic	NULL	Sporulating (ascospores); reproduction also by budding	respirator	organic_unspecified	2026-06-19 10:03:02	2026-06-19 10:03:04
1166	Eubacteria	Firmicutes	Bacilli	Lactobacillales	Carnobacteriaceae	Granulicatella	adiacens	granulicatella	adiacens	Granulicatella adiacens	species	46124	Positive	Facultative anaerobe	NULL	NULL	mixed	carbohydrates	2026-06-19 10:03:02	2026-06-19 10:03:04
1167	Fungi	Ascomycota	Sordariomycetes	Hypocreales	Nectriaceae	Fusarium	oxysporum	fusarium	oxysporum	Fusarium oxysporum	species	5507	Positive	Aerobic	NULL	Sporulating (ascospores); reproduction also by budding	fermenter	complex_carbs_fiber	2026-06-19 10:03:02	2026-06-19 10:03:04
1168	Fungi	Ascomycota	Sordariomycetes	Hypocreales	Nectriaceae	Fusarium	proliferatum	fusarium	proliferatum	Fusarium proliferatum	species	948311	Positive	Aerobic	NULL	Sporulating (ascospores); reproduction also by budding	fermenter	complex_carbs_fiber	2026-06-19 10:03:02	2026-06-19 10:03:04
1169	Fungi	Ascomycota	Sordariomycetes	Hypocreales	Nectriaceae	Fusarium	pseudograminearum	fusarium	pseudograminearum	Fusarium pseudograminearum	species	101028	Positive	Aerobic	NULL	Sporulating (ascospores); reproduction also by budding	fermenter	complex_carbs_fiber	2026-06-19 10:03:02	2026-06-19 10:03:04
1170	Fungi	Ascomycota	Sordariomycetes	Hypocreales	Nectriaceae	Fusarium	solani	fusarium	solani	Fusarium solani	species	169388	Positive	Aerobic	NULL	Sporulating (ascospores); reproduction also by budding	respirator	organic_unspecified	2026-06-19 10:03:02	2026-06-19 10:03:04
1171	Fungi	Ascomycota	Sordariomycetes	Hypocreales	Nectriaceae	Fusarium	sp. f31	fusarium	sp. f31	Fusarium sp. f31	species	261717	Positive	Aerobic	NULL	Sporulating (ascospores); reproduction also by budding	respirator	organic_unspecified	2026-06-19 10:03:02	2026-06-19 10:03:04
1172	Fungi	Ascomycota	Sordariomycetes	Hypocreales	Nectriaceae	Fusarium	sporotrichioides	fusarium	sporotrichioides	Fusarium sporotrichioides	species	5514	Positive	Aerobic	NULL	Sporulating (ascospores); reproduction also by budding	respirator	organic_unspecified	2026-06-19 10:03:02	2026-06-19 10:03:04
1173	Eubacteria	Firmicutes	Bacilli	Lactobacillales	Carnobacteriaceae	Granulicatella	elegans	granulicatella	elegans	Granulicatella elegans	species	137732	Positive	Facultative anaerobe	NULL	NULL	mixed	carbohydrates	2026-06-19 10:03:02	2026-06-19 10:03:05
1174	Fungi	Ascomycota	Sordariomycetes	Hypocreales	Nectriaceae	Fusarium	tricinctum	fusarium	tricinctum	Fusarium tricinctum	species	61284	Positive	Aerobic	NULL	Sporulating (ascospores); reproduction also by budding	respirator	organic_unspecified	2026-06-19 10:03:02	2026-06-19 10:03:04
1175	Eubacteria	Proteobacteria	Gammaproteobacteria	Vibrionales	Vibrionaceae	Grimontia	hollisae	grimontia	hollisae	Grimontia hollisae	species	673	Negative	Facultative anaerobe	NULL	NULL	mixed	N/A	2026-06-19 10:03:02	2026-06-19 10:03:05
1176	Fungi	Ascomycota	Sordariomycetes	Hypocreales	Nectriaceae	Fusarium	verticillioides	fusarium	verticillioides	Fusarium verticillioides	species	117187	Positive	Aerobic	NULL	Sporulating (ascospores); reproduction also by budding	fermenter	complex_carbs_fiber	2026-06-19 10:03:02	2026-06-19 10:03:04
1177	Eubacteria	Proteobacteria	Gammaproteobacteria	Pasteurellales	Pasteurellaceae	Haemophilus	aegyptius	haemophilus	aegyptius	Haemophilus aegyptius	species	197575	NULL	NULL	NULL	NULL	N/A	N/A	2026-06-19 10:03:02	2026-06-19 10:03:05
1178	Eubacteria	Fusobacteria	Fusobacteriia	Fusobacteriales	Fusobacteriaceae	Fusobacterium	gonidiaformans	fusobacterium	gonidiaformans	Fusobacterium gonidiaformans	species	469605	Negative	Anaerobe	NULL	NULL	fermenter	carbohydrates	2026-06-19 10:03:02	2026-06-19 10:03:04
1179	Eubacteria	Proteobacteria	Gammaproteobacteria	Pasteurellales	Pasteurellaceae	Haemophilus	haemolyticus	haemophilus	haemolyticus	Haemophilus haemolyticus	species	1028803	Negative	Facultative anaerobe	NULL	NULL	mixed	carbohydrates	2026-06-19 10:03:02	2026-06-19 10:03:05
1180	Eubacteria	Proteobacteria	Gammaproteobacteria	Pasteurellales	Pasteurellaceae	Haemophilus	sputorum	haemophilus	sputorum	Haemophilus sputorum	species	1035839	Negative	Aerobe	NULL	NULL	respirator	N/A	2026-06-19 10:03:02	2026-06-19 10:03:05
1181	NULL	Proteobacteria	Gammaproteobacteria	Enterobacteriales	Enterobacteriaceae	Hafnia	pneumoniae	hafnia	pneumoniae	Hafnia pneumoniae	species	NULL	NULL	Facultative anaerobe	NULL	NULL	mixed	N/A	2026-06-19 10:03:02	2026-06-19 10:03:02
1182	Eubacteria	Firmicutes	Clostridia	Halanaerobiales	Halanaerobiaceae	Halanaerobium	saccharolyticum	halanaerobium	saccharolyticum	Halanaerobium saccharolyticum	species	43595	NULL	NULL	NULL	NULL	N/A	N/A	2026-06-19 10:03:02	2026-06-19 10:03:04
1183	NULL	Euryarchaeota	Halobacteria	Halobacteriales	Haloarculaceae	Haloarcula	marismortui	haloarcula	marismortui	Haloarcula marismortui	species	2238	NULL	Aerobe	NULL	Singles	respirator	organic_unspecified	2026-06-19 10:03:02	2026-06-19 10:03:04
1184	Eubacteria	Firmicutes	Clostridia	Clostridiales	Lachnospiraceae	Lachnobacterium	bovis	lachnobacterium	bovis	Lachnobacterium bovis	species	140626	NULL	NULL	NULL	NULL	N/A	N/A	2026-06-19 10:03:02	2026-06-19 10:03:04
1185	NULL	Euryarchaeota	Halobacteria	Halobacteriales	Halobacteriaceae	Halobacterium	salinarum	halobacterium	salinarum	Halobacterium salinarum	species	2242	NULL	Anaerobe	NULL	Nonsporulating	fermenter	organic_unspecified	2026-06-19 10:03:02	2026-06-19 10:03:04
1186	NULL	Firmicutes	Clostridia	Clostridiales	Lachnospiraceae	Lachnoclostridium	asparagiformis	lachnoclostridium	asparagiformis	Lachnoclostridium asparagiformis	species	NULL	NULL	Anaerobe	NULL	NULL	fermenter	N/A	2026-06-19 10:03:02	2026-06-19 10:03:02
1187	NULL	Euryarchaeota	Halobacteria	Halobacteriales	Halobacteriaceae	Halococcus	morrhuae	halococcus	morrhuae	Halococcus morrhuae	species	2250	Negative	Aerobe	NULL	NULL	fermenter	carbohydrates	2026-06-19 10:03:02	2026-06-19 10:03:05
1188	NULL	Firmicutes	Clostridia	Clostridiales	Lachnospiraceae	Lachnoclostridium	bolteae	lachnoclostridium	bolteae	Lachnoclostridium bolteae	species	NULL	NULL	Anaerobe	NULL	NULL	fermenter	carbohydrates	2026-06-19 10:03:02	2026-06-19 10:03:02
1189	NULL	Euryarchaeota	Halobacteria	Haloferacales	Haloferacaceae	Haloferax	volcanii	haloferax	volcanii	Haloferax volcanii	species	2246	NULL	Aerobe	NULL	Nonsporulating	respirator	organic_unspecified	2026-06-19 10:03:02	2026-06-19 10:03:04
1190	NULL	Firmicutes	Clostridia	Clostridiales	Lachnospiraceae	Lachnoclostridium	citroniae	lachnoclostridium	citroniae	Lachnoclostridium citroniae	species	NULL	NULL	Anaerobe	NULL	NULL	fermenter	carbohydrates	2026-06-19 10:03:02	2026-06-19 10:03:02
1191	NULL	Firmicutes	Clostridia	Clostridiales	Lachnospiraceae	Lachnoclostridium	clostridioformis	lachnoclostridium	clostridioformis	Lachnoclostridium clostridioformis	species	NULL	NULL	Anaerobe	NULL	NULL	fermenter	carbohydrates	2026-06-19 10:03:02	2026-06-19 10:03:02
1192	NULL	Firmicutes	Clostridia	Clostridiales	Lachnospiraceae	Lachnoclostridium	hylemonae	lachnoclostridium	hylemonae	Lachnoclostridium hylemonae	species	NULL	NULL	Anaerobe	NULL	NULL	fermenter	carbohydrates	2026-06-19 10:03:02	2026-06-19 10:03:02
1193	NULL	Firmicutes	Clostridia	Clostridiales	Lachnospiraceae	Lachnoclostridium	indolis	lachnoclostridium	indolis	Lachnoclostridium indolis	species	NULL	NULL	Anaerobe	NULL	NULL	fermenter	carbohydrates	2026-06-19 10:03:02	2026-06-19 10:03:02
1194	Fungi	Ascomycota	Saccharomycetes	Saccharomycetales	Saccharomycodaceae	Hanseniaspora	uvarum	hanseniaspora	uvarum	Hanseniaspora uvarum	species	29833	NULL	Aerobe/facultative anaerobe	NULL	Sporulating (ascospores)/reproduction by budding	mixed	organic_unspecified	2026-06-19 10:03:02	2026-06-19 10:03:04
1195	NULL	Firmicutes	Clostridia	Clostridiales	Lachnospiraceae	Lachnoclostridium	methoxybenzovorans	lachnoclostridium	methoxybenzovorans	Lachnoclostridium methoxybenzovorans	species	NULL	NULL	Anaerobe	NULL	NULL	fermenter	carbohydrates	2026-06-19 10:03:02	2026-06-19 10:03:02
1196	NULL	Cyanobacteria	NULL	Nostocales	Hapalosiphonaceae	Hapalosiphon	welwitschii	hapalosiphon	welwitschii	Hapalosiphon welwitschii	species	162986	NULL	NULL	NULL	NULL	N/A	N/A	2026-06-19 10:03:02	2026-06-19 10:03:05
1197	Eubacteria	Firmicutes	Clostridia	Clostridiales	Lachnospiraceae	Lachnoclostridium	phytofermentans	lachnoclostridium	phytofermentans	Lachnoclostridium phytofermentans	species	357809	Positive	Anaerobe	NULL	Sporulating	fermenter	organic_unspecified	2026-06-19 10:03:02	2026-06-19 10:03:04
1198	Eubacteria	Proteobacteria	Epsilonproteobacteria	Campylobacterales	Helicobacteraceae	Helicobacter	bilis	helicobacter	bilis	Helicobacter bilis	species	37372	Negative	Microaerophile	NULL	NULL	mixed	carbohydrates	2026-06-19 10:03:02	2026-06-19 10:03:04
1199	NULL	Firmicutes	Clostridia	Clostridiales	Lachnospiraceae	Lachnoclostridium	scindens	lachnoclostridium	scindens	Lachnoclostridium scindens	species	NULL	NULL	Aerotolerant	NULL	NULL	fermenter	carbohydrates	2026-06-19 10:03:02	2026-06-19 10:03:02
1200	Eubacteria	Proteobacteria	Epsilonproteobacteria	Campylobacterales	Helicobacteraceae	Helicobacter	canadensis	helicobacter	canadensis	Helicobacter canadensis	species	123841	Negative	Microaerophile	NULL	NULL	mixed	carbohydrates	2026-06-19 10:03:02	2026-06-19 10:03:04
1201	NULL	Firmicutes	Clostridia	Clostridiales	Lachnospiraceae	Lachnoclostridium	symbiosum	lachnoclostridium	symbiosum	Lachnoclostridium symbiosum	species	NULL	NULL	Anaerobe	NULL	NULL	fermenter	carbohydrates	2026-06-19 10:03:02	2026-06-19 10:03:02
1202	Eubacteria	Proteobacteria	Epsilonproteobacteria	Campylobacterales	Helicobacteraceae	Helicobacter	cinaedi	helicobacter	cinaedi	Helicobacter cinaedi	species	213	Negative	Microaerophile	NULL	NULL	mixed	carbohydrates	2026-06-19 10:03:02	2026-06-19 10:03:04
1203	NULL	Firmicutes	Clostridia	Clostridiales	Lachnospiraceae	Lachnospira	eligens	lachnospira	eligens	Lachnospira eligens	species	NULL	NULL	Anaerobe	NULL	NULL	fermenter	N/A	2026-06-19 10:03:02	2026-06-19 10:03:02
1204	Bacillati	Bacillota	Clostridia	Lachnospirales	Lachnospiraceae	Lachnospira	hominis	lachnospira	hominis	Lachnospira hominis	species	3230259	Positive	Anaerobic	NULL	NULL	fermenter	carbohydrates	2026-06-19 10:03:02	2026-06-19 10:03:05
1205	Bacillati	Bacillota	Clostridia	Lachnospirales	Lachnospiraceae	Lachnospira	intestinalis	lachnospira	intestinalis	Lachnospira intestinalis	species	3133158	Positive	Anaerobic	NULL	NULL	fermenter	carbohydrates	2026-06-19 10:03:02	2026-06-19 10:03:05
1206	Eubacteria	Proteobacteria	Epsilonproteobacteria	Campylobacterales	Helicobacteraceae	Helicobacter	fennelliae	helicobacter	fennelliae	Helicobacter fennelliae	species	215	NULL	NULL	NULL	NULL	N/A	N/A	2026-06-19 10:03:02	2026-06-19 10:03:04
1207	Eubacteria	Firmicutes	Clostridia	Clostridiales	Lachnospiraceae	Lachnospira	multipara	lachnospira	multipara	Lachnospira multipara	species	1282887	Positive	Anaerobe	NULL	NULL	fermenter	carbohydrates	2026-06-19 10:03:02	2026-06-19 10:03:05
1208	Eubacteria	Proteobacteria	Epsilonproteobacteria	Campylobacterales	Helicobacteraceae	Helicobacter	winghamensis	helicobacter	winghamensis	Helicobacter winghamensis	species	157268	Negative	Microaerophile	NULL	NULL	mixed	carbohydrates	2026-06-19 10:03:02	2026-06-19 10:03:04
1209	Bacillati	Bacillota	Clostridia	Lachnospirales	Lachnospiraceae	Lachnospira	rogosae	lachnospira	rogosae	Lachnospira rogosae	species	706562	Positive	Anaerobic	NULL	NULL	fermenter	carbohydrates	2026-06-19 10:03:02	2026-06-19 10:03:05
1210	NULL	Proteobacteria	Betaproteobacteria	Burkholderiales	Oxalobacteraceae	Herbaspirillum		herbaspirillum		Herbaspirillum	genus	NULL	NULL	NULL	NULL	NULL	N/A	N/A	2026-06-19 10:03:02	2026-06-19 10:03:02
1211	Fungi	Ascomycota	Leotiomycetes	Helotiales	Lachnaceae	Lachnum	palmae	lachnum	palmae	Lachnum palmae	species	397619	NULL	NULL	NULL	NULL	N/A	N/A	2026-06-19 10:03:02	2026-06-19 10:03:04
1212	Fungi	Ascomycota	Laboulbeniomycetes	Laboulbeniales	Laboulbeniaceae	Hesperomyces	coleomegillae	hesperomyces	coleomegillae	Hesperomyces coleomegillae	species	1431700	NULL	Aerobe	NULL	Sporulating	respirator	organic_unspecified	2026-06-19 10:03:02	2026-06-19 10:03:04
1213	Eubacteria	Firmicutes	Clostridia	Clostridiales	Lachnospiraceae	Lacrimispora	indolis	lacrimispora	indolis	Lacrimispora indolis	species	69825	NULL	NULL	NULL	NULL	N/A	N/A	2026-06-19 10:03:02	2026-06-19 10:03:05
1214	Fungi	Basidiomycota	Agaricomycetes	Russulales	Bondarzewiaceae	Heterobasidion	irregulare	heterobasidion	irregulare	Heterobasidion irregulare	species	984962	NULL	Aerobe/facultative anaerobe	NULL	Sporulating (basidiospores)	mixed	complex_carbs_fiber	2026-06-19 10:03:02	2026-06-19 10:03:04
1215	Eubacteria	Firmicutes	Clostridia	Clostridiales	Lachnospiraceae	Lacrimispora	saccharolytica	lacrimispora	saccharolytica	Lacrimispora saccharolytica	species	610130	Negative	Anaerobic	NULL	Sporulating	fermenter	organic_unspecified	2026-06-19 10:03:02	2026-06-19 10:03:04
1216	Eubacteria	Firmicutes	Erysipelotrichia	Erysipelotrichales	Erysipelotrichaceae	Holdemanella	biformis	holdemanella	biformis	Holdemanella biformis	species	1735	Positive	Obligate anaerobe	NULL	NULL	fermenter	carbohydrates	2026-06-19 10:03:02	2026-06-19 10:03:04
1217	Fungi	Basidiomycota	Agaricomycetes	Russulales	Russulaceae	Lactarius	lignyotus	lactarius	lignyotus	Lactarius lignyotus	species	152938	NULL	NULL	NULL	NULL	N/A	N/A	2026-06-19 10:03:02	2026-06-19 10:03:04
1218	Eubacteria	Firmicutes	Erysipelotrichia	Erysipelotrichales	Erysipelotrichaceae	Holdemania	filiformis	holdemania	filiformis	Holdemania filiformis	species	545696	Positive	Anaerobe	NULL	NULL	fermenter	carbohydrates	2026-06-19 10:03:02	2026-06-19 10:03:04
1219	NULL	Firmicutes	Bacilli	Lactobacillales	Lactobacillaceae	Lactiplantibacillus	plantarum	lactiplantibacillus	plantarum	Lactiplantibacillus plantarum	species	NULL	NULL	Facultative anaerobe	NULL	NULL	mixed	carbohydrates	2026-06-19 10:03:02	2026-06-19 10:03:02
1220	Bacillati	Bacillota	Clostridia	Oscillospirales	Ruminococcaceae	Hominicola	intestinalis	hominicola	intestinalis	Hominicola intestinalis	species	2897707	Positive	Anaerobic	NULL	NULL	fermenter	carbohydrates	2026-06-19 10:03:02	2026-06-19 10:03:05
1221	Eubacteria	Firmicutes	Bacilli	Lactobacillales	Lactobacillaceae	Lactobacillus	acidophilus	lactobacillus	acidophilus	Lactobacillus acidophilus	species	1579	Positive	Facultative anaerobe	NULL	NULL	mixed	carbohydrates	2026-06-19 10:03:02	2026-06-19 10:03:04
1222	Bacillati	Bacillota	Clostridia	Lachnospirales	Lachnospiraceae	Hominiventricola	aquisgranensis	hominiventricola	aquisgranensis	Hominiventricola aquisgranensis	species	3133164	Positive	Anaerobic	NULL	NULL	fermenter	carbohydrates	2026-06-19 10:03:02	2026-06-19 10:03:05
1223	Eubacteria	Firmicutes	Bacilli	Lactobacillales	Lactobacillaceae	Lactobacillus	amylolyticus	lactobacillus	amylolyticus	Lactobacillus amylolyticus	species	585524	Positive	Facultative anaerobe	NULL	NULL	mixed	carbohydrates	2026-06-19 10:03:02	2026-06-19 10:03:04
1224	Eubacteria	Firmicutes	Bacilli	Lactobacillales	Lactobacillaceae	Lactobacillus	amylovorus	lactobacillus	amylovorus	Lactobacillus amylovorus	species	1604	Positive	Anaerobe	NULL	NULL	fermenter	N/A	2026-06-19 10:03:02	2026-06-19 10:03:04
1225	Fungi	Ascomycota	Sordariomycetes	Sordariales	Chaetomiaceae	Humicola	fuscoatra	humicola	fuscoatra	Humicola fuscoatra	species	112175	NULL	NULL	NULL	NULL	N/A	N/A	2026-06-19 10:03:02	2026-06-19 10:03:04
1226	Eubacteria	Firmicutes	Bacilli	Lactobacillales	Lactobacillaceae	Lactobacillus	animalis	lactobacillus	animalis	Lactobacillus animalis	species	1605	Positive	Facultative anaerobe	NULL	NULL	mixed	carbohydrates	2026-06-19 10:03:02	2026-06-19 10:03:04
1227	Eubacteria	Firmicutes	Clostridia	Clostridiales	Hungateiclostridiaceae	Hungateiclostridium	clariflavum	hungateiclostridium	clariflavum	Hungateiclostridium clariflavum	species	288965	NULL	NULL	NULL	NULL	N/A	N/A	2026-06-19 10:03:02	2026-06-19 10:03:04
1228	Eubacteria	Firmicutes	Bacilli	Lactobacillales	Lactobacillaceae	Lactobacillus	antri	lactobacillus	antri	Lactobacillus antri	species	227943	Positive	Facultative anaerobe	NULL	NULL	mixed	carbohydrates	2026-06-19 10:03:02	2026-06-19 10:03:04
1229	Eubacteria	Firmicutes	Clostridia	Clostridiales	Hungateiclostridiaceae	Hungateiclostridium	thermocellum	hungateiclostridium	thermocellum	Hungateiclostridium thermocellum	species	1515	NULL	NULL	NULL	NULL	N/A	N/A	2026-06-19 10:03:02	2026-06-19 10:03:04
1230	Eubacteria	Firmicutes	Bacilli	Lactobacillales	Lactobacillaceae	Lactobacillus	brevis	lactobacillus	brevis	Lactobacillus brevis	species	1580	Positive	Facultative anaerobe	NULL	Chains - Singles	mixed	carbohydrates	2026-06-19 10:03:02	2026-06-19 10:03:04
1231	Eubacteria	Firmicutes	Clostridia	Clostridiales	Clostridiaceae	Hungatella	hathewayi	hungatella	hathewayi	Hungatella hathewayi	species	154046	Negative	Obligate anaerobe	NULL	NULL	fermenter	carbohydrates	2026-06-19 10:03:02	2026-06-19 10:03:04
1232	Eubacteria	Firmicutes	Bacilli	Lactobacillales	Lactobacillaceae	Lactobacillus	buchneri	lactobacillus	buchneri	Lactobacillus buchneri	species	1581	Positive	Facultative anaerobe	NULL	NULL	mixed	carbohydrates	2026-06-19 10:03:02	2026-06-19 10:03:04
1233	Eubacteria	Proteobacteria	Alphaproteobacteria	Rhizobiales	Hyphomicrobiaceae	Hyphomicrobium	denitrificans	hyphomicrobium	denitrificans	Hyphomicrobium denitrificans	species	53399	NULL	NULL	NULL	NULL	N/A	N/A	2026-06-19 10:03:02	2026-06-19 10:03:04
1234	Fungi	Ascomycota	Saccharomycetes	Saccharomycetales	Debaryomycetaceae	Hyphopichia	burtonii	hyphopichia	burtonii	Hyphopichia burtonii	species	717740	NULL	Aerobe	NULL	Sporulating	fermenter	complex_carbs_fiber	2026-06-19 10:03:02	2026-06-19 10:03:04
1235	Fungi	Ascomycota	Saccharomycetes	Saccharomycetales	Debaryomycetaceae	Hyphopichia	heimii	hyphopichia	heimii	Hyphopichia heimii	species	507511	NULL	Aerobe	NULL	Sporulating	respirator	organic_unspecified	2026-06-19 10:03:03	2026-06-19 10:03:04
1236	Fungi	Ascomycota	Sordariomycetes	Hypocreales	Hypocreaceae	Hypomyces	aurantius	hypomyces	aurantius	Hypomyces aurantius	species	29852	Negative	Aerobic	NULL	Sporulating (ascospores); reproduction also by budding	fermenter	complex_carbs_fiber	2026-06-19 10:03:03	2026-06-19 10:03:04
1237	Eubacteria	Firmicutes	Bacilli	Lactobacillales	Lactobacillaceae	Lactobacillus	casei	lactobacillus	casei	Lactobacillus casei	species	1582	Positive	Facultative anaerobe	NULL	NULL	mixed	N/A	2026-06-19 10:03:03	2026-06-19 10:03:04
1238	Eubacteria	Firmicutes	Bacilli	Lactobacillales	Lactobacillaceae	Lactobacillus	coryniformis	lactobacillus	coryniformis	Lactobacillus coryniformis	species	1185325	Positive	Facultative anaerobe	NULL	NULL	mixed	carbohydrates	2026-06-19 10:03:03	2026-06-19 10:03:04
1239	Fungi	Ascomycota	Sordariomycetes	Hypocreales	Hypocreaceae	Hypomyces	chrysospermus	hypomyces	chrysospermus	Hypomyces chrysospermus	species	5131	NULL	NULL	NULL	NULL	N/A	N/A	2026-06-19 10:03:03	2026-06-19 10:03:04
1240	Eubacteria	Firmicutes	Bacilli	Lactobacillales	Lactobacillaceae	Lactobacillus	crispatus	lactobacillus	crispatus	Lactobacillus crispatus	species	47770	Positive	Facultative anaerobe	NULL	NULL	mixed	carbohydrates	2026-06-19 10:03:03	2026-06-19 10:03:04
1241	Fungi	Ascomycota	Sordariomycetes	Xylariales	Hypoxylaceae	Hypoxylon	carneum	hypoxylon	carneum	Hypoxylon carneum	species	326655	NULL	NULL	NULL	NULL	N/A	N/A	2026-06-19 10:03:03	2026-06-19 10:03:04
1242	Eubacteria	Firmicutes	Bacilli	Lactobacillales	Lactobacillaceae	Lactobacillus	curvatus	lactobacillus	curvatus	Lactobacillus curvatus	species	28038	Positive	Facultative anaerobe	NULL	NULL	mixed	carbohydrates	2026-06-19 10:03:03	2026-06-19 10:03:04
1243	Eubacteria	Firmicutes	Bacilli	Lactobacillales	Lactobacillaceae	Lactobacillus	delbrueckii	lactobacillus	delbrueckii	Lactobacillus delbrueckii	species	1584	Positive	Facultative anaerobe	NULL	NULL	mixed	N/A	2026-06-19 10:03:03	2026-06-19 10:03:04
1244	NULL	Firmicutes	Bacilli	Lactobacillales	Lactobacillaceae	Lactobacillus	fermentum	lactobacillus	fermentum	Lactobacillus fermentum	species	NULL	NULL	Facultative anaerobe; microaerophile	NULL	NULL	mixed	carbohydrates	2026-06-19 10:03:03	2026-06-19 10:03:03
1245	Eubacteria	Firmicutes	Bacilli	Lactobacillales	Lactobacillaceae	Lactobacillus	gasseri	lactobacillus	gasseri	Lactobacillus gasseri	species	1596	Positive	Facultative anaerobe	NULL	NULL	mixed	N/A	2026-06-19 10:03:03	2026-06-19 10:03:04
1246	Eubacteria	Firmicutes	Bacilli	Lactobacillales	Lactobacillaceae	Lactobacillus	gastricus	lactobacillus	gastricus	Lactobacillus gastricus	species	1144300	Positive	Facultative anaerobe	NULL	NULL	mixed	carbohydrates	2026-06-19 10:03:03	2026-06-19 10:03:04
1247	Eubacteria	Firmicutes	Bacilli	Lactobacillales	Lactobacillaceae	Lactobacillus	helveticus	lactobacillus	helveticus	Lactobacillus helveticus	species	1587	Positive	Facultative anaerobe	NULL	NULL	mixed	carbohydrates	2026-06-19 10:03:03	2026-06-19 10:03:04
1248	Eubacteria	Firmicutes	Bacilli	Lactobacillales	Lactobacillaceae	Lactobacillus	hilgardii	lactobacillus	hilgardii	Lactobacillus hilgardii	species	1588	Positive	Facultative anaerobe	NULL	NULL	mixed	carbohydrates	2026-06-19 10:03:03	2026-06-19 10:03:04
1249	Eubacteria	Firmicutes	Bacilli	Lactobacillales	Lactobacillaceae	Lactobacillus	jensenii	lactobacillus	jensenii	Lactobacillus jensenii	species	109790	Positive	Facultative anaerobe	NULL	NULL	mixed	carbohydrates	2026-06-19 10:03:03	2026-06-19 10:03:04
1250	Eubacteria	Firmicutes	Bacilli	Lactobacillales	Lactobacillaceae	Lactobacillus	johnsonii	lactobacillus	johnsonii	Lactobacillus johnsonii	species	257314	Positive	Facultative anaerobe	NULL	NULL	mixed	carbohydrates	2026-06-19 10:03:03	2026-06-19 10:03:04
1251	Eubacteria	Firmicutes	Bacilli	Lactobacillales	Lactobacillaceae	Lactobacillus	murinus	lactobacillus	murinus	Lactobacillus murinus	species	1622	NULL	NULL	NULL	NULL	N/A	N/A	2026-06-19 10:03:03	2026-06-19 10:03:04
1252	Eubacteria	Firmicutes	Bacilli	Lactobacillales	Lactobacillaceae	Lactobacillus	oris	lactobacillus	oris	Lactobacillus oris	species	1632	Positive	Facultative anaerobe	NULL	NULL	mixed	carbohydrates	2026-06-19 10:03:03	2026-06-19 10:03:04
1253	Eubacteria	Firmicutes	Bacilli	Lactobacillales	Lactobacillaceae	Lactobacillus	paracasei	lactobacillus	paracasei	Lactobacillus paracasei	species	1597	Positive	Facultative anaerobe	NULL	NULL	mixed	carbohydrates	2026-06-19 10:03:03	2026-06-19 10:03:04
1254	Eubacteria	Firmicutes	Bacilli	Lactobacillales	Lactobacillaceae	Lactobacillus	pentosus	lactobacillus	pentosus	Lactobacillus pentosus	species	1589	NULL	Facultative anaerobe	NULL	NULL	mixed	carbohydrates	2026-06-19 10:03:03	2026-06-19 10:03:04
1255	NULL	Firmicutes	Bacilli	Lactobacillales	Lactobacillaceae	Lactobacillus	reuteri	lactobacillus	reuteri	Lactobacillus reuteri	species	NULL	NULL	Facultative anaerobe	NULL	Chains	mixed	carbohydrates	2026-06-19 10:03:03	2026-06-19 10:03:03
1256	Eubacteria	Firmicutes	Bacilli	Lactobacillales	Lactobacillaceae	Lactobacillus	rhamnosus	lactobacillus	rhamnosus	Lactobacillus rhamnosus	species	47715	Positive	Facultative anaerobe	NULL	NULL	mixed	carbohydrates	2026-06-19 10:03:03	2026-06-19 10:03:04
1257	Eubacteria	Firmicutes	Bacilli	Lactobacillales	Lactobacillaceae	Lactobacillus	sakei	lactobacillus	sakei	Lactobacillus sakei	species	1599	Positive	Facultative anaerobe	NULL	NULL	mixed	N/A	2026-06-19 10:03:03	2026-06-19 10:03:04
1258	NULL	Firmicutes	Bacilli	Lactobacillales	Lactobacillaceae	Lactobacillus	sanfranciscensis	lactobacillus	sanfranciscensis	Lactobacillus sanfranciscensis	species	NULL	NULL	NULL	NULL	NULL	N/A	N/A	2026-06-19 10:03:03	2026-06-19 10:03:03
1259	Eubacteria	Firmicutes	Bacilli	Lactobacillales	Lactobacillaceae	Lactobacillus	ultunensis	lactobacillus	ultunensis	Lactobacillus ultunensis	species	227945	Positive	Facultative anaerobe	NULL	NULL	mixed	carbohydrates	2026-06-19 10:03:03	2026-06-19 10:03:04
1260	Eubacteria	Firmicutes	Bacilli	Lactobacillales	Streptococcaceae	Lactococcus	lactis	lactococcus	lactis	Lactococcus lactis	species	1358	Positive	Facultative anaerobe	NULL	Nonsporulating	mixed	N/A	2026-06-19 10:03:03	2026-06-19 10:03:04
1261	Eubacteria	Firmicutes	Bacilli	Lactobacillales	Streptococcaceae	Lactococcus	raffinolactis	lactococcus	raffinolactis	Lactococcus raffinolactis	species	1215915	Positive	Facultative anaerobe	NULL	NULL	mixed	carbohydrates	2026-06-19 10:03:03	2026-06-19 10:03:05
1262	Bacillati	Bacillota	Clostridia	Lachnospirales	Lachnospiraceae	Laedolimicola	intestinihominis	laedolimicola	intestinihominis	Laedolimicola intestinihominis	species	3133166	Positive	Anaerobic	NULL	NULL	fermenter	carbohydrates	2026-06-19 10:03:03	2026-06-19 10:03:05
1263	Eubacteria	Actinobacteria	Coriobacteriia	Coriobacteriales	Atopobiaceae	Lancefieldella	parvula	lancefieldella	parvula	Lancefieldella parvula	species	1382	NULL	Anaerobe	NULL	NULL	fermenter	N/A	2026-06-19 10:03:03	2026-06-19 10:03:04
1264	Eubacteria	Actinobacteria	Coriobacteriia	Coriobacteriales	Atopobiaceae	Lancefieldella	rimae	lancefieldella	rimae	Lancefieldella rimae	species	1383	Positive	Anaerobe	NULL	NULL	fermenter	carbohydrates	2026-06-19 10:03:03	2026-06-19 10:03:04
1265	Eubacteria	Proteobacteria	Betaproteobacteria	Neisseriales	Neisseriaceae	Laribacter	hongkongensis	laribacter	hongkongensis	Laribacter hongkongensis	species	168471	Negative	Anaerobe	NULL	Nonsporulating	fermenter	N/A	2026-06-19 10:03:03	2026-06-19 10:03:04
1266	Eubacteria	Proteobacteria	Betaproteobacteria	Burkholderiales	Burkholderiaceae	Lautropia	mirabilis	lautropia	mirabilis	Lautropia mirabilis	species	47671	Negative	Facultative anaerobe	NULL	NULL	mixed	carbohydrates	2026-06-19 10:03:03	2026-06-19 10:03:05
1267	Eubacteria	Proteobacteria	Gammaproteobacteria	Legionellales	Legionellaceae	Legionella	pneumophila	legionella	pneumophila	Legionella pneumophila	species	446	Negative	Aerobic	NULL	Singles	respirator	organic_unspecified	2026-06-19 10:03:03	2026-06-19 10:03:05
1268	NULL	Actinobacteria	Actinobacteria	Pseudonocardiales	Pseudonocardiaceae	Lentzea	aerocolonigenes	lentzea	aerocolonigenes	Lentzea aerocolonigenes	species	68170	NULL	NULL	NULL	NULL	N/A	N/A	2026-06-19 10:03:03	2026-06-19 10:03:05
1269	Fungi	Ascomycota	Dothideomycetes	Pleosporales	Leptosphaeriaceae	Leptosphaeria	biglobosa	leptosphaeria	biglobosa	Leptosphaeria biglobosa	species	220672	Negative	Aerobic	NULL	Sporulating (ascospores); reproduction also by budding	fermenter	complex_carbs_fiber	2026-06-19 10:03:03	2026-06-19 10:03:04
1270	Fungi	Ascomycota	Dothideomycetes	Pleosporales	Leptosphaeriaceae	Leptosphaeria	maculans	leptosphaeria	maculans	Leptosphaeria maculans	species	5022	Negative	Aerobic	NULL	Sporulating (ascospores); reproduction also by budding	fermenter	complex_carbs_fiber	2026-06-19 10:03:03	2026-06-19 10:03:04
1271	Eubacteria	Spirochaetes	Spirochaetia	Leptospirales	Leptospiraceae	Leptospira	interrogans	leptospira	interrogans	Leptospira interrogans	species	173	Negative	Aerobe	NULL	NULL	respirator	N/A	2026-06-19 10:03:03	2026-06-19 10:03:05
1272	Eubacteria	Spirochaetes	Spirochaetia	Leptospirales	Leptospiraceae	Leptospira	noguchii	leptospira	noguchii	Leptospira noguchii	species	28182	NULL	NULL	NULL	NULL	N/A	N/A	2026-06-19 10:03:03	2026-06-19 10:03:05
1273	Eubacteria	Spirochaetes	Spirochaetia	Leptospirales	Leptospiraceae	Leptospira	weilii	leptospira	weilii	Leptospira weilii	species	28184	NULL	NULL	NULL	NULL	N/A	N/A	2026-06-19 10:03:03	2026-06-19 10:03:05
1274	Eubacteria	Fusobacteria	Fusobacteriia	Fusobacteriales	Leptotrichiaceae	Leptotrichia	buccalis	leptotrichia	buccalis	Leptotrichia buccalis	species	40542	Negative	Anaerobe	NULL	Chains - Filaments	fermenter	N/A	2026-06-19 10:03:03	2026-06-19 10:03:04
1275	Eubacteria	Fusobacteria	Fusobacteriia	Fusobacteriales	Leptotrichiaceae	Leptotrichia	hofstadii	leptotrichia	hofstadii	Leptotrichia hofstadii	species	157688	NULL	NULL	NULL	NULL	N/A	N/A	2026-06-19 10:03:03	2026-06-19 10:03:04
1276	Eubacteria	Fusobacteria	Fusobacteriia	Fusobacteriales	Leptotrichiaceae	Leptotrichia	shahii	leptotrichia	shahii	Leptotrichia shahii	species	157691	NULL	NULL	NULL	NULL	N/A	N/A	2026-06-19 10:03:03	2026-06-19 10:03:04
1277	Eubacteria	Fusobacteria	Fusobacteriia	Fusobacteriales	Leptotrichiaceae	Leptotrichia	wadei	leptotrichia	wadei	Leptotrichia wadei	species	157687	NULL	NULL	NULL	NULL	N/A	N/A	2026-06-19 10:03:03	2026-06-19 10:03:04
1278	Fungi	Basidiomycota	Agaricomycetes	Boletales	NULL	Leucogyrophana	mollusca	leucogyrophana	mollusca	Leucogyrophana mollusca	species	85980	NULL	Aerobe	NULL	Sporulating (basidiospores)/reproduction by budding	fermenter	complex_carbs_fiber	2026-06-19 10:03:03	2026-06-19 10:03:04
1279	NULL	Firmicutes	Bacilli	Lactobacillales	Leuconostocaceae	Leuconostoc	cibaria	leuconostoc	cibaria	Leuconostoc cibaria	species	NULL	NULL	Facultative anaerobe	NULL	NULL	mixed	N/A	2026-06-19 10:03:03	2026-06-19 10:03:03
1280	Eubacteria	Firmicutes	Bacilli	Lactobacillales	Leuconostocaceae	Leuconostoc	citreum	leuconostoc	citreum	Leuconostoc citreum	species	33964	Positive	Facultative anaerobe	NULL	Singles	mixed	N/A	2026-06-19 10:03:03	2026-06-19 10:03:04
1281	NULL	Firmicutes	Bacilli	Lactobacillales	Leuconostocaceae	Leuconostoc	confusa	leuconostoc	confusa	Leuconostoc confusa	species	NULL	NULL	Facultative anaerobe	NULL	NULL	mixed	N/A	2026-06-19 10:03:03	2026-06-19 10:03:03
1282	Eubacteria	Firmicutes	Bacilli	Lactobacillales	Leuconostocaceae	Leuconostoc	gelidum	leuconostoc	gelidum	Leuconostoc gelidum	species	1229756	Positive	Facultative anaerobe	NULL	NULL	mixed	carbohydrates	2026-06-19 10:03:03	2026-06-19 10:03:04
1283	Eubacteria	Firmicutes	Bacilli	Lactobacillales	Leuconostocaceae	Leuconostoc	kimchii	leuconostoc	kimchii	Leuconostoc kimchii	species	136609	Positive	Facultative	NULL	NULL	mixed	N/A	2026-06-19 10:03:03	2026-06-19 10:03:04
1284	Eubacteria	Firmicutes	Bacilli	Lactobacillales	Leuconostocaceae	Leuconostoc	lactis	leuconostoc	lactis	Leuconostoc lactis	species	1246	Positive	Facultative anaerobe	NULL	NULL	mixed	carbohydrates	2026-06-19 10:03:03	2026-06-19 10:03:05
1285	Eubacteria	Firmicutes	Bacilli	Lactobacillales	Leuconostocaceae	Leuconostoc	mesenteroides	leuconostoc	mesenteroides	Leuconostoc mesenteroides	species	1245	Positive	Facultative anaerobe	NULL	NULL	mixed	carbohydrates	2026-06-19 10:03:03	2026-06-19 10:03:04
1286	Fungi	Mucoromycota	Mucoromycetes	Mucorales	Lichtheimiaceae	Lichtheimia	ramosa	lichtheimia	ramosa	Lichtheimia ramosa	species	688394	Positive	Aerobic	NULL	Sporulating	fermenter	complex_carbs_fiber	2026-06-19 10:03:03	2026-06-19 10:03:04
1287	Eubacteria	Firmicutes	Bacilli	Lactobacillales	Lactobacillaceae	Ligilactobacillus	salivarius	ligilactobacillus	salivarius	Ligilactobacillus salivarius	species	1423799	Positive	Facultative anaerobe	NULL	Nonsporulating	mixed	N/A	2026-06-19 10:03:03	2026-06-19 10:03:05
1288	Eubacteria	Firmicutes	Bacilli	Lactobacillales	Lactobacillaceae	Limosilactobacillus	fermentum	limosilactobacillus	fermentum	Limosilactobacillus fermentum	species	1613	Positive	Facultative anaerobe	NULL	NULL	mixed	carbohydrates	2026-06-19 10:03:03	2026-06-19 10:03:04
1289	NULL	Firmicutes	Bacilli	Lactobacillales	Lactobacillaceae	Limosilactobacillus	reuteri	limosilactobacillus	reuteri	Limosilactobacillus reuteri	species	299033	Positive	Facultative anaerobe	NULL	Chains	mixed	carbohydrates	2026-06-19 10:03:03	2026-06-19 10:03:05
1290	Eubacteria	Firmicutes	Bacilli	Bacillales	Listeriaceae	Listeria	grayi	listeria	grayi	Listeria grayi	species	1641	Positive	Facultative anaerobe	NULL	NULL	mixed	carbohydrates	2026-06-19 10:03:03	2026-06-19 10:03:05
1291	Eubacteria	Firmicutes	Bacilli	Bacillales	Listeriaceae	Listeria	innocua	listeria	innocua	Listeria innocua	species	1642	Positive	Facultative anaerobe	NULL	Chains - Singles	mixed	organic_unspecified	2026-06-19 10:03:03	2026-06-19 10:03:04
1292	NULL	Firmicutes	Bacilli	Bacillales	Listeriaceae	Listeria	ivanovii	listeria	ivanovii	Listeria ivanovii	species	1638	NULL	NULL	NULL	NULL	N/A	N/A	2026-06-19 10:03:03	2026-06-19 10:03:05
1293	Eubacteria	Firmicutes	Bacilli	Bacillales	Listeriaceae	Listeria	monocytogenes	listeria	monocytogenes	Listeria monocytogenes	species	1639	Positive	Facultative anaerobe	NULL	Chains - Singles	mixed	carbohydrates	2026-06-19 10:03:03	2026-06-19 10:03:04
1294	Fungi	Ascomycota	Saccharomycetes	Saccharomycetales	Debaryomycetaceae	Lodderomyces	elongisporus	lodderomyces	elongisporus	Lodderomyces elongisporus	species	36914	NULL	Aerobe	NULL	Sporulating (ascospores)	fermenter	complex_carbs_fiber	2026-06-19 10:03:03	2026-06-19 10:03:04
1295	NULL	Peploviricota	Herviviricetes	Herpesvirales	Herpesviridae	Lymphocryptovirus	gammaherpesvirus 4	lymphocryptovirus	gammaherpesvirus 4	Lymphocryptovirus gammaherpesvirus 4	species	NULL	NULL	NULL	NULL	NULL	N/A	N/A	2026-06-19 10:03:03	2026-06-19 10:03:03
1296	Eubacteria	Firmicutes	Bacilli	Bacillales	Bacillaceae	Lysinibacillus	fusiformis	lysinibacillus	fusiformis	Lysinibacillus fusiformis	species	1231627	NULL	NULL	NULL	NULL	N/A	N/A	2026-06-19 10:03:03	2026-06-19 10:03:05
1297	Eubacteria	Firmicutes	Bacilli	Bacillales	Bacillaceae	Lysinibacillus	sphaericus	lysinibacillus	sphaericus	Lysinibacillus sphaericus	species	1421	Positive	Aerobe	NULL	Sporulating	respirator	N/A	2026-06-19 10:03:03	2026-06-19 10:03:04
1298	Fungi	Basidiomycota	Ustilaginomycetes	Ustilaginales	Ustilaginaceae	Macalpinomyces	mackinlayi	macalpinomyces	mackinlayi	Macalpinomyces mackinlayi	species	684617	Positive	Aerobic	NULL	Sporulating (basidiospores); reproduction also by budding	respirator	organic_unspecified	2026-06-19 10:03:03	2026-06-19 10:03:04
1299	Bacillati	Bacillota	Clostridia	Lachnospirales	Lachnospiraceae	Maccoya	intestinihominis	maccoya	intestinihominis	Maccoya intestinihominis	species	3133499	Positive	Anaerobic	NULL	NULL	fermenter	carbohydrates	2026-06-19 10:03:03	2026-06-19 10:03:05
1300	Fungi	Basidiomycota	Malasseziomycetes	Malasseziales	Malasseziaceae	Malassezia	furfur	malassezia	furfur	Malassezia furfur	species	55194	NULL	Aerobe	NULL	Sporulating (basidiospores)/reproduction by budding	respirator	organic_unspecified	2026-06-19 10:03:03	2026-06-19 10:03:04
1301	Fungi	Basidiomycota	Malasseziomycetes	Malasseziales	Malasseziaceae	Malassezia	globosa	malassezia	globosa	Malassezia globosa	species	76773	Positive	Aerobe	NULL	No; Reproduction by unipolar budding	respirator	lipids	2026-06-19 10:03:03	2026-06-19 10:03:04
1302	Fungi	Basidiomycota	Malasseziomycetes	Malasseziales	Malasseziaceae	Malassezia	pachydermatis	malassezia	pachydermatis	Malassezia pachydermatis	species	77020	Positive	Aerobe/facultative anaerobe	NULL	no; Reproduction by unipolar budding	mixed	lipids	2026-06-19 10:03:03	2026-06-19 10:03:04
1303	Fungi	Basidiomycota	Malasseziomycetes	Malasseziales	Malasseziaceae	Malassezia	restricta	malassezia	restricta	Malassezia restricta	species	76775	Positive	Aerobe	NULL	No; Reproduction by unipolar budding	respirator	lipids	2026-06-19 10:03:03	2026-06-19 10:03:04
1304	Fungi	Basidiomycota	Malasseziomycetes	Malasseziales	Malasseziaceae	Malassezia	slooffiae	malassezia	slooffiae	Malassezia slooffiae	species	76776	Positive	Aerobe	NULL	No; Reproduction by unipolar budding	respirator	lipids	2026-06-19 10:03:03	2026-06-19 10:03:04
1305	Fungi	Basidiomycota	Malasseziomycetes	Malasseziales	Malasseziaceae	Malassezia	sympodialis	malassezia	sympodialis	Malassezia sympodialis	species	76777	Positive	Aerobe	NULL	No; Reproduction by unipolar budding	respirator	lipids	2026-06-19 10:03:03	2026-06-19 10:03:04
1306	Eubacteria	Firmicutes	Bacilli	Bacillales	Staphylococcaceae	Mammaliicoccus	sciuri	mammaliicoccus	sciuri	Mammaliicoccus sciuri	species	1296	NULL	NULL	NULL	NULL	N/A	N/A	2026-06-19 10:03:03	2026-06-19 10:03:05
1307	Eubacteria	Firmicutes	Bacilli	Bacillales	Staphylococcaceae	Mammaliicoccus	vitulinus	mammaliicoccus	vitulinus	Mammaliicoccus vitulinus	species	71237	NULL	NULL	NULL	NULL	N/A	N/A	2026-06-19 10:03:03	2026-06-19 10:03:05
1308	NULL	Actinobacteria	Actinobacteria	Propionibacteriales	Nocardioidaceae	Marmoricola	scoriae	marmoricola	scoriae	Marmoricola scoriae	species	642780	NULL	NULL	NULL	NULL	N/A	N/A	2026-06-19 10:03:03	2026-06-19 10:03:05
1309	NULL	Firmicutes	Clostridia	Clostridiales	Lachnospiraceae	Mediterraneibacter	lactaris	mediterraneibacter	lactaris	Mediterraneibacter lactaris	species	NULL	NULL	NULL	NULL	NULL	N/A	N/A	2026-06-19 10:03:03	2026-06-19 10:03:03
1310	NULL	Firmicutes	Clostridia	Clostridiales	Lachnospiraceae	Mediterraneibacter	torques	mediterraneibacter	torques	Mediterraneibacter torques	species	NULL	NULL	Anaerobe	NULL	NULL	fermenter	carbohydrates	2026-06-19 10:03:03	2026-06-19 10:03:03
1311	Eubacteria	Firmicutes	Negativicutes	Selenomonadales	Selenomonadaceae	Megamonas	funiformis	megamonas	funiformis	Megamonas funiformis	species	437897	Negative	Anaerobe	NULL	NULL	fermenter	carbohydrates	2026-06-19 10:03:03	2026-06-19 10:03:04
1312	Eubacteria	Firmicutes	Negativicutes	Selenomonadales	Veillonellaceae	Megasphaera	elsdenii	megasphaera	elsdenii	Megasphaera elsdenii	species	1064535	Negative	Anaerobe	NULL	NULL	fermenter	carbohydrates	2026-06-19 10:03:03	2026-06-19 10:03:04
1313	Bacillati	Bacillota	Negativicutes	Veillonellales	Veillonellaceae	Megasphaera	intestinihominis	megasphaera	intestinihominis	Megasphaera intestinihominis	species	3133159	Negative	Anaerobic	NULL	NULL	fermenter	carbohydrates	2026-06-19 10:03:03	2026-06-19 10:03:05
1314	Eubacteria	Firmicutes	Negativicutes	Veillonellales	Veillonellaceae	Megasphaera	micronuciformis	megasphaera	micronuciformis	Megasphaera micronuciformis	species	187326	NULL	NULL	NULL	NULL	N/A	N/A	2026-06-19 10:03:03	2026-06-19 10:03:04
1315	Fungi	Basidiomycota	Ustilaginomycetes	Ustilaginales	Ustilaginaceae	Melanopsichium	pennsylvanicum	melanopsichium	pennsylvanicum	Melanopsichium pennsylvanicum	species	63383	Positive	Aerobic	NULL	Sporulating (basidiospores); reproduction also by budding	fermenter	complex_carbs_fiber	2026-06-19 10:03:03	2026-06-19 10:03:04
1316	Eubacteria	Ignavibacteriae	Ignavibacteria	Ignavibacteriales	Melioribacteraceae	Melioribacter	roseus	melioribacter	roseus	Melioribacter roseus	species	1134405	NULL	NULL	NULL	NULL	N/A	N/A	2026-06-19 10:03:03	2026-06-19 10:03:04
1317	Fungi	Ascomycota	Sordariomycetes	Hypocreales	Stachybotryaceae	Memnoniella	echinata	memnoniella	echinata	Memnoniella echinata	species	80383	NULL	NULL	NULL	NULL	N/A	N/A	2026-06-19 10:03:03	2026-06-19 10:03:04
1318	Eubacteria	Proteobacteria	Alphaproteobacteria	Rhizobiales	Phyllobacteriaceae	Mesorhizobium	ciceri	mesorhizobium	ciceri	Mesorhizobium ciceri	species	39645	NULL	NULL	NULL	NULL	N/A	N/A	2026-06-19 10:03:03	2026-06-19 10:03:05
1319	Eubacteria	Proteobacteria	Alphaproteobacteria	Rhizobiales	Phyllobacteriaceae	Mesorhizobium	japonicum	mesorhizobium	japonicum	Mesorhizobium japonicum	species	2066070	Negative	Aerobe	NULL	NULL	respirator	N/A	2026-06-19 10:03:03	2026-06-19 10:03:04
1320	Eubacteria	Proteobacteria	Alphaproteobacteria	Rhizobiales	Phyllobacteriaceae	Mesorhizobium	loti	mesorhizobium	loti	Mesorhizobium loti	species	381	Negative	Aerobe	NULL	NULL	respirator	N/A	2026-06-19 10:03:03	2026-06-19 10:03:04
1321	Eubacteria	Proteobacteria	Alphaproteobacteria	Rhizobiales	Phyllobacteriaceae	Mesorhizobium	opportunistum	mesorhizobium	opportunistum	Mesorhizobium opportunistum	species	593909	NULL	NULL	NULL	NULL	N/A	N/A	2026-06-19 10:03:03	2026-06-19 10:03:05
1322	NULL	Crenarchaeota	Thermoprotei	Sulfolobales	Sulfolobaceae	Metallosphaera	sedula	metallosphaera	sedula	Metallosphaera sedula	species	43687	Negative	Aerobe	NULL	Singles	respirator	N/A	2026-06-19 10:03:03	2026-06-19 10:03:04
1323	Fungi	Ascomycota	Sordariomycetes	Hypocreales	Clavicipitaceae	Metarhizium	anisopliae	metarhizium	anisopliae	Metarhizium anisopliae	species	5530	NULL	NULL	NULL	NULL	N/A	N/A	2026-06-19 10:03:03	2026-06-19 10:03:04
1324	Fungi	Ascomycota	Sordariomycetes	Hypocreales	Clavicipitaceae	Metarhizium	majus	metarhizium	majus	Metarhizium majus	species	1650735	NULL	Aerobe	NULL	Sporulating	fermenter	complex_carbs_fiber	2026-06-19 10:03:03	2026-06-19 10:03:04
1325	NULL	Euryarchaeota	Methanobacteria	Methanobacteriales	Methanobacteriaceae	Methanobrevibacter	ruminantium	methanobrevibacter	ruminantium	Methanobrevibacter ruminantium	species	634498	Positive	Anaerobe	NULL	NULL	fermenter	inorganic	2026-06-19 10:03:03	2026-06-19 10:03:04
1326	NULL	Euryarchaeota	Methanobacteria	Methanobacteriales	Methanobacteriaceae	Methanobrevibacter	smithii	methanobrevibacter	smithii	Methanobrevibacter smithii	species	2173	Positive	Anaerobe	NULL	NULL	fermenter	inorganic	2026-06-19 10:03:03	2026-06-19 10:03:04
1327	NULL	Euryarchaeota	Methanococci	Methanococcales	Methanocaldococcaceae	Methanocaldococcus	fervens	methanocaldococcus	fervens	Methanocaldococcus fervens	species	83171	Negative	Anaerobe	NULL	Nonsporulating	fermenter	inorganic	2026-06-19 10:03:03	2026-06-19 10:03:04
1328	NULL	Euryarchaeota	Methanococci	Methanococcales	Methanocaldococcaceae	Methanocaldococcus	infernus	methanocaldococcus	infernus	Methanocaldococcus infernus	species	67760	Negative	Anaerobic	NULL	Nonsporulating	respirator	inorganic	2026-06-19 10:03:03	2026-06-19 10:03:04
1329	NULL	Euryarchaeota	Methanococci	Methanococcales	Methanocaldococcaceae	Methanocaldococcus	jannaschii	methanocaldococcus	jannaschii	Methanocaldococcus jannaschii	species	2190	NULL	Anaerobe	NULL	Nonsporulating	fermenter	inorganic	2026-06-19 10:03:03	2026-06-19 10:03:04
1330	NULL	Euryarchaeota	Methanococci	Methanococcales	Methanocaldococcaceae	Methanocaldococcus	vulcanius	methanocaldococcus	vulcanius	Methanocaldococcus vulcanius	species	73913	Negative	Anaerobic	NULL	Nonsporulating	respirator	inorganic	2026-06-19 10:03:03	2026-06-19 10:03:04
1331	NULL	Euryarchaeota	Methanomicrobia	Methanosarcinales	Methanosarcinaceae	Methanococcoides	burtonii	methanococcoides	burtonii	Methanococcoides burtonii	species	29291	NULL	Anaerobe	NULL	Nonsporulating	fermenter	inorganic	2026-06-19 10:03:03	2026-06-19 10:03:04
1332	NULL	Euryarchaeota	Methanococci	Methanococcales	Methanococcaceae	Methanococcus	aeolicus	methanococcus	aeolicus	Methanococcus aeolicus	species	42879	NULL	Anaerobe	NULL	Singles	fermenter	inorganic	2026-06-19 10:03:03	2026-06-19 10:03:04
1333	NULL	Euryarchaeota	Methanococci	Methanococcales	Methanococcaceae	Methanococcus	maripaludis	methanococcus	maripaludis	Methanococcus maripaludis	species	39152	NULL	Anaerobe	NULL	Singles	fermenter	inorganic	2026-06-19 10:03:03	2026-06-19 10:03:04
1334	NULL	Euryarchaeota	Methanococci	Methanococcales	Methanococcaceae	Methanococcus	vannielii	methanococcus	vannielii	Methanococcus vannielii	species	2187	Negative	Anaerobe	NULL	Singles	fermenter	inorganic	2026-06-19 10:03:03	2026-06-19 10:03:04
1335	NULL	Euryarchaeota	Methanococci	Methanococcales	Methanococcaceae	Methanococcus	voltae	methanococcus	voltae	Methanococcus voltae	species	2188	NULL	Anaerobe	NULL	Pairs - Singles	fermenter	inorganic	2026-06-19 10:03:03	2026-06-19 10:03:04
1336	NULL	Euryarchaeota	Methanomicrobia	Methanomicrobiales	Methanocorpusculaceae	Methanocorpusculum	labreanum	methanocorpusculum	labreanum	Methanocorpusculum labreanum	species	83984	NULL	Anaerobe	NULL	Nonsporulating	fermenter	inorganic	2026-06-19 10:03:03	2026-06-19 10:03:04
1337	NULL	Euryarchaeota	Methanomicrobia	Methanomicrobiales	Methanomicrobiaceae	Methanoculleus	marisnigri	methanoculleus	marisnigri	Methanoculleus marisnigri	species	2198	Negative	Anaerobe	NULL	Nonsporulating	fermenter	inorganic	2026-06-19 10:03:03	2026-06-19 10:03:04
1338	NULL	Euryarchaeota	Methanomicrobia	Methanosarcinales	Methanosarcinaceae	Methanohalobium	evestigatum	methanohalobium	evestigatum	Methanohalobium evestigatum	species	2322	NULL	Anaerobe	NULL	NULL	fermenter	inorganic	2026-06-19 10:03:03	2026-06-19 10:03:04
1339	NULL	Euryarchaeota	Methanomicrobia	Methanosarcinales	Methanosarcinaceae	Methanohalophilus	mahii	methanohalophilus	mahii	Methanohalophilus mahii	species	2176	NULL	Anaerobe	NULL	NULL	fermenter	c1_compounds	2026-06-19 10:03:03	2026-06-19 10:03:04
1340	NULL	Euryarchaeota	Thermoplasmata	Methanomassiliicoccales	Methanomassiliicoccaceae	Methanomassiliicoccus	luminyensis	methanomassiliicoccus	luminyensis	Methanomassiliicoccus luminyensis	species	1080712	Positive	Anaerobe	NULL	NULL	fermenter	c1_compounds	2026-06-19 10:03:03	2026-06-19 10:03:05
1341	NULL	Euryarchaeota	Thermoplasmata	Methanomassiliicoccales	Methanomassiliicoccaceae	Methanomassiliicoccus	intestinalis	methanomassiliicoccus	intestinalis	Methanomassiliicoccus intestinalis	species	NULL	NULL	NULL	NULL	NULL	N/A	N/A	2026-06-19 10:03:03	2026-06-19 10:03:03
1342	NULL	Euryarchaeota	Methanopyri	Methanopyrales	Methanopyraceae	Methanopyrus	kandleri	methanopyrus	kandleri	Methanopyrus kandleri	species	2320	NULL	Anaerobe	NULL	Nonsporulating	fermenter	inorganic	2026-06-19 10:03:03	2026-06-19 10:03:04
1343	NULL	Euryarchaeota	Methanomicrobia	Methanosarcinales	Methanosarcinaceae	Methanosarcina	acetivorans	methanosarcina	acetivorans	Methanosarcina acetivorans	species	2214	NULL	Anaerobe	NULL	Nonsporulating	fermenter	inorganic	2026-06-19 10:03:03	2026-06-19 10:03:04
1344	NULL	Euryarchaeota	Methanomicrobia	Methanosarcinales	Methanosarcinaceae	Methanosarcina	barkeri	methanosarcina	barkeri	Methanosarcina barkeri	species	2208	NULL	Anaerobe	NULL	Singles	fermenter	complex_carbs_fiber	2026-06-19 10:03:03	2026-06-19 10:03:04
1345	NULL	Euryarchaeota	Methanomicrobia	Methanosarcinales	Methanosarcinaceae	Methanosarcina	mazei	methanosarcina	mazei	Methanosarcina mazei	species	2209	NULL	Anaerobe	NULL	Nonsporulating	fermenter	inorganic	2026-06-19 10:03:03	2026-06-19 10:03:04
1346	NULL	Euryarchaeota	Methanobacteria	Methanobacteriales	Methanobacteriaceae	Methanosphaera	stadtmanae	methanosphaera	stadtmanae	Methanosphaera stadtmanae	species	2317	Positive	Anaerobe	NULL	NULL	fermenter	c1_compounds	2026-06-19 10:03:03	2026-06-19 10:03:04
1347	NULL	Euryarchaeota	Methanomicrobia	Methanomicrobiales	Methanoregulaceae	Methanosphaerula	palustris	methanosphaerula	palustris	Methanosphaerula palustris	species	475088	NULL	Anaerobe	NULL	NULL	fermenter	N/A	2026-06-19 10:03:03	2026-06-19 10:03:04
1348	Eubacteria	Ignavibacteriae	Ignavibacteria	Ignavibacteriales	Ignavibacteriaceae	Ignavibacterium	album	ignavibacterium	album	Ignavibacterium album	species	591197	NULL	NULL	NULL	NULL	N/A	N/A	2026-06-19 10:03:03	2026-06-19 10:03:04
1349	NULL	Crenarchaeota	Thermoprotei	Desulfurococcales	Desulfurococcaceae	Ignicoccus	hospitalis	ignicoccus	hospitalis	Ignicoccus hospitalis	species	160233	Negative	Anaerobe	NULL	Pairs - Singles	fermenter	inorganic	2026-06-19 10:03:03	2026-06-19 10:03:04
1350	Eubacteria	Fusobacteria	Fusobacteriia	Fusobacteriales	Fusobacteriaceae	Ilyobacter	polytropus	ilyobacter	polytropus	Ilyobacter polytropus	species	167642	Negative	Anaerobic	NULL	Nonsporulating	fermenter	organic_unspecified	2026-06-19 10:03:03	2026-06-19 10:03:04
1351	Eubacteria	Firmicutes	Clostridia	Clostridiales	Peptostreptococcaceae	Intestinibacter	bartlettii	intestinibacter	bartlettii	Intestinibacter bartlettii	species	261299	Positive	Obligate anaerobe	NULL	NULL	fermenter	carbohydrates	2026-06-19 10:03:03	2026-06-19 10:03:04
1352	Eubacteria	Firmicutes	Clostridia	Clostridiales	Lachnospiraceae	Johnsonella	ignava	johnsonella	ignava	Johnsonella ignava	species	43995	NULL	NULL	NULL	NULL	N/A	N/A	2026-06-19 10:03:03	2026-06-19 10:03:04
1353	Eubacteria	Actinobacteria	Actinobacteria	Micrococcales	Jonesiaceae	Jonesia	denitrificans	jonesia	denitrificans	Jonesia denitrificans	species	43674	Positive	Facultative	NULL	Nonsporulating	mixed	organic_unspecified	2026-06-19 10:03:03	2026-06-19 10:03:05
1354	Eubacteria	Firmicutes	Tissierellia	unclassified Tissierellia	unclassified Tissierellia	Kallipyga	massiliensis	kallipyga	massiliensis	Kallipyga massiliensis	species	1118059	Positive	Anaerobe	NULL	NULL	fermenter	carbohydrates	2026-06-19 10:03:03	2026-06-19 10:03:05
1355	Fungi	Basidiomycota	Ustilaginomycetes	Ustilaginales	Ustilaginaceae	Kalmanozyma	brasiliensis	kalmanozyma	brasiliensis	Kalmanozyma brasiliensis	species	1392244	Positive	Aerobic	NULL	Sporulating (basidiospores); reproduction also by budding	respirator	organic_unspecified	2026-06-19 10:03:03	2026-06-19 10:03:04
1356	Eubacteria	Firmicutes	Erysipelotrichia	Erysipelotrichales	Erysipelotrichaceae	Kandleria	vitulina	kandleria	vitulina	Kandleria vitulina	species	1410657	Positive	Anaerobe	NULL	NULL	fermenter	carbohydrates	2026-06-19 10:03:03	2026-06-19 10:03:05
1357	Fungi	Ascomycota	Saccharomycetes	Saccharomycetales	Saccharomycetaceae	Kazachstania	africana	kazachstania	africana	Kazachstania africana	species	432096	NULL	Aerobe	NULL	Sporulating (ascospores)/reproduction by budding	fermenter	complex_carbs_fiber	2026-06-19 10:03:03	2026-06-19 10:03:04
1358	Fungi	Ascomycota	Saccharomycetes	Saccharomycetales	Saccharomycetaceae	Kazachstania	telluris	kazachstania	telluris	Kazachstania telluris	species	36907	NULL	Aerobe	NULL	Sporulating (ascospores)/reproduction by budding	fermenter	organic_unspecified	2026-06-19 10:03:03	2026-06-19 10:03:04
1359	Fungi	Ascomycota	Saccharomycetes	Saccharomycetales	Saccharomycetaceae	Kazachstania	turicensis	kazachstania	turicensis	Kazachstania turicensis	species	432100	NULL	Aerobe	NULL	Sporulating (ascospores)/reproduction by budding	fermenter	organic_unspecified	2026-06-19 10:03:03	2026-06-19 10:03:04
1360	Eubacteria	Proteobacteria	Alphaproteobacteria	Rhodobacterales	Rhodobacteraceae	Ketogulonicigenium	vulgare	ketogulonicigenium	vulgare	Ketogulonicigenium vulgare	species	92945	NULL	NULL	NULL	NULL	N/A	N/A	2026-06-19 10:03:03	2026-06-19 10:03:04
1361	Eubacteria	Proteobacteria	Betaproteobacteria	Neisseriales	Neisseriaceae	Kingella	denitrificans	kingella	denitrificans	Kingella denitrificans	species	502	NULL	NULL	NULL	NULL	N/A	N/A	2026-06-19 10:03:03	2026-06-19 10:03:04
1362	Eubacteria	Proteobacteria	Betaproteobacteria	Neisseriales	Neisseriaceae	Kingella	kingae	kingella	kingae	Kingella kingae	species	504	NULL	NULL	NULL	NULL	N/A	N/A	2026-06-19 10:03:03	2026-06-19 10:03:05
1363	Eubacteria	Proteobacteria	Betaproteobacteria	Neisseriales	Neisseriaceae	Kingella	oralis	kingella	oralis	Kingella oralis	species	505	Negative	Facultative anaerobe	NULL	NULL	mixed	carbohydrates	2026-06-19 10:03:03	2026-06-19 10:03:05
1364	NULL	Actinobacteria	Actinobacteria	Streptomycetales	Streptomycetaceae	Kitasatospora	aureofaciens	kitasatospora	aureofaciens	Kitasatospora aureofaciens	species	1894	NULL	NULL	NULL	NULL	N/A	N/A	2026-06-19 10:03:03	2026-06-19 10:03:05
1365	NULL	Actinobacteria	Actinobacteria	Streptomycetales	Streptomycetaceae	Kitasatospora	griseola	kitasatospora	griseola	Kitasatospora griseola	species	2064	NULL	NULL	NULL	NULL	N/A	N/A	2026-06-19 10:03:03	2026-06-19 10:03:05
1366	NULL	Actinobacteria	Actinobacteria	Streptomycetales	Streptomycetaceae	Kitasatospora	setae	kitasatospora	setae	Kitasatospora setae	species	2066	NULL	NULL	NULL	NULL	N/A	N/A	2026-06-19 10:03:03	2026-06-19 10:03:05
1367	NULL	Actinobacteria	Actinobacteria	Streptomycetales	Streptomycetaceae	Kitasatospora		kitasatospora		Kitasatospora	genus	NULL	NULL	NULL	NULL	NULL	N/A	N/A	2026-06-19 10:03:03	2026-06-19 10:03:03
1368	Eubacteria	Proteobacteria	Gammaproteobacteria	Enterobacterales	Enterobacteriaceae	Klebsiella	aerogenes	klebsiella	aerogenes	Klebsiella aerogenes	species	548	Negative	Facultative anaerobe	NULL	NULL	mixed	N/A	2026-06-19 10:03:03	2026-06-19 10:03:05
1369	NULL	Proteobacteria	Gammaproteobacteria	Enterobacteriales	Enterobacteriaceae	Klebsiella	michiganensis	klebsiella	michiganensis	Klebsiella michiganensis	species	1006551	Negative	Facultative anaerobe	NULL	NULL	mixed	N/A	2026-06-19 10:03:03	2026-06-19 10:03:05
1370	Eubacteria	Proteobacteria	Gammaproteobacteria	Enterobacterales	Enterobacteriaceae	Klebsiella	pneumoniae	klebsiella	pneumoniae	Klebsiella pneumoniae	species	1328388	Negative	Facultative anaerobe	NULL	NULL	mixed	carbohydrates	2026-06-19 10:03:03	2026-06-19 10:03:04
1371	Eubacteria	Proteobacteria	Gammaproteobacteria	Enterobacteriales	Enterobacteriaceae	Klebsiella	variicola	klebsiella	variicola	Klebsiella variicola	species	244366	Negative	NULL	NULL	NULL	N/A	N/A	2026-06-19 10:03:03	2026-06-19 10:03:04
1372	Eubacteria	Proteobacteria	Gammaproteobacteria	Enterobacterales	Enterobacteriaceae	Kluyvera	ascorbata	kluyvera	ascorbata	Kluyvera ascorbata	species	1006000	Negative	Facultative anaerobe	NULL	NULL	mixed	N/A	2026-06-19 10:03:03	2026-06-19 10:03:05
1373	Fungi	Ascomycota	Saccharomycetes	Saccharomycetales	Saccharomycetaceae	Kluyveromyces	lactis	kluyveromyces	lactis	Kluyveromyces lactis	species	28985	NULL	Aerobe/facultative anaerobe	NULL	Sporulating (ascospores)/reproduction by budding	mixed	organic_unspecified	2026-06-19 10:03:03	2026-06-19 10:03:04
1374	Fungi	Ascomycota	Saccharomycetes	Saccharomycetales	Saccharomycetaceae	Kluyveromyces	marxianus	kluyveromyces	marxianus	Kluyveromyces marxianus	species	4911	NULL	Aerobe/facultative anaerobe	NULL	Sporulating (ascospores)/reproduction by budding	mixed	organic_unspecified	2026-06-19 10:03:03	2026-06-19 10:03:04
1375	Eubacteria	Actinobacteria	Actinobacteria	Micrococcales	Micrococcaceae	Kocuria	palustris	kocuria	palustris	Kocuria palustris	species	1236550	Positive	Aerobe	NULL	NULL	mixed	carbohydrates	2026-06-19 10:03:03	2026-06-19 10:03:05
1376	Eubacteria	Actinobacteria	Actinobacteria	Actinomycetales	Micrococcaceae	Kocuria	rhizophila	kocuria	rhizophila	Kocuria rhizophila	species	378753	Positive	Aerobe	NULL	NULL	respirator	N/A	2026-06-19 10:03:03	2026-06-19 10:03:04
1377	NULL	Actinobacteria	Actinobacteria	Micrococcales	Micrococcaceae	Kocuria	rosea	kocuria	rosea	Kocuria rosea	species	1275	NULL	NULL	NULL	NULL	N/A	N/A	2026-06-19 10:03:03	2026-06-19 10:03:05
1378	Fungi	Ascomycota	Saccharomycetes	Saccharomycetales	Phaffomycetaceae	Komagataella	pastoris	komagataella	pastoris	Komagataella pastoris	species	4922	NULL	Aerobe/facultative anaerobe	NULL	Sporulating (ascospores)	mixed	c1_compounds	2026-06-19 10:03:03	2026-06-19 10:03:04
1379	Fungi	Ascomycota	Saccharomycetes	Saccharomycetales	Phaffomycetaceae	Komagataella	phaffii	komagataella	phaffii	Komagataella phaffii	species	460519	NULL	Aerobe/facultative anaerobe	NULL	Sporulating (ascospores)	mixed	organic_unspecified	2026-06-19 10:03:03	2026-06-19 10:03:04
1380	Eubacteria	Firmicutes	Bacilli	Bacillales	Planococcaceae	Kurthia	massiliensis	kurthia	massiliensis	Kurthia massiliensis	species	1033739	Positive	Aerobe	NULL	NULL	mixed	carbohydrates	2026-06-19 10:03:03	2026-06-19 10:03:05
1381	NULL	Actinobacteria	Actinobacteria	Pseudonocardiales	Pseudonocardiaceae	Kutzneria		kutzneria		Kutzneria	genus	NULL	NULL	NULL	NULL	NULL	N/A	N/A	2026-06-19 10:03:03	2026-06-19 10:03:03
1382	Fungi	Basidiomycota	Tremellomycetes	Tremellales	Cryptococcaceae	Kwoniella	pini	kwoniella	pini	Kwoniella pini	species	453459	NULL	Aerobe	NULL	Sporulating (basidiospores)/reproduction by budding	respirator	carbohydrates	2026-06-19 10:03:03	2026-06-19 10:03:04
1383	Eubacteria	Actinobacteria	Actinobacteria	Actinomycetales	Dermacoccaceae	Kytococcus	sedentarius	kytococcus	sedentarius	Kytococcus sedentarius	species	1276	Positive	Aerobe	NULL	Tetrads	respirator	N/A	2026-06-19 10:03:03	2026-06-19 10:03:04
1384	Fungi	Ascomycota	Saccharomycetes	Saccharomycetales	Saccharomycetaceae	Lachancea	thermotolerans	lachancea	thermotolerans	Lachancea thermotolerans	species	381046	NULL	Aerobe/facultative anaerobe	NULL	Sporulating (ascospores)/reproduction by budding	mixed	organic_unspecified	2026-06-19 10:03:03	2026-06-19 10:03:04
1385	Eubacteria	Firmicutes	Clostridia	Clostridiales	Lachnospiraceae	Lachnoanaerobaculum	saburreum	lachnoanaerobaculum	saburreum	Lachnoanaerobaculum saburreum	species	467210	NULL	NULL	NULL	NULL	N/A	N/A	2026-06-19 10:03:03	2026-06-19 10:03:04
1386	Eubacteria	Tenericutes	Mollicutes	Mycoplasmatales	Mycoplasmataceae	Mycoplasma	pulmonis	mycoplasma	pulmonis	Mycoplasma pulmonis	species	2107	Negative	Facultative anaerobe	NULL	Singles	mixed	N/A	2026-06-19 10:03:03	2026-06-19 10:03:04
1387	Eubacteria	Tenericutes	Mollicutes	Mycoplasmatales	Mycoplasmataceae	Mycoplasma	synoviae	mycoplasma	synoviae	Mycoplasma synoviae	species	2109	Negative	Facultative	NULL	Singles	mixed	N/A	2026-06-19 10:03:03	2026-06-19 10:03:04
1388	Eubacteria	Bacteroidetes	Flavobacteriia	Flavobacteriales	Flavobacteriaceae	Myroides	odoratus	myroides	odoratus	Myroides odoratus	species	256	NULL	NULL	NULL	NULL	N/A	N/A	2026-06-19 10:03:03	2026-06-19 10:03:04
1389	NULL	Firmicutes	Bacilli	Bacillales	Listeriaceae	Brochotrix	thermosphacta	brochotrix	thermosphacta	Brochotrix thermosphacta	species	NULL	NULL	Facultative anaerobe	NULL	NULL	mixed	carbohydrates	2026-06-19 10:03:03	2026-06-19 10:03:03
1390	Fungi	Basidiomycota	Tremellomycetes	Filobasidiales	Filobasidiaceae	Naganishia	diffluens	naganishia	diffluens	Naganishia diffluens	species	89919	NULL	Aerobe	NULL	Sporulating (basidiospores)/reproduction by budding	respirator	organic_unspecified	2026-06-19 10:03:03	2026-06-19 10:03:04
1391	Eubacteria	Proteobacteria	Alphaproteobacteria	Rhizobiales	Brucellaceae	Brucella	abortus	brucella	abortus	Brucella abortus	species	235	Negative	Facultative aerobe	NULL	Nonsporulating	mixed	N/A	2026-06-19 10:03:03	2026-06-19 10:03:04
1392	NULL	Ascomycota	Saccharomycetes	Saccharomycetales	Saccharomycetaceae	Nakaseomyces	glabrata	nakaseomyces	glabrata	Nakaseomyces glabrata	species	NULL	NULL	Aerobe/facultative anaerobe	NULL	Sporulating (ascospores)/reproduction by budding	mixed	organic_unspecified	2026-06-19 10:03:03	2026-06-19 10:03:03
1393	Eubacteria	Proteobacteria	Alphaproteobacteria	Rhizobiales	Brucellaceae	Brucella	canis	brucella	canis	Brucella canis	species	36855	Negative	Aerobe	NULL	Nonsporulating	respirator	N/A	2026-06-19 10:03:03	2026-06-19 10:03:05
1394	Fungi	Ascomycota	Saccharomycetes	Saccharomycetales	Saccharomycetaceae	Naumovozyma	castellii	naumovozyma	castellii	Naumovozyma castellii	species	27288	NULL	Aerobe	NULL	Sporulating (ascospores)/reproduction by budding	fermenter	organic_unspecified	2026-06-19 10:03:03	2026-06-19 10:03:04
1395	Eubacteria	Proteobacteria	Alphaproteobacteria	Rhizobiales	Brucellaceae	Brucella	intermedia	brucella	intermedia	Brucella intermedia	species	94625	NULL	NULL	NULL	NULL	N/A	N/A	2026-06-19 10:03:03	2026-06-19 10:03:05
1396	Fungi	Ascomycota	Saccharomycetes	Saccharomycetales	Saccharomycetaceae	Naumovozyma	dairenensis	naumovozyma	dairenensis	Naumovozyma dairenensis	species	27289	Negative	Aerobic	NULL	Sporulating (ascospores); reproduction also by budding	fermenter	complex_carbs_fiber	2026-06-19 10:03:03	2026-06-19 10:03:04
1397	Eubacteria	Proteobacteria	Alphaproteobacteria	Rhizobiales	Brucellaceae	Brucella	melitensis	brucella	melitensis	Brucella melitensis	species	29459	Negative	Facultative aerobe	NULL	Chains - Pairs - Singles	mixed	N/A	2026-06-19 10:03:03	2026-06-19 10:03:04
1398	Eubacteria	Proteobacteria	Betaproteobacteria	Neisseriales	Neisseriaceae	Neisseria	elongata	neisseria	elongata	Neisseria elongata	species	495	Negative	Aerobe	NULL	NULL	mixed	N/A	2026-06-19 10:03:03	2026-06-19 10:03:05
1399	Eubacteria	Proteobacteria	Alphaproteobacteria	Rhizobiales	Brucellaceae	Brucella	suis	brucella	suis	Brucella suis	species	29461	Negative	Aerobe	NULL	Pairs - Chains - Singles	respirator	N/A	2026-06-19 10:03:03	2026-06-19 10:03:04
1400	Eubacteria	Proteobacteria	Betaproteobacteria	Neisseriales	Neisseriaceae	Neisseria	flavescens	neisseria	flavescens	Neisseria flavescens	species	484	Negative	Aerobe	NULL	NULL	mixed	carbohydrates	2026-06-19 10:03:03	2026-06-19 10:03:04
1401	NULL	Nematoda	Chromadorea	Rhabditida	Onchocercidae	Brugia	pahangi	brugia	pahangi	Brugia pahangi	species	6280	NULL	NULL	NULL	NULL	N/A	N/A	2026-06-19 10:03:03	2026-06-19 10:03:05
1402	Eubacteria	Proteobacteria	Betaproteobacteria	Neisseriales	Neisseriaceae	Neisseria	gonorrhoeae	neisseria	gonorrhoeae	Neisseria gonorrhoeae	species	242231	Negative	Aerobe	NULL	Singles - Pairs	respirator	N/A	2026-06-19 10:03:03	2026-06-19 10:03:04
1403	Eubacteria	Proteobacteria	Gammaproteobacteria	Enterobacterales	Erwiniaceae	Buchnera	aphidicola	buchnera	aphidicola	Buchnera aphidicola	species	107806	Negative	NULL	NULL	NULL	N/A	N/A	2026-06-19 10:03:03	2026-06-19 10:03:04
1404	Eubacteria	Proteobacteria	Betaproteobacteria	Neisseriales	Neisseriaceae	Neisseria	lactamica	neisseria	lactamica	Neisseria lactamica	species	486	NULL	NULL	NULL	NULL	N/A	N/A	2026-06-19 10:03:03	2026-06-19 10:03:05
1405	Eubacteria	Firmicutes	Erysipelotrichia	Erysipelotrichales	Erysipelotrichaceae	Bulleidia	extructa	bulleidia	extructa	Bulleidia extructa	species	118748	Positive	Obligate anaerobe	NULL	NULL	fermenter	carbohydrates	2026-06-19 10:03:03	2026-06-19 10:03:05
1406	Eubacteria	Proteobacteria	Betaproteobacteria	Neisseriales	Neisseriaceae	Neisseria	macacae	neisseria	macacae	Neisseria macacae	species	496	Negative	Facultative anaerobe	NULL	NULL	mixed	carbohydrates	2026-06-19 10:03:03	2026-06-19 10:03:05
1407	Eubacteria	Proteobacteria	Betaproteobacteria	Burkholderiales	Burkholderiaceae	Burkholderia	ambifaria	burkholderia	ambifaria	Burkholderia ambifaria	species	152480	Negative	Facultative aerobe	NULL	Nonsporulating	mixed	N/A	2026-06-19 10:03:03	2026-06-19 10:03:04
1408	Eubacteria	Proteobacteria	Betaproteobacteria	Neisseriales	Neisseriaceae	Neisseria	meningitidis	neisseria	meningitidis	Neisseria meningitidis	species	122586	Negative	Aerobe	NULL	Pairs	respirator	N/A	2026-06-19 10:03:03	2026-06-19 10:03:04
1409	Eubacteria	Proteobacteria	Betaproteobacteria	Burkholderiales	Burkholderiaceae	Burkholderia	cenocepacia	burkholderia	cenocepacia	Burkholderia cenocepacia	species	95486	Negative	Facultative aerobe	NULL	Nonsporulating	mixed	N/A	2026-06-19 10:03:03	2026-06-19 10:03:04
1410	Eubacteria	Proteobacteria	Betaproteobacteria	Burkholderiales	Burkholderiaceae	Burkholderia	cepacia	burkholderia	cepacia	Burkholderia cepacia	species	1009846	Negative	Microaerophile	NULL	NULL	mixed	carbohydrates	2026-06-19 10:03:03	2026-06-19 10:03:04
1411	Eubacteria	Proteobacteria	Betaproteobacteria	Neisseriales	Neisseriaceae	Neisseria	mucosa	neisseria	mucosa	Neisseria mucosa	species	488	Negative	Facultative anaerobe	NULL	NULL	mixed	carbohydrates	2026-06-19 10:03:03	2026-06-19 10:03:04
1412	NULL	Proteobacteria	Betaproteobacteria	Burkholderiales	Burkholderiaceae	Burkholderia	contaminans	burkholderia	contaminans	Burkholderia contaminans	species	488447	NULL	NULL	NULL	NULL	N/A	N/A	2026-06-19 10:03:03	2026-06-19 10:03:05
1413	Eubacteria	Proteobacteria	Betaproteobacteria	Neisseriales	Neisseriaceae	Neisseria	polysaccharea	neisseria	polysaccharea	Neisseria polysaccharea	species	489	NULL	NULL	NULL	NULL	N/A	N/A	2026-06-19 10:03:03	2026-06-19 10:03:05
1414	NULL	Proteobacteria	Betaproteobacteria	Burkholderiales	Burkholderiaceae	Burkholderia	gladioli	burkholderia	gladioli	Burkholderia gladioli	species	28095	NULL	NULL	NULL	NULL	N/A	N/A	2026-06-19 10:03:03	2026-06-19 10:03:05
1415	Eubacteria	Proteobacteria	Betaproteobacteria	Neisseriales	Neisseriaceae	Neisseria	sicca	neisseria	sicca	Neisseria sicca	species	490	NULL	NULL	NULL	NULL	N/A	N/A	2026-06-19 10:03:03	2026-06-19 10:03:04
1416	Eubacteria	Proteobacteria	Betaproteobacteria	Burkholderiales	Burkholderiaceae	Burkholderia	glumae	burkholderia	glumae	Burkholderia glumae	species	337	NULL	NULL	NULL	NULL	N/A	N/A	2026-06-19 10:03:03	2026-06-19 10:03:04
1417	Fungi	Ascomycota	Dothideomycetes	Botryosphaeriales	Botryosphaeriaceae	Neofusicoccum	parvum	neofusicoccum	parvum	Neofusicoccum parvum	species	310453	NULL	Aerobe	NULL	Sporulating	fermenter	complex_carbs_fiber	2026-06-19 10:03:03	2026-06-19 10:03:04
1418	Eubacteria	Proteobacteria	Betaproteobacteria	Burkholderiales	Burkholderiaceae	Burkholderia	multivorans	burkholderia	multivorans	Burkholderia multivorans	species	87883	Negative	Aerobe	NULL	Nonsporulating	respirator	N/A	2026-06-19 10:03:03	2026-06-19 10:03:04
1419	Fungi	Ascomycota	Sordariomycetes	Sordariales	Sordariaceae	Neurospora	crassa	neurospora	crassa	Neurospora crassa	species	5141	Negative	Aerobic	NULL	Sporulating (ascospores); reproduction also by budding	fermenter	organic_unspecified	2026-06-19 10:03:03	2026-06-19 10:03:04
1420	Eubacteria	Proteobacteria	Betaproteobacteria	Burkholderiales	Burkholderiaceae	Burkholderia	vietnamiensis	burkholderia	vietnamiensis	Burkholderia vietnamiensis	species	60552	Negative	Facultative aerobe	NULL	NULL	mixed	N/A	2026-06-19 10:03:03	2026-06-19 10:03:04
1421	Fungi	Ascomycota	Sordariomycetes	Sordariales	Sordariaceae	Neurospora	tetrasperma	neurospora	tetrasperma	Neurospora tetrasperma	species	40127	Negative	Aerobic	NULL	Sporulating (ascospores); reproduction also by budding	fermenter	complex_carbs_fiber	2026-06-19 10:03:03	2026-06-19 10:03:04
1422	Eubacteria	Bacteroidetes	Bacteroidia	Bacteroidales	Odoribacteraceae	Butyricimonas	synergistica	butyricimonas	synergistica	Butyricimonas synergistica	species	1121129	Negative	Anaerobe	NULL	NULL	fermenter	carbohydrates	2026-06-19 10:03:03	2026-06-19 10:03:04
1423	Eubacteria	Proteobacteria	Gammaproteobacteria	Nevskiales	Sinobacteraceae	Nevskia	ramosa	nevskia	ramosa	Nevskia ramosa	species	1122603	Negative	Anaerobe	NULL	NULL	fermenter	N/A	2026-06-19 10:03:03	2026-06-19 10:03:05
1424	Eubacteria	Bacteroidetes	Bacteroidia	Bacteroidales	Odoribacteraceae	Butyricimonas	virosa	butyricimonas	virosa	Butyricimonas virosa	species	1121130	Negative	Anaerobe	NULL	NULL	fermenter	carbohydrates	2026-06-19 10:03:03	2026-06-19 10:03:04
1425	NULL	Bacillota	Bacilli	Bacillales	Bacillaceae	Nialla	hominis	nialla	hominis	Nialla hominis	species	NULL	NULL	Anaerobic	NULL	NULL	N/A	carbohydrates	2026-06-19 10:03:03	2026-06-19 10:03:03
1426	Eubacteria	Firmicutes	Clostridia	Clostridiales	Lachnospiraceae	Butyrivibrio	crossotus	butyrivibrio	crossotus	Butyrivibrio crossotus	species	45851	Structurally positive but stains negative	Anaerobe	NULL	NULL	fermenter	carbohydrates	2026-06-19 10:03:03	2026-06-19 10:03:04
1427	Fungi	Ascomycota	Sordariomycetes	Hypocreales	Bionectriaceae	Nigrosabulum	globosum	nigrosabulum	globosum	Nigrosabulum globosum	species	95328	NULL	NULL	NULL	NULL	N/A	N/A	2026-06-19 10:03:03	2026-06-19 10:03:04
1428	Eubacteria	Firmicutes	Clostridia	Clostridiales	Lachnospiraceae	Butyrivibrio	fibrisolvens	butyrivibrio	fibrisolvens	Butyrivibrio fibrisolvens	species	657324	Structurally positive but stains negative	Anaerobe	NULL	NULL	fermenter	carbohydrates	2026-06-19 10:03:03	2026-06-19 10:03:04
1429	Eubacteria	Firmicutes	Clostridia	Clostridiales	Lachnospiraceae	Butyrivibrio	proteoclasticus	butyrivibrio	proteoclasticus	Butyrivibrio proteoclasticus	species	43305	NULL	NULL	NULL	NULL	N/A	N/A	2026-06-19 10:03:03	2026-06-19 10:03:04
1430	Fungi	Ascomycota	Sordariomycetes	Trichosphaeriales	Trichosphaeriaceae	Nigrospora	oryzae	nigrospora	oryzae	Nigrospora oryzae	species	335854	NULL	Aerobe	NULL	Sporulating	fermenter	complex_carbs_fiber	2026-06-19 10:03:03	2026-06-19 10:03:04
1431	Eubacteria	Firmicutes	Clostridia	Thermoanaerobacterales	Thermoanaerobacterales Family III. Incertae Sedis	Caldicellulosiruptor	bescii	caldicellulosiruptor	bescii	Caldicellulosiruptor bescii	species	31899	Positive	Anaerobe	NULL	NULL	fermenter	complex_carbs_fiber	2026-06-19 10:03:03	2026-06-19 10:03:04
1432	Fungi	Ascomycota	Sordariomycetes	Trichosphaeriales	Trichosphaeriaceae	Nigrospora	sphaerica	nigrospora	sphaerica	Nigrospora sphaerica	species	114231	NULL	NULL	NULL	NULL	N/A	N/A	2026-06-19 10:03:03	2026-06-19 10:03:04
1433	Eubacteria	Proteobacteria	Epsilonproteobacteria	Nautiliales	Nautiliaceae	Caminibacter	mediatlanticus	caminibacter	mediatlanticus	Caminibacter mediatlanticus	species	291048	NULL	NULL	NULL	NULL	N/A	N/A	2026-06-19 10:03:03	2026-06-19 10:03:04
1434	Eubacteria	Proteobacteria	Alphaproteobacteria	Rhizobiales	Bradyrhizobiaceae	Nitrobacter	hamburgensis	nitrobacter	hamburgensis	Nitrobacter hamburgensis	species	912	NULL	NULL	NULL	NULL	N/A	N/A	2026-06-19 10:03:03	2026-06-19 10:03:05
1435	Eubacteria	Proteobacteria	Epsilonproteobacteria	Campylobacterales	Campylobacteraceae	Campylobacter	coli	campylobacter	coli	Campylobacter coli	species	195	Negative	Microaerophile	NULL	NULL	mixed	carbohydrates	2026-06-19 10:03:03	2026-06-19 10:03:04
1436	Eubacteria	Proteobacteria	Alphaproteobacteria	Rhizobiales	Bradyrhizobiaceae	Nitrobacter	winogradskyi	nitrobacter	winogradskyi	Nitrobacter winogradskyi	species	913	Negative	Aerobe; anaerobe	NULL	NULL	fermenter	inorganic	2026-06-19 10:03:03	2026-06-19 10:03:05
1437	Eubacteria	Proteobacteria	Epsilonproteobacteria	Campylobacterales	Campylobacteraceae	Campylobacter	concisus	campylobacter	concisus	Campylobacter concisus	species	199	Negative	Microaerophilic	NULL	Chains - Singles	respirator	N/A	2026-06-19 10:03:03	2026-06-19 10:03:04
1438	Eubacteria	Proteobacteria	Gammaproteobacteria	Chromatiales	Ectothiorhodospiraceae	Nitrococcus	mobilis	nitrococcus	mobilis	Nitrococcus mobilis	species	35797	NULL	NULL	NULL	NULL	N/A	N/A	2026-06-19 10:03:03	2026-06-19 10:03:05
1439	Eubacteria	Proteobacteria	Epsilonproteobacteria	Campylobacterales	Campylobacteraceae	Campylobacter	curvus	campylobacter	curvus	Campylobacter curvus	species	200	Negative	Microaerophilic	NULL	Chains - Singles	respirator	N/A	2026-06-19 10:03:03	2026-06-19 10:03:04
1440	Eubacteria	Proteobacteria	Gammaproteobacteria	Chromatiales	Chromatiaceae	Nitrosococcus	halophilus	nitrosococcus	halophilus	Nitrosococcus halophilus	species	133539	NULL	NULL	NULL	NULL	N/A	N/A	2026-06-19 10:03:03	2026-06-19 10:03:05
1441	Eubacteria	Proteobacteria	Epsilonproteobacteria	Campylobacterales	Campylobacteraceae	Campylobacter	fetus	campylobacter	fetus	Campylobacter fetus	species	196	Negative	Microaerophilic	NULL	Chains - Singles	mixed	carbohydrates	2026-06-19 10:03:03	2026-06-19 10:03:04
1442	Eubacteria	Proteobacteria	Gammaproteobacteria	Chromatiales	Chromatiaceae	Nitrosococcus	oceani	nitrosococcus	oceani	Nitrosococcus oceani	species	1229	Negative	Aerobe	NULL	NULL	respirator	inorganic	2026-06-19 10:03:03	2026-06-19 10:03:05
1443	Eubacteria	Proteobacteria	Epsilonproteobacteria	Campylobacterales	Campylobacteraceae	Campylobacter	gracilis	campylobacter	gracilis	Campylobacter gracilis	species	553220	Negative	Aerobe	NULL	NULL	respirator	N/A	2026-06-19 10:03:03	2026-06-19 10:03:04
1444	Eubacteria	Proteobacteria	Betaproteobacteria	Nitrosomonadales	Nitrosomonadaceae	Nitrosomonas	europaea	nitrosomonas	europaea	Nitrosomonas europaea	species	915	Negative	Aerobe	NULL	NULL	respirator	N/A	2026-06-19 10:03:03	2026-06-19 10:03:05
1445	Eubacteria	Proteobacteria	Epsilonproteobacteria	Campylobacterales	Campylobacteraceae	Campylobacter	hominis	campylobacter	hominis	Campylobacter hominis	species	360107	Negative	Anaerobe	NULL	Chains - Singles	fermenter	N/A	2026-06-19 10:03:03	2026-06-19 10:03:04
1446	Eubacteria	Proteobacteria	Betaproteobacteria	Nitrosomonadales	Nitrosomonadaceae	Nitrosomonas	eutropha	nitrosomonas	eutropha	Nitrosomonas eutropha	species	916	Negative	Aerobe	NULL	NULL	respirator	inorganic	2026-06-19 10:03:03	2026-06-19 10:03:05
1447	Eubacteria	Proteobacteria	Epsilonproteobacteria	Campylobacterales	Campylobacteraceae	Campylobacter	hyointestinalis	campylobacter	hyointestinalis	Campylobacter hyointestinalis	species	1031746	Negative	Microaerophile	NULL	NULL	mixed	carbohydrates	2026-06-19 10:03:03	2026-06-19 10:03:05
1449	Eubacteria	Proteobacteria	Epsilonproteobacteria	Campylobacterales	Campylobacteraceae	Campylobacter	jejuni	campylobacter	jejuni	Campylobacter jejuni	species	1295400	Negative	Microaerophile	NULL	Chains - Singles	mixed	carbohydrates	2026-06-19 10:03:03	2026-06-19 10:03:04
1450	Eubacteria	Proteobacteria	Betaproteobacteria	Nitrosomonadales	Nitrosomonadaceae	Nitrosospira	multiformis	nitrosospira	multiformis	Nitrosospira multiformis	species	1231	Negative	Aerobe	NULL	NULL	respirator	inorganic	2026-06-19 10:03:03	2026-06-19 10:03:05
1451	Eubacteria	Proteobacteria	Epsilonproteobacteria	Campylobacterales	Campylobacteraceae	Campylobacter	lari	campylobacter	lari	Campylobacter lari	species	201	Negative	Microaerophilic	NULL	Chains - Singles	respirator	N/A	2026-06-19 10:03:03	2026-06-19 10:03:04
1452	Eubacteria	Actinobacteria	Actinobacteria	Corynebacteriales	Nocardiaceae	Nocardia	asteroides	nocardia	asteroides	Nocardia asteroides	species	1824	NULL	NULL	NULL	NULL	N/A	N/A	2026-06-19 10:03:03	2026-06-19 10:03:05
1453	Eubacteria	Proteobacteria	Epsilonproteobacteria	Campylobacterales	Campylobacteraceae	Campylobacter	rectus	campylobacter	rectus	Campylobacter rectus	species	203	Negative	Microaerophile	NULL	NULL	mixed	carbohydrates	2026-06-19 10:03:03	2026-06-19 10:03:04
1454	NULL	Actinobacteria	Actinobacteria	Corynebacteriales	Nocardiaceae	Nocardia	brasiliensis	nocardia	brasiliensis	Nocardia brasiliensis	species	37326	NULL	NULL	NULL	NULL	N/A	N/A	2026-06-19 10:03:03	2026-06-19 10:03:05
1455	Eubacteria	Proteobacteria	Epsilonproteobacteria	Campylobacterales	Campylobacteraceae	Campylobacter	showae	campylobacter	showae	Campylobacter showae	species	1244083	Negative	Aerobe	NULL	NULL	respirator	N/A	2026-06-19 10:03:03	2026-06-19 10:03:04
1456	NULL	Actinobacteria	Actinobacteria	Streptosporangiales	Nocardiopsaceae	Nocardiopsis		nocardiopsis		Nocardiopsis	genus	NULL	NULL	NULL	NULL	NULL	N/A	N/A	2026-06-19 10:03:03	2026-06-19 10:03:03
1457	NULL	Actinobacteria	Actinobacteria	Streptosporangiales	Streptosporangiaceae	Nonomuraea	rubra	nonomuraea	rubra	Nonomuraea rubra	species	46180	NULL	NULL	NULL	NULL	N/A	N/A	2026-06-19 10:03:03	2026-06-19 10:03:05
1458	NULL	Actinobacteria	Actinobacteria	Streptosporangiales	Streptosporangiaceae	Nonomuraea		nonomuraea		Nonomuraea	genus	NULL	NULL	NULL	NULL	NULL	N/A	N/A	2026-06-19 10:03:03	2026-06-19 10:03:03
1459	Fungi	Basidiomycota	Agaricomycetes	Polyporales	Gelatoporiaceae	Obba	rivulosa	obba	rivulosa	Obba rivulosa	species	1052685	NULL	Aerobe	NULL	Sporulating (basidiospores)/reproduction by budding	fermenter	complex_carbs_fiber	2026-06-19 10:03:03	2026-06-19 10:03:04
1460	Eubacteria	Proteobacteria	Epsilonproteobacteria	Campylobacterales	Campylobacteraceae	Campylobacter	sputorum	campylobacter	sputorum	Campylobacter sputorum	species	206	NULL	NULL	NULL	NULL	N/A	N/A	2026-06-19 10:03:03	2026-06-19 10:03:05
1461	Eubacteria	Proteobacteria	Epsilonproteobacteria	Campylobacterales	Campylobacteraceae	Campylobacter	upsaliensis	campylobacter	upsaliensis	Campylobacter upsaliensis	species	28080	Negative	Microaerophile	NULL	NULL	mixed	carbohydrates	2026-06-19 10:03:03	2026-06-19 10:03:04
1462	Eubacteria	Firmicutes	Bacilli	Bacillales	Bacillaceae	Oceanobacillus	picturae	oceanobacillus	picturae	Oceanobacillus picturae	species	171693	NULL	NULL	NULL	NULL	N/A	N/A	2026-06-19 10:03:03	2026-06-19 10:03:05
1463	Fungi	Ascomycota	Saccharomycetes	Saccharomycetales	Debaryomycetaceae	Candida	albicans	candida	albicans	Candida albicans	species	5476	NULL	Facultative anaerobe	NULL	Sporulating (ascospores)/reproduction by budding	mixed	organic_unspecified	2026-06-19 10:03:03	2026-06-19 10:03:04
1464	Fungi	Ascomycota	Saccharomycetes	Saccharomycetales	Debaryomycetaceae	Candida	dubliniensis	candida	dubliniensis	Candida dubliniensis	species	42374	NULL	Aerobe	NULL	Sporulating (chlamydospores)/reproduction by budding	fermenter	organic_unspecified	2026-06-19 10:03:03	2026-06-19 10:03:04
1465	NULL	Firmicutes	Bacilli	Bacillales	Bacillaceae	Oceanobacillus	sp. s1	oceanobacillus	sp. s1	Oceanobacillus sp. s1	species	333381	Positive	Aerobe	NULL	NULL	mixed	N/A	2026-06-19 10:03:03	2026-06-19 10:03:05
1466	Fungi	Ascomycota	Saccharomycetes	Saccharomycetales	Debaryomycetaceae	Candida	maltosa	candida	maltosa	Candida maltosa	species	5479	NULL	Aerobe/facultative anaerobe	NULL	Sporulating	mixed	complex_carbs_fiber	2026-06-19 10:03:03	2026-06-19 10:03:04
1467	Eubacteria	Proteobacteria	Alphaproteobacteria	Rhizobiales	Brucellaceae	Ochrobactrum	anthropi	ochrobactrum	anthropi	Ochrobactrum anthropi	species	439375	Negative	Aerobe	NULL	NULL	fermenter	N/A	2026-06-19 10:03:03	2026-06-19 10:03:04
1468	Fungi	Ascomycota	Saccharomycetes	Saccharomycetales	Debaryomycetaceae	Candida	orthopsilosis	candida	orthopsilosis	Candida orthopsilosis	species	273371	NULL	Aerobe	NULL	Sporulating	fermenter	organic_unspecified	2026-06-19 10:03:03	2026-06-19 10:03:04
1469	Eubacteria	Proteobacteria	Alphaproteobacteria	Rhizobiales	Brucellaceae	Ochrobactrum	intermedium	ochrobactrum	intermedium	Ochrobactrum intermedium	species	641118	Negative	Microaerophilic	NULL	NULL	mixed	carbohydrates	2026-06-19 10:03:03	2026-06-19 10:03:04
1470	Fungi	Ascomycota	Saccharomycetes	Saccharomycetales	Debaryomycetaceae	Candida	parapsilosis	candida	parapsilosis	Candida parapsilosis	species	5480	NULL	Aerobe/facultative anaerobe	NULL	Sporulating	mixed	organic_unspecified	2026-06-19 10:03:03	2026-06-19 10:03:04
1471	Eubacteria	Bacteroidetes	Bacteroidia	Bacteroidales	Odoribacteraceae	Odoribacter	laneus	odoribacter	laneus	Odoribacter laneus	species	626933	Negative	Anaerobe	NULL	NULL	fermenter	carbohydrates	2026-06-19 10:03:03	2026-06-19 10:03:04
1472	Eubacteria	Bacteroidetes	Bacteroidia	Bacteroidales	Porphyromonadaceae	Odoribacter	splanchnicus	odoribacter	splanchnicus	Odoribacter splanchnicus	species	28118	Negative	Anaerobe	NULL	Nonsporulating	fermenter	organic_unspecified	2026-06-19 10:03:03	2026-06-19 10:03:04
1473	Fungi	Ascomycota	Saccharomycetes	Saccharomycetales	NULL	Candida	solani	candida	solani	Candida solani	species	51925	NULL	Aerobe	NULL	Sporulating (ascospores)/reproduction by budding	fermenter	carbohydrates	2026-06-19 10:03:03	2026-06-19 10:03:04
1474	Eubacteria	Firmicutes	Bacilli	Lactobacillales	Leuconostocaceae	Oenococcus	oeni	oenococcus	oeni	Oenococcus oeni	species	1247	Positive	Facultative anaerobe	NULL	Nonsporulating	mixed	N/A	2026-06-19 10:03:03	2026-06-19 10:03:05
1475	Fungi	Ascomycota	Saccharomycetes	Saccharomycetales	Debaryomycetaceae	Candida	tropicalis	candida	tropicalis	Candida tropicalis	species	5482	NULL	Aerobe	NULL	Sporulating (ascospores)/reproduction by budding	fermenter	organic_unspecified	2026-06-19 10:03:03	2026-06-19 10:03:04
1476	Fungi	Ascomycota	Saccharomycetes	Saccharomycetales	Debaryomycetaceae	Candida	viswanathii	candida	viswanathii	Candida viswanathii	species	5486	NULL	Aerobe	NULL	Sporulating	respirator	organic_unspecified	2026-06-19 10:03:03	2026-06-19 10:03:04
1477	NULL	Actinobacteria	Actinobacteria	Micrococcales	Cellulomonadaceae	Oerskovia		oerskovia		Oerskovia	genus	NULL	NULL	NULL	NULL	NULL	N/A	N/A	2026-06-19 10:03:03	2026-06-19 10:03:03
1478	NULL	Firmicutes	Erysipelotrichia	Erysipelotrichales	Erysipelotrichaceae	Candidatus stoquefichus	massiliensis	candidatus stoquefichus	massiliensis	Candidatus stoquefichus massiliensis	species	NULL	NULL	NULL	NULL	NULL	N/A	N/A	2026-06-19 10:03:03	2026-06-19 10:03:03
1479	Eubacteria	Actinobacteria	Coriobacteriia	Coriobacteriales	Atopobiaceae	Olsenella	profusa	olsenella	profusa	Olsenella profusa	species	1125712	Positive	Anaerobe	NULL	NULL	fermenter	carbohydrates	2026-06-19 10:03:03	2026-06-19 10:03:05
1480	Eubacteria	Bacteroidetes	Flavobacteriia	Flavobacteriales	Flavobacteriaceae	Capnocytophaga	canimorsus	capnocytophaga	canimorsus	Capnocytophaga canimorsus	species	28188	NULL	NULL	NULL	NULL	N/A	N/A	2026-06-19 10:03:03	2026-06-19 10:03:04
1481	Eubacteria	Actinobacteria	Actinobacteria	Coriobacteriales	Coriobacteriaceae	Olsenella	uli	olsenella	uli	Olsenella uli	species	133926	Positive	Anaerobe	NULL	Chains - Pairs - Singles	fermenter	organic_unspecified	2026-06-19 10:03:03	2026-06-19 10:03:04
1482	Eubacteria	Bacteroidetes	Flavobacteriia	Flavobacteriales	Flavobacteriaceae	Capnocytophaga	granulosa	capnocytophaga	granulosa	Capnocytophaga granulosa	species	45242	Negative	Facultative anaerobe	NULL	NULL	mixed	carbohydrates	2026-06-19 10:03:03	2026-06-19 10:03:04
1483	Fungi	Ascomycota	Lecanoromycetes	Umbilicariales	Ophioparmaceae	Ophioparma	ventosa	ophioparma	ventosa	Ophioparma ventosa	species	145978	NULL	NULL	NULL	NULL	N/A	N/A	2026-06-19 10:03:03	2026-06-19 10:03:04
1484	Eubacteria	Bacteroidetes	Flavobacteriia	Flavobacteriales	Flavobacteriaceae	Capnocytophaga	sputigena	capnocytophaga	sputigena	Capnocytophaga sputigena	species	1019	Negative	Facultative anaerobe	NULL	NULL	mixed	carbohydrates	2026-06-19 10:03:03	2026-06-19 10:03:04
1485	Eubacteria	Firmicutes	Clostridia	Clostridiales	Lachnospiraceae	Oribacterium	sinus	oribacterium	sinus	Oribacterium sinus	species	237576	Positive	Anaerobe	NULL	NULL	fermenter	carbohydrates	2026-06-19 10:03:03	2026-06-19 10:03:05
1486	Fungi	Ascomycota	Eurotiomycetes	Chaetothyriales	Herpotrichiellaceae	Capronia	coronata	capronia	coronata	Capronia coronata	species	43229	NULL	Aerobe	NULL	Sporulating	respirator	organic_unspecified	2026-06-19 10:03:03	2026-06-19 10:03:04
1487	Eubacteria	Firmicutes	Bacilli	Bacillales	Paenibacillaceae	Paenibacillus	alvei	paenibacillus	alvei	Paenibacillus alvei	species	1206781	Variable	Facultative anaerobe	NULL	NULL	mixed	carbohydrates	2026-06-19 10:03:03	2026-06-19 10:03:04
1488	Eubacteria	Firmicutes	Bacilli	Bacillales	Paenibacillaceae	Paenibacillus	barengoltzii	paenibacillus	barengoltzii	Paenibacillus barengoltzii	species	1235795	NULL	NULL	NULL	NULL	N/A	N/A	2026-06-19 10:03:03	2026-06-19 10:03:04
1489	Eubacteria	Firmicutes	Bacilli	Bacillales	Paenibacillaceae	Paenibacillus	daejeonensis	paenibacillus	daejeonensis	Paenibacillus daejeonensis	species	1122917	Variable	Facultative anaerobe	NULL	NULL	mixed	carbohydrates	2026-06-19 10:03:03	2026-06-19 10:03:04
1490	Eubacteria	Firmicutes	Bacilli	Bacillales	Paenibacillaceae	Paenibacillus	graminis	paenibacillus	graminis	Paenibacillus graminis	species	1333858	NULL	NULL	NULL	NULL	N/A	N/A	2026-06-19 10:03:03	2026-06-19 10:03:05
1491	Eubacteria	Proteobacteria	Gammaproteobacteria	Enterobacterales	Enterobacteriaceae	Cedecea	davisae	cedecea	davisae	Cedecea davisae	species	158484	Negative	Aerobe	NULL	NULL	respirator	N/A	2026-06-19 10:03:03	2026-06-19 10:03:05
1492	Eubacteria	Firmicutes	Bacilli	Bacillales	Paenibacillaceae	Paenibacillus	lactis	paenibacillus	lactis	Paenibacillus lactis	species	228574	Negative	Aerobe	NULL	NULL	mixed	carbohydrates	2026-06-19 10:03:03	2026-06-19 10:03:05
1493	Eubacteria	Actinobacteria	Actinobacteria	Micrococcales	Cellulomonadaceae	Cellulomonas	flavigena	cellulomonas	flavigena	Cellulomonas flavigena	species	1711	Positive	Facultative	NULL	Nonsporulating	mixed	complex_carbs_fiber	2026-06-19 10:03:03	2026-06-19 10:03:04
1494	Eubacteria	Firmicutes	Bacilli	Bacillales	Paenibacillaceae	Paenibacillus	larvae	paenibacillus	larvae	Paenibacillus larvae	species	1464	NULL	NULL	NULL	NULL	N/A	N/A	2026-06-19 10:03:03	2026-06-19 10:03:04
1495	Eubacteria	Firmicutes	Clostridia	Clostridiales	Lachnospiraceae	Cellulosilyticum	lentocellum	cellulosilyticum	lentocellum	Cellulosilyticum lentocellum	species	29360	NULL	Anaerobe	NULL	NULL	fermenter	N/A	2026-06-19 10:03:03	2026-06-19 10:03:04
1496	Eubacteria	Firmicutes	Bacilli	Bacillales	Paenibacillaceae	Paenibacillus	polymyxa	paenibacillus	polymyxa	Paenibacillus polymyxa	species	1406	NULL	NULL	NULL	NULL	N/A	N/A	2026-06-19 10:03:03	2026-06-19 10:03:04
1497	Eubacteria	Actinobacteria	Actinobacteria	Micrococcales	Promicromonosporaceae	Cellulosimicrobium	cellulans	cellulosimicrobium	cellulans	Cellulosimicrobium cellulans	species	1710	Positive	Facultative anaerobe	NULL	NULL	mixed	carbohydrates	2026-06-19 10:03:03	2026-06-19 10:03:05
1498	Eubacteria	Firmicutes	Clostridia	Clostridiales	Peptostreptococcaceae	Paeniclostridium	sordellii	paeniclostridium	sordellii	Paeniclostridium sordellii	species	1292036	Positive	Obligate anaerobe	NULL	NULL	fermenter	carbohydrates	2026-06-19 10:03:03	2026-06-19 10:03:04
1499	Fungi	Ascomycota	Sordariomycetes	Sordariales	Chaetomiaceae	Chaetomium	globosum	chaetomium	globosum	Chaetomium globosum	species	38033	Negative	Aerobic	NULL	Sporulating (ascospores); reproduction also by budding	fermenter	complex_carbs_fiber	2026-06-19 10:03:03	2026-06-19 10:03:04
1500	NULL	Actinobacteria	Actinobacteria	Micrococcales	Micrococcaceae	Paeniglutamicibacter		paeniglutamicibacter		Paeniglutamicibacter	genus	NULL	NULL	NULL	NULL	NULL	N/A	N/A	2026-06-19 10:03:03	2026-06-19 10:03:03
1501	Eubacteria	Chlamydiae	Chlamydiia	Chlamydiales	Chlamydiaceae	Chlamydia	pneumoniae	chlamydia	pneumoniae	Chlamydia pneumoniae	species	83558	NULL	NULL	NULL	NULL	N/A	N/A	2026-06-19 10:03:03	2026-06-19 10:03:05
1502	Fungi	Basidiomycota	Tremellomycetes	Tremellales	Rhynchogastremataceae	Papiliotrema	flavescens	papiliotrema	flavescens	Papiliotrema flavescens	species	214993	NULL	Aerobe	NULL	Sporulating (basidiospores)/reproduction by budding	fermenter	complex_carbs_fiber	2026-06-19 10:03:03	2026-06-19 10:03:04
1503	Eubacteria	Chlamydiae	Chlamydiia	Chlamydiales	Chlamydiaceae	Chlamydia	psittaci	chlamydia	psittaci	Chlamydia psittaci	species	83554	NULL	NULL	NULL	NULL	N/A	N/A	2026-06-19 10:03:03	2026-06-19 10:03:05
1504	Eubacteria	Bacteroidetes	Bacteroidia	Bacteroidales	Porphyromonadaceae	Parabacteroides	goldsteinii	parabacteroides	goldsteinii	Parabacteroides goldsteinii	species	1235789	Negative	Anaerobe	NULL	NULL	fermenter	carbohydrates	2026-06-19 10:03:03	2026-06-19 10:03:04
1505	Eubacteria	Chlamydiae	Chlamydiae	Chlamydiales	Chlamydiaceae	Chlamydia	trachomatis	chlamydia	trachomatis	Chlamydia trachomatis	species	272561	Negative	NULL	NULL	NULL	N/A	N/A	2026-06-19 10:03:03	2026-06-19 10:03:04
1506	Eubacteria	Bacteroidetes	Bacteroidia	Bacteroidales	Tannerellaceae	Parabacteroides	johnsonii	parabacteroides	johnsonii	Parabacteroides johnsonii	species	387661	Negative	Anaerobe	NULL	NULL	fermenter	carbohydrates	2026-06-19 10:03:03	2026-06-19 10:03:04
1507	NULL	Chlorophyta	Trebouxiophyceae	Chlorellales	Chlorellaceae	Chlorella	variabilis	chlorella	variabilis	Chlorella variabilis	species	554065	NULL	NULL	NULL	NULL	N/A	N/A	2026-06-19 10:03:03	2026-06-19 10:03:05
1508	Eubacteria	Bacteroidetes	Bacteroidia	Bacteroidales	Tannerellaceae	Parabacteroides	merdae	parabacteroides	merdae	Parabacteroides merdae	species	411477	Negative	Anaerobe	NULL	NULL	fermenter	carbohydrates	2026-06-19 10:03:03	2026-06-19 10:03:04
1509	Eubacteria	Chlorobi	Chlorobia	Chlorobiales	Chlorobiaceae	Chlorobium	ferrooxidans	chlorobium	ferrooxidans	Chlorobium ferrooxidans	species	84205	NULL	NULL	NULL	NULL	N/A	N/A	2026-06-19 10:03:03	2026-06-19 10:03:05
1510	Eubacteria	Bacteroidetes	Bacteroidia	Bacteroidales	Porphyromonadaceae	Parabacteroides	sp. d13	parabacteroides	sp. d13	Parabacteroides sp. d13	species	563193	Negative	Anaerobe	NULL	NULL	fermenter	carbohydrates	2026-06-19 10:03:03	2026-06-19 10:03:05
1511	Eubacteria	Chlorobi	Chlorobia	Chlorobiales	Chlorobiaceae	Chlorobium	limicola	chlorobium	limicola	Chlorobium limicola	species	1092	Negative	Anaerobe	NULL	Chains - Singles	fermenter	inorganic	2026-06-19 10:03:03	2026-06-19 10:03:05
1512	Eubacteria	Firmicutes	Clostridia	Clostridiales	Peptostreptococcaceae	Paraclostridium	bifermentans	paraclostridium	bifermentans	Paraclostridium bifermentans	species	1490	Positive	Obligate anaerobe	NULL	NULL	fermenter	carbohydrates	2026-06-19 10:03:03	2026-06-19 10:03:04
1513	Eubacteria	Chlorobi	Chlorobia	Chlorobiales	Chlorobiaceae	Chlorobium	phaeobacteroides	chlorobium	phaeobacteroides	Chlorobium phaeobacteroides	species	1096	Negative	Facultative anaerobe	NULL	Chains - Singles	mixed	N/A	2026-06-19 10:03:03	2026-06-19 10:03:04
1514	Fungi	Ascomycota	Eurotiomycetes	Onygenales	NULL	Paracoccidioides	brasiliensis	paracoccidioides	brasiliensis	Paracoccidioides brasiliensis	species	121759	NULL	Aerobe	NULL	Sporulating	respirator	amino_acids_proteins	2026-06-19 10:03:03	2026-06-19 10:03:04
1515	Eubacteria	Chloroflexi	Chloroflexia	Chloroflexales	Chloroflexaceae	Chloroflexus	aurantiacus	chloroflexus	aurantiacus	Chloroflexus aurantiacus	species	1108	NULL	NULL	NULL	NULL	N/A	N/A	2026-06-19 10:03:03	2026-06-19 10:03:04
1516	Eubacteria	Proteobacteria	Betaproteobacteria	Neisseriales	Chromobacteriaceae	Chromobacterium	violaceum	chromobacterium	violaceum	Chromobacterium violaceum	species	536	Negative	Facultatively anaerobe	NULL	NULL	mixed	N/A	2026-06-19 10:03:03	2026-06-19 10:03:04
1517	Fungi	Ascomycota	Eurotiomycetes	Onygenales	NULL	Paracoccidioides	lutzii	paracoccidioides	lutzii	Paracoccidioides lutzii	species	1048829	NULL	Aerobe	NULL	Sporulating	fermenter	complex_carbs_fiber	2026-06-19 10:03:03	2026-06-19 10:03:04
1518	Eubacteria	Proteobacteria	Alphaproteobacteria	Rhodobacterales	Rhodobacteraceae	Paracoccus	denitrificans	paracoccus	denitrificans	Paracoccus denitrificans	species	266	Negative	Aerobe	NULL	Singles - Pairs - Clusters	respirator	N/A	2026-06-19 10:03:03	2026-06-19 10:03:04
1519	Eubacteria	Proteobacteria	Alphaproteobacteria	Rhodobacterales	Rhodobacteraceae	Paracoccus	yeei	paracoccus	yeei	Paracoccus yeei	species	1446473	Negative	Aerobe	NULL	NULL	respirator	N/A	2026-06-19 10:03:03	2026-06-19 10:03:05
1520	Eubacteria	Bacteroidetes	Bacteroidia	Bacteroidales	Prevotellaceae	Paraprevotella	clara	paraprevotella	clara	Paraprevotella clara	species	454154	Negative	Anaerobe	NULL	NULL	fermenter	carbohydrates	2026-06-19 10:03:03	2026-06-19 10:03:04
1521	Eubacteria	Proteobacteria	Gammaproteobacteria	Enterobacterales	Enterobacteriaceae	Citrobacter	amalonaticus	citrobacter	amalonaticus	Citrobacter amalonaticus	species	1261127	Negative	Facultative anaerobe	NULL	NULL	mixed	N/A	2026-06-19 10:03:03	2026-06-19 10:03:05
1522	Eubacteria	Bacteroidetes	Bacteroidia	Bacteroidales	Prevotellaceae	Paraprevotella	xylaniphila	paraprevotella	xylaniphila	Paraprevotella xylaniphila	species	454155	Negative	Anaerobe	NULL	NULL	fermenter	carbohydrates	2026-06-19 10:03:03	2026-06-19 10:03:04
1523	Eubacteria	Proteobacteria	Gammaproteobacteria	Enterobacterales	Enterobacteriaceae	Citrobacter	koseri	citrobacter	koseri	Citrobacter koseri	species	290338	Negative	Facultatively anaerobe	NULL	NULL	mixed	N/A	2026-06-19 10:03:03	2026-06-19 10:03:04
1524	NULL	Proteobacteria	Gammaproteobacteria	Enterobacterales	Enterobacteriaceae	Citrobacter	portucalensis	citrobacter	portucalensis	Citrobacter portucalensis	species	1639133	NULL	NULL	NULL	NULL	N/A	N/A	2026-06-19 10:03:03	2026-06-19 10:03:05
1525	Eubacteria	Proteobacteria	Gammaproteobacteria	Enterobacterales	Enterobacteriaceae	Citrobacter	rodentium	citrobacter	rodentium	Citrobacter rodentium	species	67825	Negative	Facultative	NULL	NULL	mixed	N/A	2026-06-19 10:03:03	2026-06-19 10:03:04
1526	Eubacteria	Proteobacteria	Gammaproteobacteria	Enterobacterales	Enterobacteriaceae	Citrobacter	youngae	citrobacter	youngae	Citrobacter youngae	species	133448	Negative	Facultative anaerobe	NULL	NULL	mixed	N/A	2026-06-19 10:03:03	2026-06-19 10:03:04
1527	Fungi	Ascomycota	Eurotiomycetes	Chaetothyriales	Herpotrichiellaceae	Cladophialophora	carrionii	cladophialophora	carrionii	Cladophialophora carrionii	species	86049	NULL	Aerobe	NULL	Sporulating	respirator	amino_acids_proteins	2026-06-19 10:03:03	2026-06-19 10:03:04
1528	Fungi	Ascomycota	Eurotiomycetes	Chaetothyriales	Herpotrichiellaceae	Cladophialophora	yegresii	cladophialophora	yegresii	Cladophialophora yegresii	species	470704	NULL	Aerobe	NULL	Sporulating	respirator	organic_unspecified	2026-06-19 10:03:03	2026-06-19 10:03:04
1529	Fungi	Ascomycota	Dothideomycetes	Cladosporiales	Cladosporiaceae	Cladosporium	herbarum	cladosporium	herbarum	Cladosporium herbarum	species	29918	Positive	Aerobic	NULL	Sporulating (ascospores); reproduction also by budding	fermenter	complex_carbs_fiber	2026-06-19 10:03:03	2026-06-19 10:03:04
1530	NULL	Actinobacteria	Actinobacteria	Micrococcales	Microbacteriaceae	Clavibacter	michiganensis	clavibacter	michiganensis	Clavibacter michiganensis	species	28447	NULL	NULL	NULL	NULL	N/A	N/A	2026-06-19 10:03:03	2026-06-19 10:03:05
1531	Fungi	Ascomycota	Sordariomycetes	Hypocreales	Clavicipitaceae	Claviceps	purpurea	claviceps	purpurea	Claviceps purpurea	species	5111	Negative	Aerobic	NULL	Sporulating (ascospores); reproduction also by budding	respirator	organic_unspecified	2026-06-19 10:03:03	2026-06-19 10:03:04
1532	NULL	Ascomycota	Saccharomycetes	Saccharomycetales	Metschnikowiaceae	Clavispora	auris	clavispora	auris	Clavispora auris	species	NULL	NULL	Aerobe/facultative anaerobe	NULL	Sporulating	mixed	organic_unspecified	2026-06-19 10:03:03	2026-06-19 10:03:03
1533	NULL	Ascomycota	Saccharomycetes	Saccharomycetales	Metschnikowiaceae	Clavispora	intermedia	clavispora	intermedia	Clavispora intermedia	species	NULL	NULL	Aerobe/facultative anaerobe	NULL	Sporulating	mixed	organic_unspecified	2026-06-19 10:03:03	2026-06-19 10:03:03
1534	Fungi	Ascomycota	Saccharomycetes	Saccharomycetales	Metschnikowiaceae	Clavispora	lusitaniae	clavispora	lusitaniae	Clavispora lusitaniae	species	36911	NULL	Aerobe/facultative anaerobe	NULL	Sporulating (ascospores)	mixed	complex_carbs_fiber	2026-06-19 10:03:03	2026-06-19 10:03:04
1535	Eubacteria	Synergistetes	Synergistia	Synergistales	Synergistaceae	Cloacibacillus	evryensis	cloacibacillus	evryensis	Cloacibacillus evryensis	species	508460	Negative	Anaerobe	NULL	NULL	fermenter	carbohydrates	2026-06-19 10:03:03	2026-06-19 10:03:04
1536	Eubacteria	Firmicutes	Clostridia	Clostridiales	Peptostreptococcaceae	Clostridioides	difficile	clostridioides	difficile	Clostridioides difficile	species	1496	Positive	Anaerobe	NULL	Sporulating	fermenter	carbohydrates	2026-06-19 10:03:03	2026-06-19 10:03:04
1537	Eubacteria	Firmicutes	Clostridia	Clostridiales	Clostridiaceae	Clostridium	acetobutylicum	clostridium	acetobutylicum	Clostridium acetobutylicum	species	1488	Positive	Anaerobe	NULL	Pairs - Singles	fermenter	carbohydrates	2026-06-19 10:03:03	2026-06-19 10:03:04
1538	NULL	Firmicutes	Clostridia	Clostridiales	Clostridiaceae	Clostridium	aminobutyricum	clostridium	aminobutyricum	Clostridium aminobutyricum	species	33953	NULL	NULL	NULL	NULL	N/A	N/A	2026-06-19 10:03:03	2026-06-19 10:03:05
1539	Eubacteria	Firmicutes	Clostridia	Clostridiales	Clostridiaceae	Clostridium	bartlettii	clostridium	bartlettii	Clostridium bartlettii	species	261299	NULL	NULL	NULL	NULL	N/A	N/A	2026-06-19 10:03:03	2026-06-19 10:03:04
1540	Eubacteria	Firmicutes	Clostridia	Clostridiales	Clostridiaceae	Clostridium	beijerinckii	clostridium	beijerinckii	Clostridium beijerinckii	species	1520	Positive	Anaerobe	NULL	Pairs - Singles	fermenter	carbohydrates	2026-06-19 10:03:03	2026-06-19 10:03:04
1541	Eubacteria	Firmicutes	Clostridia	Clostridiales	Clostridiaceae	Clostridium	cadaveris	clostridium	cadaveris	Clostridium cadaveris	species	1529	Positive	Anaerobe	NULL	NULL	fermenter	carbohydrates	2026-06-19 10:03:03	2026-06-19 10:03:04
1542	Fungi	Ascomycota	Eurotiomycetes	Eurotiales	Aspergillaceae	Penicillium	sclerotiorum	penicillium	sclerotiorum	Penicillium sclerotiorum	species	69788	Positive	Aerobic	NULL	Sporulating (ascospores); reproduction also by budding	respirator	organic_unspecified	2026-06-19 10:03:03	2026-06-19 10:03:04
1543	Fungi	Ascomycota	Eurotiomycetes	Eurotiales	Aspergillaceae	Penicillium	solitum	penicillium	solitum	Penicillium solitum	species	60172	Positive	Aerobic	NULL	Sporulating (ascospores); reproduction also by budding	respirator	organic_unspecified	2026-06-19 10:03:03	2026-06-19 10:03:04
1544	Fungi	Ascomycota	Eurotiomycetes	Eurotiales	Aspergillaceae	Penicillium	soppii	penicillium	soppii	Penicillium soppii	species	69789	Positive	Aerobic	NULL	Sporulating (ascospores); reproduction also by budding	respirator	organic_unspecified	2026-06-19 10:03:03	2026-06-19 10:03:04
1545	Fungi	Ascomycota	Eurotiomycetes	Eurotiales	Aspergillaceae	Penicillium	spinulosum	penicillium	spinulosum	Penicillium spinulosum	species	63822	Positive	Aerobic	NULL	Sporulating (ascospores); reproduction also by budding	fermenter	complex_carbs_fiber	2026-06-19 10:03:03	2026-06-19 10:03:04
1546	NULL	Ascomycota	Eurotiomycetes	Eurotiales	Aspergillaceae	Penicillium		penicillium		Penicillium	genus	NULL	NULL	Aerobic	NULL	Sporulating (ascospores); reproduction also by budding	N/A	organic_unspecified	2026-06-19 10:03:03	2026-06-19 10:03:03
1547	Eubacteria	Firmicutes	Clostridia	Clostridiales	Peptostreptococcaceae	Peptacetobacter	hiranonis	peptacetobacter	hiranonis	Peptacetobacter hiranonis	species	500633	NULL	Anaerobe	NULL	NULL	fermenter	N/A	2026-06-19 10:03:03	2026-06-19 10:03:05
1548	NULL	Firmicutes	Clostridia	Clostridiales	Peptostreptococcaceae	Peptoanaerobacter	yurii	peptoanaerobacter	yurii	Peptoanaerobacter yurii	species	NULL	NULL	NULL	NULL	NULL	N/A	N/A	2026-06-19 10:03:03	2026-06-19 10:03:03
1549	Eubacteria	Firmicutes	Tissierellia	Tissierellales	Peptoniphilaceae	Peptoniphilus	harei	peptoniphilus	harei	Peptoniphilus harei	species	54005	Positive	Anaerobe	NULL	NULL	fermenter	carbohydrates	2026-06-19 10:03:03	2026-06-19 10:03:04
1550	Bacillati	Bacillota	Clostridia	Tissierellales	Peptoniphilaceae	Peptoniphilus	hominis	peptoniphilus	hominis	Peptoniphilus hominis	species	3133174	Positive	Anaerobic	NULL	NULL	fermenter	carbohydrates	2026-06-19 10:03:03	2026-06-19 10:03:05
1551	Eubacteria	Firmicutes	Tissierellia	Tissierellales	Peptoniphilaceae	Peptoniphilus	indolicus	peptoniphilus	indolicus	Peptoniphilus indolicus	species	33030	Positive	Anaerobe	NULL	NULL	fermenter	carbohydrates	2026-06-19 10:03:03	2026-06-19 10:03:04
1552	Eubacteria	Firmicutes	Tissierellia	Tissierellales	Peptoniphilaceae	Peptoniphilus	lacrimalis	peptoniphilus	lacrimalis	Peptoniphilus lacrimalis	species	1122949	Positive	Anaerobe	NULL	NULL	fermenter	amino_acids_proteins	2026-06-19 10:03:03	2026-06-19 10:03:04
1553	Eubacteria	Firmicutes	Tissierellia	Tissierellales	Peptoniphilaceae	Peptoniphilus	timonensis	peptoniphilus	timonensis	Peptoniphilus timonensis	species	1095770	NULL	NULL	NULL	NULL	N/A	N/A	2026-06-19 10:03:03	2026-06-19 10:03:04
1554	NULL	Firmicutes	Clostridia	Clostridiales	Peptostreptococcaceae	Peptostreptococcus	sp.	peptostreptococcus	sp.	Peptostreptococcus sp.	species	1262	NULL	NULL	NULL	NULL	N/A	N/A	2026-06-19 10:03:03	2026-06-19 10:03:05
1555	Eubacteria	Firmicutes	Clostridia	Clostridiales	Peptostreptococcaceae	Peptostreptococcus	stomatis	peptostreptococcus	stomatis	Peptostreptococcus stomatis	species	341694	Positive	Anaerobe	NULL	NULL	fermenter	carbohydrates	2026-06-19 10:03:03	2026-06-19 10:03:04
1556	Fungi	Ascomycota	Sordariomycetes	Xylariales	Sporocadaceae	Pestalotiopsis	fici	pestalotiopsis	fici	Pestalotiopsis fici	species	393283	NULL	Aerobe	NULL	Sporulating	fermenter	complex_carbs_fiber	2026-06-19 10:03:03	2026-06-19 10:03:04
1557	NULL	Ascomycota	Sordariomycetes	Xylariales	Sporocadaceae	Pestalotiopsis		pestalotiopsis		Pestalotiopsis	genus	NULL	NULL	NULL	NULL	NULL	N/A	N/A	2026-06-19 10:03:03	2026-06-19 10:03:03
1558	Fungi	Ascomycota	Sordariomycetes	Togniniales	Togniniaceae	Phaeoacremonium	minimum	phaeoacremonium	minimum	Phaeoacremonium minimum	species	223192	NULL	Aerobe	NULL	Sporulating	fermenter	complex_carbs_fiber	2026-06-19 10:03:03	2026-06-19 10:03:04
1559	Fungi	Basidiomycota	Tremellomycetes	Cystofilobasidiales	Mrakiaceae	Phaffia	rhodozyma	phaffia	rhodozyma	Phaffia rhodozyma	species	264483	Positive	Aerobic	NULL	Sporulating (basidiospores); reproduction also by budding	respirator	organic_unspecified	2026-06-19 10:03:03	2026-06-19 10:03:04
1560	Eubacteria	Firmicutes	Negativicutes	Acidaminococcales	Acidaminococcaceae	Phascolarctobacterium	succinatutens	phascolarctobacterium	succinatutens	Phascolarctobacterium succinatutens	species	626939	Negative	Anaerobe	NULL	NULL	fermenter	carbohydrates	2026-06-19 10:03:03	2026-06-19 10:03:04
1561	Fungi	Ascomycota	Leotiomycetes	Helotiales	Mollisiaceae	Phialocephala	scopiformis	phialocephala	scopiformis	Phialocephala scopiformis	species	149040	NULL	Aerobe	NULL	Sporulating	fermenter	complex_carbs_fiber	2026-06-19 10:03:03	2026-06-19 10:03:04
1562	Fungi	Ascomycota	Leotiomycetes	Helotiales	Mollisiaceae	Phialocephala	subalpina	phialocephala	subalpina	Phialocephala subalpina	species	576137	NULL	Aerobe	NULL	Sporulating	fermenter	complex_carbs_fiber	2026-06-19 10:03:03	2026-06-19 10:03:04
1563	Eubacteria	Bacteroidetes	Bacteroidia	Bacteroidales	Bacteroidaceae	Phocaeicola	coprocola	phocaeicola	coprocola	Phocaeicola coprocola	species	470145	NULL	Anaerobe	NULL	NULL	fermenter	N/A	2026-06-19 10:03:03	2026-06-19 10:03:05
1564	Eubacteria	Bacteroidetes	Bacteroidia	Bacteroidales	acteroidaceae	Phocaeicola	coprophilus	phocaeicola	coprophilus	Phocaeicola coprophilus	species	387090	NULL	Anaerobe	NULL	NULL	fermenter	N/A	2026-06-19 10:03:03	2026-06-19 10:03:04
1565	Eubacteria	Bacteroidetes	Bacteroidia	Bacteroidales	Bacteroidaceae	Phocaeicola	dorei	phocaeicola	dorei	Phocaeicola dorei	species	357276	NULL	Anaerobe	NULL	NULL	fermenter	N/A	2026-06-19 10:03:03	2026-06-19 10:03:04
1566	Eubacteria	Bacteroidetes	Bacteroidia	Bacteroidales	Bacteroidaceae	Phocaeicola	massiliensis	phocaeicola	massiliensis	Phocaeicola massiliensis	species	1121098	NULL	Anaerobe	NULL	NULL	fermenter	carbohydrates	2026-06-19 10:03:03	2026-06-19 10:03:05
1567	Eubacteria	Bacteroidetes	Bacteroidia	Bacteroidales	Bacteroidaceae	Phocaeicola	plebeius	phocaeicola	plebeius	Phocaeicola plebeius	species	484018	NULL	Anaerobe	NULL	NULL	fermenter	carbohydrates	2026-06-19 10:03:03	2026-06-19 10:03:05
1568	NULL	Bacteroidetes	Bacteroidia	Bacteroidales	acteroidaceae	Phocaeicola	salanitronis	phocaeicola	salanitronis	Phocaeicola salanitronis	species	NULL	NULL	Anaerobic	NULL	Nonsporulating	N/A	organic_unspecified	2026-06-19 10:03:03	2026-06-19 10:03:03
1569	NULL	Bacteroidetes	Bacteroidia	Bacteroidales	Bacteroidaceae	Phocaeicola	vulgatus	phocaeicola	vulgatus	Phocaeicola vulgatus	species	NULL	NULL	Anaerobe	NULL	NULL	fermenter	N/A	2026-06-19 10:03:03	2026-06-19 10:03:03
1570	Fungi	Mucoromycota	Mucoromycetes	Mucorales	Phycomycetaceae	Phycomyces	blakesleeanus	phycomyces	blakesleeanus	Phycomyces blakesleeanus	species	4837	Positive	Aerobic	NULL	Sporulating	fermenter	complex_carbs_fiber	2026-06-19 10:03:03	2026-06-19 10:03:04
1571	NULL	Oomycota	NULL	Peronosporales	Peronosporaceae	Phytophthora	sojae	phytophthora	sojae	Phytophthora sojae	species	67593	NULL	NULL	NULL	NULL	N/A	N/A	2026-06-19 10:03:03	2026-06-19 10:03:05
1572	Fungi	Ascomycota	Saccharomycetes	Saccharomycetales	Pichiaceae	Pichia	kudriavzevii	pichia	kudriavzevii	Pichia kudriavzevii	species	4909	NULL	Aerobe/facultative anaerobe	NULL	Sporulating (ascospores)/reproduction by budding	mixed	organic_unspecified	2026-06-19 10:03:03	2026-06-19 10:03:04
1573	Fungi	Ascomycota	Saccharomycetes	Saccharomycetales	Pichiaceae	Pichia	membranifaciens	pichia	membranifaciens	Pichia membranifaciens	species	4926	NULL	Aerobe/facultative anaerobe	NULL	Sporulating (ascospores)/reproduction by budding	mixed	organic_unspecified	2026-06-19 10:03:03	2026-06-19 10:03:04
1574	NULL	Euryarchaeota	Thermoplasmata	Thermoplasmatales	Picrophilaceae	Picrophilus	torridus	picrophilus	torridus	Picrophilus torridus	species	82076	NULL	Aerobe	NULL	NULL	respirator	N/A	2026-06-19 10:03:03	2026-06-19 10:03:04
1575	NULL	Apicomplexa	Aconoidasida	Haemosporida	Plasmodiidae	Plasmodium	relictum	plasmodium	relictum	Plasmodium relictum	species	85471	NULL	NULL	NULL	NULL	N/A	N/A	2026-06-19 10:03:03	2026-06-19 10:03:05
1576	Fungi	Ascomycota	Pneumocystidomycetes	Pneumocystidales	Pneumocystidaceae	Pneumocystis	jirovecii	pneumocystis	jirovecii	Pneumocystis jirovecii	species	42068	Positive	Aerobic	NULL	Sporulating (ascospores); reproduction also by budding	mixed	carbohydrates	2026-06-19 10:03:03	2026-06-19 10:03:04
1577	Fungi	Ascomycota	Sordariomycetes	Sordariales	Chaetomiaceae	Podospora	anserina	podospora	anserina	Podospora anserina	species	2587412	Negative	Aerobic	NULL	Sporulating (ascospores); reproduction also by budding	respirator	complex_carbs_fiber	2026-06-19 10:03:03	2026-06-19 10:03:04
1578	Eubacteria	Bacteroidetes	Bacteroidia	Bacteroidales	Porphyromonadaceae	Porphyromonas	asaccharolytica	porphyromonas	asaccharolytica	Porphyromonas asaccharolytica	species	28123	Negative	Anaerobe	NULL	Nonsporulating	fermenter	N/A	2026-06-19 10:03:03	2026-06-19 10:03:04
1579	Eubacteria	Bacteroidetes	Bacteroidia	Bacteroidales	Porphyromonadaceae	Porphyromonas	gingivalis	porphyromonas	gingivalis	Porphyromonas gingivalis	species	242619	Negative	Anaerobe	NULL	Nonsporulating	fermenter	N/A	2026-06-19 10:03:03	2026-06-19 10:03:04
1580	Eubacteria	Bacteroidetes	Bacteroidia	Bacteroidales	Porphyromonadaceae	Porphyromonas	somerae	porphyromonas	somerae	Porphyromonas somerae	species	1122975	Negative	Anaerobe	NULL	NULL	fermenter	carbohydrates	2026-06-19 10:03:03	2026-06-19 10:03:04
1581	Eubacteria	Bacteroidetes	Bacteroidia	Bacteroidales	Porphyromonadaceae	Porphyromonas	uenonis	porphyromonas	uenonis	Porphyromonas uenonis	species	1122976	Negative	Anaerobe	NULL	NULL	fermenter	N/A	2026-06-19 10:03:03	2026-06-19 10:03:04
1582	NULL	Actinobacteria	Actinobacteria	Pseudonocardiales	Pseudonocardiaceae	Prauserella		prauserella		Prauserella	genus	NULL	NULL	NULL	NULL	NULL	N/A	N/A	2026-06-19 10:03:03	2026-06-19 10:03:03
1583	Eubacteria	Bacteroidetes	Bacteroidia	Bacteroidales	Prevotellaceae	Prevotella	albensis	prevotella	albensis	Prevotella albensis	species	1122978	Negative	Anaerobe	NULL	NULL	fermenter	carbohydrates	2026-06-19 10:03:03	2026-06-19 10:03:04
1584	Eubacteria	Bacteroidetes	Bacteroidia	Bacteroidales	Prevotellaceae	Prevotella	amnii	prevotella	amnii	Prevotella amnii	species	419005	NULL	NULL	NULL	NULL	N/A	N/A	2026-06-19 10:03:03	2026-06-19 10:03:04
1585	Eubacteria	Bacteroidetes	Bacteroidia	Bacteroidales	Prevotellaceae	Prevotella	bergensis	prevotella	bergensis	Prevotella bergensis	species	242750	NULL	NULL	NULL	NULL	N/A	N/A	2026-06-19 10:03:03	2026-06-19 10:03:04
1586	Eubacteria	Bacteroidetes	Bacteroidia	Bacteroidales	Prevotellaceae	Prevotella	bivia	prevotella	bivia	Prevotella bivia	species	28125	Negative	Anaerobe	NULL	NULL	fermenter	carbohydrates	2026-06-19 10:03:03	2026-06-19 10:03:04
1587	Eubacteria	Bacteroidetes	Bacteroidia	Bacteroidales	Prevotellaceae	Prevotella	brevis	prevotella	brevis	Prevotella brevis	species	1408472	Negative	Anaerobe	NULL	NULL	fermenter	carbohydrates	2026-06-19 10:03:03	2026-06-19 10:03:04
1588	Eubacteria	Bacteroidetes	Bacteroidia	Bacteroidales	Prevotellaceae	Prevotella	bryantii	prevotella	bryantii	Prevotella bryantii	species	1280705	Negative	Anaerobe	NULL	NULL	fermenter	carbohydrates	2026-06-19 10:03:03	2026-06-19 10:03:04
1589	Eubacteria	Bacteroidetes	Bacteroidia	Bacteroidales	Prevotellaceae	Prevotella	buccae	prevotella	buccae	Prevotella buccae	species	28126	Negative	Anaerobe	NULL	NULL	fermenter	carbohydrates	2026-06-19 10:03:03	2026-06-19 10:03:04
1590	Eubacteria	Bacteroidetes	Bacteroidia	Bacteroidales	Prevotellaceae	Prevotella	buccalis	prevotella	buccalis	Prevotella buccalis	species	28127	NULL	NULL	NULL	NULL	N/A	N/A	2026-06-19 10:03:03	2026-06-19 10:03:04
1591	Eubacteria	Bacteroidetes	Bacteroidia	Bacteroidales	Prevotellaceae	Prevotella	conceptionensis	prevotella	conceptionensis	Prevotella conceptionensis	species	1197728	Negative	Anaerobe	NULL	NULL	fermenter	carbohydrates	2026-06-19 10:03:03	2026-06-19 10:03:04
1592	Eubacteria	Bacteroidetes	Bacteroidia	Bacteroidales	Prevotellaceae	Prevotella	corporis	prevotella	corporis	Prevotella corporis	species	1122981	Negative	Anaerobe	NULL	NULL	fermenter	carbohydrates	2026-06-19 10:03:03	2026-06-19 10:03:04
1593	Eubacteria	Bacteroidetes	Bacteroidia	Bacteroidales	Prevotellaceae	Prevotella	denticola	prevotella	denticola	Prevotella denticola	species	1122982	Negative	Anaerobe	NULL	Nonsporulating	fermenter	carbohydrates	2026-06-19 10:03:03	2026-06-19 10:03:04
1594	Eubacteria	Bacteroidetes	Bacteroidia	Bacteroidales	Prevotellaceae	Prevotella	disiens	prevotella	disiens	Prevotella disiens	species	1235811	Negative	Anaerobe	NULL	NULL	fermenter	carbohydrates	2026-06-19 10:03:03	2026-06-19 10:03:04
1595	Eubacteria	Bacteroidetes	Bacteroidia	Bacteroidales	Prevotellaceae	Prevotella	enoeca	prevotella	enoeca	Prevotella enoeca	species	1235815	Negative	Anaerobe	NULL	NULL	fermenter	carbohydrates	2026-06-19 10:03:03	2026-06-19 10:03:04
1596	Eubacteria	Bacteroidetes	Bacteroidia	Bacteroidales	Prevotellaceae	Prevotella	loescheii	prevotella	loescheii	Prevotella loescheii	species	1122985	Negative	Anaerobe	NULL	NULL	fermenter	carbohydrates	2026-06-19 10:03:03	2026-06-19 10:03:04
1597	Eubacteria	Bacteroidetes	Bacteroidia	Bacteroidales	Prevotellaceae	Prevotella	marshii	prevotella	marshii	Prevotella marshii	species	189722	NULL	NULL	NULL	NULL	N/A	N/A	2026-06-19 10:03:03	2026-06-19 10:03:04
1598	Eubacteria	Bacteroidetes	Bacteroidia	Bacteroidales	Prevotellaceae	Prevotella	multiformis	prevotella	multiformis	Prevotella multiformis	species	282402	NULL	Anaerobe	NULL	NULL	fermenter	N/A	2026-06-19 10:03:03	2026-06-19 10:03:04
1599	Eubacteria	Bacteroidetes	Bacteroidia	Bacteroidales	Prevotellaceae	Prevotella	oralis	prevotella	oralis	Prevotella oralis	species	28134	Negative	Anaerobe	NULL	NULL	fermenter	carbohydrates	2026-06-19 10:03:03	2026-06-19 10:03:04
1600	Eubacteria	Bacteroidetes	Bacteroidia	Bacteroidales	Prevotellaceae	Prevotella	oris	prevotella	oris	Prevotella oris	species	28135	NULL	NULL	NULL	NULL	N/A	N/A	2026-06-19 10:03:03	2026-06-19 10:03:04
1601	Eubacteria	Bacteroidetes	Bacteroidia	Bacteroidales	Prevotellaceae	Prevotella	salivae	prevotella	salivae	Prevotella salivae	species	228604	Negative	Anaerobe	NULL	NULL	fermenter	carbohydrates	2026-06-19 10:03:03	2026-06-19 10:03:04
1602	Eubacteria	Bacteroidetes	Bacteroidia	Bacteroidales	Prevotellaceae	Prevotella	shahii	prevotella	shahii	Prevotella shahii	species	1122991	Negative	Anaerobe	NULL	NULL	fermenter	carbohydrates	2026-06-19 10:03:03	2026-06-19 10:03:05
1603	Eubacteria	Bacteroidetes	Bacteroidia	Bacteroidales	Prevotellaceae	Prevotella	timonensis	prevotella	timonensis	Prevotella timonensis	species	1122992	Negative	Anaerobe	NULL	NULL	fermenter	carbohydrates	2026-06-19 10:03:03	2026-06-19 10:03:04
1604	Eubacteria	Bacteroidetes	Bacteroidia	Bacteroidales	Prevotellaceae	Prevotella	veroralis	prevotella	veroralis	Prevotella veroralis	species	1122993	Negative	Anaerobe	NULL	NULL	fermenter	carbohydrates	2026-06-19 10:03:03	2026-06-19 10:03:04
1605	NULL	Actinobacteria	Actinobacteria	Micrococcales	Promicromonosporaceae	Promicromonospora		promicromonospora		Promicromonospora	genus	NULL	NULL	NULL	NULL	NULL	N/A	N/A	2026-06-19 10:03:03	2026-06-19 10:03:03
1606	NULL	Actinobacteria	Actinobacteria	Actinomycetales	Propionibacteriaceae	Propionibacterium	acidipropionici	propionibacterium	acidipropionici	Propionibacterium acidipropionici	species	NULL	NULL	Facultative anaerobe	NULL	NULL	mixed	carbohydrates	2026-06-19 10:03:03	2026-06-19 10:03:03
1607	NULL	Actinobacteria	Actinobacteria	Actinomycetales	Propionibacteriaceae	Propionibacterium	avidum	propionibacterium	avidum	Propionibacterium avidum	species	NULL	NULL	Facultative anaerobe	NULL	NULL	mixed	carbohydrates	2026-06-19 10:03:03	2026-06-19 10:03:03
1608	Eubacteria	Actinobacteria	Actinobacteria	Propionibacteriales	Propionibacteriaceae	Propionibacterium	freudenreichii	propionibacterium	freudenreichii	Propionibacterium freudenreichii	species	1744	Positive	Facultative	NULL	Nonsporulating	mixed	N/A	2026-06-19 10:03:03	2026-06-19 10:03:04
1609	NULL	Actinobacteria	Actinobacteria	Actinomycetales	Propionibacteriaceae	Propionibacterium	gingivalis	propionibacterium	gingivalis	Propionibacterium gingivalis	species	NULL	NULL	Facultative	NULL	Nonsporulating	mixed	N/A	2026-06-19 10:03:03	2026-06-19 10:03:03
1610	NULL	Actinobacteria	Actinobacteria	Actinomycetales	Propionibacteriaceae	Propionibacterium	granulosum	propionibacterium	granulosum	Propionibacterium granulosum	species	NULL	NULL	Facultative anaerobe	NULL	NULL	mixed	carbohydrates	2026-06-19 10:03:03	2026-06-19 10:03:03
1611	NULL	Actinobacteria	Actinobacteria	Actinomycetales	Propionibacteriaceae	Propionibacterium	jensenii	propionibacterium	jensenii	Propionibacterium jensenii	species	NULL	NULL	Facultative anaerobe	NULL	NULL	mixed	carbohydrates	2026-06-19 10:03:03	2026-06-19 10:03:03
1612	NULL	Actinobacteria	Actinobacteria	Actinomycetales	Propionibacteriaceae	Propionibacterium	propionicum	propionibacterium	propionicum	Propionibacterium propionicum	species	NULL	NULL	Facultative anaerobe	NULL	NULL	mixed	carbohydrates	2026-06-19 10:03:03	2026-06-19 10:03:03
1613	Eubacteria	Proteobacteria	Gammaproteobacteria	Enterobacterales	Morganellaceae	Proteus	mirabilis	proteus	mirabilis	Proteus mirabilis	species	525369	Negative	Aerobe	NULL	Nonsporulating	mixed	N/A	2026-06-19 10:03:03	2026-06-19 10:03:04
1614	Eubacteria	Proteobacteria	Gammaproteobacteria	Enterobacterales	Morganellaceae	Proteus	penneri	proteus	penneri	Proteus penneri	species	102862	Negative	Facultative anaerobe	NULL	NULL	mixed	N/A	2026-06-19 10:03:03	2026-06-19 10:03:04
1615	NULL	Platyhelminthes	Monogenea	Polystomatidea	Polystomatidae	Protopolystoma	xenopodis	protopolystoma	xenopodis	Protopolystoma xenopodis	species	117903	NULL	NULL	NULL	NULL	N/A	N/A	2026-06-19 10:03:03	2026-06-19 10:03:05
1616	Eubacteria	Proteobacteria	Gammaproteobacteria	Enterobacterales	Morganellaceae	Providencia	alcalifaciens	providencia	alcalifaciens	Providencia alcalifaciens	species	126385	Negative	Facultative anaerobe	NULL	NULL	mixed	carbohydrates	2026-06-19 10:03:03	2026-06-19 10:03:05
1617	Eubacteria	Proteobacteria	Gammaproteobacteria	Enterobacterales	Morganellaceae	Providencia	rettgeri	providencia	rettgeri	Providencia rettgeri	species	521000	Negative	Facultative anaerobe	NULL	NULL	mixed	carbohydrates	2026-06-19 10:03:03	2026-06-19 10:03:05
1618	Eubacteria	Proteobacteria	Gammaproteobacteria	Enterobacterales	Morganellaceae	Providencia	rustigianii	providencia	rustigianii	Providencia rustigianii	species	158850	Negative	Facultative anaerobe	NULL	NULL	mixed	carbohydrates	2026-06-19 10:03:03	2026-06-19 10:03:05
1619	Eubacteria	Proteobacteria	Gammaproteobacteria	Enterobacterales	Morganellaceae	Providencia	stuartii	providencia	stuartii	Providencia stuartii	species	471874	Negative	Facultative anaerobe	NULL	NULL	mixed	carbohydrates	2026-06-19 10:03:03	2026-06-19 10:03:05
1620	NULL	Proteobacteria	Gammaproteobacteria	Enterobacterales	Enterobacteriaceae	Pseudescherichia	vulneris	pseudescherichia	vulneris	Pseudescherichia vulneris	species	566	NULL	NULL	NULL	NULL	N/A	N/A	2026-06-19 10:03:03	2026-06-19 10:03:05
1621	NULL	Proteobacteria	Gammaproteobacteria	Alteromonadales	Pseudoalteromonadaceae	Pseudoalteromonas	haloplanktis	pseudoalteromonas	haloplanktis	Pseudoalteromonas haloplanktis	species	228	NULL	NULL	NULL	NULL	N/A	N/A	2026-06-19 10:03:03	2026-06-19 10:03:05
1622	Eubacteria	Firmicutes	Clostridia	Clostridiales	Lachnospiraceae	Pseudobutyrivibrio	ruminis	pseudobutyrivibrio	ruminis	Pseudobutyrivibrio ruminis	species	1280694	Negative	Anaerobe	NULL	NULL	fermenter	carbohydrates	2026-06-19 10:03:03	2026-06-19 10:03:05
1623	Eubacteria	Firmicutes	Clostridia	Clostridiales	Ruminococcaceae	Pseudoflavonifractor	capillosus	pseudoflavonifractor	capillosus	Pseudoflavonifractor capillosus	species	106588	Negative	Anaerobe	NULL	NULL	fermenter	carbohydrates	2026-06-19 10:03:03	2026-06-19 10:03:04
1624	Bacillati	Bacillota	Clostridia	Oscillospirales	Ruminococcaceae	Pseudoflavonifractor	intestinihominis	pseudoflavonifractor	intestinihominis	Pseudoflavonifractor intestinihominis	species	3133171	Positive	Anaerobic	NULL	NULL	fermenter	carbohydrates	2026-06-19 10:03:03	2026-06-19 10:03:05
1625	Eubacteria	Fusobacteria	Fusobacteriia	Fusobacteriales	Leptotrichiaceae	Pseudoleptotrichia	goodfellowii	pseudoleptotrichia	goodfellowii	Pseudoleptotrichia goodfellowii	species	157692	NULL	NULL	NULL	NULL	N/A	N/A	2026-06-19 10:03:03	2026-06-19 10:03:04
1626	Eubacteria	Proteobacteria	Gammaproteobacteria	Pseudomonadales	Pseudomonadaceae	Pseudomonas	aeruginosa	pseudomonas	aeruginosa	Pseudomonas aeruginosa	species	1089456	Negative	Aerobe	NULL	Singles	respirator	organic_unspecified	2026-06-19 10:03:03	2026-06-19 10:03:04
1627	Eubacteria	Proteobacteria	Gammaproteobacteria	Pseudomonadales	Pseudomonadaceae	Pseudomonas	alcaliphila	pseudomonas	alcaliphila	Pseudomonas alcaliphila	species	101564	Negative	Aerobe	NULL	NULL	respirator	N/A	2026-06-19 10:03:03	2026-06-19 10:03:05
1628	Eubacteria	Proteobacteria	Gammaproteobacteria	Pseudomonadales	Pseudomonadaceae	Pseudomonas	entomophila	pseudomonas	entomophila	Pseudomonas entomophila	species	312306	Negative	Aerobe	NULL	Singles	respirator	organic_unspecified	2026-06-19 10:03:03	2026-06-19 10:03:04
1629	Eubacteria	Proteobacteria	Gammaproteobacteria	Pseudomonadales	Pseudomonadaceae	Pseudomonas	fluorescens	pseudomonas	fluorescens	Pseudomonas fluorescens	species	205922	Negative	Aerobe	NULL	Singles	respirator	organic_unspecified	2026-06-19 10:03:03	2026-06-19 10:03:04
1630	Eubacteria	Proteobacteria	Gammaproteobacteria	Pseudomonadales	Pseudomonadaceae	Pseudomonas	mendocina	pseudomonas	mendocina	Pseudomonas mendocina	species	300	Negative	Aerobe	NULL	Singles	respirator	organic_unspecified	2026-06-19 10:03:03	2026-06-19 10:03:04
1631	Eubacteria	Proteobacteria	Gammaproteobacteria	Pseudomonadales	Pseudomonadaceae	Pseudomonas	monteilii	pseudomonas	monteilii	Pseudomonas monteilii	species	1123524	Negative	Aerobe	NULL	NULL	respirator	N/A	2026-06-19 10:03:03	2026-06-19 10:03:05
1632	Eubacteria	Proteobacteria	Gammaproteobacteria	Pseudomonadales	Pseudomonadaceae	Pseudomonas	nitroreducens	pseudomonas	nitroreducens	Pseudomonas nitroreducens	species	1437882	Negative	Aerobe	NULL	NULL	respirator	N/A	2026-06-19 10:03:03	2026-06-19 10:03:05
1633	Eubacteria	Proteobacteria	Gammaproteobacteria	Pseudomonadales	Pseudomonadaceae	Pseudomonas	oleovorans	pseudomonas	oleovorans	Pseudomonas oleovorans	species	1033992	Negative	Aerobe	NULL	NULL	respirator	N/A	2026-06-19 10:03:03	2026-06-19 10:03:05
1634	Eubacteria	Proteobacteria	Gammaproteobacteria	Pseudomonadales	Pseudomonadaceae	Pseudomonas	putida	pseudomonas	putida	Pseudomonas putida	species	160488	Negative	Facultative	NULL	Singles	mixed	organic_unspecified	2026-06-19 10:03:03	2026-06-19 10:03:04
1635	Eubacteria	Proteobacteria	Gammaproteobacteria	Pseudomonadales	Pseudomonadaceae	Pseudomonas	savastanoi	pseudomonas	savastanoi	Pseudomonas savastanoi	species	29438	NULL	NULL	NULL	NULL	N/A	N/A	2026-06-19 10:03:03	2026-06-19 10:03:04
1636	Fungi	Ascomycota	Sordariomycetes	Hypocreales	Ophiocordycipitaceae	Purpureocillium	lilacinum	purpureocillium	lilacinum	Purpureocillium lilacinum	species	33203	NULL	Aerobe	NULL	Sporulating	fermenter	complex_carbs_fiber	2026-06-19 10:03:03	2026-06-19 10:03:04
1637	Eubacteria	Proteobacteria	Gammaproteobacteria	Pseudomonadales	Pseudomonadaceae	Pseudomonas	stutzeri	pseudomonas	stutzeri	Pseudomonas stutzeri	species	316	Negative	Aerobe	NULL	Singles	respirator	organic_unspecified	2026-06-19 10:03:03	2026-06-19 10:03:04
1638	Eubacteria	Proteobacteria	Gammaproteobacteria	Pseudomonadales	Pseudomonadaceae	Pseudomonas	syringae	pseudomonas	syringae	Pseudomonas syringae	species	317	Negative	Aerobe	NULL	Singles	respirator	organic_unspecified	2026-06-19 10:03:03	2026-06-19 10:03:04
1639	NULL	Crenarchaeota	Thermoprotei	Thermoproteales	Thermoproteaceae	Pyrobaculum	aerophilum	pyrobaculum	aerophilum	Pyrobaculum aerophilum	species	13773	NULL	Aerobe; anaerobe	NULL	NULL	fermenter	N/A	2026-06-19 10:03:03	2026-06-19 10:03:04
1640	NULL	Proteobacteria	Gammaproteobacteria	Pseudomonadales	Pseudomonadaceae	Pseudomonas	taetrolens	pseudomonas	taetrolens	Pseudomonas taetrolens	species	47884	NULL	NULL	NULL	NULL	N/A	N/A	2026-06-19 10:03:03	2026-06-19 10:03:05
1641	NULL	Crenarchaeota	Thermoprotei	Thermoproteales	Thermoproteaceae	Pyrobaculum	calidifontis	pyrobaculum	calidifontis	Pyrobaculum calidifontis	species	181486	NULL	Facultative anaerobe	NULL	Nonsporulating	mixed	organic_unspecified	2026-06-19 10:03:03	2026-06-19 10:03:04
1642	Eubacteria	Proteobacteria	Gammaproteobacteria	Pseudomonadales	Pseudomonadaceae	Pseudomonas	tolaasii	pseudomonas	tolaasii	Pseudomonas tolaasii	species	29442	NULL	NULL	NULL	NULL	N/A	N/A	2026-06-19 10:03:03	2026-06-19 10:03:04
1643	NULL	Euryarchaeota	Thermococci	Thermococcales	Thermococcaceae	Pyrococcus	abyssi	pyrococcus	abyssi	Pyrococcus abyssi	species	29292	NULL	Anaerobe	NULL	Nonsporulating	respirator	N/A	2026-06-19 10:03:03	2026-06-19 10:03:04
1644	NULL	Proteobacteria	Gammaproteobacteria	Pseudomonadales	Pseudomonadaceae	Pseudomonas		pseudomonas		Pseudomonas	genus	NULL	NULL	NULL	NULL	NULL	N/A	N/A	2026-06-19 10:03:03	2026-06-19 10:03:03
1645	NULL	Euryarchaeota	Thermococci	Thermococcales	Thermococcaceae	Pyrococcus	furiosus	pyrococcus	furiosus	Pyrococcus furiosus	species	2261	NULL	Anaerobe	NULL	Nonsporulating	respirator	N/A	2026-06-19 10:03:03	2026-06-19 10:03:04
1646	Eubacteria	Firmicutes	Clostridia	Clostridiales	Eubacteriaceae	Pseudoramibacter	alactolyticus	pseudoramibacter	alactolyticus	Pseudoramibacter alactolyticus	species	113287	Positive	Anaerobe	NULL	NULL	fermenter	carbohydrates	2026-06-19 10:03:03	2026-06-19 10:03:05
1647	NULL	Euryarchaeota	Thermococci	Thermococcales	Thermococcaceae	Pyrococcus	horikoshii	pyrococcus	horikoshii	Pyrococcus horikoshii	species	53953	NULL	Anaerobe	NULL	Nonsporulating	respirator	N/A	2026-06-19 10:03:03	2026-06-19 10:03:04
1648	Fungi	Basidiomycota	Ustilaginomycetes	Ustilaginales	Ustilaginaceae	Pseudozyma	hubeiensis	pseudozyma	hubeiensis	Pseudozyma hubeiensis	species	327079	Positive	Aerobic	NULL	Sporulating (basidiospores); reproduction also by budding	respirator	carbohydrates	2026-06-19 10:03:03	2026-06-19 10:03:04
1649	Eubacteria	Proteobacteria	Betaproteobacteria	Burkholderiales	Burkholderiaceae	Ralstonia	pickettii	ralstonia	pickettii	Ralstonia pickettii	species	329	Negative	Aerobe	NULL	NULL	respirator	organic_unspecified	2026-06-19 10:03:03	2026-06-19 10:03:04
1650	Fungi	Basidiomycota	Pucciniomycetes	Pucciniales	Pucciniaceae	Puccinia	graminis	puccinia	graminis	Puccinia graminis	species	5297	Positive	Aerobic	NULL	Sporulating (basidiospores); reproduction also by budding	fermenter	complex_carbs_fiber	2026-06-19 10:03:03	2026-06-19 10:03:04
1651	NULL	Proteobacteria	Betaproteobacteria	Burkholderiales	Burkholderiaceae	Ralstonia	solanacearum	ralstonia	solanacearum	Ralstonia solanacearum	species	305	NULL	NULL	NULL	NULL	N/A	N/A	2026-06-19 10:03:03	2026-06-19 10:03:05
1652	Fungi	Basidiomycota	Pucciniomycetes	Pucciniales	Pucciniaceae	Puccinia	sorghi	puccinia	sorghi	Puccinia sorghi	species	27349	Positive	Aerobic	NULL	Sporulating (basidiospores); reproduction also by budding	fermenter	complex_carbs_fiber	2026-06-19 10:03:03	2026-06-19 10:03:04
1653	Eubacteria	Proteobacteria	Gammaproteobacteria	Enterobacterales	Enterobacteriaceae	Raoultella	planticola	raoultella	planticola	Raoultella planticola	species	1005996	Negative	Facultative anaerobe	NULL	NULL	mixed	N/A	2026-06-19 10:03:03	2026-06-19 10:03:05
1654	Fungi	Ascomycota	Eurotiomycetes	Eurotiales	Trichocomaceae	Rasamsonia	emersonii	rasamsonia	emersonii	Rasamsonia emersonii	species	68825	NULL	Aerobe	NULL	Sporulating	fermenter	complex_carbs_fiber	2026-06-19 10:03:03	2026-06-19 10:03:04
1655	Fungi	Basidiomycota	Pucciniomycetes	Pucciniales	Pucciniaceae	Puccinia	striiformis	puccinia	striiformis	Puccinia striiformis	species	27350	Positive	Aerobic	NULL	Sporulating (basidiospores); reproduction also by budding	respirator	organic_unspecified	2026-06-19 10:03:03	2026-06-19 10:03:04
1656	Fungi	Ascomycota	Sordariomycetes	Sordariales	NULL	Remersonia	thermophila	remersonia	thermophila	Remersonia thermophila	species	72144	Negative	Aerobic	NULL	Sporulating (ascospores); reproduction also by budding	respirator	organic_unspecified	2026-06-19 10:03:03	2026-06-19 10:03:04
1657	Fungi	Ascomycota	Eurotiomycetes	Chaetothyriales	Herpotrichiellaceae	Rhinocladiella	mackenziei	rhinocladiella	mackenziei	Rhinocladiella mackenziei	species	86056	NULL	Aerobe	NULL	Sporulating	fermenter	complex_carbs_fiber	2026-06-19 10:03:03	2026-06-19 10:03:04
1658	Eubacteria	Proteobacteria	Alphaproteobacteria	Rhizobiales	Rhizobiaceae	Rhizobium	etli	rhizobium	etli	Rhizobium etli	species	29449	Negative	Aerobe	NULL	Singles	respirator	N/A	2026-06-19 10:03:03	2026-06-19 10:03:05
1659	Fungi	Basidiomycota	Agaricomycetes	Trechisporales	Hydnodontaceae	Sistotremastrum	suecicum	sistotremastrum	suecicum	Sistotremastrum suecicum	species	467971	NULL	Aerobe	NULL	Sporulating (basidiospores)	respirator	complex_carbs_fiber	2026-06-19 10:03:03	2026-06-19 10:03:04
1660	Eubacteria	Proteobacteria	Alphaproteobacteria	Rhizobiales	Rhizobiaceae	Rhizobium	leguminosarum	rhizobium	leguminosarum	Rhizobium leguminosarum	species	216596	Negative	Aerobe	NULL	Singles	respirator	N/A	2026-06-19 10:03:03	2026-06-19 10:03:04
1661	Fungi	Basidiomycota	Agaricomycetes	Cantharellales	Ceratobasidiaceae	Rhizoctonia	solani	rhizoctonia	solani	Rhizoctonia solani	species	456999	NULL	Aerobe/facultative anaerobe	NULL	Sporulating (basidiospores)/reproduction by budding	mixed	complex_carbs_fiber	2026-06-19 10:03:03	2026-06-19 10:03:04
1662	Eubacteria	Actinobacteria	Coriobacteriia	Eggerthellales	Eggerthellaceae	Slackia	exigua	slackia	exigua	Slackia exigua	species	649764	Positive	Anaerobe	NULL	NULL	mixed	carbohydrates	2026-06-19 10:03:03	2026-06-19 10:03:05
1663	Eubacteria	Actinobacteria	Coriobacteriia	Eggerthellales	Eggerthellaceae	Slackia	piriformis	slackia	piriformis	Slackia piriformis	species	626934	Positive	Anaerobe	NULL	NULL	mixed	carbohydrates	2026-06-19 10:03:03	2026-06-19 10:03:04
1664	Fungi	Mucoromycota	Glomeromycetes	Glomerales	Glomeraceae	Rhizophagus	irregularis	rhizophagus	irregularis	Rhizophagus irregularis	species	588596	Positive	Aerobic	NULL	Sporulating	fermenter	complex_carbs_fiber	2026-06-19 10:03:03	2026-06-19 10:03:04
1665	Eubacteria	Fusobacteria	Fusobacteriia	Fusobacteriales	Leptotrichiaceae	Sneathia	amnii	sneathia	amnii	Sneathia amnii	species	187101	NULL	NULL	NULL	NULL	N/A	N/A	2026-06-19 10:03:03	2026-06-19 10:03:05
1666	Eubacteria	Proteobacteria	Alphaproteobacteria	Rhodobacterales	Rhodobacteraceae	Rhodobacter	capsulatus	rhodobacter	capsulatus	Rhodobacter capsulatus	species	1061	NULL	NULL	NULL	NULL	N/A	N/A	2026-06-19 10:03:03	2026-06-19 10:03:04
1667	Eubacteria	Fusobacteria	Fusobacteriia	Fusobacteriales	Leptotrichiaceae	Sneathia	sanguinegens	sneathia	sanguinegens	Sneathia sanguinegens	species	40543	NULL	NULL	NULL	NULL	N/A	N/A	2026-06-19 10:03:03	2026-06-19 10:03:05
1668	Eubacteria	Proteobacteria	Alphaproteobacteria	Rhodobacterales	Rhodobacteraceae	Rhodobacter	sphaeroides	rhodobacter	sphaeroides	Rhodobacter sphaeroides	species	1063	Negative	Aerobe; anaerobe	NULL	NULL	fermenter	N/A	2026-06-19 10:03:03	2026-06-19 10:03:05
1669	Eubacteria	Proteobacteria	Gammaproteobacteria	Enterobacterales	Pectobacteriaceae	Sodalis	glossinidius	sodalis	glossinidius	Sodalis glossinidius	species	63612	Negative	Microaerophilic	NULL	Nonsporulating	respirator	N/A	2026-06-19 10:03:03	2026-06-19 10:03:04
1670	Eubacteria	Actinobacteria	Actinobacteria	Actinomycetales	Nocardiaceae	Rhodococcus	erythropolis	rhodococcus	erythropolis	Rhodococcus erythropolis	species	1833	Positive	Aerobe	NULL	Filaments	respirator	N/A	2026-06-19 10:03:03	2026-06-19 10:03:04
1671	Bacillati	Bacillota	Clostridia	Oscillospirales	Ruminococcaceae	Solibaculum	intestinale	solibaculum	intestinale	Solibaculum intestinale	species	3133165	Positive	Anaerobic	NULL	NULL	fermenter	carbohydrates	2026-06-19 10:03:03	2026-06-19 10:03:05
1672	Eubacteria	Firmicutes	Erysipelotrichia	Erysipelotrichales	Erysipelotrichaceae	Solobacterium	moorei	solobacterium	moorei	Solobacterium moorei	species	102148	Positive	Anaerobe	NULL	NULL	fermenter	carbohydrates	2026-06-19 10:03:03	2026-06-19 10:03:05
1673	Fungi	Ascomycota	Sordariomycetes	Sordariales	Sordariaceae	Sordaria	macrospora	sordaria	macrospora	Sordaria macrospora	species	5147	Negative	Aerobic	NULL	Sporulating (ascospores); reproduction also by budding	fermenter	complex_carbs_fiber	2026-06-19 10:03:03	2026-06-19 10:03:04
1674	Fungi	Ascomycota	Saccharomycetes	Saccharomycetales	Debaryomycetaceae	Spathaspora	passalidarum	spathaspora	passalidarum	Spathaspora passalidarum	species	340170	NULL	Aerobe/facultative anaerobe	NULL	Sporulating (ascospores)	mixed	organic_unspecified	2026-06-19 10:03:03	2026-06-19 10:03:04
1675	Eubacteria	Actinobacteria	Actinobacteria	Corynebacteriales	Nocardiaceae	Rhodococcus	hoagii	rhodococcus	hoagii	Rhodococcus hoagii	species	1219013	Positive	Aerobe	NULL	NULL	fermenter	carbohydrates	2026-06-19 10:03:03	2026-06-19 10:03:05
1676	NULL	Actinobacteria	Actinobacteria	Streptosporangiales	Streptosporangiaceae	Sphaerisporangium		sphaerisporangium		Sphaerisporangium	genus	NULL	NULL	NULL	NULL	NULL	N/A	N/A	2026-06-19 10:03:03	2026-06-19 10:03:03
1677	Eubacteria	Actinobacteria	Actinobacteria	Corynebacteriales	Nocardiaceae	Rhodococcus	rhodochrous	rhodococcus	rhodochrous	Rhodococcus rhodochrous	species	1429046	Positive	Aerobe	NULL	NULL	mixed	carbohydrates	2026-06-19 10:03:03	2026-06-19 10:03:05
1678	Eubacteria	Chloroflexi	Thermomicrobia	Sphaerobacterales	Sphaerobacteraceae	Sphaerobacter	thermophilus	sphaerobacter	thermophilus	Sphaerobacter thermophilus	species	2057	Positive	Obligate aerobic	NULL	Nonsporulating	respirator	N/A	2026-06-19 10:03:03	2026-06-19 10:03:04
1679	Eubacteria	Proteobacteria	Alphaproteobacteria	Rhizobiales	Bradyrhizobiaceae	Rhodopseudomonas	palustris	rhodopseudomonas	palustris	Rhodopseudomonas palustris	species	1076	Negative	Aerobe; anaerobe	NULL	NULL	fermenter	inorganic	2026-06-19 10:03:03	2026-06-19 10:03:04
1680	Fungi	Ascomycota	Dothideomycetes	Mycosphaerellales	Mycosphaerellaceae	Sphaerulina	musiva	sphaerulina	musiva	Sphaerulina musiva	species	85929	NULL	Aerobe	NULL	Sporulating	fermenter	complex_carbs_fiber	2026-06-19 10:03:03	2026-06-19 10:03:04
1681	Eubacteria	Proteobacteria	Alphaproteobacteria	Rhodospirillales	Rhodospirillaceae	Rhodospirillum	rubrum	rhodospirillum	rubrum	Rhodospirillum rubrum	species	1085	Negative	Facultative anaerobe	NULL	Nonsporulating	mixed	inorganic	2026-06-19 10:03:03	2026-06-19 10:03:04
1682	Eubacteria	Proteobacteria	Alphaproteobacteria	Sphingomonadales	Sphingomonadaceae	Sphingobium	japonicum	sphingobium	japonicum	Sphingobium japonicum	species	332056	Negative	Aerobic	NULL	NULL	respirator	N/A	2026-06-19 10:03:03	2026-06-19 10:03:04
1683	Eubacteria	Bacteroidetes	NULL	Bacteroidetes Order II. Incertae sedis	Rhodothermaceae	Rhodothermus	marinus	rhodothermus	marinus	Rhodothermus marinus	species	29549	NULL	Aerobic	NULL	Singles	respirator	organic_unspecified	2026-06-19 10:03:03	2026-06-19 10:03:04
1684	Eubacteria	Proteobacteria	Gammaproteobacteria	Sphingomonadales	Sphingomonadaceae	Sphingomonas	paucimobilis	sphingomonas	paucimobilis	Sphingomonas paucimobilis	species	13689	NULL	Anaerobe	NULL	NULL	fermenter	carbohydrates	2026-06-19 10:03:03	2026-06-19 10:03:05
1685	Fungi	Basidiomycota	Microbotryomycetes	Sporidiobolales	Sporidiobolaceae	Rhodotorula	graminis	rhodotorula	graminis	Rhodotorula graminis	species	29898	Positive	Aerobic	NULL	Sporulating (basidiospores); reproduction also by budding	respirator	organic_unspecified	2026-06-19 10:03:03	2026-06-19 10:03:04
1686	NULL	Actinobacteria	Actinobacteria	Streptosporangiales	Thermomonosporaceae	Spirillospora		spirillospora		Spirillospora	genus	NULL	NULL	NULL	NULL	NULL	N/A	N/A	2026-06-19 10:03:03	2026-06-19 10:03:03
1687	Fungi	Basidiomycota	Microbotryomycetes	Sporidiobolales	Sporidiobolaceae	Rhodotorula	mucilaginosa	rhodotorula	mucilaginosa	Rhodotorula mucilaginosa	species	5537	Positive	Aerobic	NULL	Sporulating (basidiospores); reproduction also by budding	fermenter	organic_unspecified	2026-06-19 10:03:03	2026-06-19 10:03:04
1688	Eubacteria	Spirochaetes	Spirochaetia	Spirochaetales	Spirochaetaceae	Spirochaeta	thermophila	spirochaeta	thermophila	Spirochaeta thermophila	species	154	Negative	Anaerobic	NULL	NULL	fermenter	carbohydrates	2026-06-19 10:03:03	2026-06-19 10:03:04
1689	Fungi	Basidiomycota	Microbotryomycetes	Sporidiobolales	Sporidiobolaceae	Rhodotorula	taiwanensis	rhodotorula	taiwanensis	Rhodotorula taiwanensis	species	741276	Positive	Aerobic	NULL	Sporulating (basidiospores); reproduction also by budding	respirator	organic_unspecified	2026-06-19 10:03:03	2026-06-19 10:03:04
1690	Eubacteria	Bacteroidetes	Cytophagia	Cytophagales	Cytophagaceae	Spirosoma	linguale	spirosoma	linguale	Spirosoma linguale	species	108	Negative	Aerobe	NULL	Nonsporulating	respirator	organic_unspecified	2026-06-19 10:03:03	2026-06-19 10:03:04
1691	Fungi	Basidiomycota	Tremellomycetes	Tremellales	Rhynchogastremataceae	Rhynchogastrema	tunnelae	rhynchogastrema	tunnelae	Rhynchogastrema tunnelae	species	1255125	NULL	Aerobe	NULL	Sporulating (basidiospores)/reproduction by budding	respirator	carbohydrates	2026-06-19 10:03:03	2026-06-19 10:03:04
1692	Fungi	Basidiomycota	Ustilaginomycetes	Ustilaginales	Ustilaginaceae	Sporisorium	reilianum	sporisorium	reilianum	Sporisorium reilianum	species	72558	Positive	Aerobic	NULL	Sporulating (basidiospores); reproduction also by budding	fermenter	complex_carbs_fiber	2026-06-19 10:03:03	2026-06-19 10:03:04
1693	Eubacteria	Proteobacteria	Alphaproteobacteria	Rickettsiales	Rickettsiaceae	Rickettsia	rickettsii	rickettsia	rickettsii	Rickettsia rickettsii	species	783	Negative	Aerobe	NULL	Nonsporulating	respirator	N/A	2026-06-19 10:03:03	2026-06-19 10:03:05
1694	Fungi	Basidiomycota	Ustilaginomycetes	Ustilaginales	Ustilaginaceae	Sporisorium	scitamineum	sporisorium	scitamineum	Sporisorium scitamineum	species	49012	Positive	Aerobic	NULL	Sporulating (basidiospores); reproduction also by budding	fermenter	complex_carbs_fiber	2026-06-19 10:03:03	2026-06-19 10:03:04
1695	Bacillati	Bacillota	Bacilli	Bacillales	Bacillaceae	Robertmurraya	yapensis	robertmurraya	yapensis	Robertmurraya yapensis	species	3133160	Positive	Aerobic	NULL	NULL	respirator	carbohydrates	2026-06-19 10:03:03	2026-06-19 10:03:05
1696	NULL	Actinobacteria	Actinobacteria	Glycomycetales	Glycomycetaceae	Stackebrandtia		stackebrandtia		Stackebrandtia	genus	NULL	NULL	NULL	NULL	NULL	N/A	N/A	2026-06-19 10:03:03	2026-06-19 10:03:03
1697	Eubacteria	Firmicutes	Clostridia	Clostridiales	Lachnospiraceae	Roseburia	hominis	roseburia	hominis	Roseburia hominis	species	301301	Negative	Anaerobe	NULL	NULL	fermenter	carbohydrates	2026-06-19 10:03:03	2026-06-19 10:03:04
1698	Eubacteria	Firmicutes	Bacilli	Bacillales	Staphylococcaceae	Staphylococcus	arlettae	staphylococcus	arlettae	Staphylococcus arlettae	species	1212545	Positive	Facultative anaerobe	NULL	NULL	mixed	carbohydrates	2026-06-19 10:03:03	2026-06-19 10:03:05
1699	Eubacteria	Firmicutes	Clostridia	Clostridiales	Lachnospiraceae	Roseburia	intestinalis	roseburia	intestinalis	Roseburia intestinalis	species	166486	Negative	Anaerobe	NULL	NULL	fermenter	carbohydrates	2026-06-19 10:03:03	2026-06-19 10:03:04
1700	Eubacteria	Firmicutes	Bacilli	Bacillales	Staphylococcaceae	Staphylococcus	capitis	staphylococcus	capitis	Staphylococcus capitis	species	1189311	Positive	Facultative anaerobe	NULL	NULL	mixed	carbohydrates	2026-06-19 10:03:03	2026-06-19 10:03:04
1701	Eubacteria	Firmicutes	Clostridia	Clostridiales	Lachnospiraceae	Roseburia	inulinivorans	roseburia	inulinivorans	Roseburia inulinivorans	species	360807	Negative	Anaerobe	NULL	NULL	fermenter	carbohydrates	2026-06-19 10:03:03	2026-06-19 10:03:04
1702	Eubacteria	Firmicutes	Bacilli	Bacillales	Staphylococcaceae	Staphylococcus	caprae	staphylococcus	caprae	Staphylococcus caprae	species	29380	NULL	Facultative anaerobe	NULL	NULL	mixed	N/A	2026-06-19 10:03:03	2026-06-19 10:03:05
1703	Eubacteria	Proteobacteria	Alphaproteobacteria	Rhodobacterales	Rhodobacteraceae	Roseobacter	denitrificans	roseobacter	denitrificans	Roseobacter denitrificans	species	2434	Negative	Aerobe	NULL	NULL	respirator	N/A	2026-06-19 10:03:03	2026-06-19 10:03:04
1704	Eubacteria	Proteobacteria	Alphaproteobacteria	Rhodospirillales	Acetobacteraceae	Roseomonas	mucosa	roseomonas	mucosa	Roseomonas mucosa	species	1448136	Negative	Facultative anaerobe	NULL	NULL	mixed	carbohydrates	2026-06-19 10:03:03	2026-06-19 10:03:05
1705	Eubacteria	Firmicutes	Bacilli	Bacillales	Staphylococcaceae	Staphylococcus	carnosus	staphylococcus	carnosus	Staphylococcus carnosus	species	1281	Positive	Facultative anaerobe	NULL	Clusters - Singles	mixed	N/A	2026-06-19 10:03:03	2026-06-19 10:03:04
1706	Eubacteria	Actinobacteria	Actinobacteria	Micrococcales	Micrococcaceae	Rothia	aeria	rothia	aeria	Rothia aeria	species	1125724	Positive	Aerobe	NULL	NULL	mixed	carbohydrates	2026-06-19 10:03:03	2026-06-19 10:03:05
1707	Eubacteria	Firmicutes	Bacilli	Bacillales	Staphylococcaceae	Staphylococcus	cohnii	staphylococcus	cohnii	Staphylococcus cohnii	species	1415164	Positive	Facultative anaerobe	NULL	NULL	mixed	carbohydrates	2026-06-19 10:03:03	2026-06-19 10:03:05
1708	Eubacteria	Bacteroidetes	Cytophagia	Cytophagales	Cytophagaceae	Rudanella	lutea	rudanella	lutea	Rudanella lutea	species	1089547	Negative	Aerobe	NULL	NULL	mixed	N/A	2026-06-19 10:03:03	2026-06-19 10:03:05
1709	Eubacteria	Firmicutes	Bacilli	Bacillales	Staphylococcaceae	Staphylococcus	equorum	staphylococcus	equorum	Staphylococcus equorum	species	1159488	Positive	Facultative anaerobe	NULL	NULL	mixed	carbohydrates	2026-06-19 10:03:03	2026-06-19 10:03:05
1710	Eubacteria	Firmicutes	Clostridia	Clostridiales	Hungateiclostridiaceae	Ruminiclostridium	cellobioparum	ruminiclostridium	cellobioparum	Ruminiclostridium cellobioparum	species	1121303	Negative	NULL	NULL	NULL	N/A	N/A	2026-06-19 10:03:03	2026-06-19 10:03:04
1711	Eubacteria	Firmicutes	Bacilli	Bacillales	Staphylococcaceae	Staphylococcus	haemolyticus	staphylococcus	haemolyticus	Staphylococcus haemolyticus	species	1283	Positive	Facultative anaerobe	NULL	Clusters - Singles - Pairs	mixed	N/A	2026-06-19 10:03:03	2026-06-19 10:03:04
1712	NULL	Firmicutes	Clostridia	Clostridiales	Ruminococcaceae	Ruminiclostridium	clariflavum	ruminiclostridium	clariflavum	Ruminiclostridium clariflavum	species	NULL	NULL	NULL	NULL	NULL	N/A	N/A	2026-06-19 10:03:03	2026-06-19 10:03:03
1713	NULL	Firmicutes	Clostridia	Clostridiales	Ruminococcaceae	Ruminiclostridium	leptum	ruminiclostridium	leptum	Ruminiclostridium leptum	species	NULL	NULL	Anaerobe	NULL	NULL	fermenter	carbohydrates	2026-06-19 10:03:03	2026-06-19 10:03:03
1714	NULL	Firmicutes	Clostridia	Clostridiales	Ruminococcaceae	Ruminiclostridium	methylpentosum	ruminiclostridium	methylpentosum	Ruminiclostridium methylpentosum	species	NULL	NULL	Anaerobe	NULL	NULL	fermenter	N/A	2026-06-19 10:03:03	2026-06-19 10:03:03
1715	NULL	Firmicutes	Clostridia	Clostridiales	Ruminococcaceae	Ruminiclostridium	siraeum	ruminiclostridium	siraeum	Ruminiclostridium siraeum	species	NULL	NULL	Anaerobe	NULL	NULL	fermenter	carbohydrates	2026-06-19 10:03:03	2026-06-19 10:03:03
1716	NULL	Firmicutes	Clostridia	Clostridiales	Ruminococcaceae	Ruminiclostridium	sporosphaeroides	ruminiclostridium	sporosphaeroides	Ruminiclostridium sporosphaeroides	species	NULL	NULL	Facultative anaerobe	NULL	NULL	mixed	carbohydrates	2026-06-19 10:03:03	2026-06-19 10:03:03
1717	NULL	Firmicutes	Clostridia	Clostridiales	Ruminococcaceae	Ruminiclostridium	viride	ruminiclostridium	viride	Ruminiclostridium viride	species	NULL	NULL	Anaerobe	NULL	NULL	fermenter	carbohydrates	2026-06-19 10:03:03	2026-06-19 10:03:03
1718	Eubacteria	Firmicutes	Bacilli	Bacillales	Staphylococcaceae	Staphylococcus	hominis	staphylococcus	hominis	Staphylococcus hominis	species	1290	Positive	Facultative anaerobe	NULL	NULL	mixed	carbohydrates	2026-06-19 10:03:03	2026-06-19 10:03:04
1719	Bacillati	Firmicutes	Clostridia	Oscillospirales	Ruminococcaceae	Ruminococcoides	bili	ruminococcoides	bili	Ruminococcoides bili	species	2678306	Positive	Anaerobic	NULL	Spotulating	fermenter	carbohydrates	2026-06-19 10:03:03	2026-06-19 10:03:05
1720	Eubacteria	Firmicutes	Bacilli	Bacillales	Staphylococcaceae	Staphylococcus	intermedius	staphylococcus	intermedius	Staphylococcus intermedius	species	1285	NULL	Facultative anaerobe	NULL	NULL	mixed	carbohydrates	2026-06-19 10:03:03	2026-06-19 10:03:05
1721	Bacillati	Bacillota	Clostridia	Oscillospirales	Ruminococcaceae	Ruminococcoides	intestinale	ruminococcoides	intestinale	Ruminococcoides intestinale	species	3133162	Positive	Anaerobic	NULL	NULL	fermenter	carbohydrates	2026-06-19 10:03:03	2026-06-19 10:03:05
1722	Eubacteria	Firmicutes	Bacilli	Bacillales	Staphylococcaceae	Staphylococcus	lugdunensis	staphylococcus	lugdunensis	Staphylococcus lugdunensis	species	28035	Positive	Aerobe; anaerobe	NULL	Chains - Clusters - Pairs - Singles	fermenter	N/A	2026-06-19 10:03:03	2026-06-19 10:03:04
1723	Bacillati	Bacillota	Clostridia	Oscillospirales	Ruminococcaceae	Ruminococcoides	intestinihominis	ruminococcoides	intestinihominis	Ruminococcoides intestinihominis	species	3133161	Positive	Anaerobic	NULL	NULL	fermenter	carbohydrates	2026-06-19 10:03:03	2026-06-19 10:03:05
1724	Eubacteria	Firmicutes	Bacilli	Bacillales	Staphylococcaceae	Staphylococcus	pasteuri	staphylococcus	pasteuri	Staphylococcus pasteuri	species	1276282	Positive	Facultative anaerobe	NULL	NULL	mixed	carbohydrates	2026-06-19 10:03:03	2026-06-19 10:03:04
1725	Eubacteria	Firmicutes	Clostridia	Clostridiales	Ruminococcaceae	Ruminococcus	bicirculans	ruminococcus	bicirculans	Ruminococcus bicirculans	species	1160721	Positive	Anaerobe	NULL	NULL	fermenter	carbohydrates	2026-06-19 10:03:03	2026-06-19 10:03:04
1726	Eubacteria	Firmicutes	Bacilli	Bacillales	Staphylococcaceae	Staphylococcus	pettenkoferi	staphylococcus	pettenkoferi	Staphylococcus pettenkoferi	species	170573	Positive	Facultative anaerobe	NULL	NULL	mixed	carbohydrates	2026-06-19 10:03:03	2026-06-19 10:03:05
1727	Eubacteria	Firmicutes	Clostridia	Clostridiales	Ruminococcaceae	Ruminococcus	champanellensis	ruminococcus	champanellensis	Ruminococcus champanellensis	species	1161942	Positive	Anaerobe	NULL	NULL	fermenter	carbohydrates	2026-06-19 10:03:03	2026-06-19 10:03:04
1728	Eubacteria	Firmicutes	Bacilli	Bacillales	Staphylococcaceae	Staphylococcus	pseudintermedius	staphylococcus	pseudintermedius	Staphylococcus pseudintermedius	species	283734	NULL	NULL	NULL	NULL	N/A	N/A	2026-06-19 10:03:03	2026-06-19 10:03:04
1729	Eubacteria	Firmicutes	Clostridia	Clostridiales	Ruminococcaceae	Ruminococcus	gauvreauii	ruminococcus	gauvreauii	Ruminococcus gauvreauii	species	1123075	Positive	Anaerobe	NULL	NULL	fermenter	carbohydrates	2026-06-19 10:03:03	2026-06-19 10:03:05
1730	Eubacteria	Firmicutes	Bacilli	Bacillales	Staphylococcaceae	Staphylococcus	saprophyticus	staphylococcus	saprophyticus	Staphylococcus saprophyticus	species	29385	Positive	Aerobe	NULL	Clusters - Singles	respirator	N/A	2026-06-19 10:03:03	2026-06-19 10:03:04
1731	Eubacteria	Firmicutes	Clostridia	Clostridiales	Ruminococcaceae	Ruminococcus	lactaris	ruminococcus	lactaris	Ruminococcus lactaris	species	471875	Positive	Anaerobe	NULL	NULL	fermenter	carbohydrates	2026-06-19 10:03:03	2026-06-19 10:03:05
1732	NULL	Firmicutes	Bacilli	Bacillales	Staphylococcaceae	Staphylococcus	sciuri	staphylococcus	sciuri	Staphylococcus sciuri	species	NULL	NULL	Facultative anaerobe	NULL	NULL	mixed	carbohydrates	2026-06-19 10:03:03	2026-06-19 10:03:03
1733	Eubacteria	Firmicutes	Clostridia	Clostridiales	Ruminococcaceae	Ruminococcus	sp. 5_1_39bfaa	ruminococcus	sp. 5_1_39bfaa	Ruminococcus sp. 5_1_39bfaa	species	457412	Structurally positive but may stain negative	Obligate anaerobe	NULL	NULL	fermenter	carbohydrates	2026-06-19 10:03:03	2026-06-19 10:03:04
1734	Eubacteria	Firmicutes	Bacilli	Bacillales	Staphylococcaceae	Staphylococcus	simulans	staphylococcus	simulans	Staphylococcus simulans	species	1286	Positive	Facultative anaerobe	NULL	NULL	mixed	carbohydrates	2026-06-19 10:03:03	2026-06-19 10:03:05
1735	Eubacteria	Firmicutes	Clostridia	Clostridiales	Ruminococcaceae	Ruminococcus	sp. sr1/5	ruminococcus	sp. sr1/5	Ruminococcus sp. sr1/5	species	657323	Structurally positive but may stain negative	Obligate anaerobe	NULL	NULL	fermenter	carbohydrates	2026-06-19 10:03:03	2026-06-19 10:03:04
1736	NULL	Firmicutes	Bacilli	Bacillales	Staphylococcaceae	Staphylococcus	vitulinus	staphylococcus	vitulinus	Staphylococcus vitulinus	species	NULL	NULL	Facultative anaerobe	NULL	NULL	mixed	carbohydrates	2026-06-19 10:03:03	2026-06-19 10:03:03
1737	Bacillati	Bacillota	Clostridia	Oscillospirales	Ruminococcaceae	Ruthenibacterium	intestinale	ruthenibacterium	intestinale	Ruthenibacterium intestinale	species	3133163	Positive	Anaerobic	NULL	NULL	fermenter	carbohydrates	2026-06-19 10:03:03	2026-06-19 10:03:05
1738	Eubacteria	Firmicutes	Bacilli	Bacillales	Staphylococcaceae	Staphylococcus	warneri	staphylococcus	warneri	Staphylococcus warneri	species	1194526	Positive	Facultative anaerobe	NULL	NULL	mixed	carbohydrates	2026-06-19 10:03:03	2026-06-19 10:03:04
1739	NULL	Crenarchaeota	Thermoprotei	Sulfolobales	Sulfolobaceae	Saccharolobus	solfataricus	saccharolobus	solfataricus	Saccharolobus solfataricus	species	2287	NULL	NULL	NULL	NULL	N/A	N/A	2026-06-19 10:03:03	2026-06-19 10:03:04
1740	Eubacteria	Firmicutes	Bacilli	Bacillales	Staphylococcaceae	Staphylococcus	xylosus	staphylococcus	xylosus	Staphylococcus xylosus	species	1262650	Positive	Facultative anaerobe	NULL	NULL	mixed	carbohydrates	2026-06-19 10:03:03	2026-06-19 10:03:05
1741	Fungi	Ascomycota	Saccharomycetes	Saccharomycetales	Saccharomycetaceae	Saccharomyces	cerevisiae	saccharomyces	cerevisiae	Saccharomyces cerevisiae	species	4932	Negative	Aerobic	NULL	Sporulating (ascospores); reproduction also by budding	fermenter	organic_unspecified	2026-06-19 10:03:03	2026-06-19 10:03:04
1742	Eubacteria	Proteobacteria	Alphaproteobacteria	Rhizobiales	Xanthobacteraceae	Starkeya	novella	starkeya	novella	Starkeya novella	species	921	NULL	NULL	NULL	NULL	respirator	inorganic	2026-06-19 10:03:03	2026-06-19 10:03:05
1743	Fungi	Ascomycota	Saccharomycetes	Saccharomycetales	Saccharomycetaceae	Saccharomyces	kudriavzevii	saccharomyces	kudriavzevii	Saccharomyces kudriavzevii	species	114524	NULL	Aerobe/facultative anaerobe	NULL	Sporulating (ascospores)/reproduction by budding	mixed	organic_unspecified	2026-06-19 10:03:03	2026-06-19 10:03:04
1744	Eubacteria	Proteobacteria	Gammaproteobacteria	Xanthomonadales	Xanthomonadaceae	Stenotrophomonas	rhizophila	stenotrophomonas	rhizophila	Stenotrophomonas rhizophila	species	1255680	Negative	Anaerobe	NULL	NULL	fermenter	carbohydrates	2026-06-19 10:03:03	2026-06-19 10:03:05
1745	Fungi	Ascomycota	Saccharomycetes	Saccharomycetales	Saccharomycetaceae	Saccharomyces	pastorianus	saccharomyces	pastorianus	Saccharomyces pastorianus	species	27292	NULL	Aerobe/facultative anaerobe	NULL	Sporulating (ascospores)/reproduction by budding	mixed	organic_unspecified	2026-06-19 10:03:03	2026-06-19 10:03:04
1746	Fungi	Basidiomycota	Agaricomycetes	Russulales	Stereaceae	Stereum	hirsutum	stereum	hirsutum	Stereum hirsutum	species	40492	Positive	Aerobic	NULL	Sporulating (basidiospores); reproduction also by budding	fermenter	complex_carbs_fiber	2026-06-19 10:03:03	2026-06-19 10:03:04
1747	Fungi	Ascomycota	Saccharomycetes	Saccharomycetales	Saccharomycetaceae	Saccharomyces	uvarum	saccharomyces	uvarum	Saccharomyces uvarum	species	230603	NULL	Aerobe/facultative anaerobe	NULL	Sporulating (ascospores)/reproduction by budding	mixed	organic_unspecified	2026-06-19 10:03:03	2026-06-19 10:03:04
1748	NULL	Firmicutes	Erysipelotrichia	Erysipelotrichales	Erysipelotrichaceae	Stoquefichus	massiliensis	stoquefichus	massiliensis	Stoquefichus massiliensis	species	NULL	NULL	NULL	NULL	NULL	N/A	N/A	2026-06-19 10:03:03	2026-06-19 10:03:03
1749	Fungi	Ascomycota	Saccharomycetes	Saccharomycetales	Saccharomycopsidaceae	Saccharomycopsis	fibuligera	saccharomycopsis	fibuligera	Saccharomycopsis fibuligera	species	4944	NULL	Aerobe/facultative anaerobe	NULL	Sporulating (ascospores)/reproduction by budding	mixed	organic_unspecified	2026-06-19 10:03:03	2026-06-19 10:03:04
1750	NULL	Actinobacteria	Actinobacteria	Streptomycetales	Streptomycetaceae	Streptacidiphilus		streptacidiphilus		Streptacidiphilus	genus	NULL	NULL	NULL	NULL	NULL	N/A	N/A	2026-06-19 10:03:03	2026-06-19 10:03:03
1751	NULL	Actinobacteria	Actinobacteria	Pseudonocardiales	Pseudonocardiaceae	Saccharothrix	syringae	saccharothrix	syringae	Saccharothrix syringae	species	103733	NULL	NULL	NULL	NULL	N/A	N/A	2026-06-19 10:03:03	2026-06-19 10:03:05
1752	NULL	Actinobacteria	Actinobacteria	Pseudonocardiales	Pseudonocardiaceae	Streptoalloteichus	tenebrarius	streptoalloteichus	tenebrarius	Streptoalloteichus tenebrarius	species	1933	NULL	NULL	NULL	NULL	N/A	N/A	2026-06-19 10:03:03	2026-06-19 10:03:05
1753	NULL	Actinobacteria	Actinobacteria	Pseudonocardiales	Pseudonocardiaceae	Saccharothrix		saccharothrix		Saccharothrix	genus	NULL	NULL	NULL	NULL	NULL	N/A	N/A	2026-06-19 10:03:03	2026-06-19 10:03:03
1754	Eubacteria	Firmicutes	Bacilli	Lactobacillales	Streptococcaceae	Streptococcus	agalactiae	streptococcus	agalactiae	Streptococcus agalactiae	species	1311	Positive	Facultative anaerobe	NULL	Chains - Pairs	mixed	N/A	2026-06-19 10:03:03	2026-06-19 10:03:04
1755	Fungi	Ascomycota	NULL	NULL	NULL	Saitoella	complicata	saitoella	complicata	Saitoella complicata	species	5606	NULL	Aerobe	NULL	Sporulating (ascospores)/reproduction by budding	fermenter	complex_carbs_fiber	2026-06-19 10:03:03	2026-06-19 10:03:04
1756	Eubacteria	Firmicutes	Bacilli	Lactobacillales	Streptococcaceae	Streptococcus	australis	streptococcus	australis	Streptococcus australis	species	113107	Positive	Facultative anaerobe	NULL	NULL	mixed	carbohydrates	2026-06-19 10:03:03	2026-06-19 10:03:04
1757	Bacillati	Bacillota	Clostridia	Lachnospirales	Lachnospiraceae	Sakamotonia	hominis	sakamotonia	hominis	Sakamotonia hominis	species	3078042	Positive	Anaerobic	NULL	NULL	fermenter	carbohydrates	2026-06-19 10:03:03	2026-06-19 10:03:05
1758	Eubacteria	Firmicutes	Bacilli	Lactobacillales	Streptococcaceae	Streptococcus	constellatus	streptococcus	constellatus	Streptococcus constellatus	species	1035184	Positive	Facultative anaerobe	NULL	NULL	mixed	carbohydrates	2026-06-19 10:03:03	2026-06-19 10:03:04
1759	NULL	Actinobacteria	Actinobacteria	Micromonosporales	Micromonosporaceae	Salinispora	arenicola	salinispora	arenicola	Salinispora arenicola	species	168697	NULL	NULL	NULL	NULL	N/A	N/A	2026-06-19 10:03:03	2026-06-19 10:03:05
1760	Eubacteria	Firmicutes	Bacilli	Lactobacillales	Streptococcaceae	Streptococcus	cristatus	streptococcus	cristatus	Streptococcus cristatus	species	45634	Positive	Facultative anaerobe	NULL	NULL	mixed	carbohydrates	2026-06-19 10:03:03	2026-06-19 10:03:04
1761	NULL	Firmicutes	Bacilli	Bacillales	Bacillaceae	Salisediminibacterium	selenitireducens	salisediminibacterium	selenitireducens	Salisediminibacterium selenitireducens	species	NULL	NULL	Facultative	NULL	Nonsporulating	mixed	N/A	2026-06-19 10:03:03	2026-06-19 10:03:03
1762	Eubacteria	Firmicutes	Bacilli	Lactobacillales	Streptococcaceae	Streptococcus	downei	streptococcus	downei	Streptococcus downei	species	1317	NULL	NULL	NULL	NULL	N/A	N/A	2026-06-19 10:03:03	2026-06-19 10:03:04
1763	Eubacteria	Actinobacteria	Actinobacteria	Bifidobacteriales	Bifidobacteriaceae	Scardovia	inopinata	scardovia	inopinata	Scardovia inopinata	species	641146	Positive	Anaerobe	NULL	NULL	fermenter	carbohydrates	2026-06-19 10:03:03	2026-06-19 10:03:05
1764	Eubacteria	Firmicutes	Bacilli	Lactobacillales	Streptococcaceae	Streptococcus	dysgalactiae	streptococcus	dysgalactiae	Streptococcus dysgalactiae	species	1334	Positive	Facultative anaerobe	NULL	NULL	mixed	carbohydrates	2026-06-19 10:03:03	2026-06-19 10:03:04
1765	Eubacteria	Actinobacteria	Actinobacteria	Bifidobacteriales	Bifidobacteriaceae	Scardovia	wiggsiae	scardovia	wiggsiae	Scardovia wiggsiae	species	230143	NULL	NULL	NULL	NULL	N/A	N/A	2026-06-19 10:03:03	2026-06-19 10:03:04
1766	Eubacteria	Firmicutes	Bacilli	Lactobacillales	Streptococcaceae	Streptococcus	equinus	streptococcus	equinus	Streptococcus equinus	species	1335	Positive	Facultative anaerobe	NULL	Pairs - Chains	mixed	carbohydrates	2026-06-19 10:03:03	2026-06-19 10:03:04
1767	Fungi	Ascomycota	Sordariomycetes	Microascales	Microascaceae	Scedosporium	apiospermum	scedosporium	apiospermum	Scedosporium apiospermum	species	563466	NULL	Aerobe/facultative anaerobe	NULL	Sporulating	mixed	complex_carbs_fiber	2026-06-19 10:03:03	2026-06-19 10:03:04
1768	Eubacteria	Firmicutes	Bacilli	Lactobacillales	Streptococcaceae	Streptococcus	gallolyticus	streptococcus	gallolyticus	Streptococcus gallolyticus	species	315405	Positive	Anaerobic	NULL	Chains - Pairs	mixed	carbohydrates	2026-06-19 10:03:03	2026-06-19 10:03:04
1769	Eubacteria	Actinobacteria	Actinobacteria	Actinomycetales	Actinomycetaceae	Schaalia	cardiffensis	schaalia	cardiffensis	Schaalia cardiffensis	species	181487	NULL	NULL	NULL	NULL	N/A	N/A	2026-06-19 10:03:03	2026-06-19 10:03:05
1770	Eubacteria	Firmicutes	Bacilli	Lactobacillales	Streptococcaceae	Streptococcus	gordonii	streptococcus	gordonii	Streptococcus gordonii	species	1302	Positive	Facultative anaerobe	NULL	Chains - Pairs	mixed	N/A	2026-06-19 10:03:03	2026-06-19 10:03:04
1771	Eubacteria	Actinobacteria	Actinobacteria	Actinomycetales	Actinomycetaceae	Schaalia	georgiae	schaalia	georgiae	Schaalia georgiae	species	52768	NULL	NULL	NULL	NULL	N/A	N/A	2026-06-19 10:03:03	2026-06-19 10:03:05
1772	Eubacteria	Firmicutes	Bacilli	Lactobacillales	Streptococcaceae	Streptococcus	infantarius	streptococcus	infantarius	Streptococcus infantarius	species	102684	Positive	Facultative anaerobe	NULL	NULL	mixed	carbohydrates	2026-06-19 10:03:03	2026-06-19 10:03:04
1773	Eubacteria	Actinobacteria	Actinobacteria	Actinomycetales	Actinomycetaceae	Schaalia	odontolytica	schaalia	odontolytica	Schaalia odontolytica	species	1660	NULL	NULL	NULL	NULL	N/A	N/A	2026-06-19 10:03:03	2026-06-19 10:03:04
1774	Eubacteria	Firmicutes	Bacilli	Lactobacillales	Streptococcaceae	Streptococcus	intermedius	streptococcus	intermedius	Streptococcus intermedius	species	1338	Positive	Facultative anaerobe	NULL	NULL	mixed	carbohydrates	2026-06-19 10:03:03	2026-06-19 10:03:04
1775	Eubacteria	Actinobacteria	Actinobacteria	Actinomycetales	Actinomycetaceae	Schaalia	turicensis	schaalia	turicensis	Schaalia turicensis	species	131111	NULL	NULL	NULL	NULL	N/A	N/A	2026-06-19 10:03:03	2026-06-19 10:03:04
1776	Eubacteria	Firmicutes	Bacilli	Lactobacillales	Streptococcaceae	Streptococcus	lutetiensis	streptococcus	lutetiensis	Streptococcus lutetiensis	species	1076934	Positive	Facultative anaerobe	NULL	NULL	mixed	carbohydrates	2026-06-19 10:03:03	2026-06-19 10:03:04
1777	Eubacteria	Firmicutes	Clostridia	Clostridiales	Lachnospiraceae	Schaedlerella	arabinosiphila	schaedlerella	arabinosiphila	Schaedlerella arabinosiphila	species	97139	NULL	NULL	NULL	NULL	N/A	N/A	2026-06-19 10:03:03	2026-06-19 10:03:04
1778	Eubacteria	Firmicutes	Bacilli	Lactobacillales	Streptococcaceae	Streptococcus	mitis	streptococcus	mitis	Streptococcus mitis	species	246201	Positive	Facultative anaerobe	NULL	Nonsporulating	mixed	carbohydrates	2026-06-19 10:03:03	2026-06-19 10:03:04
1779	Fungi	Ascomycota	Saccharomycetes	Saccharomycetales	Debaryomycetaceae	Scheffersomyces	stipitis	scheffersomyces	stipitis	Scheffersomyces stipitis	species	4924	NULL	Aerobe/facultative anaerobe	NULL	Sporulating	mixed	organic_unspecified	2026-06-19 10:03:03	2026-06-19 10:03:04
1780	Eubacteria	Firmicutes	Bacilli	Lactobacillales	Streptococcaceae	Streptococcus	mutans	streptococcus	mutans	Streptococcus mutans	species	1257041	Positive	Facultative anaerobe	NULL	Chains - Pairs	mixed	carbohydrates	2026-06-19 10:03:03	2026-06-19 10:03:04
1781	NULL	Platyhelminthes	Trematoda	Strigeidida	Schistosomatidae	Schistosoma	curassoni	schistosoma	curassoni	Schistosoma curassoni	species	6186	NULL	NULL	NULL	NULL	N/A	N/A	2026-06-19 10:03:03	2026-06-19 10:03:05
1782	Eubacteria	Firmicutes	Bacilli	Lactobacillales	Streptococcaceae	Streptococcus	oralis	streptococcus	oralis	Streptococcus oralis	species	1303	Positive	Facultative anaerobe	NULL	Pairs - Chains	mixed	N/A	2026-06-19 10:03:03	2026-06-19 10:03:04
1783	Fungi	Basidiomycota	Agaricomycetes	Agaricales	Schizophyllaceae	Schizophyllum	commune	schizophyllum	commune	Schizophyllum commune	species	5334	Positive	Aerobic	NULL	Sporulating (basidiospores); reproduction also by budding	fermenter	complex_carbs_fiber	2026-06-19 10:03:03	2026-06-19 10:03:04
1784	Eubacteria	Firmicutes	Bacilli	Lactobacillales	Streptococcaceae	Streptococcus	parasanguinis	streptococcus	parasanguinis	Streptococcus parasanguinis	species	1318	Positive	Facultative anaerobe	NULL	Nonsporulating	mixed	carbohydrates	2026-06-19 10:03:03	2026-06-19 10:03:04
1785	Fungi	Ascomycota	Schizosaccharomycetes	Schizosaccharomycetales	Schizosaccharomycetaceae	Schizosaccharomyces	cryophilus	schizosaccharomyces	cryophilus	Schizosaccharomyces cryophilus	species	866546	NULL	Aerobe	NULL	Sporulating (ascospores)/reproduction by budding	fermenter	complex_carbs_fiber	2026-06-19 10:03:03	2026-06-19 10:03:04
1786	Eubacteria	Firmicutes	Bacilli	Lactobacillales	Streptococcaceae	Streptococcus	parauberis	streptococcus	parauberis	Streptococcus parauberis	species	1348	Positive	Facultative anaerobe	NULL	NULL	mixed	N/A	2026-06-19 10:03:03	2026-06-19 10:03:04
1787	Fungi	Ascomycota	Schizosaccharomycetes	Schizosaccharomycetales	Schizosaccharomycetaceae	Schizosaccharomyces	octosporus	schizosaccharomyces	octosporus	Schizosaccharomyces octosporus	species	4899	NULL	Aerobe	NULL	Sporulating (ascospores)/reproduction by budding	fermenter	organic_unspecified	2026-06-19 10:03:03	2026-06-19 10:03:04
1788	Eubacteria	Firmicutes	Bacilli	Lactobacillales	Streptococcaceae	Streptococcus	peroris	streptococcus	peroris	Streptococcus peroris	species	68891	Positive	Facultative anaerobe	NULL	NULL	mixed	carbohydrates	2026-06-19 10:03:03	2026-06-19 10:03:04
1789	Fungi	Ascomycota	Schizosaccharomycetes	Schizosaccharomycetales	Schizosaccharomycetaceae	Schizosaccharomyces	pombe	schizosaccharomyces	pombe	Schizosaccharomyces pombe	species	4896	Positive	Aerobic	NULL	Sporulating (ascospores); reproduction also by budding	fermenter	organic_unspecified	2026-06-19 10:03:03	2026-06-19 10:03:04
1790	NULL	Firmicutes	Erysipelotrichia	Erysipelotrichales	Erysipelotrichaceae	Streptococcus	pleomorphus	streptococcus	pleomorphus	Streptococcus pleomorphus	species	NULL	NULL	Obligate anaerobe	NULL	NULL	fermenter	carbohydrates	2026-06-19 10:03:03	2026-06-19 10:03:03
1791	Eubacteria	Planctomycetes	Planctomycetia	Planctomycetales	Planctomycetaceae	Schlesneria	paludicola	schlesneria	paludicola	Schlesneria paludicola	species	1123242	Negative	Facultative anaerobe	NULL	NULL	mixed	carbohydrates	2026-06-19 10:03:03	2026-06-19 10:03:05
1792	Eubacteria	Firmicutes	Bacilli	Lactobacillales	Streptococcaceae	Streptococcus	pneumoniae	streptococcus	pneumoniae	Streptococcus pneumoniae	species	1313	Positive	Facultative anaerobe	NULL	Chains - Pairs	mixed	N/A	2026-06-19 10:03:03	2026-06-19 10:03:04
1793	Fungi	Ascomycota	Leotiomycetes	Helotiales	Sclerotiniaceae	Sclerotinia	sclerotiorum	sclerotinia	sclerotiorum	Sclerotinia sclerotiorum	species	5180	NULL	Aerobe	NULL	Sporulating	fermenter	complex_carbs_fiber	2026-06-19 10:03:03	2026-06-19 10:03:04
1794	Eubacteria	Firmicutes	Bacilli	Lactobacillales	Streptococcaceae	Streptococcus	pseudopneumoniae	streptococcus	pseudopneumoniae	Streptococcus pseudopneumoniae	species	1054460	Positive	Facultative anaerobe	NULL	NULL	mixed	N/A	2026-06-19 10:03:03	2026-06-19 10:03:04
1795	Eubacteria	Firmicutes	Negativicutes	Selenomonadales	Selenomonadaceae	Selenomonas	artemidis	selenomonas	artemidis	Selenomonas artemidis	species	671224	NULL	NULL	NULL	NULL	N/A	N/A	2026-06-19 10:03:03	2026-06-19 10:03:04
1796	Eubacteria	Firmicutes	Bacilli	Lactobacillales	Streptococcaceae	Streptococcus	pseudoporcinus	streptococcus	pseudoporcinus	Streptococcus pseudoporcinus	species	361101	NULL	NULL	NULL	NULL	N/A	N/A	2026-06-19 10:03:03	2026-06-19 10:03:04
1797	Eubacteria	Firmicutes	Negativicutes	Selenomonadales	Selenomonadaceae	Selenomonas	flueggei	selenomonas	flueggei	Selenomonas flueggei	species	135080	NULL	NULL	NULL	NULL	N/A	N/A	2026-06-19 10:03:03	2026-06-19 10:03:04
1798	Eubacteria	Firmicutes	Bacilli	Lactobacillales	Streptococcaceae	Streptococcus	pyogenes	streptococcus	pyogenes	Streptococcus pyogenes	species	1314	Positive	Facultative anaerobe	NULL	Chains - Pairs	mixed	N/A	2026-06-19 10:03:03	2026-06-19 10:03:04
1799	Eubacteria	Firmicutes	Negativicutes	Selenomonadales	Selenomonadaceae	Selenomonas	noxia	selenomonas	noxia	Selenomonas noxia	species	135083	NULL	NULL	NULL	NULL	N/A	N/A	2026-06-19 10:03:03	2026-06-19 10:03:04
1800	Eubacteria	Firmicutes	Bacilli	Lactobacillales	Streptococcaceae	Streptococcus	salivarius	streptococcus	salivarius	Streptococcus salivarius	species	1304	Positive	Facultative anaerobe	NULL	Nonsporulating	mixed	carbohydrates	2026-06-19 10:03:03	2026-06-19 10:03:04
1801	Eubacteria	Firmicutes	Negativicutes	Selenomonadales	Selenomonadaceae	Selenomonas	sputigena	selenomonas	sputigena	Selenomonas sputigena	species	69823	NULL	NULL	NULL	NULL	N/A	N/A	2026-06-19 10:03:03	2026-06-19 10:03:04
1802	Fungi	Basidiomycota	Agaricomycetes	Sebacinales	Serendipitaceae	Serendipita	indica	serendipita	indica	Serendipita indica	species	65672	Positive	Aerobic	NULL	Sporulating (basidiospores); reproduction also by budding	fermenter	complex_carbs_fiber	2026-06-19 10:03:03	2026-06-19 10:03:04
1803	Fungi	Basidiomycota	Agaricomycetes	Boletales	Serpulaceae	Serpula	lacrymans	serpula	lacrymans	Serpula lacrymans	species	85982	Positive	Aerobic	NULL	Sporulating (basidiospores); reproduction also by budding	fermenter	complex_carbs_fiber	2026-06-19 10:03:03	2026-06-19 10:03:04
1804	Eubacteria	Proteobacteria	Gammaproteobacteria	Enterobacterales	Yersiniaceae	Serratia	fonticola	serratia	fonticola	Serratia fonticola	species	47917	NULL	NULL	NULL	NULL	N/A	N/A	2026-06-19 10:03:03	2026-06-19 10:03:05
1805	Eubacteria	Proteobacteria	Gammaproteobacteria	Enterobacterales	Yersiniaceae	Serratia	liquefaciens	serratia	liquefaciens	Serratia liquefaciens	species	1346614	Negative	Facultative anaerobe	NULL	NULL	mixed	N/A	2026-06-19 10:03:03	2026-06-19 10:03:05
1806	Eubacteria	Firmicutes	Bacilli	Lactobacillales	Streptococcaceae	Streptococcus	sanguinis	streptococcus	sanguinis	Streptococcus sanguinis	species	1305	Positive	Facultative anaerobe	NULL	Chains - Pairs	mixed	N/A	2026-06-19 10:03:03	2026-06-19 10:03:04
1807	NULL	Proteobacteria	Gammaproteobacteria	Enterobacteriales	Enterobacteriaceae	Serratia	multitudinisentens	serratia	multitudinisentens	Serratia multitudinisentens	species	NULL	NULL	Facultative anaerobe	NULL	NULL	mixed	N/A	2026-06-19 10:03:03	2026-06-19 10:03:03
1808	Eubacteria	Firmicutes	Bacilli	Lactobacillales	Streptococcaceae	Streptococcus	sp. 'group b'	streptococcus	sp. 'group b'	Streptococcus sp. 'group b'	species	1319	NULL	NULL	NULL	NULL	N/A	N/A	2026-06-19 10:03:03	2026-06-19 10:03:05
1809	Eubacteria	Proteobacteria	Gammaproteobacteria	Alteromonadales	Shewanellaceae	Shewanella	denitrificans	shewanella	denitrificans	Shewanella denitrificans	species	192073	Negative	Facultative	NULL	Pairs - Singles	mixed	organic_unspecified	2026-06-19 10:03:03	2026-06-19 10:03:04
1810	Eubacteria	Firmicutes	Bacilli	Lactobacillales	Streptococcaceae	Streptococcus	sp. 2_1_36faa	streptococcus	sp. 2_1_36faa	Streptococcus sp. 2_1_36faa	species	469609	Positive	Facultative anaerobe	NULL	NULL	mixed	carbohydrates	2026-06-19 10:03:03	2026-06-19 10:03:05
1811	Eubacteria	Firmicutes	Bacilli	Lactobacillales	Streptococcaceae	Streptococcus	sp. gmd4s	streptococcus	sp. gmd4s	Streptococcus sp. gmd4s	species	1169673	NULL	NULL	NULL	NULL	N/A	N/A	2026-06-19 10:03:03	2026-06-19 10:03:04
1812	Eubacteria	Proteobacteria	Gammaproteobacteria	Alteromonadales	Shewanellaceae	Shewanella	putrefaciens	shewanella	putrefaciens	Shewanella putrefaciens	species	24	Negative	Facultative	NULL	Pairs - Singles	mixed	organic_unspecified	2026-06-19 10:03:03	2026-06-19 10:03:04
1813	Eubacteria	Firmicutes	Bacilli	Lactobacillales	Streptococcaceae	Streptococcus	sp. i-g2	streptococcus	sp. i-g2	Streptococcus sp. i-g2	species	1156431	Positive	Facultative anaerobe	NULL	NULL	mixed	carbohydrates	2026-06-19 10:03:03	2026-06-19 10:03:05
1814	Eubacteria	Proteobacteria	Gammaproteobacteria	Enterobacterales	Enterobacteriaceae	Shigella	boydii	shigella	boydii	Shigella boydii	species	621	Negative	Facultative anaerobe	NULL	Pairs - Singles	mixed	organic_unspecified	2026-06-19 10:03:03	2026-06-19 10:03:04
1815	Eubacteria	Firmicutes	Bacilli	Lactobacillales	Streptococcaceae	Streptococcus	sp. i-p16	streptococcus	sp. i-p16	Streptococcus sp. i-p16	species	1156433	Positive	Facultative anaerobe	NULL	NULL	mixed	carbohydrates	2026-06-19 10:03:03	2026-06-19 10:03:04
1816	Eubacteria	Proteobacteria	Gammaproteobacteria	Enterobacterales	Enterobacteriaceae	Shigella	dysenteriae	shigella	dysenteriae	Shigella dysenteriae	species	300267	Negative	Facultative anaerobe	NULL	Pairs - Singles	mixed	organic_unspecified	2026-06-19 10:03:03	2026-06-19 10:03:04
1817	Eubacteria	Firmicutes	Bacilli	Lactobacillales	Streptococcaceae	Streptococcus	suis	streptococcus	suis	Streptococcus suis	species	1307	Positive	Facultative anaerobe	NULL	Chains - Pairs - Singles	mixed	N/A	2026-06-19 10:03:03	2026-06-19 10:03:04
1818	Eubacteria	Proteobacteria	Gammaproteobacteria	Enterobacterales	Enterobacteriaceae	Shigella	flexneri	shigella	flexneri	Shigella flexneri	species	373384	Negative	Facultative anaerobe	NULL	Pairs - Singles	mixed	organic_unspecified	2026-06-19 10:03:03	2026-06-19 10:03:04
1819	Eubacteria	Firmicutes	Bacilli	Lactobacillales	Streptococcaceae	Streptococcus	thermophilus	streptococcus	thermophilus	Streptococcus thermophilus	species	1308	Positive	Anaerobe	NULL	Chains - Pairs	mixed	N/A	2026-06-19 10:03:03	2026-06-19 10:03:04
1820	Eubacteria	Proteobacteria	Gammaproteobacteria	Xanthomonadales	Xanthomonadaceae	Silanimonas	lenta	silanimonas	lenta	Silanimonas lenta	species	1123253	Negative	Aerobe	NULL	NULL	mixed	carbohydrates	2026-06-19 10:03:03	2026-06-19 10:03:05
1821	Eubacteria	Firmicutes	Bacilli	Lactobacillales	Streptococcaceae	Streptococcus	thoraltensis	streptococcus	thoraltensis	Streptococcus thoraltensis	species	1123318	Positive	Anaerobe	NULL	NULL	mixed	carbohydrates	2026-06-19 10:03:03	2026-06-19 10:03:04
1822	Eubacteria	Proteobacteria	Alphaproteobacteria	Rhizobiales	Rhizobiaceae	Sinorhizobium	meliloti	sinorhizobium	meliloti	Sinorhizobium meliloti	species	382	Negative	Aerobe	NULL	NULL	respirator	N/A	2026-06-19 10:03:03	2026-06-19 10:03:04
1823	Eubacteria	Firmicutes	Bacilli	Lactobacillales	Streptococcaceae	Streptococcus	uberis	streptococcus	uberis	Streptococcus uberis	species	1349	Positive	Facultative anaerobe	NULL	Chains - Pairs	mixed	N/A	2026-06-19 10:03:03	2026-06-19 10:03:04
1824	Fungi	Basidiomycota	Agaricomycetes	Corticiales	Corticiaceae	Sistotrema	brinkmannii	sistotrema	brinkmannii	Sistotrema brinkmannii	species	139132	NULL	Aerobe	NULL	Sporulating (basidiospores)/reproduction by budding	fermenter	complex_carbs_fiber	2026-06-19 10:03:03	2026-06-19 10:03:04
1825	Eubacteria	Firmicutes	Bacilli	Lactobacillales	Streptococcaceae	Streptococcus	urinalis	streptococcus	urinalis	Streptococcus urinalis	species	149016	NULL	NULL	NULL	NULL	N/A	N/A	2026-06-19 10:03:03	2026-06-19 10:03:04
1826	Eubacteria	Firmicutes	Bacilli	Lactobacillales	Streptococcaceae	Streptococcus	vestibularis	streptococcus	vestibularis	Streptococcus vestibularis	species	1343	Positive	Facultative anaerobe	NULL	NULL	mixed	carbohydrates	2026-06-19 10:03:03	2026-06-19 10:03:04
1827	NULL	Actinobacteria	Actinobacteria	Streptomycetales	Streptomycetaceae	Streptomyces	actuosus	streptomyces	actuosus	Streptomyces actuosus	species	1885	NULL	NULL	NULL	NULL	N/A	N/A	2026-06-19 10:03:03	2026-06-19 10:03:05
1828	NULL	Actinobacteria	Actinobacteria	Streptomycetales	Streptomycetaceae	Streptomyces	alboniger	streptomyces	alboniger	Streptomyces alboniger	species	132473	NULL	NULL	NULL	NULL	N/A	N/A	2026-06-19 10:03:03	2026-06-19 10:03:05
1829	NULL	Actinobacteria	Actinobacteria	Streptomycetales	Streptomycetaceae	Streptomyces	albosporeus	streptomyces	albosporeus	Streptomyces albosporeus	species	285555	NULL	NULL	NULL	NULL	N/A	N/A	2026-06-19 10:03:03	2026-06-19 10:03:05
1830	NULL	Actinobacteria	Actinobacteria	Streptomycetales	Streptomycetaceae	Streptomyces	albus	streptomyces	albus	Streptomyces albus	species	1888	NULL	NULL	NULL	NULL	N/A	N/A	2026-06-19 10:03:03	2026-06-19 10:03:05
1831	NULL	Actinobacteria	Actinobacteria	Streptomycetales	Streptomycetaceae	Streptomyces	antibioticus	streptomyces	antibioticus	Streptomyces antibioticus	species	1890	NULL	NULL	NULL	NULL	N/A	N/A	2026-06-19 10:03:03	2026-06-19 10:03:05
1832	NULL	Actinobacteria	Actinobacteria	Streptomycetales	Streptomycetaceae	Streptomyces	anulatus	streptomyces	anulatus	Streptomyces anulatus	species	1892	NULL	NULL	NULL	NULL	N/A	N/A	2026-06-19 10:03:03	2026-06-19 10:03:05
1833	NULL	Actinobacteria	Actinobacteria	Streptomycetales	Streptomycetaceae	Streptomyces	armeniacus	streptomyces	armeniacus	Streptomyces armeniacus	species	83291	NULL	NULL	NULL	NULL	N/A	N/A	2026-06-19 10:03:03	2026-06-19 10:03:05
1834	NULL	Actinobacteria	Actinobacteria	Streptomycetales	Streptomycetaceae	Streptomyces	aurantiogriseus	streptomyces	aurantiogriseus	Streptomyces aurantiogriseus	species	66870	NULL	NULL	NULL	NULL	N/A	N/A	2026-06-19 10:03:03	2026-06-19 10:03:05
1835	Eubacteria	Actinobacteria	Actinobacteria	Actinomycetales	Streptomycetaceae	Streptomyces	avermitilis	streptomyces	avermitilis	Streptomyces avermitilis	species	227882	Positive	Aerobe	NULL	Sporulating	respirator	N/A	2026-06-19 10:03:03	2026-06-19 10:03:04
1836	NULL	Actinobacteria	Actinobacteria	Streptomycetales	Streptomycetaceae	Streptomyces	azureus	streptomyces	azureus	Streptomyces azureus	species	146537	NULL	NULL	NULL	NULL	N/A	N/A	2026-06-19 10:03:03	2026-06-19 10:03:05
1837	NULL	Actinobacteria	Actinobacteria	Streptomycetales	Streptomycetaceae	Streptomyces	californicus	streptomyces	californicus	Streptomyces californicus	species	67351	NULL	NULL	NULL	NULL	N/A	N/A	2026-06-19 10:03:03	2026-06-19 10:03:05
1838	NULL	Actinobacteria	Actinobacteria	Streptomycetales	Streptomycetaceae	Streptomyces	calvus	streptomyces	calvus	Streptomyces calvus	species	67282	NULL	NULL	NULL	NULL	N/A	N/A	2026-06-19 10:03:03	2026-06-19 10:03:05
1839	NULL	Actinobacteria	Actinobacteria	Streptomycetales	Streptomycetaceae	Streptomyces	candidus	streptomyces	candidus	Streptomyces candidus	species	67283	NULL	NULL	NULL	NULL	N/A	N/A	2026-06-19 10:03:03	2026-06-19 10:03:05
1840	NULL	Actinobacteria	Actinobacteria	Streptomycetales	Streptomycetaceae	Streptomyces	cavourensis	streptomyces	cavourensis	Streptomyces cavourensis	species	67258	NULL	NULL	NULL	NULL	N/A	N/A	2026-06-19 10:03:03	2026-06-19 10:03:05
1841	NULL	Actinobacteria	Actinobacteria	Streptomycetales	Streptomycetaceae	Streptomyces	cellulosae	streptomyces	cellulosae	Streptomyces cellulosae	species	1968	NULL	NULL	NULL	NULL	N/A	N/A	2026-06-19 10:03:03	2026-06-19 10:03:05
1842	NULL	Actinobacteria	Actinobacteria	Streptomycetales	Streptomycetaceae	Streptomyces	coeruleorubidus	streptomyces	coeruleorubidus	Streptomyces coeruleorubidus	species	116188	NULL	NULL	NULL	NULL	N/A	N/A	2026-06-19 10:03:03	2026-06-19 10:03:05
1843	NULL	Actinobacteria	Actinobacteria	Streptomycetales	Streptomycetaceae	Streptomyces	collinus	streptomyces	collinus	Streptomyces collinus	species	42684	NULL	NULL	NULL	NULL	N/A	N/A	2026-06-19 10:03:03	2026-06-19 10:03:05
1844	NULL	Actinobacteria	Actinobacteria	Streptomycetales	Streptomycetaceae	Streptomyces	diastatochromogenes	streptomyces	diastatochromogenes	Streptomyces diastatochromogenes	species	42236	NULL	NULL	NULL	NULL	N/A	N/A	2026-06-19 10:03:03	2026-06-19 10:03:05
1845	NULL	Actinobacteria	Actinobacteria	Streptomycetales	Streptomycetaceae	Streptomyces	echinatus	streptomyces	echinatus	Streptomyces echinatus	species	67293	NULL	NULL	NULL	NULL	N/A	N/A	2026-06-19 10:03:03	2026-06-19 10:03:05
1846	NULL	Actinobacteria	Actinobacteria	Streptomycetales	Streptomycetaceae	Streptomyces	ehimensis	streptomyces	ehimensis	Streptomyces ehimensis	species	68195	NULL	NULL	NULL	NULL	N/A	N/A	2026-06-19 10:03:03	2026-06-19 10:03:05
1847	NULL	Actinobacteria	Actinobacteria	Streptomycetales	Streptomycetaceae	Streptomyces	eurythermus	streptomyces	eurythermus	Streptomyces eurythermus	species	42237	NULL	NULL	NULL	NULL	N/A	N/A	2026-06-19 10:03:03	2026-06-19 10:03:05
1848	NULL	Actinobacteria	Actinobacteria	Streptomycetales	Streptomycetaceae	Streptomyces	filamentosus	streptomyces	filamentosus	Streptomyces filamentosus	species	67294	NULL	NULL	NULL	NULL	N/A	N/A	2026-06-19 10:03:03	2026-06-19 10:03:05
1849	NULL	Actinobacteria	Actinobacteria	Streptomycetales	Streptomycetaceae	Streptomyces	filipinensis	streptomyces	filipinensis	Streptomyces filipinensis	species	66887	NULL	NULL	NULL	NULL	N/A	N/A	2026-06-19 10:03:03	2026-06-19 10:03:05
1850	NULL	Actinobacteria	Actinobacteria	Streptomycetales	Streptomycetaceae	Streptomyces	griseosporeus	streptomyces	griseosporeus	Streptomyces griseosporeus	species	1910	NULL	NULL	NULL	NULL	N/A	N/A	2026-06-19 10:03:03	2026-06-19 10:03:05
1851	NULL	Actinobacteria	Actinobacteria	Streptomycetales	Streptomycetaceae	Streptomyces	fradiae	streptomyces	fradiae	Streptomyces fradiae	species	1906	NULL	NULL	NULL	NULL	N/A	N/A	2026-06-19 10:03:03	2026-06-19 10:03:05
1852	Eubacteria	Actinobacteria	Actinobacteria	Streptomycetales	Streptomycetaceae	Streptomyces	griseus	streptomyces	griseus	Streptomyces griseus	species	1911	Positive	Aerobe	NULL	Filaments	respirator	N/A	2026-06-19 10:03:03	2026-06-19 10:03:04
1853	NULL	Actinobacteria	Actinobacteria	Streptomycetales	Streptomycetaceae	Streptomyces	griseoruber	streptomyces	griseoruber	Streptomyces griseoruber	species	1943	NULL	NULL	NULL	NULL	N/A	N/A	2026-06-19 10:03:03	2026-06-19 10:03:05
1854	NULL	Actinobacteria	Actinobacteria	Streptomycetales	Streptomycetaceae	Streptomyces	kanamyceticus	streptomyces	kanamyceticus	Streptomyces kanamyceticus	species	1967	NULL	NULL	NULL	NULL	N/A	N/A	2026-06-19 10:03:03	2026-06-19 10:03:05
1855	NULL	Actinobacteria	Actinobacteria	Streptomycetales	Streptomycetaceae	Streptomyces	griseorubiginosus	streptomyces	griseorubiginosus	Streptomyces griseorubiginosus	species	67304	NULL	NULL	NULL	NULL	N/A	N/A	2026-06-19 10:03:03	2026-06-19 10:03:05
1856	NULL	Actinobacteria	Actinobacteria	Streptomycetales	Streptomycetaceae	Streptomyces	kitasatoensis	streptomyces	kitasatoensis	Streptomyces kitasatoensis	species	97405	NULL	NULL	NULL	NULL	N/A	N/A	2026-06-19 10:03:03	2026-06-19 10:03:05
1857	NULL	Actinobacteria	Actinobacteria	Streptomycetales	Streptomycetaceae	Streptomyces	lavendofoliae	streptomyces	lavendofoliae	Streptomyces lavendofoliae	species	67314	NULL	NULL	NULL	NULL	N/A	N/A	2026-06-19 10:03:03	2026-06-19 10:03:05
1858	NULL	Actinobacteria	Actinobacteria	Streptomycetales	Streptomycetaceae	Streptomyces	lavendulae	streptomyces	lavendulae	Streptomyces lavendulae	species	58340	NULL	NULL	NULL	NULL	N/A	N/A	2026-06-19 10:03:03	2026-06-19 10:03:05
1859	Eubacteria	Actinobacteria	Actinobacteria	Streptomycetales	Streptomycetaceae	Streptomyces	lividans	streptomyces	lividans	Streptomyces lividans	species	1916	NULL	NULL	NULL	NULL	N/A	N/A	2026-06-19 10:03:03	2026-06-19 10:03:04
1860	NULL	Firmicutes	Erysipelotrichia	Erysipelotrichales	Erysipelotrichaceae	Unclassified erysipelotrichaceae	dolichus	unclassified erysipelotrichaceae	dolichus	Unclassified erysipelotrichaceae dolichus	species	NULL	NULL	Obligate anaerobe	NULL	NULL	fermenter	carbohydrates	2026-06-19 10:03:03	2026-06-19 10:03:03
1861	NULL	Actinobacteria	Actinobacteria	Streptomycetales	Streptomycetaceae	Streptomyces	mediolani	streptomyces	mediolani	Streptomyces mediolani	species	68237	NULL	NULL	NULL	NULL	N/A	N/A	2026-06-19 10:03:03	2026-06-19 10:03:05
1862	NULL	Actinobacteria	Actinobacteria	Streptomycetales	Streptomycetaceae	Streptomyces	microflavus	streptomyces	microflavus	Streptomyces microflavus	species	1919	NULL	NULL	NULL	NULL	N/A	N/A	2026-06-19 10:03:03	2026-06-19 10:03:05
1863	NULL	Firmicutes	Clostridia	Clostridiales	Lachnospiraceae	Unclassified lachnospiraceae	bacterium	unclassified lachnospiraceae	bacterium	Unclassified lachnospiraceae bacterium	species	NULL	NULL	Anaerobe	NULL	NULL	fermenter	N/A	2026-06-19 10:03:03	2026-06-19 10:03:03
1864	NULL	Actinobacteria	Actinobacteria	Streptomycetales	Streptomycetaceae	Streptomyces	murinus	streptomyces	murinus	Streptomyces murinus	species	33900	NULL	NULL	NULL	NULL	N/A	N/A	2026-06-19 10:03:03	2026-06-19 10:03:05
1865	NULL	Firmicutes	Clostridia	Clostridiales	Lachnospiraceae	Unclassified lachnospiraceae	rectale	unclassified lachnospiraceae	rectale	Unclassified lachnospiraceae rectale	species	NULL	NULL	Anaerobe	NULL	NULL	fermenter	carbohydrates	2026-06-19 10:03:03	2026-06-19 10:03:03
1866	NULL	Actinobacteria	Actinobacteria	Streptomycetales	Streptomycetaceae	Streptomyces	nashvillensis	streptomyces	nashvillensis	Streptomyces nashvillensis	species	67334	NULL	NULL	NULL	NULL	N/A	N/A	2026-06-19 10:03:03	2026-06-19 10:03:05
1867	NULL	Firmicutes	Clostridia	Clostridiales	Peptostreptococcaceae	Unclassified peptostreptococcaceae	hiranonis	unclassified peptostreptococcaceae	hiranonis	Unclassified peptostreptococcaceae hiranonis	species	NULL	NULL	Anaerobe	NULL	NULL	fermenter	carbohydrates	2026-06-19 10:03:03	2026-06-19 10:03:03
1868	NULL	Actinobacteria	Actinobacteria	Streptomycetales	Streptomycetaceae	Streptomyces	nodosus	streptomyces	nodosus	Streptomyces nodosus	species	40318	NULL	NULL	NULL	NULL	N/A	N/A	2026-06-19 10:03:03	2026-06-19 10:03:05
1869	NULL	Firmicutes	Clostridia	Clostridiales	Ruminococcaceae	Unclassified ruminococcaceae	bacterium	unclassified ruminococcaceae	bacterium	Unclassified ruminococcaceae bacterium	species	NULL	NULL	Obligate anaerobe	NULL	NULL	fermenter	N/A	2026-06-19 10:03:03	2026-06-19 10:03:03
1870	NULL	Actinobacteria	Actinobacteria	Streptomycetales	Streptomycetaceae	Streptomyces	noursei	streptomyces	noursei	Streptomyces noursei	species	1971	NULL	NULL	NULL	NULL	N/A	N/A	2026-06-19 10:03:03	2026-06-19 10:03:05
1871	Eubacteria	Tenericutes	Mollicutes	Mycoplasmatales	Mycoplasmataceae	Ureaplasma	parvum	ureaplasma	parvum	Ureaplasma parvum	species	134821	Positive	Facultative anaerobe	NULL	NULL	mixed	N/A	2026-06-19 10:03:03	2026-06-19 10:03:04
1872	NULL	Actinobacteria	Actinobacteria	Streptomycetales	Streptomycetaceae	Streptomyces	rimosus	streptomyces	rimosus	Streptomyces rimosus	species	132474	NULL	NULL	NULL	NULL	N/A	N/A	2026-06-19 10:03:03	2026-06-19 10:03:05
1873	NULL	Actinobacteria	Actinobacteria	Streptomycetales	Streptomycetaceae	Streptomyces	roseoverticillatus	streptomyces	roseoverticillatus	Streptomyces roseoverticillatus	species	66429	NULL	NULL	NULL	NULL	N/A	N/A	2026-06-19 10:03:03	2026-06-19 10:03:05
1874	Eubacteria	Tenericutes	Mollicutes	Mycoplasmatales	Mycoplasmataceae	Ureaplasma	urealyticum	ureaplasma	urealyticum	Ureaplasma urealyticum	species	2130	Positive	Facultative anaerobe	NULL	NULL	mixed	N/A	2026-06-19 10:03:03	2026-06-19 10:03:04
1875	NULL	Actinobacteria	Actinobacteria	Streptomycetales	Streptomycetaceae	Streptomyces	sclerotialus	streptomyces	sclerotialus	Streptomyces sclerotialus	species	1957	NULL	NULL	NULL	NULL	N/A	N/A	2026-06-19 10:03:03	2026-06-19 10:03:05
1876	Eubacteria	Firmicutes	Bacilli	Bacillales	Planococcaceae	Ureibacillus	thermosphaericus	ureibacillus	thermosphaericus	Ureibacillus thermosphaericus	species	1160707	Negative	Aerobe	NULL	NULL	respirator	N/A	2026-06-19 10:03:03	2026-06-19 10:03:05
1877	NULL	Actinobacteria	Actinobacteria	Streptomycetales	Streptomycetaceae	Streptomyces	somaliensis	streptomyces	somaliensis	Streptomyces somaliensis	species	78355	NULL	NULL	NULL	NULL	N/A	N/A	2026-06-19 10:03:03	2026-06-19 10:03:05
1878	Fungi	Basidiomycota	Ustilaginomycetes	Ustilaginales	Ustilaginaceae	Ustilago	bromivora	ustilago	bromivora	Ustilago bromivora	species	307758	Positive	Aerobic	NULL	Sporulating (basidiospores); reproduction also by budding	fermenter	complex_carbs_fiber	2026-06-19 10:03:03	2026-06-19 10:03:04
1879	NULL	Actinobacteria	Actinobacteria	Streptomycetales	Streptomycetaceae	Streptomyces	tendae	streptomyces	tendae	Streptomyces tendae	species	1932	NULL	NULL	NULL	NULL	N/A	N/A	2026-06-19 10:03:03	2026-06-19 10:03:05
1880	Fungi	Basidiomycota	Ustilaginomycetes	Ustilaginales	Ustilaginaceae	Ustilago	maydis	ustilago	maydis	Ustilago maydis	species	5270	Positive	Aerobic	NULL	Sporulating (basidiospores); reproduction also by budding	fermenter	complex_carbs_fiber	2026-06-19 10:03:03	2026-06-19 10:03:04
1881	NULL	Actinobacteria	Actinobacteria	Streptomycetales	Streptomycetaceae	Streptomyces	vinaceus	streptomyces	vinaceus	Streptomyces vinaceus	species	1960	NULL	NULL	NULL	NULL	N/A	N/A	2026-06-19 10:03:03	2026-06-19 10:03:05
1882	NULL	Actinobacteria	Actinobacteria	Streptomycetales	Streptomycetaceae	Streptomyces	violaceoruber	streptomyces	violaceoruber	Streptomyces violaceoruber	species	1935	NULL	NULL	NULL	NULL	N/A	N/A	2026-06-19 10:03:03	2026-06-19 10:03:05
1883	Fungi	Ascomycota	Saccharomycetes	Saccharomycetales	Saccharomycetaceae	Vanderwaltozyma	polyspora	vanderwaltozyma	polyspora	Vanderwaltozyma polyspora	species	36033	NULL	Aerobe/facultative anaerobe	NULL	Sporulating (ascospores)/reproduction by budding	mixed	complex_carbs_fiber	2026-06-19 10:03:03	2026-06-19 10:03:04
1884	NULL	Actinobacteria	Actinobacteria	Streptomycetales	Streptomycetaceae	Streptomyces	violaceus	streptomyces	violaceus	Streptomyces violaceus	species	1936	NULL	NULL	NULL	NULL	N/A	N/A	2026-06-19 10:03:03	2026-06-19 10:03:05
1885	Eubacteria	Actinobacteria	Actinobacteria	Actinomycetales	Actinomycetaceae	Varibaculum	cambriense	varibaculum	cambriense	Varibaculum cambriense	species	1123488	Positive	Facultative anaerobe	NULL	NULL	mixed	carbohydrates	2026-06-19 10:03:03	2026-06-19 10:03:04
1886	Eubacteria	Actinobacteria	Actinobacteria	Streptomycetales	Streptomycetaceae	Streptomyces	viridochromogenes	streptomyces	viridochromogenes	Streptomyces viridochromogenes	species	1938	NULL	NULL	NULL	NULL	N/A	N/A	2026-06-19 10:03:03	2026-06-19 10:03:04
1887	Eubacteria	Firmicutes	Negativicutes	Veillonellales	Veillonellaceae	Veillonella	atypica	veillonella	atypica	Veillonella atypica	species	39777	Negative	Anaerobe	NULL	NULL	fermenter	carbohydrates	2026-06-19 10:03:03	2026-06-19 10:03:04
1888	NULL	Actinobacteria	Actinobacteria	Streptomycetales	Streptomycetaceae	Streptomyces		streptomyces		Streptomyces	genus	NULL	NULL	NULL	NULL	NULL	N/A	N/A	2026-06-19 10:03:03	2026-06-19 10:03:03
1889	Eubacteria	Firmicutes	Negativicutes	Veillonellales	Veillonellaceae	Veillonella	ratti	veillonella	ratti	Veillonella ratti	species	103892	NULL	NULL	NULL	NULL	N/A	N/A	2026-06-19 10:03:03	2026-06-19 10:03:05
1890	NULL	Actinobacteria	Actinobacteria	Streptosporangiales	Streptosporangiaceae	Streptosporangium	roseum	streptosporangium	roseum	Streptosporangium roseum	species	2001	NULL	NULL	NULL	NULL	N/A	N/A	2026-06-19 10:03:03	2026-06-19 10:03:05
1891	NULL	Firmicutes	Negativicutes	Selenomonadales	Selenomonadaceae	Veillonella	ruminantium	veillonella	ruminantium	Veillonella ruminantium	species	NULL	NULL	Anaerobe	NULL	NULL	fermenter	carbohydrates	2026-06-19 10:03:03	2026-06-19 10:03:03
1892	Eubacteria	Proteobacteria	Gammaproteobacteria	Pseudomonadales	Pseudomonadaceae	Stutzerimonas	stutzeri	stutzerimonas	stutzeri	Stutzerimonas stutzeri	species	316	Negative	Aerobe	NULL	Singles	respirator	organic_unspecified	2026-06-19 10:03:03	2026-06-19 10:03:04
1893	NULL	Firmicutes	Negativicutes	Veillonellales	Veillonellaceae	Veillonella	seminalis	veillonella	seminalis	Veillonella seminalis	species	883156	Negative	Obligate anaerobe	NULL	NULL	fermenter	carbohydrates	2026-06-19 10:03:03	2026-06-19 10:03:05
1894	Eubacteria	Firmicutes	Clostridia	Clostridiales	Ruminococcaceae	Subdoligranulum	sp. 4_3_54a2faa	subdoligranulum	sp. 4_3_54a2faa	Subdoligranulum sp. 4_3_54a2faa	species	665956	NULL	NULL	NULL	NULL	N/A	N/A	2026-06-19 10:03:03	2026-06-19 10:03:04
1895	NULL	Firmicutes	Clostridia	Clostridiales	Veillonellaceae	Veillonella	sp. 3_1_44	veillonella	sp. 3_1_44	Veillonella sp. 3_1_44	species	457416	Negative	Obligate anaerobe	NULL	NULL	fermenter	carbohydrates	2026-06-19 10:03:03	2026-06-19 10:03:05
1896	Eubacteria	Firmicutes	Clostridia	Clostridiales	Ruminococcaceae	Subdoligranulum	variabile	subdoligranulum	variabile	Subdoligranulum variabile	species	214851	Negative	Anaerobe	NULL	NULL	fermenter	carbohydrates	2026-06-19 10:03:03	2026-06-19 10:03:04
1897	NULL	Firmicutes	Clostridia	Clostridiales	Veillonellaceae	Veillonella	sp. 6_1_27	veillonella	sp. 6_1_27	Veillonella sp. 6_1_27	species	450749	Negative	Obligate anaerobe	NULL	NULL	fermenter	carbohydrates	2026-06-19 10:03:03	2026-06-19 10:03:05
1898	Eubacteria	Proteobacteria	Gammaproteobacteria	Aeromonadales	Succinivibrionaceae	Succinivibrio	dextrinosolvens	succinivibrio	dextrinosolvens	Succinivibrio dextrinosolvens	species	1410676	Negative	Facultative anaerobe	NULL	NULL	mixed	N/A	2026-06-19 10:03:03	2026-06-19 10:03:05
1899	Bacillati	Bacillota	Clostridia	Lachnospirales	Lachnospiraceae	Ventrimonas	faecis	ventrimonas	faecis	Ventrimonas faecis	species	3133170	Positive	Anaerobic	NULL	NULL	fermenter	carbohydrates	2026-06-19 10:03:03	2026-06-19 10:03:05
1900	Fungi	Ascomycota	Saccharomycetes	Saccharomycetales	Trichomonascaceae	Sugiyamaella	lignohabitans	sugiyamaella	lignohabitans	Sugiyamaella lignohabitans	species	796027	NULL	Aerobe/facultative anaerobe	NULL	Sporulating (ascospores)/reproduction by budding	mixed	organic_unspecified	2026-06-19 10:03:03	2026-06-19 10:03:04
1901	Fungi	Ascomycota	Dothideomycetes	Venturiales	Sympoventuriaceae	Verruconis	gallopava	verruconis	gallopava	Verruconis gallopava	species	253628	NULL	Aerobe	NULL	Sporulating	fermenter	complex_carbs_fiber	2026-06-19 10:03:03	2026-06-19 10:03:04
1902	Fungi	Ascomycota	Saccharomycetes	Saccharomycetales	Debaryomycetaceae	Suhomyces	tanzawaensis	suhomyces	tanzawaensis	Suhomyces tanzawaensis	species	46583	NULL	Aerobe	NULL	Sporulating	fermenter	complex_carbs_fiber	2026-06-19 10:03:03	2026-06-19 10:03:04
1903	Fungi	Ascomycota	Sordariomycetes	Glomerellales	Plectosphaerellaceae	Verticillium	albo-atrum	verticillium	albo-atrum	Verticillium albo-atrum	species	27335	Positive	Aerobic	NULL	Sporulating (ascospores); reproduction also by budding	fermenter	complex_carbs_fiber	2026-06-19 10:03:03	2026-06-19 10:03:04
1904	NULL	Crenarchaeota	Thermoprotei	Sulfolobales	Sulfolobaceae	Sulfolobus	acidocaldarius	sulfolobus	acidocaldarius	Sulfolobus acidocaldarius	species	2285	NULL	Aerobe	NULL	Singles	respirator	inorganic	2026-06-19 10:03:03	2026-06-19 10:03:04
1905	Fungi	Ascomycota	Sordariomycetes	Glomerellales	Plectosphaerellaceae	Verticillium	dahliae	verticillium	dahliae	Verticillium dahliae	species	27337	Positive	Aerobic	NULL	Sporulating (ascospores); reproduction also by budding	fermenter	complex_carbs_fiber	2026-06-19 10:03:03	2026-06-19 10:03:04
1906	NULL	Crenarchaeota	Thermoprotei	Sulfolobales	Sulfolobaceae	Sulfolobus	solfataricus	sulfolobus	solfataricus	Sulfolobus solfataricus	species	2287	Negative	Aerobe	NULL	Singles	respirator	inorganic	2026-06-19 10:03:03	2026-06-19 10:03:04
1907	Eubacteria	Proteobacteria	Gammaproteobacteria	Vibrionales	Vibrionaceae	Vibrio	fischeri	vibrio	fischeri	Vibrio fischeri	species	29494	Positive	Facultative anaerobe	NULL	NULL	mixed	carbohydrates	2026-06-19 10:03:03	2026-06-19 10:03:05
1908	Eubacteria	Proteobacteria	Epsilonproteobacteria	Campylobacterales	Thiovulaceae	Sulfurimonas	denitrificans	sulfurimonas	denitrificans	Sulfurimonas denitrificans	species	39766	Negative	Anaerobe	NULL	Singles	fermenter	N/A	2026-06-19 10:03:03	2026-06-19 10:03:04
1909	Eubacteria	Proteobacteria	Gammaproteobacteria	Vibrionales	Vibrionaceae	Vibrio	fluvialis	vibrio	fluvialis	Vibrio fluvialis	species	1315312	Negative	Aerobe	NULL	NULL	respirator	N/A	2026-06-19 10:03:03	2026-06-19 10:03:05
1910	Eubacteria	Proteobacteria	Betaproteobacteria	Burkholderiales	Sutterellaceae	Sutterella	parvirubra	sutterella	parvirubra	Sutterella parvirubra	species	437898	Negative	Facultative anaerobe	NULL	NULL	mixed	N/A	2026-06-19 10:03:03	2026-06-19 10:03:05
1911	Eubacteria	Proteobacteria	Gammaproteobacteria	Vibrionales	Vibrionaceae	Vibrio	furnissii	vibrio	furnissii	Vibrio furnissii	species	903510	Positive	Facultative anaerobe	NULL	NULL	mixed	carbohydrates	2026-06-19 10:03:03	2026-06-19 10:03:04
1912	Fungi	Ascomycota	Dothideomycetes	Pleosporales	Phaeosphaeriaceae	Parastagonospora	nodorum	parastagonospora	nodorum	Parastagonospora nodorum	species	13684	Negative	Aerobic	NULL	Sporulating (ascospores); reproduction also by budding	respirator	organic_unspecified	2026-06-19 10:03:03	2026-06-19 10:03:04
1913	Eubacteria	Proteobacteria	Betaproteobacteria	Burkholderiales	Sutterellaceae	Sutterella	wadsworthensis	sutterella	wadsworthensis	Sutterella wadsworthensis	species	40545	Negative	Microaerophile/ anaerobe	NULL	NULL	mixed	carbohydrates	2026-06-19 10:03:03	2026-06-19 10:03:04
1914	Eubacteria	Proteobacteria	Gammaproteobacteria	Vibrionales	Vibrionaceae	Vibrio	mimicus	vibrio	mimicus	Vibrio mimicus	species	674	Positive	Facultative anaerobe	NULL	NULL	mixed	carbohydrates	2026-06-19 10:03:03	2026-06-19 10:03:04
1915	Eubacteria	Proteobacteria	Betaproteobacteria	Burkholderiales	Sutterellaceae	Parasutterella	excrementihominis	parasutterella	excrementihominis	Parasutterella excrementihominis	species	487175	Negative	Facultative anaerobe	NULL	NULL	mixed	N/A	2026-06-19 10:03:03	2026-06-19 10:03:04
1916	Eubacteria	Proteobacteria	Gammaproteobacteria	Vibrionales	Vibrionaceae	Vibrio	parahaemolyticus	vibrio	parahaemolyticus	Vibrio parahaemolyticus	species	223926	Negative	Facultative anaerobe	NULL	Singles	mixed	organic_unspecified	2026-06-19 10:03:03	2026-06-19 10:03:04
1917	Eubacteria	Proteobacteria	Deltaproteobacteria	Syntrophobacterales	Syntrophobacteraceae	Syntrophobacter	fumaroxidans	syntrophobacter	fumaroxidans	Syntrophobacter fumaroxidans	species	119484	Negative	Anaerobe	NULL	Singles - Pairs	fermenter	N/A	2026-06-19 10:03:03	2026-06-19 10:03:04
1918	Fungi	Ascomycota	Sordariomycetes	Hypocreales	Cordycipitaceae	Parengyodontium	album	parengyodontium	album	Parengyodontium album	species	37998	NULL	Aerobe	NULL	Sporulating	fermenter	complex_carbs_fiber	2026-06-19 10:03:03	2026-06-19 10:03:04
1919	Eubacteria	Firmicutes	Clostridia	Clostridiales	Peptococcaceae	Syntrophobotulus	glycolicus	syntrophobotulus	glycolicus	Syntrophobotulus glycolicus	species	51197	NULL	NULL	NULL	NULL	N/A	N/A	2026-06-19 10:03:03	2026-06-19 10:03:04
1920	Eubacteria	Proteobacteria	Gammaproteobacteria	Vibrionales	Vibrionaceae	Vibrio	vulnificus	vibrio	vulnificus	Vibrio vulnificus	species	672	Negative	Facultative anaerobe	NULL	Singles	mixed	organic_unspecified	2026-06-19 10:03:03	2026-06-19 10:03:04
1921	Eubacteria	Firmicutes	Tissierellia	Tissierellales	Peptoniphilaceae	Parvimonas	micra	parvimonas	micra	Parvimonas micra	species	33033	Positive	Anaerobe	NULL	NULL	fermenter	carbohydrates	2026-06-19 10:03:03	2026-06-19 10:03:04
1922	Eubacteria	Firmicutes	Clostridia	Clostridiales	Syntrophomonadaceae	Syntrophomonas	wolfei	syntrophomonas	wolfei	Syntrophomonas wolfei	species	863	Negative	Anaerobe	NULL	Pairs - Singles	fermenter	N/A	2026-06-19 10:03:03	2026-06-19 10:03:04
1923	Fungi	Basidiomycota	Tremellomycetes	Tremellales	Bulleribasidiaceae	Vishniacozyma	victoriae	vishniacozyma	victoriae	Vishniacozyma victoriae	species	1895944	NULL	Aerobe	NULL	Sporulating (basidiospores)/reproduction by budding	fermenter	complex_carbs_fiber	2026-06-19 10:03:03	2026-06-19 10:03:04
1924	NULL	Euryarchaeota	Methanomicrobia	Methanomicrobiales	Methanospirillaceae	Methanospirillum	hungatei	methanospirillum	hungatei	Methanospirillum hungatei	species	2203	NULL	Anaerobe	NULL	Chains - Singles	fermenter	inorganic	2026-06-19 10:03:03	2026-06-19 10:03:04
1925	Eubacteria	Proteobacteria	Alphaproteobacteria	Parvularculales	Parvularculaceae	Parvularcula	bermudensis	parvularcula	bermudensis	Parvularcula bermudensis	species	208216	NULL	NULL	NULL	NULL	N/A	N/A	2026-06-19 10:03:03	2026-06-19 10:03:04
1926	Eubacteria	Firmicutes	Clostridia	Clostridiales	Syntrophomonadaceae	Syntrophothermus	lipocalidus	syntrophothermus	lipocalidus	Syntrophothermus lipocalidus	species	86170	NULL	NULL	NULL	NULL	N/A	N/A	2026-06-19 10:03:03	2026-06-19 10:03:04
1927	NULL	Chlorophyta	Chlorophyceae	Chlamydomonadales	Volvocaceae	Volvox	carteri	volvox	carteri	Volvox carteri	species	3067	NULL	NULL	NULL	NULL	N/A	N/A	2026-06-19 10:03:03	2026-06-19 10:03:05
1928	NULL	Euryarchaeota	Methanobacteria	Methanobacteriales	Methanobacteriaceae	Methanothermobacter	marburgensis	methanothermobacter	marburgensis	Methanothermobacter marburgensis	species	145263	NULL	Obligate anaerobe	NULL	Nonsporulating	fermenter	inorganic	2026-06-19 10:03:03	2026-06-19 10:03:04
1929	Eubacteria	Firmicutes	Bacilli	Lactobacillales	Lactobacillaceae	Pediococcus	pentosaceus	pediococcus	pentosaceus	Pediococcus pentosaceus	species	1255	Positive	Facultative anaerobe	NULL	Tetrads	mixed	N/A	2026-06-19 10:03:03	2026-06-19 10:03:04
1930	Eubacteria	Proteobacteria	Deltaproteobacteria	Syntrophobacterales	Syntrophaceae	Syntrophus	aciditrophicus	syntrophus	aciditrophicus	Syntrophus aciditrophicus	species	316277	Negative	Anaerobe	NULL	Nonsporulating	fermenter	N/A	2026-06-19 10:03:03	2026-06-19 10:03:04
1931	Fungi	Basidiomycota	Wallemiomycetes	Wallemiales	Wallemiaceae	Wallemia	ichthyophaga	wallemia	ichthyophaga	Wallemia ichthyophaga	species	245174	Positive	Aerobic	NULL	Sporulating (basidiospores); reproduction also by budding	respirator	organic_unspecified	2026-06-19 10:03:03	2026-06-19 10:03:04
1932	Eubacteria	Proteobacteria	Deltaproteobacteria	Desulfuromonadales	Desulfuromonadaceae	Pelobacter	carbinolicus	pelobacter	carbinolicus	Pelobacter carbinolicus	species	19	Negative	Anaerobe	NULL	NULL	fermenter	N/A	2026-06-19 10:03:03	2026-06-19 10:03:04
1933	NULL	Euryarchaeota	Methanococci	Methanococcales	Methanococcaceae	Methanothermococcus	okinawensis	methanothermococcus	okinawensis	Methanothermococcus okinawensis	species	155863	NULL	Anaerobic	NULL	NULL	respirator	inorganic	2026-06-19 10:03:03	2026-06-19 10:03:04
1934	Fungi	Basidiomycota	Wallemiomycetes	Wallemiales	Wallemiaceae	Wallemia	mellicola	wallemia	mellicola	Wallemia mellicola	species	1708541	Positive	Aerobic	NULL	Sporulating (basidiospores); reproduction also by budding	respirator	organic_unspecified	2026-06-19 10:03:03	2026-06-19 10:03:04
1935	NULL	Nematoda	Chromadorea	Rhabditida	Oxyuridae	Syphacia	muris	syphacia	muris	Syphacia muris	species	451379	NULL	NULL	NULL	NULL	N/A	N/A	2026-06-19 10:03:03	2026-06-19 10:03:05
1936	Eubacteria	Proteobacteria	Deltaproteobacteria	Desulfuromonadales	Desulfuromonadaceae	Pelobacter	propionicus	pelobacter	propionicus	Pelobacter propionicus	species	29543	Negative	Anaerobe	NULL	Singles	fermenter	N/A	2026-06-19 10:03:03	2026-06-19 10:03:04
1937	NULL	Euryarchaeota	Methanobacteria	Methanobacteriales	Methanothermaceae	Methanothermus	fervidus	methanothermus	fervidus	Methanothermus fervidus	species	2180	NULL	Anaerobe	NULL	Singles - Chains	fermenter	N/A	2026-06-19 10:03:03	2026-06-19 10:03:04
1938	Fungi	Basidiomycota	Wallemiomycetes	Wallemiales	Wallemiaceae	Wallemia	sebi	wallemia	sebi	Wallemia sebi	species	148960	Positive	Aerobic	NULL	Sporulating (basidiospores); reproduction also by budding	respirator	organic_unspecified	2026-06-19 10:03:03	2026-06-19 10:03:04
1939	NULL	Platyhelminthes	Cestoda	Cyclophyllidea	Taeniidae	Taenia	asiatica	taenia	asiatica	Taenia asiatica	species	60517	NULL	NULL	NULL	NULL	N/A	N/A	2026-06-19 10:03:03	2026-06-19 10:03:05
1940	Eubacteria	Firmicutes	Clostridia	Clostridiales	Peptococcaceae	Pelotomaculum	thermopropionicum	pelotomaculum	thermopropionicum	Pelotomaculum thermopropionicum	species	110500	Positive	Anaerobe	NULL	Sporulating	fermenter	N/A	2026-06-19 10:03:03	2026-06-19 10:03:04
1941	Eubacteria	Verrucomicrobia	Methylacidiphilae	Methylacidiphilales	Methylacidiphilaceae	Methylacidiphilum	infernorum	methylacidiphilum	infernorum	Methylacidiphilum infernorum	species	511746	NULL	Aerobe	NULL	NULL	respirator	inorganic	2026-06-19 10:03:03	2026-06-19 10:03:04
1942	Bacillati	Bacillota	Clostridia	Lachnospirales	Lachnospiraceae	Waltera	hominis	waltera	hominis	Waltera hominis	species	3133179	Positive	Anaerobic	NULL	NULL	fermenter	carbohydrates	2026-06-19 10:03:03	2026-06-19 10:03:05
1943	Fungi	Basidiomycota	Agaricomycetes	Polyporales	NULL	Taiwanofungus	camphoratus	taiwanofungus	camphoratus	Taiwanofungus camphoratus	species	2696576	NULL	NULL	NULL	NULL	N/A	N/A	2026-06-19 10:03:03	2026-06-19 10:03:04
1944	Fungi	Ascomycota	Eurotiomycetes	Eurotiales	Aspergillaceae	Penicillium	aethiopicum	penicillium	aethiopicum	Penicillium aethiopicum	species	36650	Positive	Aerobic	NULL	Sporulating (ascospores); reproduction also by budding	respirator	organic_unspecified	2026-06-19 10:03:03	2026-06-19 10:03:04
1945	Eubacteria	Proteobacteria	Betaproteobacteria	Burkholderiales	NULL	Methylibium	petroleiphilum	methylibium	petroleiphilum	Methylibium petroleiphilum	species	105560	Negative	Facultative aerobe	NULL	NULL	mixed	c1_compounds	2026-06-19 10:03:03	2026-06-19 10:03:04
1946	Fungi	Ascomycota	Saccharomycetes	Saccharomycetales	Phaffomycetaceae	Wickerhamomyces	anomalus	wickerhamomyces	anomalus	Wickerhamomyces anomalus	species	4927	NULL	Aerobe/facultative anaerobe	NULL	Sporulating (ascospores)/reproduction by budding	mixed	complex_carbs_fiber	2026-06-19 10:03:03	2026-06-19 10:03:04
1947	Fungi	Ascomycota	Eurotiomycetes	Eurotiales	Trichocomaceae	Talaromyces	marneffei	talaromyces	marneffei	Talaromyces marneffei	species	37727	Negative	Aerobic	NULL	Sporulating (ascospores); reproduction also by budding	respirator	organic_unspecified	2026-06-19 10:03:03	2026-06-19 10:03:04
1948	Fungi	Ascomycota	Eurotiomycetes	Eurotiales	Aspergillaceae	Penicillium	aurantiacobrunneum	penicillium	aurantiacobrunneum	Penicillium aurantiacobrunneum	species	1131577	Positive	Aerobic	NULL	Sporulating (ascospores); reproduction also by budding	respirator	organic_unspecified	2026-06-19 10:03:03	2026-06-19 10:03:04
1949	Fungi	Ascomycota	Saccharomycetes	Saccharomycetales	Phaffomycetaceae	Wickerhamomyces	ciferrii	wickerhamomyces	ciferrii	Wickerhamomyces ciferrii	species	1041607	NULL	Aerobe	NULL	Sporulating (ascospores)/reproduction by budding	respirator	organic_unspecified	2026-06-19 10:03:03	2026-06-19 10:03:04
1950	Fungi	Ascomycota	Eurotiomycetes	Eurotiales	Trichocomaceae	Talaromyces	pinophilus	talaromyces	pinophilus	Talaromyces pinophilus	species	128442	NULL	NULL	NULL	NULL	N/A	N/A	2026-06-19 10:03:03	2026-06-19 10:03:04
1951	Eubacteria	Proteobacteria	Betaproteobacteria	Nitrosomonadales	Methylophilaceae	Methylobacillus	flagellatus	methylobacillus	flagellatus	Methylobacillus flagellatus	species	405	Negative	Aerobe	NULL	NULL	respirator	N/A	2026-06-19 10:03:03	2026-06-19 10:03:04
1952	Fungi	Ascomycota	Eurotiomycetes	Eurotiales	Aspergillaceae	Penicillium	aurantiogriseum	penicillium	aurantiogriseum	Penicillium aurantiogriseum	species	36655	Positive	Aerobic	NULL	Sporulating (ascospores); reproduction also by budding	respirator	organic_unspecified	2026-06-19 10:03:03	2026-06-19 10:03:04
1953	Eubacteria	Proteobacteria	Gammaproteobacteria	Enterobacterales	Erwiniaceae	Wigglesworthia	glossinidia	wigglesworthia	glossinidia	Wigglesworthia glossinidia	species	51229	Negative	NULL	NULL	NULL	N/A	N/A	2026-06-19 10:03:03	2026-06-19 10:03:04
1954	Fungi	Ascomycota	Eurotiomycetes	Eurotiales	Trichocomaceae	Talaromyces	stipitatus	talaromyces	stipitatus	Talaromyces stipitatus	species	28564	Negative	Aerobic	NULL	Sporulating (ascospores); reproduction also by budding	fermenter	complex_carbs_fiber	2026-06-19 10:03:03	2026-06-19 10:03:04
1955	Eubacteria	Proteobacteria	Gammaproteobacteria	Methylococcales	Methylococcaceae	Methylobacter	tundripaludum	methylobacter	tundripaludum	Methylobacter tundripaludum	species	173365	NULL	NULL	NULL	NULL	N/A	N/A	2026-06-19 10:03:03	2026-06-19 10:03:05
1956	Fungi	Ascomycota	Eurotiomycetes	Eurotiales	Aspergillaceae	Penicillium	brevicompactum	penicillium	brevicompactum	Penicillium brevicompactum	species	5074	Positive	Aerobic	NULL	Sporulating (ascospores); reproduction also by budding	respirator	organic_unspecified	2026-06-19 10:03:03	2026-06-19 10:03:04
1957	Eubacteria	Actinobacteria	Actinobacteria	Actinomycetales	Actinomycetaceae	Winkia	neuii	winkia	neuii	Winkia neuii	species	33007	NULL	NULL	NULL	NULL	N/A	N/A	2026-06-19 10:03:03	2026-06-19 10:03:05
1958	Fungi	Ascomycota	Eurotiomycetes	Eurotiales	Trichocomaceae	Talaromyces	verruculosus	talaromyces	verruculosus	Talaromyces verruculosus	species	198730	NULL	NULL	NULL	NULL	N/A	N/A	2026-06-19 10:03:03	2026-06-19 10:03:04
1959	Eubacteria	Proteobacteria	Alphaproteobacteria	Rhizobiales	Methylobacteriaceae	Methylobacterium	mesophilicum	methylobacterium	mesophilicum	Methylobacterium mesophilicum	species	39956	Negative	Aerobe	NULL	NULL	respirator	N/A	2026-06-19 10:03:03	2026-06-19 10:03:05
1960	Fungi	Ascomycota	Eurotiomycetes	Eurotiales	Aspergillaceae	Penicillium	camemberti	penicillium	camemberti	Penicillium camemberti	species	5075	Positive	Aerobic	NULL	Sporulating (ascospores); reproduction also by budding	fermenter	organic_unspecified	2026-06-19 10:03:03	2026-06-19 10:03:04
1961	NULL	Nematoda	Chromadorea	Rhabditida	Onchocercidae	Wuchereria	bancrofti	wuchereria	bancrofti	Wuchereria bancrofti	species	6293	NULL	NULL	NULL	NULL	N/A	N/A	2026-06-19 10:03:03	2026-06-19 10:03:05
1962	Eubacteria	Bacteroidetes	Bacteroidia	Bacteroidales	Porphyromonadaceae	Tannerella	forsythia	tannerella	forsythia	Tannerella forsythia	species	28112	Negative	Anaerobe	NULL	NULL	fermenter	carbohydrates	2026-06-19 10:03:03	2026-06-19 10:03:05
1963	Eubacteria	Proteobacteria	Alphaproteobacteria	Rhizobiales	Methylobacteriaceae	Methylobacterium	nodulans	methylobacterium	nodulans	Methylobacterium nodulans	species	114616	Negative	Aerobe	NULL	Pairs - Singles	respirator	c1_compounds	2026-06-19 10:03:03	2026-06-19 10:03:04
1964	Fungi	Ascomycota	Eurotiomycetes	Eurotiales	Aspergillaceae	Penicillium	chrysogenum	penicillium	chrysogenum	Penicillium chrysogenum	species	5076	Positive	Aerobic	NULL	Sporulating (ascospores); reproduction also by budding	respirator	organic_unspecified	2026-06-19 10:03:03	2026-06-19 10:03:04
1965	Eubacteria	Proteobacteria	Alphaproteobacteria	Rhizobiales	Xanthobacteraceae	Xanthobacter	autotrophicus	xanthobacter	autotrophicus	Xanthobacter autotrophicus	species	280	Negative	Aerobe	NULL	NULL	respirator	c1_compounds	2026-06-19 10:03:03	2026-06-19 10:03:05
1966	Eubacteria	Proteobacteria	Alphaproteobacteria	Rhizobiales	Methylobacteriaceae	Methylobacterium	populi	methylobacterium	populi	Methylobacterium populi	species	223967	Negative	Aerobe	NULL	Pairs - Singles	respirator	c1_compounds	2026-06-19 10:03:03	2026-06-19 10:03:04
1967	Eubacteria	Proteobacteria	Gammaproteobacteria	Enterobacterales	Erwiniaceae	Tatumella	ptyseos	tatumella	ptyseos	Tatumella ptyseos	species	1005995	Negative	Facultative anaerobe	NULL	NULL	mixed	N/A	2026-06-19 10:03:03	2026-06-19 10:03:05
1968	Eubacteria	Proteobacteria	Gammaproteobacteria	Xanthomonadales	Xanthomonadaceae	Xanthomonas	campestris	xanthomonas	campestris	Xanthomonas campestris	species	339	Negative	Aerobe	NULL	NULL	respirator	N/A	2026-06-19 10:03:03	2026-06-19 10:03:04
1969	Eubacteria	Proteobacteria	Alphaproteobacteria	Rhizobiales	Methylobacteriaceae	Methylobacterium	radiotolerans	methylobacterium	radiotolerans	Methylobacterium radiotolerans	species	31998	Negative	Aerobe	NULL	Pairs - Singles	respirator	c1_compounds	2026-06-19 10:03:03	2026-06-19 10:03:04
1970	Fungi	Ascomycota	Sordariomycetes	Xylariales	Xylariaceae	Xylaria	feejeensis	xylaria	feejeensis	Xylaria feejeensis	species	498163	NULL	NULL	NULL	NULL	N/A	N/A	2026-06-19 10:03:03	2026-06-19 10:03:04
1971	Eubacteria	Proteobacteria	Alphaproteobacteria	Rhizobiales	Beijerinckiaceae	Methylocella	silvestris	methylocella	silvestris	Methylocella silvestris	species	199596	Negative	Aerobe	NULL	NULL	respirator	c1_compounds	2026-06-19 10:03:03	2026-06-19 10:03:04
1972	Eubacteria	Proteobacteria	Gammaproteobacteria	Xanthomonadales	Xanthomonadaceae	Xylella	fastidiosa	xylella	fastidiosa	Xylella fastidiosa	species	2371	Negative	Aerobe	NULL	NULL	respirator	N/A	2026-06-19 10:03:03	2026-06-19 10:03:04
1973	Eubacteria	Proteobacteria	Gammaproteobacteria	Methylococcales	Methylococcaceae	Methylococcus	capsulatus	methylococcus	capsulatus	Methylococcus capsulatus	species	414	Negative	Aerobe	NULL	NULL	respirator	c1_compounds	2026-06-19 10:03:03	2026-06-19 10:03:04
1974	Fungi	Ascomycota	Xylonomycetes	Xylonales	Xylonaceae	Xylona	heveae	xylona	heveae	Xylona heveae	species	1217826	NULL	Aerobe	NULL	Sporulating	fermenter	complex_carbs_fiber	2026-06-19 10:03:03	2026-06-19 10:03:04
1975	Eubacteria	Proteobacteria	Alphaproteobacteria	Rhizobiales	Methylobacteriaceae	Methylorubrum	extorquens	methylorubrum	extorquens	Methylorubrum extorquens	species	408	NULL	NULL	NULL	NULL	N/A	N/A	2026-06-19 10:03:03	2026-06-19 10:03:04
1976	Eubacteria	Firmicutes	Clostridia	Clostridiales	Peptostreptococcaceae	Terrisporobacter	glycolicus	terrisporobacter	glycolicus	Terrisporobacter glycolicus	species	1121315	Positive	Obligate anaerobe	NULL	NULL	fermenter	carbohydrates	2026-06-19 10:03:03	2026-06-19 10:03:04
1977	Fungi	Ascomycota	Saccharomycetes	Saccharomycetales	Debaryomycetaceae	Yamadazyma	tenuis	yamadazyma	tenuis	Yamadazyma tenuis	species	2315449	NULL	Aerobe	NULL	Sporulating	fermenter	complex_carbs_fiber	2026-06-19 10:03:03	2026-06-19 10:03:04
1978	Eubacteria	Proteobacteria	Alphaproteobacteria	Rhizobiales	Methylobacteriaceae	Methylorubrum	populi	methylorubrum	populi	Methylorubrum populi	species	223967	NULL	NULL	NULL	NULL	N/A	N/A	2026-06-19 10:03:03	2026-06-19 10:03:05
1979	Fungi	Ascomycota	Saccharomycetes	Saccharomycetales	Dipodascaceae	Yarrowia	lipolytica	yarrowia	lipolytica	Yarrowia lipolytica	species	4952	NULL	Aerobe/facultative anaerobe	NULL	Sporulating	mixed	organic_unspecified	2026-06-19 10:03:03	2026-06-19 10:03:04
1980	NULL	Ciliophora	Oligohymenophorea	Hymenostomatida	Tetrahymenidae	Tetrahymena	thermophila	tetrahymena	thermophila	Tetrahymena thermophila	species	5911	NULL	NULL	NULL	NULL	N/A	N/A	2026-06-19 10:03:03	2026-06-19 10:03:05
1981	Eubacteria	Proteobacteria	Alphaproteobacteria	Rhizobiales	Methylocystaceae	Methylosinus	trichosporium	methylosinus	trichosporium	Methylosinus trichosporium	species	426	NULL	NULL	NULL	NULL	N/A	N/A	2026-06-19 10:03:03	2026-06-19 10:03:04
1982	Eubacteria	Proteobacteria	Gammaproteobacteria	Enterobacterales	Yersiniaceae	Yersinia	bercovieri	yersinia	bercovieri	Yersinia bercovieri	species	349968	Negative	Facultative anaerobe	NULL	NULL	mixed	N/A	2026-06-19 10:03:03	2026-06-19 10:03:05
1983	Eubacteria	Proteobacteria	Betaproteobacteria	Nitrosomonadales	Sterolibacteriaceae	Methyloversatilis	universalis	methyloversatilis	universalis	Methyloversatilis universalis	species	1000565	Negative	Anaerobe	NULL	NULL	fermenter	N/A	2026-06-19 10:03:03	2026-06-19 10:03:05
1984	Fungi	Ascomycota	Saccharomycetes	Saccharomycetales	Saccharomycetaceae	Tetrapisispora	blattae	tetrapisispora	blattae	Tetrapisispora blattae	species	1071379	Negative	Aerobic	NULL	Sporulating (ascospores); reproduction also by budding	fermenter	complex_carbs_fiber	2026-06-19 10:03:03	2026-06-19 10:03:04
1985	Eubacteria	Proteobacteria	Gammaproteobacteria	Enterobacteriales	Enterobacteriaceae	Yersinia	enterocolitica	yersinia	enterocolitica	Yersinia enterocolitica	species	393305	Negative	Facultative anaerobe	NULL	Singles	mixed	organic_unspecified	2026-06-19 10:03:03	2026-06-19 10:03:04
1986	Fungi	Ascomycota	Saccharomycetes	Saccharomycetales	Metschnikowiaceae	Metschnikowia	bicuspidata	metschnikowia	bicuspidata	Metschnikowia bicuspidata	species	27322	NULL	Aerobe	NULL	Sporulating (ascospores)	fermenter	complex_carbs_fiber	2026-06-19 10:03:03	2026-06-19 10:03:04
1987	Eubacteria	Proteobacteria	Gammaproteobacteria	Enterobacterales	Yersiniaceae	Yersinia	frederiksenii	yersinia	frederiksenii	Yersinia frederiksenii	species	29484	Negative	Facultative anaerobe	NULL	NULL	mixed	N/A	2026-06-19 10:03:03	2026-06-19 10:03:05
1988	Fungi	Ascomycota	Saccharomycetes	Saccharomycetales	Debaryomycetaceae	Meyerozyma	guilliermondii	meyerozyma	guilliermondii	Meyerozyma guilliermondii	species	4929	NULL	Aerobe/facultative anaerobe	NULL	Sporulating	mixed	complex_carbs_fiber	2026-06-19 10:03:03	2026-06-19 10:03:04
1989	Eubacteria	Proteobacteria	Gammaproteobacteria	Enterobacterales	Yersiniaceae	Yersinia	kristensenii	yersinia	kristensenii	Yersinia kristensenii	species	28152	Negative	Aerobe	NULL	NULL	respirator	N/A	2026-06-19 10:03:03	2026-06-19 10:03:05
1990	Fungi	Ascomycota	Saccharomycetes	Saccharomycetales	Debaryomycetaceae	Teunomyces	kruisii	teunomyces	kruisii	Teunomyces kruisii	species	45561	NULL	Aerobe	NULL	Sporulating	fermenter	carbohydrates	2026-06-19 10:03:03	2026-06-19 10:03:04
1991	Eubacteria	Actinobacteria	Actinobacteria	Micrococcales	Microbacteriaceae	Microbacterium	gubbeenense	microbacterium	gubbeenense	Microbacterium gubbeenense	species	1122237	Positive	Facultative anaerobe	NULL	NULL	mixed	carbohydrates	2026-06-19 10:03:03	2026-06-19 10:03:05
1992	Eubacteria	Proteobacteria	Gammaproteobacteria	Enterobacterales	Yersiniaceae	Yersinia	pestis	yersinia	pestis	Yersinia pestis	species	632	Negative	Facultative anaerobe	NULL	Singles	mixed	organic_unspecified	2026-06-19 10:03:03	2026-06-19 10:03:05
1993	NULL	Ascomycota	Saccharomycetes	Saccharomycetales	Debaryomycetaceae	Teunomyces	sake	teunomyces	sake	Teunomyces sake	species	NULL	NULL	Aerobe/facultative anaerobe	NULL	Sporulating	mixed	organic_unspecified	2026-06-19 10:03:03	2026-06-19 10:03:03
1994	Eubacteria	Actinobacteria	Actinobacteria	Micrococcales	Microbacteriaceae	Microbacterium	oleivorans	microbacterium	oleivorans	Microbacterium oleivorans	species	1223528	Positive	Aerobe	NULL	NULL	mixed	carbohydrates	2026-06-19 10:03:03	2026-06-19 10:03:05
1995	Eubacteria	Proteobacteria	Gammaproteobacteria	Enterobacteriales	Enterobacteriaceae	Yersinia	pseudotuberculosis	yersinia	pseudotuberculosis	Yersinia pseudotuberculosis	species	273123	Negative	Facultative anaerobe	NULL	Singles	mixed	organic_unspecified	2026-06-19 10:03:03	2026-06-19 10:03:04
1996	NULL	Proteobacteria	Betaproteobacteria	Rhodocyclales	Zoogloeaceae	Thauera	aromatica	thauera	aromatica	Thauera aromatica	species	44139	NULL	NULL	NULL	NULL	N/A	N/A	2026-06-19 10:03:03	2026-06-19 10:03:05
1997	Eubacteria	Actinobacteria	Actinobacteria	Micrococcales	Microbacteriaceae	Microbacterium	paraoxydans	microbacterium	paraoxydans	Microbacterium paraoxydans	species	1151126	Positive	Aerobe	NULL	NULL	mixed	carbohydrates	2026-06-19 10:03:03	2026-06-19 10:03:05
1998	Eubacteria	Proteobacteria	Gammaproteobacteria	Enterobacterales	Yersiniaceae	Yersinia	rohdei	yersinia	rohdei	Yersinia rohdei	species	29485	Positive	Obligate anaerobe	NULL	NULL	fermenter	carbohydrates	2026-06-19 10:03:03	2026-06-19 10:03:05
1999	NULL	Actinobacteria	Actinobacteria	Streptosporangiales	Streptosporangiaceae	Microbispora	rosea	microbispora	rosea	Microbispora rosea	species	58118	NULL	NULL	NULL	NULL	N/A	N/A	2026-06-19 10:03:03	2026-06-19 10:03:05
2000	Eubacteria	Proteobacteria	Gammaproteobacteria	Enterobacterales	Enterobacteriaceae	Yokenella	regensburgei	yokenella	regensburgei	Yokenella regensburgei	species	1002368	Positive	Facultative anaerobe	NULL	NULL	mixed	carbohydrates	2026-06-19 10:03:03	2026-06-19 10:03:05
2001	Fungi	Basidiomycota	Microbotryomycetes	Microbotryales	Microbotryaceae	Microbotryum	lychnidis-dioicae	microbotryum	lychnidis-dioicae	Microbotryum lychnidis-dioicae	species	288795	NULL	Aerobe	NULL	Sporulating (basidiospores)/reproduction by budding	respirator	organic_unspecified	2026-06-19 10:03:03	2026-06-19 10:03:04
2002	Fungi	Ascomycota	Saccharomycetes	Saccharomycetales	Saccharomycetaceae	Zygosaccharomyces	parabailii	zygosaccharomyces	parabailii	Zygosaccharomyces parabailii	species	1365886	NULL	Aerobe/facultative anaerobe	NULL	Sporulating (ascospores)/reproduction by budding	mixed	organic_unspecified	2026-06-19 10:03:03	2026-06-19 10:03:04
2003	Eubacteria	Actinobacteria	Actinobacteria	Micrococcales	Micrococcaceae	Micrococcus	luteus	micrococcus	luteus	Micrococcus luteus	species	1270	Positive	Aerobe	NULL	Tetrads	respirator	N/A	2026-06-19 10:03:03	2026-06-19 10:03:04
2004	Eubacteria	Proteobacteria	Alphaproteobacteria	Sphingomonadales	Sphingomonadaceae	Zymomonas	mobilis	zymomonas	mobilis	Zymomonas mobilis	species	542	NULL	NULL	NULL	NULL	N/A	N/A	2026-06-19 10:03:03	2026-06-19 10:03:04
2005	NULL	Cyanobacteria	NULL	Chroococcales	Microcystaceae	Microcystis	aeruginosa	microcystis	aeruginosa	Microcystis aeruginosa	species	1126	NULL	NULL	NULL	NULL	N/A	N/A	2026-06-19 10:03:03	2026-06-19 10:03:05
2006	NULL	Cyanobacteria	NULL	Chroococcales	Microcystaceae	Microcystis	viridis	microcystis	viridis	Microcystis viridis	species	44822	NULL	NULL	NULL	NULL	N/A	N/A	2026-06-19 10:03:03	2026-06-19 10:03:05
2007	NULL	Nematoda	Chromadorea	Rhabditida	Thelaziidae	Thelazia	callipaeda	thelazia	callipaeda	Thelazia callipaeda	species	103827	NULL	NULL	NULL	NULL	N/A	N/A	2026-06-19 10:03:03	2026-06-19 10:03:05
2008	Eubacteria	Actinobacteria	Actinobacteria	Actinomycetales	Micromonosporaceae	Micromonospora	aurantiaca	micromonospora	aurantiaca	Micromonospora aurantiaca	species	47850	Positive	Aerobe	NULL	Sporulating	respirator	N/A	2026-06-19 10:03:03	2026-06-19 10:03:04
2009	Eubacteria	Actinobacteria	Actinobacteria	Streptosporangiales	Nocardiopsaceae	Thermobifida	fusca	thermobifida	fusca	Thermobifida fusca	species	2021	Positive	Aerobe	NULL	Sporulating	respirator	complex_carbs_fiber	2026-06-19 10:03:03	2026-06-19 10:03:04
2010	NULL	Actinobacteria	Actinobacteria	Micromonosporales	Micromonosporaceae	Micromonospora	chalcea	micromonospora	chalcea	Micromonospora chalcea	species	1874	NULL	NULL	NULL	NULL	N/A	N/A	2026-06-19 10:03:03	2026-06-19 10:03:05
2011	NULL	Euryarchaeota	Thermococci	Thermococcales	Thermococcaceae	Thermococcus	barophilus	thermococcus	barophilus	Thermococcus barophilus	species	55802	NULL	NULL	NULL	NULL	N/A	N/A	2026-06-19 10:03:03	2026-06-19 10:03:04
2012	NULL	Actinobacteria	Actinobacteria	Micromonosporales	Micromonosporaceae	Micromonospora		micromonospora		Micromonospora	genus	NULL	NULL	NULL	NULL	NULL	N/A	N/A	2026-06-19 10:03:03	2026-06-19 10:03:03
2013	NULL	Euryarchaeota	Thermococci	Thermococcales	Thermococcaceae	Thermococcus	gammatolerans	thermococcus	gammatolerans	Thermococcus gammatolerans	species	187878	NULL	Anaerobe	NULL	Nonsporulating	fermenter	organic_unspecified	2026-06-19 10:03:03	2026-06-19 10:03:04
2014	Fungi	Ascomycota	Eurotiomycetes	Onygenales	Arthrodermataceae	Microsporum	canis	microsporum	canis	Microsporum canis	species	63405	NULL	Aerobe	NULL	Sporulating	respirator	organic_unspecified	2026-06-19 10:03:03	2026-06-19 10:03:04
2015	NULL	Euryarchaeota	Thermococci	Thermococcales	Thermococcaceae	Thermococcus	onnurineus	thermococcus	onnurineus	Thermococcus onnurineus	species	342948	NULL	Anaerobe	NULL	Nonsporulating	fermenter	organic_unspecified	2026-06-19 10:03:03	2026-06-19 10:03:04
2016	NULL	Actinobacteria	Actinobacteria	Streptosporangiales	Streptosporangiaceae	Microtetraspora	glauca	microtetraspora	glauca	Microtetraspora glauca	species	1996	NULL	NULL	NULL	NULL	N/A	N/A	2026-06-19 10:03:03	2026-06-19 10:03:05
2017	NULL	Euryarchaeota	Thermococci	Thermococcales	Thermococcaceae	Thermococcus	sibiricus	thermococcus	sibiricus	Thermococcus sibiricus	species	172049	NULL	Anaerobic	NULL	Nonsporulating	fermenter	organic_unspecified	2026-06-19 10:03:03	2026-06-19 10:03:04
2018	NULL	Proteobacteria	Betaproteobacteria	Neisseriales	Chromobacteriaceae	Microvirgula	aerodenitrificans	microvirgula	aerodenitrificans	Microvirgula aerodenitrificans	species	57480	NULL	NULL	NULL	NULL	N/A	N/A	2026-06-19 10:03:03	2026-06-19 10:03:05
2019	Eubacteria	Nitrospirae	Nitrospira	Nitrospirales	Nitrospiraceae	Thermodesulfovibrio	yellowstonii	thermodesulfovibrio	yellowstonii	Thermodesulfovibrio yellowstonii	species	28262	Negative	NULL	NULL	Nonsporulating	N/A	N/A	2026-06-19 10:03:03	2026-06-19 10:03:05
2020	Fungi	Ascomycota	Saccharomycetes	Saccharomycetales	Debaryomycetaceae	Millerozyma	farinosa	millerozyma	farinosa	Millerozyma farinosa	species	4920	NULL	Aerobe	NULL	Sporulating	fermenter	complex_carbs_fiber	2026-06-19 10:03:03	2026-06-19 10:03:04
2021	Eubacteria	Actinobacteria	Actinobacteria	Streptosporangiales	Thermomonosporaceae	Thermomonospora	curvata	thermomonospora	curvata	Thermomonospora curvata	species	2020	Positive	Aerobic	NULL	Filaments	respirator	complex_carbs_fiber	2026-06-19 10:03:03	2026-06-19 10:03:05
2022	Fungi	Microsporidia	NULL	NULL	NULL	Mitosporidium	daphniae	mitosporidium	daphniae	Mitosporidium daphniae	species	1485682	Positive	Anaerobe	NULL	Sporulating	fermenter	organic_unspecified	2026-06-19 10:03:03	2026-06-19 10:03:04
2023	NULL	Euryarchaeota	Thermoplasmata	Thermoplasmatales	Thermoplasmataceae	Thermoplasma	acidophilum	thermoplasma	acidophilum	Thermoplasma acidophilum	species	2303	NULL	Facultative anaerobe	NULL	Nonsporulating	mixed	N/A	2026-06-19 10:03:03	2026-06-19 10:03:04
2024	Eubacteria	Firmicutes	Negativicutes	Selenomonadales	Selenomonadaceae	Mitsuokella	jalaludinii	mitsuokella	jalaludinii	Mitsuokella jalaludinii	species	1410665	Negative	Anaerobe	NULL	NULL	fermenter	carbohydrates	2026-06-19 10:03:03	2026-06-19 10:03:05
2025	Fungi	Ascomycota	Sordariomycetes	Sordariales	Chaetomiaceae	Thermothelomyces	thermophilus	thermothelomyces	thermophilus	Thermothelomyces thermophilus	species	78579	NULL	Aerobe	NULL	Sporulating	fermenter	complex_carbs_fiber	2026-06-19 10:03:03	2026-06-19 10:03:04
2026	Eubacteria	Actinobacteria	Actinobacteria	Actinomycetales	Actinomycetaceae	Mobiluncus	curtisii	mobiluncus	curtisii	Mobiluncus curtisii	species	2051	Positive	Anaerobe	NULL	NULL	fermenter	N/A	2026-06-19 10:03:03	2026-06-19 10:03:04
2027	Fungi	Ascomycota	Sordariomycetes	Sordariales	Chaetomiaceae	Thermothielavioides	terrestris	thermothielavioides	terrestris	Thermothielavioides terrestris	species	2587410	NULL	Aerobe	NULL	Sporulating	fermenter	complex_carbs_fiber	2026-06-19 10:03:03	2026-06-19 10:03:04
2028	Fungi	Basidiomycota	Ustilaginomycetes	Ustilaginales	Ustilaginaceae	Moesziomyces	antarcticus	moesziomyces	antarcticus	Moesziomyces antarcticus	species	84753	Positive	Aerobic	NULL	Sporulating (basidiospores); reproduction also by budding	fermenter	complex_carbs_fiber	2026-06-19 10:03:03	2026-06-19 10:03:04
2029	Fungi	Basidiomycota	Ustilaginomycetes	Ustilaginales	Ustilaginaceae	Moesziomyces	aphidis	moesziomyces	aphidis	Moesziomyces aphidis	species	84754	Positive	Aerobic	NULL	Sporulating (basidiospores); reproduction also by budding	fermenter	complex_carbs_fiber	2026-06-19 10:03:03	2026-06-19 10:03:04
2030	Eubacteria	Firmicutes	Clostridia	Clostridiales	Clostridiales Family XIII. Incertae Sedis	Mogibacterium	timidum	mogibacterium	timidum	Mogibacterium timidum	species	1401079	Positive	Anaerobe	NULL	NULL	fermenter	carbohydrates	2026-06-19 10:03:03	2026-06-19 10:03:05
2031	Eubacteria	Thermotogae	Thermotogae	Thermotogales	Thermotogaceae	Thermotoga	maritima	thermotoga	maritima	Thermotoga maritima	species	2336	Negative	Anaerobe	NULL	NULL	fermenter	N/A	2026-06-19 10:03:03	2026-06-19 10:03:04
2032	Eubacteria	Thermotogae	Thermotogae	Thermotogales	Thermotogaceae	Thermotoga	neapolitana	thermotoga	neapolitana	Thermotoga neapolitana	species	2337	Negative	Microaerophilic	NULL	Nonsporulating	respirator	organic_unspecified	2026-06-19 10:03:03	2026-06-19 10:03:04
2033	Eubacteria	Deinococcus-thermus	Deinococci	Thermales	Thermaceae	Thermus	thermophilus	thermus	thermophilus	Thermus thermophilus	species	274	Negative	Aerobe	NULL	NULL	respirator	N/A	2026-06-19 10:03:03	2026-06-19 10:03:04
2034	Eubacteria	Proteobacteria	Betaproteobacteria	Nitrosomonadales	Thiobacillaceae	Thiobacillus	denitrificans	thiobacillus	denitrificans	Thiobacillus denitrificans	species	36861	Negative	Aerobe	NULL	Nonsporulating	respirator	inorganic	2026-06-19 10:03:03	2026-06-19 10:03:04
2035	Fungi	Basidiomycota	Exobasidiomycetes	Tilletiales	Tilletiaceae	Tilletia	indica	tilletia	indica	Tilletia indica	species	43049	Positive	Aerobic	NULL	Sporulating (basidiospores); reproduction also by budding	fermenter	complex_carbs_fiber	2026-06-19 10:03:03	2026-06-19 10:03:04
2036	Fungi	Chytridiomycota	Monoblepharidomycetes	Monoblepharidales	Monoblepharidaceae	Monoblepharis	insignis	monoblepharis	insignis	Monoblepharis insignis	species	109953	Positive	Aerobic	NULL	Sporulating	fermenter	complex_carbs_fiber	2026-06-19 10:03:03	2026-06-19 10:03:04
2037	Fungi	Basidiomycota	Exobasidiomycetes	Georgefischeriales	Tilletiariaceae	Tilletiaria	anomala	tilletiaria	anomala	Tilletiaria anomala	species	5281	Positive	Aerobic	NULL	Sporulating (basidiospores); reproduction also by budding	fermenter	complex_carbs_fiber	2026-06-19 10:03:03	2026-06-19 10:03:04
2038	Fungi	Ascomycota	Sordariomycetes	Xylariales	Hyponectriaceae	Monographella	nivalis	monographella	nivalis	Monographella nivalis	species	101483	NULL	Aerobe	NULL	Sporulating	fermenter	complex_carbs_fiber	2026-06-19 10:03:03	2026-06-19 10:03:04
2039	NULL	Proteobacteria	Alphaproteobacteria	Rhodospirillales	Rhodospirillaceae	Tistrella	mobilis	tistrella	mobilis	Tistrella mobilis	species	171437	NULL	NULL	NULL	NULL	N/A	N/A	2026-06-19 10:03:03	2026-06-19 10:03:05
2040	Eubacteria	Firmicutes	Clostridia	Thermoanaerobacterales	Thermoanaerobacteraceae	Moorella	thermoacetica	moorella	thermoacetica	Moorella thermoacetica	species	1525	Positive	Anaerobe	NULL	Sporulating	fermenter	N/A	2026-06-19 10:03:03	2026-06-19 10:03:04
2041	Pseudomonadati	Bacteroidota	Bacteroidia	Bacteroidales	Muribaculaceae	Tomasiella	immunophila	tomasiella	immunophila	Tomasiella immunophila	species	NULL	Negative	Anaerobic	NULL	NULL	fermenter	carbohydrates	2026-06-19 10:03:03	2026-06-19 10:03:05
2042	NULL	Cyanobacteria	NULL	Oscillatoriales	Oscillatoriaceae	Moorena	producens	moorena	producens	Moorena producens	species	NULL	NULL	NULL	NULL	NULL	N/A	N/A	2026-06-19 10:03:03	2026-06-19 10:03:03
2043	Fungi	Ascomycota	Saccharomycetes	Saccharomycetales	Saccharomycetaceae	Torulaspora	delbrueckii	torulaspora	delbrueckii	Torulaspora delbrueckii	species	4950	NULL	Aerobe/facultative anaerobe	NULL	Sporulating (ascospores)/reproduction by budding	mixed	organic_unspecified	2026-06-19 10:03:03	2026-06-19 10:03:04
2044	Eubacteria	Proteobacteria	Gammaproteobacteria	Pseudomonadales	Moraxellaceae	Moraxella	catarrhalis	moraxella	catarrhalis	Moraxella catarrhalis	species	480	Negative	Aerobe	NULL	NULL	respirator	N/A	2026-06-19 10:03:03	2026-06-19 10:03:04
2045	Fungi	Ascomycota	Dothideomycetes	Cladosporiales	Cladosporiaceae	Toxicocladosporium	strelitziae	toxicocladosporium	strelitziae	Toxicocladosporium strelitziae	species	1196441	NULL	Aerobe	NULL	Sporulating	respirator	organic_unspecified	2026-06-19 10:03:03	2026-06-19 10:03:04
2046	Fungi	Mucoromycota	Mucoromycetes	Mucorales	Mucoraceae	Mucor	fuscus	mucor	fuscus	Mucor fuscus	species	708069	Positive	Aerobic	NULL	Sporulating	fermenter	complex_carbs_fiber	2026-06-19 10:03:03	2026-06-19 10:03:04
2047	NULL	Nematoda	Chromadorea	Rhabditida	Toxocaridae	Toxocara	canis	toxocara	canis	Toxocara canis	species	6265	NULL	NULL	NULL	NULL	N/A	N/A	2026-06-19 10:03:03	2026-06-19 10:03:05
2048	Fungi	Mucoromycota	Mucoromycetes	Mucorales	Mucoraceae	Mucor	racemosus	mucor	racemosus	Mucor racemosus	species	4841	Positive	Aerobic	NULL	Sporulating	fermenter	complex_carbs_fiber	2026-06-19 10:03:03	2026-06-19 10:03:04
2049	Eubacteria	Proteobacteria	Gammaproteobacteria	Enterobacterales	Enterobacteriaceae	Trabulsiella	guamensis	trabulsiella	guamensis	Trabulsiella guamensis	species	1005994	Negative	Facultative anaerobe	NULL	NULL	mixed	N/A	2026-06-19 10:03:03	2026-06-19 10:03:05
2050	Fungi	Ascomycota	Sordariomycetes	Sordariales	Chaetomiaceae	Myceliophthora	lutea	myceliophthora	lutea	Myceliophthora lutea	species	1126944	NULL	NULL	NULL	NULL	N/A	N/A	2026-06-19 10:03:03	2026-06-19 10:03:04
2051	Fungi	Basidiomycota	Agaricomycetes	Polyporales	Polyporaceae	Trametes	versicolor	trametes	versicolor	Trametes versicolor	species	5325	Positive	Aerobic	NULL	Sporulating (basidiospores); reproduction also by budding	fermenter	complex_carbs_fiber	2026-06-19 10:03:03	2026-06-19 10:03:04
2052	Eubacteria	Actinobacteria	Actinobacteria	Corynebacteriales	Mycobacteriaceae	Mycobacterium	avium	mycobacterium	avium	Mycobacterium avium	species	1764	Positive	Microaerophile	NULL	Singles	respirator	organic_unspecified	2026-06-19 10:03:03	2026-06-19 10:03:04
2053	Fungi	Basidiomycota	Tremellomycetes	Tremellales	Tremellaceae	Tremella	mesenterica	tremella	mesenterica	Tremella mesenterica	species	5217	Positive	Aerobic	NULL	Sporulating (basidiospores); reproduction also by budding	fermenter	complex_carbs_fiber	2026-06-19 10:03:03	2026-06-19 10:03:04
2054	NULL	Actinobacteria	Actinobacteria	Actinomycetales	Mycobacteriaceae	Mycobacterium	fortuitum	mycobacterium	fortuitum	Mycobacterium fortuitum	species	NULL	NULL	Microaerophile	NULL	NULL	N/A	N/A	2026-06-19 10:03:03	2026-06-19 10:03:03
2055	Eubacteria	Spirochaetes	Spirochaetes	Spirochaetales	Spirochaetaceae	Treponema	denticola	treponema	denticola	Treponema denticola	species	158	Negative	Anaerobe	NULL	Singles	fermenter	N/A	2026-06-19 10:03:03	2026-06-19 10:03:04
2056	Eubacteria	Actinobacteria	Actinobacteria	Corynebacteriales	Mycobacteriaceae	Mycobacterium	leprae	mycobacterium	leprae	Mycobacterium leprae	species	1769	Positive	Aerobe	NULL	Singles	respirator	organic_unspecified	2026-06-19 10:03:03	2026-06-19 10:03:04
2057	Eubacteria	Spirochaetes	Spirochaetia	Spirochaetales	Spirochaetaceae	Treponema	pallidum	treponema	pallidum	Treponema pallidum	species	160	NULL	NULL	NULL	NULL	N/A	N/A	2026-06-19 10:03:03	2026-06-19 10:03:05
2058	Eubacteria	Actinobacteria	Actinobacteria	Corynebacteriales	Mycobacteriaceae	Mycobacterium	tuberculosis	mycobacterium	tuberculosis	Mycobacterium tuberculosis	species	1773	Positive	Aerobic	NULL	Singles	respirator	organic_unspecified	2026-06-19 10:03:03	2026-06-19 10:03:04
2059	NULL	Platyhelminthes	Trematoda	Strigeidida	Schistosomatidae	Trichobilharzia	regenti	trichobilharzia	regenti	Trichobilharzia regenti	species	157069	NULL	NULL	NULL	NULL	N/A	N/A	2026-06-19 10:03:03	2026-06-19 10:03:05
2060	Eubacteria	Actinobacteria	Actinobacteria	Corynebacteriales	Mycobacteriaceae	Mycobacterium	ulcerans	mycobacterium	ulcerans	Mycobacterium ulcerans	species	1809	Positive	Aerobe	NULL	Singles	respirator	organic_unspecified	2026-06-19 10:03:03	2026-06-19 10:03:05
2061	Fungi	Ascomycota	Sordariomycetes	Hypocreales	Hypocreaceae	Trichoderma	atroviride	trichoderma	atroviride	Trichoderma atroviride	species	63577	Positive	Aerobic	NULL	Sporulating (ascospores); reproduction also by budding	fermenter	complex_carbs_fiber	2026-06-19 10:03:03	2026-06-19 10:03:04
2062	Eubacteria	Actinobacteria	Actinobacteria	Corynebacteriales	Mycobacteriaceae	Mycobacteroides	chelonae	mycobacteroides	chelonae	Mycobacteroides chelonae	species	1774	NULL	NULL	NULL	NULL	N/A	N/A	2026-06-19 10:03:03	2026-06-19 10:03:05
2063	Fungi	Ascomycota	Sordariomycetes	Hypocreales	Hypocreaceae	Trichoderma	gamsii	trichoderma	gamsii	Trichoderma gamsii	species	398673	Positive	Aerobic	NULL	Sporulating (ascospores); reproduction also by budding	fermenter	complex_carbs_fiber	2026-06-19 10:03:03	2026-06-19 10:03:04
2064	Eubacteria	Actinobacteria	Actinobacteria	Corynebacteriales	Mycobacteriaceae	Mycolicibacterium	fortuitum	mycolicibacterium	fortuitum	Mycolicibacterium fortuitum	species	1766	NULL	NULL	NULL	NULL	N/A	N/A	2026-06-19 10:03:03	2026-06-19 10:03:05
2065	Fungi	Ascomycota	Sordariomycetes	Hypocreales	Hypocreaceae	Trichoderma	longibrachiatum	trichoderma	longibrachiatum	Trichoderma longibrachiatum	species	5548	Positive	Aerobic	NULL	Sporulating (ascospores); reproduction also by budding	respirator	organic_unspecified	2026-06-19 10:03:03	2026-06-19 10:03:04
2066	Eubacteria	Tenericutes	Mollicutes	Mycoplasmatales	Mycoplasmataceae	Mycoplasma	agalactiae	mycoplasma	agalactiae	Mycoplasma agalactiae	species	2110	Negative	Facultative	NULL	Singles	mixed	N/A	2026-06-19 10:03:03	2026-06-19 10:03:04
2067	Fungi	Ascomycota	Sordariomycetes	Hypocreales	Hypocreaceae	Trichoderma	reesei	trichoderma	reesei	Trichoderma reesei	species	51453	Positive	Aerobic	NULL	Sporulating (ascospores); reproduction also by budding	fermenter	complex_carbs_fiber	2026-06-19 10:03:03	2026-06-19 10:03:04
2068	Eubacteria	Tenericutes	Mollicutes	Mycoplasmatales	Mycoplasmataceae	Mycoplasma	alligatoris	mycoplasma	alligatoris	Mycoplasma alligatoris	species	47687	NULL	NULL	NULL	NULL	N/A	N/A	2026-06-19 10:03:03	2026-06-19 10:03:04
2069	Fungi	Ascomycota	Eurotiomycetes	Onygenales	Arthrodermataceae	Trichophyton	rubrum	trichophyton	rubrum	Trichophyton rubrum	species	5551	NULL	Aerobe	NULL	Sporulating	respirator	organic_unspecified	2026-06-19 10:03:03	2026-06-19 10:03:04
2070	Eubacteria	Tenericutes	Mollicutes	Mycoplasmatales	Mycoplasmataceae	Mycoplasma	arthritidis	mycoplasma	arthritidis	Mycoplasma arthritidis	species	2111	Negative	Facultative	NULL	Singles	mixed	N/A	2026-06-19 10:03:03	2026-06-19 10:03:04
2071	Fungi	Basidiomycota	Tremellomycetes	Trichosporonales	Trichosporonaceae	Trichosporon	asahii	trichosporon	asahii	Trichosporon asahii	species	82508	Positive	Aerobic	NULL	Sporulating (basidiospores); reproduction also by budding	respirator	organic_unspecified	2026-06-19 10:03:03	2026-06-19 10:03:04
2072	Eubacteria	Tenericutes	Mollicutes	Mycoplasmatales	Mycoplasmataceae	Mycoplasma	bovis	mycoplasma	bovis	Mycoplasma bovis	species	28903	NULL	NULL	NULL	NULL	N/A	N/A	2026-06-19 10:03:03	2026-06-19 10:03:04
2073	Fungi	Basidiomycota	Tremellomycetes	Trichosporonales	Trichosporonaceae	Trichosporon	coremiiforme	trichosporon	coremiiforme	Trichosporon coremiiforme	species	82509	Positive	Aerobic	NULL	Sporulating (basidiospores); reproduction also by budding	fermenter	complex_carbs_fiber	2026-06-19 10:03:03	2026-06-19 10:03:04
2074	Eubacteria	Tenericutes	Mollicutes	Mycoplasmatales	Mycoplasmataceae	Mycoplasma	capricolum	mycoplasma	capricolum	Mycoplasma capricolum	species	2095	Negative	Facultative aerobe	NULL	Singles	mixed	N/A	2026-06-19 10:03:03	2026-06-19 10:03:04
2075	Fungi	Basidiomycota	Agaricomycetes	Agaricales	Porotheleaceae	Trogia	venenata	trogia	venenata	Trogia venenata	species	1235292	Positive	Aerobic	NULL	Sporulating (basidiospores); reproduction also by budding	fermenter	complex_carbs_fiber	2026-06-19 10:03:03	2026-06-19 10:03:04
2076	Eubacteria	Tenericutes	Mollicutes	Mycoplasmatales	Mycoplasmataceae	Mycoplasma	conjunctivae	mycoplasma	conjunctivae	Mycoplasma conjunctivae	species	45361	NULL	NULL	NULL	NULL	N/A	N/A	2026-06-19 10:03:03	2026-06-19 10:03:04
2077	Eubacteria	Actinobacteria	Actinobacteria	Micrococcales	Tropherymataceae	Tropheryma	whipplei	tropheryma	whipplei	Tropheryma whipplei	species	203267	Positive	Aerobe	NULL	NULL	fermenter	N/A	2026-06-19 10:03:03	2026-06-19 10:03:04
2078	Eubacteria	Tenericutes	Mollicutes	Mycoplasmatales	Mycoplasmataceae	Mycoplasma	crocodyli	mycoplasma	crocodyli	Mycoplasma crocodyli	species	50052	NULL	NULL	NULL	NULL	N/A	N/A	2026-06-19 10:03:03	2026-06-19 10:03:04
2079	Eubacteria	Actinobacteria	Actinobacteria	Actinomycetales	Actinomycetaceae	Trueperella	pyogenes	trueperella	pyogenes	Trueperella pyogenes	species	1661	Positive	Facultative anaerobe	NULL	NULL	mixed	carbohydrates	2026-06-19 10:03:03	2026-06-19 10:03:05
2080	Eubacteria	Tenericutes	Mollicutes	Mycoplasmatales	Mycoplasmataceae	Mycoplasma	fermentans	mycoplasma	fermentans	Mycoplasma fermentans	species	2115	NULL	NULL	NULL	NULL	N/A	N/A	2026-06-19 10:03:03	2026-06-19 10:03:04
2081	NULL	Euglenozoa	Kinetoplastea	Trypanosomatida	Trypanosomatidae	Trypanosoma	brucei	trypanosoma	brucei	Trypanosoma brucei	species	5691	NULL	NULL	NULL	NULL	N/A	N/A	2026-06-19 10:03:03	2026-06-19 10:03:04
2082	Eubacteria	Tenericutes	Mollicutes	Mycoplasmatales	Mycoplasmataceae	Mycoplasma	gallisepticum	mycoplasma	gallisepticum	Mycoplasma gallisepticum	species	2096	Negative	Facultative	NULL	Singles	mixed	N/A	2026-06-19 10:03:03	2026-06-19 10:03:04
2083	Eubacteria	Firmicutes	Erysipelotrichia	Erysipelotrichales	Erysipelotrichaceae	Turicibacter	sanguinis	turicibacter	sanguinis	Turicibacter sanguinis	species	154288	NULL	NULL	NULL	NULL	N/A	N/A	2026-06-19 10:03:03	2026-06-19 10:03:04
2084	Eubacteria	Tenericutes	Mollicutes	Mycoplasmatales	Mycoplasmataceae	Mycoplasma	genitalium	mycoplasma	genitalium	Mycoplasma genitalium	species	2097	Negative	Facultative anaerobe	NULL	Singles	mixed	N/A	2026-06-19 10:03:03	2026-06-19 10:03:04
2085	Eubacteria	Firmicutes	Clostridia	Clostridiales	Lachnospiraceae	Tyzzerella	nexilis	tyzzerella	nexilis	Tyzzerella nexilis	species	29361	Positive	Obligate anaerobe	NULL	NULL	fermenter	carbohydrates	2026-06-19 10:03:03	2026-06-19 10:03:04
2086	Eubacteria	Tenericutes	Mollicutes	Mycoplasmatales	Mycoplasmataceae	Mycoplasma	haemofelis	mycoplasma	haemofelis	Mycoplasma haemofelis	species	29501	NULL	NULL	NULL	NULL	N/A	N/A	2026-06-19 10:03:03	2026-06-19 10:03:04
2087	Fungi	Ascomycota	Eurotiomycetes	Onygenales	Onygenaceae	Uncinocarpus	reesii	uncinocarpus	reesii	Uncinocarpus reesii	species	33188	NULL	Aerobe	NULL	Sporulating	fermenter	complex_carbs_fiber	2026-06-19 10:03:03	2026-06-19 10:03:04
2088	Eubacteria	Tenericutes	Mollicutes	Mycoplasmatales	Mycoplasmataceae	Mycoplasma	hominis	mycoplasma	hominis	Mycoplasma hominis	species	2098	Negative due to the absence of a cell wall	Anaerobe	NULL	NULL	fermenter	N/A	2026-06-19 10:03:03	2026-06-19 10:03:04
2089	NULL	Proteobacteria	Betaproteobacteria	Burkholderiales	unclassified Burkholderiales	Unclassified burkholderiales	bacterium	unclassified burkholderiales	bacterium	Unclassified burkholderiales bacterium	species	NULL	NULL	Anaerobe	NULL	NULL	fermenter	N/A	2026-06-19 10:03:03	2026-06-19 10:03:03
2090	Eubacteria	Tenericutes	Mollicutes	Mycoplasmatales	Mycoplasmataceae	Mycoplasma	hyopneumoniae	mycoplasma	hyopneumoniae	Mycoplasma hyopneumoniae	species	2099	Negative	Facultative anaerobe	NULL	Singles	mixed	N/A	2026-06-19 10:03:03	2026-06-19 10:03:04
2091	NULL	Firmicutes	Clostridia	Clostridiales	unclassified Clostridiales	Unclassified clostridiales	bacterium	unclassified clostridiales	bacterium	Unclassified clostridiales bacterium	species	NULL	NULL	Obligate anaerobe	NULL	NULL	fermenter	N/A	2026-06-19 10:03:03	2026-06-19 10:03:03
2092	Eubacteria	Tenericutes	Mollicutes	Mycoplasmatales	Mycoplasmataceae	Mycoplasma	leachii	mycoplasma	leachii	Mycoplasma leachii	species	2105	NULL	NULL	NULL	NULL	N/A	N/A	2026-06-19 10:03:03	2026-06-19 10:03:04
2093	NULL	Firmicutes	Clostridia	Clostridiales	unclassified Clostridiales	Unclassified clostridiales	pectinophilus	unclassified clostridiales	pectinophilus	Unclassified clostridiales pectinophilus	species	NULL	NULL	Obligate anaerobe	NULL	NULL	fermenter	carbohydrates	2026-06-19 10:03:03	2026-06-19 10:03:03
2094	Eubacteria	Tenericutes	Mollicutes	Mycoplasmatales	Mycoplasmataceae	Mycoplasma	mobile	mycoplasma	mobile	Mycoplasma mobile	species	2118	Negative	Facultative	NULL	Singles	mixed	N/A	2026-06-19 10:03:03	2026-06-19 10:03:04
2095	NULL	Proteobacteria	Gammaproteobacteria	Enterobacteriales	Enterobacteriaceae	Unclassified enterobacteriaceae	bacterium 9_2_54faa	unclassified enterobacteriaceae	bacterium 9_2_54faa	Unclassified enterobacteriaceae bacterium 9_2_54faa	species	NULL	NULL	Aerobe	NULL	NULL	N/A	N/A	2026-06-19 10:03:03	2026-06-19 10:03:03
2096	Eubacteria	Tenericutes	Mollicutes	Mycoplasmatales	Mycoplasmataceae	Mycoplasma	mycoides	mycoplasma	mycoides	Mycoplasma mycoides	species	2102	Negative	Facultative anaerobe	NULL	Singles	mixed	N/A	2026-06-19 10:03:03	2026-06-19 10:03:04
2097	NULL	Firmicutes	Erysipelotrichia	Erysipelotrichales	Erysipelotrichaceae	Unclassified erysipelotrichaceae	bacterium 3_1_53	unclassified erysipelotrichaceae	bacterium 3_1_53	Unclassified erysipelotrichaceae bacterium 3_1_53	species	NULL	NULL	Anaerobe	NULL	NULL	fermenter	N/A	2026-06-19 10:03:03	2026-06-19 10:03:03
2098	NULL	Firmicutes	Erysipelotrichia	Erysipelotrichales	Erysipelotrichaceae	Unclassified erysipelotrichaceae	bacterium 5_2_54faa	unclassified erysipelotrichaceae	bacterium 5_2_54faa	Unclassified erysipelotrichaceae bacterium 5_2_54faa	species	NULL	NULL	Anaerobe	NULL	NULL	fermenter	N/A	2026-06-19 10:03:03	2026-06-19 10:03:03
2099	Eubacteria	Tenericutes	Mollicutes	Mycoplasmatales	Mycoplasmataceae	Mycoplasma	orale	mycoplasma	orale	Mycoplasma orale	species	2121	NULL	NULL	NULL	NULL	N/A	N/A	2026-06-19 10:03:03	2026-06-19 10:03:05
2100	Eubacteria	Tenericutes	Mollicutes	Mycoplasmatales	Mycoplasmataceae	Mycoplasma	parvum	mycoplasma	parvum	Mycoplasma parvum	species	984991	NULL	NULL	NULL	NULL	N/A	N/A	2026-06-19 10:03:03	2026-06-19 10:03:05
2101	Eubacteria	Tenericutes	Mollicutes	Mycoplasmatales	Mycoplasmataceae	Mycoplasma	penetrans	mycoplasma	penetrans	Mycoplasma penetrans	species	28227	Negative	Facultative	NULL	Singles	mixed	N/A	2026-06-19 10:03:03	2026-06-19 10:03:04
2102	Eubacteria	Tenericutes	Mollicutes	Mycoplasmatales	Mycoplasmataceae	Mycoplasma	pneumoniae	mycoplasma	pneumoniae	Mycoplasma pneumoniae	species	1112856	Negative due to the absence of a cell wall	Anaerobe	NULL	Singles	fermenter	N/A	2026-06-19 10:03:03	2026-06-19 10:03:04
2103	Fungi	Ascomycota	Eurotiomycetes	Eurotiales	Aspergillaceae	Penicillium	citreonigrum	penicillium	citreonigrum	Penicillium citreonigrum	species	69768	Positive	Aerobic	NULL	Sporulating (ascospores); reproduction also by budding	respirator	organic_unspecified	2026-06-19 10:03:03	2026-06-19 10:03:04
2104	Fungi	Ascomycota	Eurotiomycetes	Eurotiales	Aspergillaceae	Penicillium	citrinum	penicillium	citrinum	Penicillium citrinum	species	5077	Positive	Aerobic	NULL	Sporulating (ascospores); reproduction also by budding	respirator	organic_unspecified	2026-06-19 10:03:03	2026-06-19 10:03:04
2105	Fungi	Ascomycota	Eurotiomycetes	Eurotiales	Aspergillaceae	Penicillium	concentricum	penicillium	concentricum	Penicillium concentricum	species	293559	Positive	Aerobic	NULL	Sporulating (ascospores); reproduction also by budding	respirator	organic_unspecified	2026-06-19 10:03:03	2026-06-19 10:03:04
2106	Fungi	Ascomycota	Eurotiomycetes	Eurotiales	Aspergillaceae	Penicillium	cyclopium	penicillium	cyclopium	Penicillium cyclopium	species	60167	Positive	Aerobic	NULL	Sporulating (ascospores); reproduction also by budding	respirator	organic_unspecified	2026-06-19 10:03:03	2026-06-19 10:03:04
2107	Fungi	Ascomycota	Eurotiomycetes	Eurotiales	Aspergillaceae	Penicillium	digitatum	penicillium	digitatum	Penicillium digitatum	species	36651	Positive	Aerobic	NULL	Sporulating (ascospores); reproduction also by budding	fermenter	complex_carbs_fiber	2026-06-19 10:03:03	2026-06-19 10:03:04
2108	Fungi	Ascomycota	Eurotiomycetes	Eurotiales	Aspergillaceae	Penicillium	expansum	penicillium	expansum	Penicillium expansum	species	27334	Positive	Aerobic	NULL	Sporulating (ascospores); reproduction also by budding	fermenter	complex_carbs_fiber	2026-06-19 10:03:03	2026-06-19 10:03:04
2109	Fungi	Ascomycota	Eurotiomycetes	Eurotiales	Aspergillaceae	Penicillium	fellutanum	penicillium	fellutanum	Penicillium fellutanum	species	70095	Positive	Aerobic	NULL	Sporulating (ascospores); reproduction also by budding	respirator	organic_unspecified	2026-06-19 10:03:03	2026-06-19 10:03:04
2110	Fungi	Ascomycota	Eurotiomycetes	Eurotiales	Aspergillaceae	Penicillium	janczewskii	penicillium	janczewskii	Penicillium janczewskii	species	121612	Positive	Aerobic	NULL	Sporulating (ascospores); reproduction also by budding	respirator	organic_unspecified	2026-06-19 10:03:03	2026-06-19 10:03:04
2111	Fungi	Ascomycota	Eurotiomycetes	Eurotiales	Aspergillaceae	Penicillium	lanosum	penicillium	lanosum	Penicillium lanosum	species	357984	Positive	Aerobic	NULL	Sporulating (ascospores); reproduction also by budding	respirator	organic_unspecified	2026-06-19 10:03:03	2026-06-19 10:03:04
2112	Fungi	Ascomycota	Eurotiomycetes	Eurotiales	Aspergillaceae	Penicillium	miczynskii	penicillium	miczynskii	Penicillium miczynskii	species	36645	Positive	Aerobic	NULL	Sporulating (ascospores); reproduction also by budding	respirator	organic_unspecified	2026-06-19 10:03:03	2026-06-19 10:03:04
2113	Fungi	Ascomycota	Eurotiomycetes	Eurotiales	Aspergillaceae	Penicillium	nordicum	penicillium	nordicum	Penicillium nordicum	species	229535	Positive	Aerobic	NULL	Sporulating (ascospores); reproduction also by budding	fermenter	complex_carbs_fiber	2026-06-19 10:03:03	2026-06-19 10:03:04
2114	Fungi	Ascomycota	Eurotiomycetes	Eurotiales	Aspergillaceae	Penicillium	restrictum	penicillium	restrictum	Penicillium restrictum	species	69784	Positive	Aerobic	NULL	Sporulating (ascospores); reproduction also by budding	respirator	organic_unspecified	2026-06-19 10:03:03	2026-06-19 10:03:04
2115	Fungi	Ascomycota	Eurotiomycetes	Eurotiales	Aspergillaceae	Penicillium	roqueforti	penicillium	roqueforti	Penicillium roqueforti	species	5082	Positive	Aerobic	NULL	Sporulating (ascospores); reproduction also by budding	respirator	amino_acids_proteins	2026-06-19 10:03:03	2026-06-19 10:03:04
2139	Eubacteria	Firmicutes	Bacilli	Bacillales	Bacillaceae	Bacillus	alkalihalobacillus pseudofirmus	bacillus	alkalihalobacillus pseudofirmus	Bacillus alkalihalobacillus pseudofirmus	species	398511	Positive	Facultative aerobe	NULL	Sporulating	mixed	carbohydrates	2026-06-19 10:03:04	2026-06-19 10:03:04
2152	Eubacteria	Bacteroidetes	Bacteroidia	Bacteroidales	Bacteroidaceae	Phocaeicola	bacteroides vulgatus	phocaeicola	bacteroides vulgatus	Phocaeicola bacteroides vulgatus	species	435590	Positive	Anaerobe	NULL	NULL	fermenter	N/A	2026-06-19 10:03:04	2026-06-19 10:03:04
2170	Archaea	Candidatus thermoplasmatota	Thermoplasmata	Methanomassiliicoccales	Methanomassiliicoccaceae	Methanomassiliicoccus	candidatus methanomassiliicoccus intestinalis	methanomassiliicoccus	candidatus methanomassiliicoccus intestinalis	Methanomassiliicoccus candidatus methanomassiliicoccus intestinalis	species	1295009	NULL	NULL	NULL	NULL	N/A	N/A	2026-06-19 10:03:04	2026-06-19 10:03:04
2181	Eubacteria	Firmicutes	Clostridia	Clostridiales	Lachnospiraceae	Lachnoclostridium	enterocloster clostridioformis	lachnoclostridium	enterocloster clostridioformis	Lachnoclostridium enterocloster clostridioformis	species	999410	Negative	Anaerobe	NULL	NULL	fermenter	carbohydrates	2026-06-19 10:03:04	2026-06-19 10:03:04
2201	Eubacteria	Firmicutes	Clostridia	Clostridiales	Lachnospiraceae	Unclassified lachnospiraceae	eubacterium rectale	unclassified lachnospiraceae	eubacterium rectale	Unclassified lachnospiraceae eubacterium rectale	species	657317	Positive	Anaerobe	NULL	NULL	fermenter	carbohydrates	2026-06-19 10:03:04	2026-06-19 10:03:04
2202	Eubacteria	Firmicutes	Clostridia	Clostridiales	Ruminococcaceae	Ruminiclostridium	eubacterium siraeum	ruminiclostridium	eubacterium siraeum	Ruminiclostridium eubacterium siraeum	species	428128	Positive	Anaerobe	NULL	NULL	fermenter	carbohydrates	2026-06-19 10:03:04	2026-06-19 10:03:04
2211	Eubacteria	Proteobacteria	Gammaproteobacteria	Enterobacteriales	Enterobacteriaceae	Enterobacter	klebsiella aerogenes	enterobacter	klebsiella aerogenes	Enterobacter klebsiella aerogenes	species	1028307	Negative	Facultative anaerobe	NULL	NULL	mixed	N/A	2026-06-19 10:03:04	2026-06-19 10:03:04
2219	Eubacteria	Firmicutes	Bacilli	Lactobacillales	Lactobacillaceae	Lactobacillus	limosilactobacillus reuteri	lactobacillus	limosilactobacillus reuteri	Lactobacillus limosilactobacillus reuteri	species	1598	Positive	Facultative anaerobe	NULL	Chains	mixed	carbohydrates	2026-06-19 10:03:04	2026-06-19 10:03:04
2251	Eubacteria	Firmicutes	Clostridia	Clostridiales	Lachnospiraceae	Blautia	ruminococcus torques	blautia	ruminococcus torques	Blautia ruminococcus torques	species	411460	Positive	Anaerobe	NULL	NULL	fermenter	carbohydrates	2026-06-19 10:03:04	2026-06-19 10:03:04
2252	Eubacteria	Firmicutes	Erysipelotrichia	Erysipelotrichales	Erysipelotrichaceae	Stoquefichus	candidatus stoquefichus massiliensis	stoquefichus	candidatus stoquefichus massiliensis	Stoquefichus candidatus stoquefichus massiliensis	species	1211844	NULL	NULL	NULL	NULL	N/A	N/A	2026-06-19 10:03:04	2026-06-19 10:03:04
2258	Eubacteria	Actinobacteria	Actinobacteria	Actinomycetales	Actinomycetaceae	Fannyhessea	atopobium vaginae	fannyhessea	atopobium vaginae	Fannyhessea atopobium vaginae	species	82135	NULL	NULL	NULL	NULL	N/A	N/A	2026-06-19 10:03:04	2026-06-19 10:03:04
2396	Eubacteria	Firmicutes	Bacilli	Bacillales	Bacillaceae	Bacillus	priestia megaterium	bacillus	priestia megaterium	Bacillus priestia megaterium	species	1404	Positive	Aerobe	NULL	Sporulating	respirator	N/A	2026-06-19 10:03:04	2026-06-19 10:03:04
2406	Eubacteria	Firmicutes	Clostridia	Clostridiales	Lachnospiraceae	Lachnoclostridium	clostridium symbiosum	lachnoclostridium	clostridium symbiosum	Lachnoclostridium clostridium symbiosum	species	1512	Negative	Anaerobe	NULL	NULL	fermenter	carbohydrates	2026-06-19 10:03:04	2026-06-19 10:03:04
2410	Eubacteria	Firmicutes	Erysipelotrichia	Erysipelotrichales	Erysipelotrichaceae	Erysipelatoclostridium	clostridium innocuum	erysipelatoclostridium	clostridium innocuum	Erysipelatoclostridium clostridium innocuum	species	1522	Negative	Anaerobe	NULL	NULL	fermenter	carbohydrates	2026-06-19 10:03:04	2026-06-19 10:03:04
2424	Eubacteria	Firmicutes	Bacilli	Lactobacillales	Lactobacillaceae	Lactiplantibacillus	lactobacillus plantarum	lactiplantibacillus	lactobacillus plantarum	Lactiplantibacillus lactobacillus plantarum	species	1590	Positive	Facultative anaerobe	NULL	NULL	mixed	carbohydrates	2026-06-19 10:03:04	2026-06-19 10:03:04
2431	Eubacteria	Firmicutes	Bacilli	Lactobacillales	Lactobacillaceae	Lactobacillus	fructilactobacillus sanfranciscensis	lactobacillus	fructilactobacillus sanfranciscensis	Lactobacillus fructilactobacillus sanfranciscensis	species	1625	NULL	NULL	NULL	NULL	N/A	N/A	2026-06-19 10:03:04	2026-06-19 10:03:04
2524	Eubacteria	Firmicutes	Clostridia	Clostridiales	Lachnospiraceae	Lachnoclostridium	clostridium scindens	lachnoclostridium	clostridium scindens	Lachnoclostridium clostridium scindens	species	29347	Positive	Aerotolerant	NULL	NULL	fermenter	carbohydrates	2026-06-19 10:03:04	2026-06-19 10:03:04
2546	Eubacteria	Firmicutes	Clostridia	Clostridiales	Lachnospiraceae	Mediterraneibacter	ruminococcus torques	mediterraneibacter	ruminococcus torques	Mediterraneibacter ruminococcus torques	species	33039	Positive	Anaerobe	NULL	NULL	fermenter	carbohydrates	2026-06-19 10:03:04	2026-06-19 10:03:04
2561	Eubacteria	Firmicutes	Clostridia	Clostridiales	Lachnospiraceae	Lachnospira	eubacterium eligens	lachnospira	eubacterium eligens	Lachnospira eubacterium eligens	species	39485	Negative	Anaerobe	NULL	NULL	fermenter	N/A	2026-06-19 10:03:04	2026-06-19 10:03:04
2565	Eubacteria	Firmicutes	Clostridia	Clostridiales	Peptostreptococcaceae	Peptoanaerobacter	eubacterium yurii	peptoanaerobacter	eubacterium yurii	Peptoanaerobacter eubacterium yurii	species	39498	NULL	NULL	NULL	NULL	N/A	N/A	2026-06-19 10:03:04	2026-06-19 10:03:04
2589	Eubacteria	Firmicutes	Clostridia	Clostridiales	Lachnospiraceae	Mediterraneibacter	ruminococcus lactaris	mediterraneibacter	ruminococcus lactaris	Mediterraneibacter ruminococcus lactaris	species	46228	NULL	NULL	NULL	NULL	N/A	N/A	2026-06-19 10:03:04	2026-06-19 10:03:04
2629	Eubacteria	Firmicutes	Bacilli	Bacillales	Bacillaceae	Alkalihalobacillus	bacillus clausii	alkalihalobacillus	bacillus clausii	Alkalihalobacillus bacillus clausii	species	79880	Positive	Facultative anaerobe	NULL	Sporulating	mixed	N/A	2026-06-19 10:03:04	2026-06-19 10:03:04
2630	Eubacteria	Firmicutes	Bacilli	Bacillales	Bacillaceae	Alkalihalobacillus	bacillus pseudofirmus	alkalihalobacillus	bacillus pseudofirmus	Alkalihalobacillus bacillus pseudofirmus	species	79885	Positive	Facultative aerobe	NULL	Sporulating	mixed	carbohydrates	2026-06-19 10:03:04	2026-06-19 10:03:04
2638	Eubacteria	Firmicutes	Clostridia	Clostridiales	Ruminococcaceae	Ruminiclostridium	clostridium methylpentosum	ruminiclostridium	clostridium methylpentosum	Ruminiclostridium clostridium methylpentosum	species	84026	Positive	Anaerobe	NULL	NULL	fermenter	N/A	2026-06-19 10:03:04	2026-06-19 10:03:04
2641	Eubacteria	Firmicutes	Bacilli	Bacillales	Bacillaceae	Salisediminibacterium	bacillus selenitireducens	salisediminibacterium	bacillus selenitireducens	Salisediminibacterium bacillus selenitireducens	species	85683	Positive	Facultative	NULL	Nonsporulating	mixed	N/A	2026-06-19 10:03:04	2026-06-19 10:03:04
2644	Eubacteria	Firmicutes	Bacilli	Bacillales	Bacillaceae	Alkalihalobacillus	bacillus halodurans	alkalihalobacillus	bacillus halodurans	Alkalihalobacillus bacillus halodurans	species	86665	Positive	Facultative aerobe	NULL	Sporulating	mixed	carbohydrates	2026-06-19 10:03:04	2026-06-19 10:03:04
2647	Eubacteria	Firmicutes	Clostridia	Clostridiales	Peptostreptococcaceae	Unclassified peptostreptococcaceae	peptacetobacter hiranonis	unclassified peptostreptococcaceae	peptacetobacter hiranonis	Unclassified peptostreptococcaceae peptacetobacter hiranonis	species	89152	Positive	Anaerobe	NULL	NULL	fermenter	carbohydrates	2026-06-19 10:03:04	2026-06-19 10:03:04
2648	Eubacteria	Firmicutes	Clostridia	Clostridiales	Lachnospiraceae	Lachnoclostridium	clostridium hylemonae	lachnoclostridium	clostridium hylemonae	Lachnoclostridium clostridium hylemonae	species	553973	Positive	Anaerobe	NULL	NULL	fermenter	carbohydrates	2026-06-19 10:03:04	2026-06-19 10:03:04
2708	Eubacteria	Bacteroidetes	Bacteroidia	Bacteroidales	Bacteroidaceae	Phocaeicola	bacteroides massiliensis	phocaeicola	bacteroides massiliensis	Phocaeicola bacteroides massiliensis	species	204516	Negative	Anaerobe	NULL	NULL	fermenter	carbohydrates	2026-06-19 10:03:04	2026-06-19 10:03:04
2730	Eubacteria	Bacteroidetes	Bacteroidia	Bacteroidales	Bacteroidaceae	Phocaeicola	bacteroides plebeius	phocaeicola	bacteroides plebeius	Phocaeicola bacteroides plebeius	species	310297	Negative	Anaerobe	NULL	NULL	fermenter	carbohydrates	2026-06-19 10:03:04	2026-06-19 10:03:04
2731	Eubacteria	Bacteroidetes	Bacteroidia	Bacteroidales	Bacteroidaceae	Bacteroides	phocaeicola coprocola	bacteroides	phocaeicola coprocola	Bacteroides phocaeicola coprocola	species	310298	Negative	Anaerobe	NULL	NULL	fermenter	carbohydrates	2026-06-19 10:03:04	2026-06-19 10:03:04
2744	Eubacteria	Firmicutes	Clostridia	Clostridiales	Lachnospiraceae	Enterocloster	clostridium citroniae	enterocloster	clostridium citroniae	Enterocloster clostridium citroniae	species	358743	NULL	NULL	NULL	NULL	N/A	N/A	2026-06-19 10:03:04	2026-06-19 10:03:04
2749	Eubacteria	Bacteroidetes	Bacteroidia	Bacteroidales	acteroidaceae	Phocaeicola	bacteroides salanitronis	phocaeicola	bacteroides salanitronis	Phocaeicola bacteroides salanitronis	species	376805	Negative	Anaerobic	NULL	Nonsporulating	fermenter	organic_unspecified	2026-06-19 10:03:04	2026-06-19 10:03:04
2810	Eubacteria	Firmicutes	Clostridia	Clostridiales	Ruminococcaceae	Unclassified ruminococcaceae	ruminococcaceae bacterium	unclassified ruminococcaceae	ruminococcaceae bacterium	Unclassified ruminococcaceae ruminococcaceae bacterium	species	2485925	Uncharacterized	Obligate anaerobe	NULL	NULL	fermenter	N/A	2026-06-19 10:03:04	2026-06-19 10:03:04
2814	Eubacteria	Bacteroidetes	Bacteroidia	Bacteroidales	Rikenellaceae	Alistipes	bacteroidales bacterium ph8	alistipes	bacteroidales bacterium ph8	Alistipes bacteroidales bacterium ph8	species	2585118	NULL	NULL	NULL	NULL	N/A	N/A	2026-06-19 10:03:04	2026-06-19 10:03:04
2815	Eubacteria	Proteobacteria	Betaproteobacteria	Burkholderiales	unclassified Burkholderiales	Unclassified burkholderiales	burkholderiales bacterium	unclassified burkholderiales	burkholderiales bacterium	Unclassified burkholderiales burkholderiales bacterium	species	469610	Uncharacterized	Anaerobe	NULL	NULL	fermenter	N/A	2026-06-19 10:03:04	2026-06-19 10:03:04
2816	Eubacteria	Firmicutes	Clostridia	Clostridiales	unclassified Clostridiales	Unclassified clostridiales	clostridiales bacterium	unclassified clostridiales	clostridiales bacterium	Unclassified clostridiales clostridiales bacterium	species	457421	Uncharacterized	Obligate anaerobe	NULL	NULL	fermenter	N/A	2026-06-19 10:03:04	2026-06-19 10:03:04
2818	Eubacteria	Firmicutes	Clostridia	Clostridiales	Lachnospiraceae	Unclassified lachnospiraceae	lachnospiraceae bacterium	unclassified lachnospiraceae	lachnospiraceae bacterium	Unclassified lachnospiraceae lachnospiraceae bacterium	species	658089	Uncharacterized	Anaerobe	NULL	NULL	fermenter	N/A	2026-06-19 10:03:04	2026-06-19 10:03:04
2827	Eubacteria	Firmicutes	Clostridia	Clostridiales	Lachnospiraceae	Cellulosilyticum	clostridium lentocellum	cellulosilyticum	clostridium lentocellum	Cellulosilyticum clostridium lentocellum	species	642492	Negative	Anaerobe	NULL	NULL	fermenter	N/A	2026-06-19 10:03:04	2026-06-19 10:03:04
2841	Eubacteria	Firmicutes	Bacilli	Lactobacillales	Lactobacillaceae	Lactobacillus	lactiplantibacillus plantarum	lactobacillus	lactiplantibacillus plantarum	Lactobacillus lactiplantibacillus plantarum	species	1590	Positive	Facultative anaerobe	NULL	NULL	mixed	carbohydrates	2026-06-19 10:03:04	2026-06-19 10:03:04
2842	Eubacteria	Firmicutes	Bacilli	Lactobacillales	Lactobacillaceae	Lactobacillus	ligilactobacillus salivarius	lactobacillus	ligilactobacillus salivarius	Lactobacillus ligilactobacillus salivarius	species	1624	Positive	Facultative anaerobe	NULL	Nonsporulating	mixed	N/A	2026-06-19 10:03:04	2026-06-19 10:03:04
2843	Eubacteria	Firmicutes	Bacilli	Lactobacillales	Lactobacillaceae	Lactobacillus	limosilactobacillus fermentum	lactobacillus	limosilactobacillus fermentum	Lactobacillus limosilactobacillus fermentum	species	334390	Positive	Facultative anaerobe	NULL	NULL	mixed	carbohydrates	2026-06-19 10:03:04	2026-06-19 10:03:04
2852	Eubacteria	Firmicutes	Bacilli	Lactobacillales	Enterococcaceae	Enterococcus	caldicellulosiruptor saccharolyticus	enterococcus	caldicellulosiruptor saccharolyticus	Enterococcus caldicellulosiruptor saccharolyticus	species	351627	Positive	Anaerobe	NULL	Pairs - Singles	fermenter	complex_carbs_fiber	2026-06-19 10:03:04	2026-06-19 10:03:04
2861	Eubacteria	Actinobacteria	Actinobacteria	Actinomycetales	Propionibacteriaceae	Propionibacterium	porphyromonas gingivalis	propionibacterium	porphyromonas gingivalis	Propionibacterium porphyromonas gingivalis	species	754252	Positive	Facultative	NULL	Nonsporulating	mixed	N/A	2026-06-19 10:03:04	2026-06-19 10:03:04
2896	Fungi	Ascomycota	Dothideomycetes	NULL	NULL	Bonordeniella	coniosporium apollinis	bonordeniella	coniosporium apollinis	Bonordeniella coniosporium apollinis	species	61459	NULL	Aerobe	NULL	Sporulating	respirator	organic_unspecified	2026-06-19 10:03:04	2026-06-19 10:03:04
2962	Fungi	Ascomycota	Eurotiomycetes	Eurotiales	Aspergillaceae	Penicillium	sp.	penicillium	sp.	Penicillium sp.	species	5081	Positive	Aerobic	NULL	Sporulating (ascospores); reproduction also by budding	respirator	organic_unspecified	2026-06-19 10:03:04	2026-06-19 10:03:04
3042	Fungi	Ascomycota	Sordariomycetes	Xylariales	Sporocadaceae	Pestalotiopsis	sp.	pestalotiopsis	sp.	Pestalotiopsis sp.	species	36460	NULL	NULL	NULL	NULL	N/A	N/A	2026-06-19 10:03:04	2026-06-19 10:03:04
3066	Fungi	Ascomycota	Saccharomycetes	Saccharomycetales	Debaryomycetaceae	Teunomyces	candida sake	teunomyces	candida sake	Teunomyces candida sake	species	39397	NULL	Aerobe/facultative anaerobe	NULL	Sporulating	mixed	N/A	2026-06-19 10:03:04	2026-06-19 10:03:04
3071	Fungi	Ascomycota	Saccharomycetes	Saccharomycetales	Metschnikowiaceae	Clavispora	candida auris	clavispora	candida auris	Clavispora candida auris	species	498019	NULL	Aerobe/facultative anaerobe	NULL	Sporulating	mixed	organic_unspecified	2026-06-19 10:03:04	2026-06-19 10:03:04
3072	Fungi	Ascomycota	Saccharomycetes	Saccharomycetales	Metschnikowiaceae	Clavispora	candida intermedia	clavispora	candida intermedia	Clavispora candida intermedia	species	45354	NULL	Aerobe/facultative anaerobe	NULL	Sporulating	mixed	N/A	2026-06-19 10:03:04	2026-06-19 10:03:04
3077	Fungi	Ascomycota	Saccharomycetes	Saccharomycetales	Phaffomycetaceae	Cyberlindnera	candida vartiovaarae	cyberlindnera	candida vartiovaarae	Cyberlindnera candida vartiovaarae	species	51918	NULL	Aerobe	NULL	Sporulating	fermenter	N/A	2026-06-19 10:03:04	2026-06-19 10:03:04
3094	Fungi	Ascomycota	Saccharomycetes	Saccharomycetales	Saccharomycetaceae	Nakaseomyces	candida glabrata	nakaseomyces	candida glabrata	Nakaseomyces candida glabrata	species	5478	NULL	Aerobe/facultative anaerobe	NULL	Sporulating (ascospores)/reproduction by budding	mixed	N/A	2026-06-19 10:03:04	2026-06-19 10:03:04
3185	Heunggongvirae	Peploviricota	Herviviricetes	Herpesvirales	Herpesviridae	Lymphocryptovirus	human gammaherpesvirus 4	lymphocryptovirus	human gammaherpesvirus 4	Lymphocryptovirus human gammaherpesvirus 4	species	10376	Negative	NULL	NULL	NULL	N/A	N/A	2026-06-19 10:03:04	2026-06-19 10:03:04
3219	Eubacteria	Bacteroidetes	Bacteroidia	Bacteroidales	Bacteroidaceae	Bacteroides	parabacteroides sp. 20_3	bacteroides	parabacteroides sp. 20_3	Bacteroides parabacteroides sp. 20_3	species	469591	Negative	Anaerobe	NULL	NULL	fermenter	carbohydrates	2026-06-19 10:03:05	2026-06-19 10:03:05
3220	Eubacteria	Bacteroidetes	Bacteroidia	Bacteroidales	Bacteroidaceae	Bacteroides	parabacteroides sp. 2_1_7	bacteroides	parabacteroides sp. 2_1_7	Bacteroides parabacteroides sp. 2_1_7	species	457388	Negative	Anaerobe	NULL	NULL	fermenter	carbohydrates	2026-06-19 10:03:05	2026-06-19 10:03:05
3224	Eubacteria	Bacteroidetes	Bacteroidia	Bacteroidales	Bacteroidaceae	Bacteroides	phocaeicola coprophilus	bacteroides	phocaeicola coprophilus	Bacteroides phocaeicola coprophilus	species	547042	Negative	Anaerobe	NULL	NULL	fermenter	carbohydrates	2026-06-19 10:03:05	2026-06-19 10:03:05
3225	Eubacteria	Bacteroidetes	Bacteroidia	Bacteroidales	Bacteroidaceae	Bacteroides	phocaeicola dorei	bacteroides	phocaeicola dorei	Bacteroides phocaeicola dorei	species	483217	Negative	Anaerobe	NULL	NULL	fermenter	carbohydrates	2026-06-19 10:03:05	2026-06-19 10:03:05
3230	Eubacteria	Proteobacteria	Gammaproteobacteria	Sphingomonadales	Sphingomonadaceae	Sphingomonas	sphingobacterium paucimobilis	sphingomonas	sphingobacterium paucimobilis	Sphingomonas sphingobacterium paucimobilis	species	1346330	Negative	Anaerobe	NULL	NULL	fermenter	carbohydrates	2026-06-19 10:03:05	2026-06-19 10:03:05
3242	Eubacteria	Proteobacteria	Alphaproteobacteria	Rhizobiales	Brucellaceae	Alfipia	afipia birgiae	alfipia	afipia birgiae	Alfipia afipia birgiae	species	1197906	Negative	Aerobe	NULL	NULL	respirator	N/A	2026-06-19 10:03:05	2026-06-19 10:03:05
3269	NULL	Proteobacteria	Betaproteobacteria	Burkholderiales	Oxalobacteraceae	Herbaspirillum	sp. cf444	herbaspirillum	sp. cf444	Herbaspirillum sp. cf444	species	1144319	NULL	NULL	NULL	NULL	N/A	N/A	2026-06-19 10:03:05	2026-06-19 10:03:05
3271	NULL	Proteobacteria	Betaproteobacteria	Burkholderiales	NULL	Methylibium	sp. cf468	methylibium	sp. cf468	Methylibium sp. cf468	species	1500262	NULL	NULL	NULL	NULL	N/A	N/A	2026-06-19 10:03:05	2026-06-19 10:03:05
3302	Eubacteria	Proteobacteria	Gammaproteobacteria	Cardiobacteriales	Cardiobacteriaceae	Cardiobacterium	sp.	cardiobacterium	sp.	Cardiobacterium sp.	species	2382124	NULL	NULL	NULL	NULL	N/A	N/A	2026-06-19 10:03:05	2026-06-19 10:03:05
3309	NULL	Proteobacteria	Gammaproteobacteria	Enterobacteriales	Enterobacteriaceae	Escherichia	atlantibacter hermannii	escherichia	atlantibacter hermannii	Escherichia atlantibacter hermannii	species	1115512	Negative	Facultative anaerobe	NULL	NULL	mixed	N/A	2026-06-19 10:03:05	2026-06-19 10:03:05
3319	Eubacteria	Proteobacteria	Gammaproteobacteria	Enterobacteriales	Enterobacteriaceae	Hafnia	klebsiella pneumoniae	hafnia	klebsiella pneumoniae	Hafnia klebsiella pneumoniae	species	1328337	Negative	Facultative anaerobe	NULL	NULL	mixed	N/A	2026-06-19 10:03:05	2026-06-19 10:03:05
3325	Eubacteria	Proteobacteria	Gammaproteobacteria	Enterobacteriales	Enterobacteriaceae	Unclassified enterobacteriaceae	enterobacteriaceae bacterium 9_2_54faa	unclassified enterobacteriaceae	enterobacteriaceae bacterium 9_2_54faa	Unclassified enterobacteriaceae enterobacteriaceae bacterium 9_2_54faa	species	469613	Uncharacterized	Aerobe	NULL	NULL	respirator	N/A	2026-06-19 10:03:05	2026-06-19 10:03:05
3334	NULL	Proteobacteria	Gammaproteobacteria	Enterobacteriales	Enterobacteriaceae	Serratia	chania multitudinisentens	serratia	chania multitudinisentens	Serratia chania multitudinisentens	species	1441930	Negative	Facultative anaerobe	NULL	NULL	mixed	N/A	2026-06-19 10:03:05	2026-06-19 10:03:05
3360	NULL	Proteobacteria	Gammaproteobacteria	Pseudomonadales	Pseudomonadaceae	Pseudomonas	sp. gm30	pseudomonas	sp. gm30	Pseudomonas sp. gm30	species	1144328	NULL	NULL	NULL	NULL	N/A	N/A	2026-06-19 10:03:05	2026-06-19 10:03:05
3361	NULL	Proteobacteria	Gammaproteobacteria	Pseudomonadales	Pseudomonadaceae	Pseudomonas	sp. ov184	pseudomonas	sp. ov184	Pseudomonas sp. ov184	species	2135586	NULL	NULL	NULL	NULL	N/A	N/A	2026-06-19 10:03:05	2026-06-19 10:03:05
3362	NULL	Proteobacteria	Gammaproteobacteria	Pseudomonadales	Pseudomonadaceae	Pseudomonas	sp. ov221	pseudomonas	sp. ov221	Pseudomonas sp. ov221	species	2135587	NULL	NULL	NULL	NULL	N/A	N/A	2026-06-19 10:03:05	2026-06-19 10:03:05
3363	NULL	Proteobacteria	Gammaproteobacteria	Pseudomonadales	Pseudomonadaceae	Pseudomonas	sp. ov286	pseudomonas	sp. ov286	Pseudomonas sp. ov286	species	2135589	NULL	NULL	NULL	NULL	N/A	N/A	2026-06-19 10:03:05	2026-06-19 10:03:05
3364	NULL	Proteobacteria	Gammaproteobacteria	Pseudomonadales	Pseudomonadaceae	Pseudomonas	sp. ov341	pseudomonas	sp. ov341	Pseudomonas sp. ov341	species	2135590	NULL	NULL	NULL	NULL	N/A	N/A	2026-06-19 10:03:05	2026-06-19 10:03:05
3365	NULL	Proteobacteria	Gammaproteobacteria	Pseudomonadales	Pseudomonadaceae	Pseudomonas	sp. ov657	pseudomonas	sp. ov657	Pseudomonas sp. ov657	species	2135596	NULL	NULL	NULL	NULL	N/A	N/A	2026-06-19 10:03:05	2026-06-19 10:03:05
3384	Eubacteria	Synergistetes	Synergistia	Synergistales	Synergistaceae	Anaerobaculum	acetomicrobium hydrogeniformans	anaerobaculum	acetomicrobium hydrogeniformans	Anaerobaculum acetomicrobium hydrogeniformans	species	649746	Negative	Anaerobe	NULL	NULL	fermenter	carbohydrates	2026-06-19 10:03:05	2026-06-19 10:03:05
3388	NULL	Actinobacteria	Actinobacteria	Actinomycetales	Actinomycetaceae	Actinomyces	schaalia cardiffensis	actinomyces	schaalia cardiffensis	Actinomyces schaalia cardiffensis	species	888050	Positive	Obligate anaerobe	NULL	NULL	fermenter	carbohydrates	2026-06-19 10:03:05	2026-06-19 10:03:05
3390	NULL	Actinobacteria	Actinobacteria	Actinomycetales	Actinomycetaceae	Actinomyces	schaalia georgiae	actinomyces	schaalia georgiae	Actinomyces schaalia georgiae	species	1120942	Positive	Obligate anaerobe	NULL	NULL	fermenter	carbohydrates	2026-06-19 10:03:05	2026-06-19 10:03:05
3391	NULL	Actinobacteria	Actinobacteria	Actinomycetales	Actinomycetaceae	Actinomyces	schaalia odontolytica	actinomyces	schaalia odontolytica	Actinomyces schaalia odontolytica	species	411466	Positive	Facultative anaerobe	NULL	NULL	mixed	carbohydrates	2026-06-19 10:03:05	2026-06-19 10:03:05
3392	NULL	Actinobacteria	Actinobacteria	Actinomycetales	Actinomycetaceae	Actinomyces	schaalia turicensis	actinomyces	schaalia turicensis	Actinomyces schaalia turicensis	species	883077	Positive	Facultative anaerobe	NULL	NULL	mixed	carbohydrates	2026-06-19 10:03:05	2026-06-19 10:03:05
3394	Eubacteria	Actinobacteria	Actinobacteria	Actinomycetales	Actinomycetaceae	Arcanobacterium	trueperella pyogenes	arcanobacterium	trueperella pyogenes	Arcanobacterium trueperella pyogenes	species	1448141	Positive	Facultative anaerobe	NULL	NULL	mixed	carbohydrates	2026-06-19 10:03:05	2026-06-19 10:03:05
3414	NULL	Actinobacteria	Actinobacteria	Corynebacteriales	Gordoniaceae	Gordonia	westfalica	gordonia	westfalica	Gordonia westfalica	species	158898	NULL	NULL	NULL	NULL	N/A	N/A	2026-06-19 10:03:05	2026-06-19 10:03:05
3418	NULL	Actinobacteria	Actinobacteria	Actinomycetales	Mycobacteriaceae	Mycobacterium	mycolicibacterium fortuitum	mycobacterium	mycolicibacterium fortuitum	Mycobacterium mycolicibacterium fortuitum	species	1214102	Positive	Microaerophile	NULL	NULL	respirator	N/A	2026-06-19 10:03:05	2026-06-19 10:03:05
3421	NULL	Actinobacteria	Actinobacteria	Corynebacteriales	Nocardiaceae	Nocardia	carnea	nocardia	carnea	Nocardia carnea	species	37328	NULL	NULL	NULL	NULL	N/A	N/A	2026-06-19 10:03:05	2026-06-19 10:03:05
3426	Eubacteria	Actinobacteria	Actinobacteria	Actinomycetales	Geodermatophilaceae	Blastococcus	candidatus blastococcus massiliensis	blastococcus	candidatus blastococcus massiliensis	Blastococcus candidatus blastococcus massiliensis	species	1211815	Positive	Aerobe	NULL	NULL	respirator	N/A	2026-06-19 10:03:05	2026-06-19 10:03:05
3427	NULL	Actinobacteria	Actinobacteria	Geodermatophilales	Geodermatophilaceae	Geodermatophilus	dictyosporus	geodermatophilus	dictyosporus	Geodermatophilus dictyosporus	species	1523247	NULL	NULL	NULL	NULL	N/A	N/A	2026-06-19 10:03:05	2026-06-19 10:03:05
3428	NULL	Actinobacteria	Actinobacteria	Glycomycetales	Glycomycetaceae	Stackebrandtia	nassauensis	stackebrandtia	nassauensis	Stackebrandtia nassauensis	species	283811	NULL	NULL	NULL	NULL	N/A	N/A	2026-06-19 10:03:05	2026-06-19 10:03:05
3432	NULL	Actinobacteria	Actinobacteria	Micrococcales	Cellulomonadaceae	Oerskovia	turbata	oerskovia	turbata	Oerskovia turbata	species	1713	NULL	NULL	NULL	NULL	N/A	N/A	2026-06-19 10:03:05	2026-06-19 10:03:05
3439	NULL	Actinobacteria	Actinobacteria	Micrococcales	Microbacteriaceae	Microbacterium	halotolerans	microbacterium	halotolerans	Microbacterium halotolerans	species	246613	NULL	NULL	NULL	NULL	N/A	N/A	2026-06-19 10:03:05	2026-06-19 10:03:05
3442	NULL	Actinobacteria	Actinobacteria	Micrococcales	Microbacteriaceae	Microbacterium	saperdae	microbacterium	saperdae	Microbacterium saperdae	species	69368	NULL	NULL	NULL	NULL	N/A	N/A	2026-06-19 10:03:05	2026-06-19 10:03:05
3443	NULL	Actinobacteria	Actinobacteria	Micrococcales	Microbacteriaceae	Microbacterium	terregens	microbacterium	terregens	Microbacterium terregens	species	69363	NULL	NULL	NULL	NULL	N/A	N/A	2026-06-19 10:03:05	2026-06-19 10:03:05
3445	NULL	Actinobacteria	Actinobacteria	Micrococcales	Micrococcaceae	Arthrobacter	citreus	arthrobacter	citreus	Arthrobacter citreus	species	1670	NULL	NULL	NULL	NULL	N/A	N/A	2026-06-19 10:03:05	2026-06-19 10:03:05
3449	NULL	Actinobacteria	Actinobacteria	Micrococcales	Micrococcaceae	Paeniglutamicibacter	sulfureus	paeniglutamicibacter	sulfureus	Paeniglutamicibacter sulfureus	species	43666	NULL	NULL	NULL	NULL	N/A	N/A	2026-06-19 10:03:05	2026-06-19 10:03:05
3452	NULL	Actinobacteria	Actinobacteria	Micrococcales	Promicromonosporaceae	Promicromonospora	citrea	promicromonospora	citrea	Promicromonospora citrea	species	43677	NULL	NULL	NULL	NULL	N/A	N/A	2026-06-19 10:03:05	2026-06-19 10:03:05
3453	NULL	Actinobacteria	Actinobacteria	Micromonosporales	Micromonosporaceae	Actinoplanes	brasiliensis	actinoplanes	brasiliensis	Actinoplanes brasiliensis	species	52695	NULL	NULL	NULL	NULL	N/A	N/A	2026-06-19 10:03:05	2026-06-19 10:03:05
3454	NULL	Actinobacteria	Actinobacteria	Micromonosporales	Micromonosporaceae	Actinoplanes	humidus	actinoplanes	humidus	Actinoplanes humidus	species	113566	NULL	NULL	NULL	NULL	N/A	N/A	2026-06-19 10:03:05	2026-06-19 10:03:05
3455	NULL	Actinobacteria	Actinobacteria	Micromonosporales	Micromonosporaceae	Actinoplanes	ampullariella violaceochromogenes	actinoplanes	ampullariella violaceochromogenes	Actinoplanes ampullariella violaceochromogenes	species	1463979	NULL	NULL	NULL	NULL	N/A	N/A	2026-06-19 10:03:05	2026-06-19 10:03:05
3457	NULL	Actinobacteria	Actinobacteria	Micromonosporales	Micromonosporaceae	Micromonospora	echinofusca	micromonospora	echinofusca	Micromonospora echinofusca	species	47858	NULL	NULL	NULL	NULL	N/A	N/A	2026-06-19 10:03:05	2026-06-19 10:03:05
3458	NULL	Actinobacteria	Actinobacteria	Micromonosporales	Micromonosporaceae	Micromonospora	profundi	micromonospora	profundi	Micromonospora profundi	species	1420889	NULL	NULL	NULL	NULL	N/A	N/A	2026-06-19 10:03:05	2026-06-19 10:03:05
3459	NULL	Actinobacteria	Actinobacteria	Micromonosporales	Micromonosporaceae	Pilimelia	anulata	pilimelia	anulata	Pilimelia anulata	species	53371	NULL	NULL	NULL	NULL	N/A	N/A	2026-06-19 10:03:05	2026-06-19 10:03:05
3462	NULL	Actinobacteria	Actinobacteria	Propionibacteriales	Nocardioidaceae	Nocardioides	albus	nocardioides	albus	Nocardioides albus	species	1841	NULL	NULL	NULL	NULL	N/A	N/A	2026-06-19 10:03:05	2026-06-19 10:03:05
3464	NULL	Actinobacteria	Actinobacteria	Actinomycetales	Propionibacteriaceae	Propionibacterium	acidipropionibacterium acidipropionici	propionibacterium	acidipropionibacterium acidipropionici	Propionibacterium acidipropionibacterium acidipropionici	species	1171373	Positive	Facultative anaerobe	NULL	NULL	mixed	carbohydrates	2026-06-19 10:03:05	2026-06-19 10:03:05
3466	NULL	Actinobacteria	Actinobacteria	Actinomycetales	Propionibacteriaceae	Propionibacterium	acidipropionibacterium jensenii	propionibacterium	acidipropionibacterium jensenii	Propionibacterium acidipropionibacterium jensenii	species	1122997	Positive	Facultative anaerobe	NULL	NULL	mixed	carbohydrates	2026-06-19 10:03:05	2026-06-19 10:03:05
3468	NULL	Actinobacteria	Actinobacteria	Actinomycetales	Propionibacteriaceae	Propionibacterium	pseudopropionibacterium propionicum	propionibacterium	pseudopropionibacterium propionicum	Propionibacterium pseudopropionibacterium propionicum	species	767029	Positive	Facultative anaerobe	NULL	NULL	mixed	carbohydrates	2026-06-19 10:03:05	2026-06-19 10:03:05
3470	NULL	Actinobacteria	Actinobacteria	Actinomycetales	Propionibacteriaceae	Propionibacterium	cutibacterium avidum	propionibacterium	cutibacterium avidum	Propionibacterium cutibacterium avidum	species	1170318	Positive	Facultative anaerobe	NULL	NULL	mixed	carbohydrates	2026-06-19 10:03:05	2026-06-19 10:03:05
3472	NULL	Actinobacteria	Actinobacteria	Actinomycetales	Propionibacteriaceae	Propionibacterium	cutibacterium granulosum	propionibacterium	cutibacterium granulosum	Propionibacterium cutibacterium granulosum	species	1160719	Positive	Facultative anaerobe	NULL	NULL	mixed	carbohydrates	2026-06-19 10:03:05	2026-06-19 10:03:05
3475	NULL	Actinobacteria	Actinobacteria	Pseudonocardiales	Pseudonocardiaceae	Kutzneria	albida	kutzneria	albida	Kutzneria albida	species	43357	NULL	NULL	NULL	NULL	N/A	N/A	2026-06-19 10:03:05	2026-06-19 10:03:05
3476	NULL	Actinobacteria	Actinobacteria	Pseudonocardiales	Pseudonocardiaceae	Kutzneria	kofuensis	kutzneria	kofuensis	Kutzneria kofuensis	species	103725	NULL	NULL	NULL	NULL	N/A	N/A	2026-06-19 10:03:05	2026-06-19 10:03:05
3479	NULL	Actinobacteria	Actinobacteria	Pseudonocardiales	Pseudonocardiaceae	Saccharopolyspora	rectivirgula	saccharopolyspora	rectivirgula	Saccharopolyspora rectivirgula	species	28042	NULL	NULL	NULL	NULL	N/A	N/A	2026-06-19 10:03:05	2026-06-19 10:03:05
3481	NULL	Actinobacteria	Actinobacteria	Pseudonocardiales	Pseudonocardiaceae	Saccharothrix	sp.	saccharothrix	sp.	Saccharothrix sp.	species	1873460	NULL	NULL	NULL	NULL	N/A	N/A	2026-06-19 10:03:05	2026-06-19 10:03:05
3484	NULL	Actinobacteria	Actinobacteria	Streptomycetales	Streptomycetaceae	Kitasatospora	cineracea	kitasatospora	cineracea	Kitasatospora cineracea	species	88074	NULL	NULL	NULL	NULL	N/A	N/A	2026-06-19 10:03:05	2026-06-19 10:03:05
3486	NULL	Actinobacteria	Actinobacteria	Streptomycetales	Streptomycetaceae	Kitasatospora	purpeofusca	kitasatospora	purpeofusca	Kitasatospora purpeofusca	species	67352	NULL	NULL	NULL	NULL	N/A	N/A	2026-06-19 10:03:05	2026-06-19 10:03:05
3488	NULL	Actinobacteria	Actinobacteria	Streptomycetales	Streptomycetaceae	Kitasatospora	xanthocidica	kitasatospora	xanthocidica	Kitasatospora xanthocidica	species	83382	NULL	NULL	NULL	NULL	N/A	N/A	2026-06-19 10:03:05	2026-06-19 10:03:05
3489	NULL	Actinobacteria	Actinobacteria	Streptomycetales	Streptomycetaceae	Streptacidiphilus	jeojiense	streptacidiphilus	jeojiense	Streptacidiphilus jeojiense	species	436229	NULL	NULL	NULL	NULL	N/A	N/A	2026-06-19 10:03:05	2026-06-19 10:03:05
3490	NULL	Actinobacteria	Actinobacteria	Streptomycetales	Streptomycetaceae	Streptomyces	abikoensis	streptomyces	abikoensis	Streptomyces abikoensis	species	97398	NULL	NULL	NULL	NULL	N/A	N/A	2026-06-19 10:03:05	2026-06-19 10:03:05
3495	NULL	Actinobacteria	Actinobacteria	Streptomycetales	Streptomycetaceae	Streptomyces	angustmyceticus	streptomyces	angustmyceticus	Streptomyces angustmyceticus	species	285578	NULL	NULL	NULL	NULL	N/A	N/A	2026-06-19 10:03:05	2026-06-19 10:03:05
3496	NULL	Actinobacteria	Actinobacteria	Streptomycetales	Streptomycetaceae	Streptomyces	anthocyanicus	streptomyces	anthocyanicus	Streptomyces anthocyanicus	species	68174	NULL	NULL	NULL	NULL	N/A	N/A	2026-06-19 10:03:05	2026-06-19 10:03:05
3501	NULL	Actinobacteria	Actinobacteria	Streptomycetales	Streptomycetaceae	Streptomyces	bluensis	streptomyces	bluensis	Streptomyces bluensis	species	33897	NULL	NULL	NULL	NULL	N/A	N/A	2026-06-19 10:03:05	2026-06-19 10:03:05
3502	NULL	Actinobacteria	Actinobacteria	Streptomycetales	Streptomycetaceae	Streptomyces	brasiliensis	streptomyces	brasiliensis	Streptomyces brasiliensis	species	1954	NULL	NULL	NULL	NULL	N/A	N/A	2026-06-19 10:03:05	2026-06-19 10:03:05
3503	NULL	Actinobacteria	Actinobacteria	Streptomycetales	Streptomycetaceae	Streptomyces	bungoensis	streptomyces	bungoensis	Streptomyces bungoensis	species	285568	NULL	NULL	NULL	NULL	N/A	N/A	2026-06-19 10:03:05	2026-06-19 10:03:05
3506	NULL	Actinobacteria	Actinobacteria	Streptomycetales	Streptomycetaceae	Streptomyces	canarius	streptomyces	canarius	Streptomyces canarius	species	285453	NULL	NULL	NULL	NULL	N/A	N/A	2026-06-19 10:03:05	2026-06-19 10:03:05
3508	NULL	Actinobacteria	Actinobacteria	Streptomycetales	Streptomycetaceae	Streptomyces	capillispiralis	streptomyces	capillispiralis	Streptomyces capillispiralis	species	68182	NULL	NULL	NULL	NULL	N/A	N/A	2026-06-19 10:03:05	2026-06-19 10:03:05
3509	NULL	Actinobacteria	Actinobacteria	Streptomycetales	Streptomycetaceae	Streptomyces	carpinensis	streptomyces	carpinensis	Streptomyces carpinensis	species	66369	NULL	NULL	NULL	NULL	N/A	N/A	2026-06-19 10:03:05	2026-06-19 10:03:05
3511	NULL	Actinobacteria	Actinobacteria	Streptomycetales	Streptomycetaceae	Streptomyces	cellostaticus	streptomyces	cellostaticus	Streptomyces cellostaticus	species	67285	NULL	NULL	NULL	NULL	N/A	N/A	2026-06-19 10:03:05	2026-06-19 10:03:05
3513	NULL	Actinobacteria	Actinobacteria	Streptomycetales	Streptomycetaceae	Streptomyces	coeruleoprunus	streptomyces	coeruleoprunus	Streptomyces coeruleoprunus	species	285563	NULL	NULL	NULL	NULL	N/A	N/A	2026-06-19 10:03:05	2026-06-19 10:03:05
3517	NULL	Actinobacteria	Actinobacteria	Streptomycetales	Streptomycetaceae	Streptomyces	durhamensis	streptomyces	durhamensis	Streptomyces durhamensis	species	68194	NULL	NULL	NULL	NULL	N/A	N/A	2026-06-19 10:03:05	2026-06-19 10:03:05
3520	NULL	Actinobacteria	Actinobacteria	Streptomycetales	Streptomycetaceae	Streptomyces	europaeiscabiei	streptomyces	europaeiscabiei	Streptomyces europaeiscabiei	species	146819	NULL	NULL	NULL	NULL	N/A	N/A	2026-06-19 10:03:05	2026-06-19 10:03:05
3522	NULL	Actinobacteria	Actinobacteria	Streptomycetales	Streptomycetaceae	Streptomyces	fasiculatus	streptomyces	fasiculatus	Streptomyces fasiculatus	species	66886	NULL	NULL	NULL	NULL	N/A	N/A	2026-06-19 10:03:05	2026-06-19 10:03:05
3523	NULL	Actinobacteria	Actinobacteria	Streptomycetales	Streptomycetaceae	Streptomyces	ferralitis	streptomyces	ferralitis	Streptomyces ferralitis	species	236510	NULL	NULL	NULL	NULL	N/A	N/A	2026-06-19 10:03:05	2026-06-19 10:03:05
3526	NULL	Actinobacteria	Actinobacteria	Streptomycetales	Streptomycetaceae	Streptomyces	flavovariabilis	streptomyces	flavovariabilis	Streptomyces flavovariabilis	species	284031	NULL	NULL	NULL	NULL	N/A	N/A	2026-06-19 10:03:05	2026-06-19 10:03:05
3528	NULL	Actinobacteria	Actinobacteria	Streptomycetales	Streptomycetaceae	Streptomyces	griseomycini	streptomyces	griseomycini	Streptomyces griseomycini	species	66895	NULL	NULL	NULL	NULL	N/A	N/A	2026-06-19 10:03:05	2026-06-19 10:03:05
3534	NULL	Actinobacteria	Actinobacteria	Streptomycetales	Streptomycetaceae	Streptomyces	argenteolus	streptomyces	argenteolus	Streptomyces argenteolus	species	67274	NULL	NULL	NULL	NULL	N/A	N/A	2026-06-19 10:03:05	2026-06-19 10:03:05
3535	NULL	Actinobacteria	Actinobacteria	Streptomycetales	Streptomycetaceae	Streptomyces	bacillaris	streptomyces	bacillaris	Streptomyces bacillaris	species	68179	NULL	NULL	NULL	NULL	N/A	N/A	2026-06-19 10:03:05	2026-06-19 10:03:05
3536	NULL	Actinobacteria	Actinobacteria	Streptomycetales	Streptomycetaceae	Streptomyces	griseobrunneus	streptomyces	griseobrunneus	Streptomyces griseobrunneus	species	66894	NULL	NULL	NULL	NULL	N/A	N/A	2026-06-19 10:03:05	2026-06-19 10:03:05
3537	NULL	Actinobacteria	Actinobacteria	Streptomycetales	Streptomycetaceae	Streptomyces	alboviridis	streptomyces	alboviridis	Streptomyces alboviridis	species	67269	NULL	NULL	NULL	NULL	N/A	N/A	2026-06-19 10:03:05	2026-06-19 10:03:05
3539	NULL	Actinobacteria	Actinobacteria	Streptomycetales	Streptomycetaceae	Streptomyces	puniceus subgroup	streptomyces	puniceus subgroup	Streptomyces puniceus subgroup	species	1482603	NULL	NULL	NULL	NULL	N/A	N/A	2026-06-19 10:03:05	2026-06-19 10:03:05
3540	NULL	Actinobacteria	Actinobacteria	Streptomycetales	Streptomycetaceae	Streptomyces	guanduensis	streptomyces	guanduensis	Streptomyces guanduensis	species	310781	NULL	NULL	NULL	NULL	N/A	N/A	2026-06-19 10:03:05	2026-06-19 10:03:05
3541	NULL	Actinobacteria	Actinobacteria	Streptomycetales	Streptomycetaceae	Streptomyces	hebeiensis	streptomyces	hebeiensis	Streptomyces hebeiensis	species	229486	NULL	NULL	NULL	NULL	N/A	N/A	2026-06-19 10:03:05	2026-06-19 10:03:05
3542	NULL	Actinobacteria	Actinobacteria	Streptomycetales	Streptomycetaceae	Streptomyces	hirsutus	streptomyces	hirsutus	Streptomyces hirsutus	species	35620	NULL	NULL	NULL	NULL	N/A	N/A	2026-06-19 10:03:05	2026-06-19 10:03:05
3543	NULL	Actinobacteria	Actinobacteria	Streptomycetales	Streptomycetaceae	Streptomyces	javensis	streptomyces	javensis	Streptomyces javensis	species	114698	NULL	NULL	NULL	NULL	N/A	N/A	2026-06-19 10:03:05	2026-06-19 10:03:05
3548	NULL	Actinobacteria	Actinobacteria	Streptomycetales	Streptomycetaceae	Streptomyces	macromomyceticus	streptomyces	macromomyceticus	Streptomyces macromomyceticus	species	1917	NULL	NULL	NULL	NULL	N/A	N/A	2026-06-19 10:03:05	2026-06-19 10:03:05
3549	NULL	Actinobacteria	Actinobacteria	Streptomycetales	Streptomycetaceae	Streptomyces	melanogenes	streptomyces	melanogenes	Streptomyces melanogenes	species	67326	NULL	NULL	NULL	NULL	N/A	N/A	2026-06-19 10:03:05	2026-06-19 10:03:05
3550	NULL	Actinobacteria	Actinobacteria	Streptomycetales	Streptomycetaceae	Streptomyces	mexicanus	streptomyces	mexicanus	Streptomyces mexicanus	species	178566	NULL	NULL	NULL	NULL	N/A	N/A	2026-06-19 10:03:05	2026-06-19 10:03:05
3551	NULL	Actinobacteria	Actinobacteria	Streptomycetales	Streptomycetaceae	Streptomyces	moroccanus	streptomyces	moroccanus	Streptomyces moroccanus	species	2307129	NULL	NULL	NULL	NULL	N/A	N/A	2026-06-19 10:03:05	2026-06-19 10:03:05
3556	NULL	Actinobacteria	Actinobacteria	Streptomycetales	Streptomycetaceae	Streptomyces	olivicoloratus	streptomyces	olivicoloratus	Streptomyces olivicoloratus	species	1550618	NULL	NULL	NULL	NULL	N/A	N/A	2026-06-19 10:03:05	2026-06-19 10:03:05
3557	NULL	Actinobacteria	Actinobacteria	Streptomycetales	Streptomycetaceae	Streptomyces	paradoxus	streptomyces	paradoxus	Streptomyces paradoxus	species	66375	NULL	NULL	NULL	NULL	N/A	N/A	2026-06-19 10:03:05	2026-06-19 10:03:05
3558	NULL	Actinobacteria	Actinobacteria	Streptomycetales	Streptomycetaceae	Streptomyces	pathocidini	streptomyces	pathocidini	Streptomyces pathocidini	species	1650571	NULL	NULL	NULL	NULL	N/A	N/A	2026-06-19 10:03:05	2026-06-19 10:03:05
3559	NULL	Actinobacteria	Actinobacteria	Streptomycetales	Streptomycetaceae	Streptomyces	phaeofaciens	streptomyces	phaeofaciens	Streptomyces phaeofaciens	species	68254	NULL	NULL	NULL	NULL	N/A	N/A	2026-06-19 10:03:05	2026-06-19 10:03:05
3560	NULL	Actinobacteria	Actinobacteria	Streptomycetales	Streptomycetaceae	Streptomyces	polyantibioticus	streptomyces	polyantibioticus	Streptomyces polyantibioticus	species	340148	NULL	NULL	NULL	NULL	N/A	N/A	2026-06-19 10:03:05	2026-06-19 10:03:05
3561	NULL	Actinobacteria	Actinobacteria	Streptomycetales	Streptomycetaceae	Streptomyces	pseudogriseolus	streptomyces	pseudogriseolus	Streptomyces pseudogriseolus	species	36817	NULL	NULL	NULL	NULL	N/A	N/A	2026-06-19 10:03:05	2026-06-19 10:03:05
3562	NULL	Actinobacteria	Actinobacteria	Streptomycetales	Streptomycetaceae	Streptomyces	pseudovenezuelae	streptomyces	pseudovenezuelae	Streptomyces pseudovenezuelae	species	67350	NULL	NULL	NULL	NULL	N/A	N/A	2026-06-19 10:03:05	2026-06-19 10:03:05
3563	NULL	Actinobacteria	Actinobacteria	Streptomycetales	Streptomycetaceae	Streptomyces	rectiviolaceus	streptomyces	rectiviolaceus	Streptomyces rectiviolaceus	species	332591	NULL	NULL	NULL	NULL	N/A	N/A	2026-06-19 10:03:05	2026-06-19 10:03:05
3565	NULL	Actinobacteria	Actinobacteria	Streptomycetales	Streptomycetaceae	Streptomyces	roseolilacinus	streptomyces	roseolilacinus	Streptomyces roseolilacinus	species	66904	NULL	NULL	NULL	NULL	N/A	N/A	2026-06-19 10:03:05	2026-06-19 10:03:05
3567	NULL	Actinobacteria	Actinobacteria	Streptomycetales	Streptomycetaceae	Streptomyces	sanglieri	streptomyces	sanglieri	Streptomyces sanglieri	species	193460	NULL	NULL	NULL	NULL	N/A	N/A	2026-06-19 10:03:05	2026-06-19 10:03:05
3570	NULL	Actinobacteria	Actinobacteria	Streptomycetales	Streptomycetaceae	Streptomyces	sparsogenes	streptomyces	sparsogenes	Streptomyces sparsogenes	species	67365	NULL	NULL	NULL	NULL	N/A	N/A	2026-06-19 10:03:05	2026-06-19 10:03:05
3571	NULL	Actinobacteria	Actinobacteria	Streptomycetales	Streptomycetaceae	Streptomyces	speibonae	streptomyces	speibonae	Streptomyces speibonae	species	195801	NULL	NULL	NULL	NULL	N/A	N/A	2026-06-19 10:03:05	2026-06-19 10:03:05
3573	NULL	Actinobacteria	Actinobacteria	Streptomycetales	Streptomycetaceae	Streptomyces	thermocoprophilus	streptomyces	thermocoprophilus	Streptomyces thermocoprophilus	species	78356	NULL	NULL	NULL	NULL	N/A	N/A	2026-06-19 10:03:05	2026-06-19 10:03:05
3574	NULL	Actinobacteria	Actinobacteria	Streptomycetales	Streptomycetaceae	Streptomyces	thermospinosisporus	streptomyces	thermospinosisporus	Streptomyces thermospinosisporus	species	161482	NULL	NULL	NULL	NULL	N/A	N/A	2026-06-19 10:03:05	2026-06-19 10:03:05
3575	NULL	Actinobacteria	Actinobacteria	Streptomycetales	Streptomycetaceae	Streptomyces	thermotolerans	streptomyces	thermotolerans	Streptomyces thermotolerans	species	80858	NULL	NULL	NULL	NULL	N/A	N/A	2026-06-19 10:03:05	2026-06-19 10:03:05
3576	NULL	Actinobacteria	Actinobacteria	Streptomycetales	Streptomycetaceae	Streptomyces	thermovulgaris	streptomyces	thermovulgaris	Streptomyces thermovulgaris	species	1934	NULL	NULL	NULL	NULL	N/A	N/A	2026-06-19 10:03:05	2026-06-19 10:03:05
3580	NULL	Actinobacteria	Actinobacteria	Streptomycetales	Streptomycetaceae	Streptomyces	viridiflavus	streptomyces	viridiflavus	Streptomyces viridiflavus	species	173862	NULL	NULL	NULL	NULL	N/A	N/A	2026-06-19 10:03:05	2026-06-19 10:03:05
3581	NULL	Actinobacteria	Actinobacteria	Streptomycetales	Streptomycetaceae	Streptomyces	sp.	streptomyces	sp.	Streptomyces sp.	species	1931	NULL	NULL	NULL	NULL	N/A	N/A	2026-06-19 10:03:05	2026-06-19 10:03:05
3582	NULL	Actinobacteria	Actinobacteria	Streptomycetales	Streptomycetaceae	Streptomyces	sp. cf124	streptomyces	sp. cf124	Streptomyces sp. cf124	species	1761903	NULL	NULL	NULL	NULL	N/A	N/A	2026-06-19 10:03:05	2026-06-19 10:03:05
3583	NULL	Actinobacteria	Actinobacteria	Streptomycetales	Streptomycetaceae	Streptomyces	sp. yr375	streptomyces	sp. yr375	Streptomyces sp. yr375	species	1761906	NULL	NULL	NULL	NULL	N/A	N/A	2026-06-19 10:03:05	2026-06-19 10:03:05
3584	NULL	Actinobacteria	Actinobacteria	Streptosporangiales	Nocardiopsaceae	Nocardiopsis	aegyptia	nocardiopsis	aegyptia	Nocardiopsis aegyptia	species	220378	NULL	NULL	NULL	NULL	N/A	N/A	2026-06-19 10:03:05	2026-06-19 10:03:05
3587	NULL	Actinobacteria	Actinobacteria	Streptosporangiales	Streptosporangiaceae	Nonomuraea	candida	nonomuraea	candida	Nonomuraea candida	species	359159	NULL	NULL	NULL	NULL	N/A	N/A	2026-06-19 10:03:05	2026-06-19 10:03:05
3589	NULL	Actinobacteria	Actinobacteria	Streptosporangiales	Streptosporangiaceae	Sphaerisporangium	viridialbum	sphaerisporangium	viridialbum	Sphaerisporangium viridialbum	species	46189	NULL	NULL	NULL	NULL	N/A	N/A	2026-06-19 10:03:05	2026-06-19 10:03:05
3591	NULL	Actinobacteria	Actinobacteria	Streptosporangiales	Thermomonosporaceae	Spirillospora	albida	spirillospora	albida	Spirillospora albida	species	58123	NULL	NULL	NULL	NULL	N/A	N/A	2026-06-19 10:03:05	2026-06-19 10:03:05
3594	Eubacteria	Actinobacteria	Coriobacteriia	Coriobacteriales	Coriobacteriaceae	Atopobium	lancefieldella rimae	atopobium	lancefieldella rimae	Atopobium lancefieldella rimae	species	553184	Positive	Anaerobe	NULL	NULL	fermenter	carbohydrates	2026-06-19 10:03:05	2026-06-19 10:03:05
3597	Eubacteria	Actinobacteria	Coriobacteriia	Eggerthellales	Eggerthellaceae	Eggerthella	sp.	eggerthella	sp.	Eggerthella sp.	species	1929886	Positive	Nanaerobe	NULL	NULL	fermenter	N/A	2026-06-19 10:03:05	2026-06-19 10:03:05
3609	NULL	Firmicutes	Bacilli	Bacillales	Bacillaceae	Bacillus	sp. (in: bacteria)	bacillus	sp. (in: bacteria)	Bacillus sp. (in: bacteria)	species	1409	NULL	NULL	NULL	NULL	N/A	N/A	2026-06-19 10:03:05	2026-06-19 10:03:05
3611	Eubacteria	Firmicutes	Bacilli	Bacillales	Bacillaceae	Bacillus	cytobacillus firmus	bacillus	cytobacillus firmus	Bacillus cytobacillus firmus	species	1307436	Positive	Facultative anaerobe	NULL	NULL	mixed	carbohydrates	2026-06-19 10:03:05	2026-06-19 10:03:05
3614	Eubacteria	Firmicutes	Bacilli	Bacillales	Bacillaceae	Bacillus	geobacillus vulcani	bacillus	geobacillus vulcani	Bacillus geobacillus vulcani	species	1382315	Positive	Aerobe	NULL	NULL	mixed	carbohydrates	2026-06-19 10:03:05	2026-06-19 10:03:05
3619	Eubacteria	Firmicutes	Bacilli	Bacillales	Listeriaceae	Brochotrix	brochothrix thermosphacta	brochotrix	brochothrix thermosphacta	Brochotrix brochothrix thermosphacta	species	1121126	Positive	Facultative anaerobe	NULL	NULL	mixed	carbohydrates	2026-06-19 10:03:05	2026-06-19 10:03:05
3630	Eubacteria	Firmicutes	Bacilli	Bacillales	Staphylococcaceae	Staphylococcus	mammaliicoccus sciuri	staphylococcus	mammaliicoccus sciuri	Staphylococcus mammaliicoccus sciuri	species	1232666	Positive	Facultative anaerobe	NULL	NULL	mixed	carbohydrates	2026-06-19 10:03:05	2026-06-19 10:03:05
3632	NULL	Firmicutes	Bacilli	Bacillales	Staphylococcaceae	Staphylococcus	mammaliicoccus vitulinus	staphylococcus	mammaliicoccus vitulinus	Staphylococcus mammaliicoccus vitulinus	species	1167632	Positive	Facultative anaerobe	NULL	NULL	mixed	carbohydrates	2026-06-19 10:03:05	2026-06-19 10:03:05
3644	Eubacteria	Firmicutes	Bacilli	Lactobacillales	Lactobacillaceae	Lactobacillus	lacticaseibacillus paracasei	lactobacillus	lacticaseibacillus paracasei	Lactobacillus lacticaseibacillus paracasei	species	1597	Positive	Facultative anaerobe	NULL	NULL	mixed	carbohydrates	2026-06-19 10:03:05	2026-06-19 10:03:05
3645	Eubacteria	Firmicutes	Bacilli	Lactobacillales	Lactobacillaceae	Lactobacillus	lacticaseibacillus rhamnosus	lactobacillus	lacticaseibacillus rhamnosus	Lactobacillus lacticaseibacillus rhamnosus	species	47715	Positive	Facultative anaerobe	NULL	NULL	mixed	carbohydrates	2026-06-19 10:03:05	2026-06-19 10:03:05
3646	NULL	Firmicutes	Bacilli	Lactobacillales	Lactobacillaceae	Lactobacillus	lactiplantibacillus pentosus	lactobacillus	lactiplantibacillus pentosus	Lactobacillus lactiplantibacillus pentosus	species	1136177	Positive	Facultative anaerobe	NULL	NULL	mixed	carbohydrates	2026-06-19 10:03:05	2026-06-19 10:03:05
3647	Eubacteria	Firmicutes	Bacilli	Lactobacillales	Lactobacillaceae	Lactobacillus	latilactobacillus curvatus	lactobacillus	latilactobacillus curvatus	Lactobacillus latilactobacillus curvatus	species	1074451	Positive	Facultative anaerobe	NULL	NULL	mixed	carbohydrates	2026-06-19 10:03:05	2026-06-19 10:03:05
3648	Eubacteria	Firmicutes	Bacilli	Lactobacillales	Lactobacillaceae	Lactobacillus	lentilactobacillus buchneri	lactobacillus	lentilactobacillus buchneri	Lactobacillus lentilactobacillus buchneri	species	1581	Positive	Facultative anaerobe	NULL	NULL	mixed	carbohydrates	2026-06-19 10:03:05	2026-06-19 10:03:05
3649	Eubacteria	Firmicutes	Bacilli	Lactobacillales	Lactobacillaceae	Lactobacillus	lentilactobacillus hilgardii	lactobacillus	lentilactobacillus hilgardii	Lactobacillus lentilactobacillus hilgardii	species	1423757	Positive	Facultative anaerobe	NULL	NULL	mixed	carbohydrates	2026-06-19 10:03:05	2026-06-19 10:03:05
3650	Eubacteria	Firmicutes	Bacilli	Lactobacillales	Lactobacillaceae	Lactobacillus	ligilactobacillus animalis	lactobacillus	ligilactobacillus animalis	Lactobacillus ligilactobacillus animalis	species	1605	Positive	Facultative anaerobe	NULL	NULL	mixed	carbohydrates	2026-06-19 10:03:05	2026-06-19 10:03:05
3651	Eubacteria	Firmicutes	Bacilli	Lactobacillales	Lactobacillaceae	Lactobacillus	ligilactobacillus ruminis	lactobacillus	ligilactobacillus ruminis	Lactobacillus ligilactobacillus ruminis	species	1623	Positive	Facultative anaerobe	NULL	NULL	mixed	carbohydrates	2026-06-19 10:03:05	2026-06-19 10:03:05
3653	Eubacteria	Firmicutes	Bacilli	Lactobacillales	Lactobacillaceae	Lactobacillus	limosilactobacillus oris	lactobacillus	limosilactobacillus oris	Lactobacillus limosilactobacillus oris	species	1632	Positive	Facultative anaerobe	NULL	NULL	mixed	carbohydrates	2026-06-19 10:03:05	2026-06-19 10:03:05
3658	Eubacteria	Firmicutes	Bacilli	Lactobacillales	Leuconostocaceae	Leuconostoc	weissella cibaria	leuconostoc	weissella cibaria	Leuconostoc weissella cibaria	species	911104	Negative	Facultative anaerobe	NULL	NULL	mixed	N/A	2026-06-19 10:03:05	2026-06-19 10:03:05
3659	Eubacteria	Firmicutes	Bacilli	Lactobacillales	Leuconostocaceae	Leuconostoc	weissella confusa	leuconostoc	weissella confusa	Leuconostoc weissella confusa	species	1127131	Negative	Facultative anaerobe	NULL	NULL	mixed	N/A	2026-06-19 10:03:05	2026-06-19 10:03:05
3662	Eubacteria	Firmicutes	Bacilli	Bacillales	Staphylococcaceae	Staphylococcus	streptococcus intermedius	staphylococcus	streptococcus intermedius	Staphylococcus streptococcus intermedius	species	1095731	Positive	Facultative anaerobe	NULL	NULL	mixed	carbohydrates	2026-06-19 10:03:05	2026-06-19 10:03:05
3674	NULL	Firmicutes	Clostridia	Clostridiales	Ruminococcaceae	Ruminiclostridium	hungateiclostridium clariflavum	ruminiclostridium	hungateiclostridium clariflavum	Ruminiclostridium hungateiclostridium clariflavum	species	720554	NULL	NULL	NULL	NULL	N/A	N/A	2026-06-19 10:03:05	2026-06-19 10:03:05
3675	NULL	Firmicutes	Clostridia	Clostridiales	Eubacteriaceae	Eubacterium	anaerobutyricum hallii	eubacterium	anaerobutyricum hallii	Eubacterium anaerobutyricum hallii	species	411469	Positive	Obligate anaerobe	NULL	NULL	fermenter	carbohydrates	2026-06-19 10:03:05	2026-06-19 10:03:05
3678	Eubacteria	Firmicutes	Clostridia	Clostridiales	Lachnospiraceae	Lachnoclostridium	enterocloster asparagiformis	lachnoclostridium	enterocloster asparagiformis	Lachnoclostridium enterocloster asparagiformis	species	518636	Positive	Anaerobe	NULL	NULL	fermenter	N/A	2026-06-19 10:03:05	2026-06-19 10:03:05
3679	Eubacteria	Firmicutes	Clostridia	Clostridiales	Lachnospiraceae	Lachnoclostridium	enterocloster bolteae	lachnoclostridium	enterocloster bolteae	Lachnoclostridium enterocloster bolteae	species	411902	Positive	Anaerobe	NULL	NULL	fermenter	carbohydrates	2026-06-19 10:03:05	2026-06-19 10:03:05
3680	Eubacteria	Firmicutes	Clostridia	Clostridiales	Lachnospiraceae	Lachnoclostridium	enterocloster citroniae	lachnoclostridium	enterocloster citroniae	Lachnoclostridium enterocloster citroniae	species	358743	Negative	Anaerobe	NULL	NULL	fermenter	carbohydrates	2026-06-19 10:03:05	2026-06-19 10:03:05
3681	Eubacteria	Firmicutes	Clostridia	Clostridiales	Lachnospiraceae	Lachnoclostridium	clostridium methoxybenzovorans	lachnoclostridium	clostridium methoxybenzovorans	Lachnoclostridium clostridium methoxybenzovorans	species	1286820	Positive	Anaerobe	NULL	NULL	fermenter	carbohydrates	2026-06-19 10:03:05	2026-06-19 10:03:05
3684	Eubacteria	Firmicutes	Clostridia	Clostridiales	Lachnospiraceae	Lachnoclostridium	lacrimispora indolis	lachnoclostridium	lacrimispora indolis	Lachnoclostridium lacrimispora indolis	species	1304881	Positive	Anaerobe	NULL	NULL	fermenter	carbohydrates	2026-06-19 10:03:05	2026-06-19 10:03:05
3685	Eubacteria	Firmicutes	Clostridia	Clostridiales	Lachnospiraceae	Blautia	ruminococcus gnavus	blautia	ruminococcus gnavus	Blautia ruminococcus gnavus	species	411470	Positive	Anaerobe	NULL	NULL	fermenter	carbohydrates	2026-06-19 10:03:05	2026-06-19 10:03:05
3692	NULL	Firmicutes	Clostridia	Clostridiales	Ruminococcaceae	Eubacterium	agathobaculum desmolans	eubacterium	agathobaculum desmolans	Eubacterium agathobaculum desmolans	species	1408437	Positive	Obligate anaerobe	NULL	NULL	fermenter	N/A	2026-06-19 10:03:05	2026-06-19 10:03:05
3694	Eubacteria	Firmicutes	Clostridia	Clostridiales	Ruminococcaceae	Ruminiclostridium	clostridium leptum	ruminiclostridium	clostridium leptum	Ruminiclostridium clostridium leptum	species	428125	Positive	Anaerobe	NULL	NULL	fermenter	carbohydrates	2026-06-19 10:03:05	2026-06-19 10:03:05
3695	Eubacteria	Firmicutes	Clostridia	Clostridiales	Ruminococcaceae	Ruminiclostridium	clostridium sporosphaeroides	ruminiclostridium	clostridium sporosphaeroides	Ruminiclostridium clostridium sporosphaeroides	species	1121334	Positive	Facultative anaerobe	NULL	NULL	mixed	carbohydrates	2026-06-19 10:03:05	2026-06-19 10:03:05
3696	Eubacteria	Firmicutes	Clostridia	Clostridiales	Ruminococcaceae	Ruminiclostridium	clostridium viride	ruminiclostridium	clostridium viride	Ruminiclostridium clostridium viride	species	1121344	Positive	Anaerobe	NULL	NULL	fermenter	carbohydrates	2026-06-19 10:03:05	2026-06-19 10:03:05
3697	Eubacteria	Firmicutes	Clostridia	Clostridiales	unclassified Clostridiales	Unclassified clostridiales	bacteroides pectinophilus	unclassified clostridiales	bacteroides pectinophilus	Unclassified clostridiales bacteroides pectinophilus	species	483218	Negative	Obligate anaerobe	NULL	NULL	fermenter	carbohydrates	2026-06-19 10:03:05	2026-06-19 10:03:05
3702	NULL	Firmicutes	Erysipelotrichia	Erysipelotrichales	Erysipelotrichaceae	Unclassified erysipelotrichaceae	amedibacillus dolichus	unclassified erysipelotrichaceae	amedibacillus dolichus	Unclassified erysipelotrichaceae amedibacillus dolichus	species	428127	Positive	Obligate anaerobe	NULL	NULL	fermenter	carbohydrates	2026-06-19 10:03:05	2026-06-19 10:03:05
3704	Eubacteria	Firmicutes	Erysipelotrichia	Erysipelotrichales	Erysipelotrichaceae	Candidatus stoquefichus	candidatus stoquefichus massiliensis	candidatus stoquefichus	candidatus stoquefichus massiliensis	Candidatus stoquefichus candidatus stoquefichus massiliensis	species	1470350	NULL	NULL	NULL	NULL	N/A	N/A	2026-06-19 10:03:05	2026-06-19 10:03:05
3708	Eubacteria	Firmicutes	Erysipelotrichia	Erysipelotrichales	Erysipelotrichaceae	Erysipelatoclostridium	clostridium saccharogumia	erysipelatoclostridium	clostridium saccharogumia	Erysipelatoclostridium clostridium saccharogumia	species	1121333	Variable	Anaerobe	NULL	NULL	fermenter	carbohydrates	2026-06-19 10:03:05	2026-06-19 10:03:05
3709	Eubacteria	Firmicutes	Erysipelotrichia	Erysipelotrichales	Erysipelotrichaceae	Erysipelatoclostridium	clostridium spiroforme	erysipelatoclostridium	clostridium spiroforme	Erysipelatoclostridium clostridium spiroforme	species	29348	Positive	Anaerobe	NULL	NULL	fermenter	carbohydrates	2026-06-19 10:03:05	2026-06-19 10:03:05
3711	NULL	Firmicutes	Erysipelotrichia	Erysipelotrichales	Erysipelotrichaceae	Streptococcus	faecalicoccus pleomorphus	streptococcus	faecalicoccus pleomorphus	Streptococcus faecalicoccus pleomorphus	species	1123313	Negative	Obligate anaerobe	NULL	NULL	fermenter	carbohydrates	2026-06-19 10:03:05	2026-06-19 10:03:05
3714	Eubacteria	Firmicutes	Erysipelotrichia	Erysipelotrichales	Erysipelotrichaceae	Unclassified erysipelotrichaceae	erysipelotrichaceae bacterium 3_1_53	unclassified erysipelotrichaceae	erysipelotrichaceae bacterium 3_1_53	Unclassified erysipelotrichaceae erysipelotrichaceae bacterium 3_1_53	species	658659	Uncharacterized	Anaerobe	NULL	NULL	fermenter	N/A	2026-06-19 10:03:05	2026-06-19 10:03:05
3715	Eubacteria	Firmicutes	Erysipelotrichia	Erysipelotrichales	Erysipelotrichaceae	Unclassified erysipelotrichaceae	erysipelotrichaceae bacterium 5_2_54faa	unclassified erysipelotrichaceae	erysipelotrichaceae bacterium 5_2_54faa	Unclassified erysipelotrichaceae erysipelotrichaceae bacterium 5_2_54faa	species	552396	Uncharacterized	Anaerobe	NULL	NULL	fermenter	N/A	2026-06-19 10:03:05	2026-06-19 10:03:05
3717	Eubacteria	Firmicutes	Negativicutes	Selenomonadales	Selenomonadaceae	Veillonella	selenomonas ruminantium	veillonella	selenomonas ruminantium	Veillonella selenomonas ruminantium	species	1392501	Negative	Anaerobe	NULL	NULL	fermenter	carbohydrates	2026-06-19 10:03:05	2026-06-19 10:03:05
3729	NULL	Cyanobacteria	NULL	Oscillatoriales	Oscillatoriaceae	Moorena	moorea producens	moorena	moorea producens	Moorena moorea producens	species	1155739	NULL	NULL	NULL	NULL	N/A	N/A	2026-06-19 10:03:05	2026-06-19 10:03:05
3731	NULL	Nitrososphaerota	Nitrososphaeria	Nitrososphaerales	Nitrososphaeraceae	Nitrososphaera	candidatus nitrososphaera gargensis	nitrososphaera	candidatus nitrososphaera gargensis	Nitrososphaera candidatus nitrososphaera gargensis	species	1237085	Uncharacterized	Aerobe	NULL	NULL	respirator	inorganic	2026-06-19 10:03:05	2026-06-19 10:03:05
3784	Bacillati	Bacillota	Bacilli	Bacillales	Bacillaceae	Nialla	niallia hominis	nialla	niallia hominis	Nialla niallia hominis	species	3133173	Positive	Anaerobic	NULL	NULL	fermenter	carbohydrates	2026-06-19 10:03:05	2026-06-19 10:03:05
3798	NULL	NULL	NULL	NULL	NULL	Candidatus	cibionibacter quicibialis	candidatus	cibionibacter quicibialis	Candidatus cibionibacter quicibialis	species	NULL	NULL	NULL	NULL	NULL	N/A	N/A	2026-06-19 10:03:05	2026-06-19 10:03:05
3799	NULL	NULL	NULL	NULL	NULL	Waltera	acetigignens	waltera	acetigignens	Waltera acetigignens	species	NULL	NULL	NULL	NULL	NULL	N/A	N/A	2026-06-19 10:03:05	2026-06-19 10:03:05
3803	NULL	NULL	NULL	NULL	NULL	Pseudoruminococcus	massiliensis	pseudoruminococcus	massiliensis	Pseudoruminococcus massiliensis	species	NULL	NULL	NULL	NULL	NULL	N/A	N/A	2026-06-19 10:03:05	2026-06-19 10:03:05
3804	NULL	NULL	NULL	NULL	NULL	Vescimonas	coprocola	vescimonas	coprocola	Vescimonas coprocola	species	NULL	NULL	NULL	NULL	NULL	N/A	N/A	2026-06-19 10:03:05	2026-06-19 10:03:05
3806	NULL	NULL	NULL	NULL	NULL	Hominenteromicrobium	mulieris	hominenteromicrobium	mulieris	Hominenteromicrobium mulieris	species	NULL	NULL	NULL	NULL	NULL	N/A	N/A	2026-06-19 10:03:05	2026-06-19 10:03:05
3807	NULL	NULL	NULL	NULL	NULL	Faecalibacterium	wellingii	faecalibacterium	wellingii	Faecalibacterium wellingii	species	NULL	NULL	NULL	NULL	NULL	N/A	N/A	2026-06-19 10:03:05	2026-06-19 10:03:05
3808	NULL	NULL	NULL	NULL	NULL	Oscillibacter	sp. msj-31	oscillibacter	sp. msj-31	Oscillibacter sp. msj-31	species	NULL	NULL	NULL	NULL	NULL	N/A	N/A	2026-06-19 10:03:05	2026-06-19 10:03:05
3810	NULL	NULL	NULL	NULL	NULL	Alistipes	ihumii	alistipes	ihumii	Alistipes ihumii	species	NULL	NULL	NULL	NULL	NULL	N/A	N/A	2026-06-19 10:03:05	2026-06-19 10:03:05
3812	NULL	NULL	NULL	NULL	NULL	Clostridiaceae	bacterium af18-31lb	clostridiaceae	bacterium af18-31lb	Clostridiaceae bacterium af18-31lb	species	NULL	NULL	NULL	NULL	NULL	N/A	N/A	2026-06-19 10:03:05	2026-06-19 10:03:05
3813	NULL	NULL	NULL	NULL	NULL	Roseburia	zhanili	roseburia	zhanili	Roseburia zhanili	species	NULL	NULL	NULL	NULL	NULL	N/A	N/A	2026-06-19 10:03:05	2026-06-19 10:03:05
3814	NULL	NULL	NULL	NULL	NULL	Anaerotignum	lactatifermentans	anaerotignum	lactatifermentans	Anaerotignum lactatifermentans	species	NULL	NULL	NULL	NULL	NULL	N/A	N/A	2026-06-19 10:03:05	2026-06-19 10:03:05
3815	NULL	NULL	NULL	NULL	NULL	Sellimonas	intestinalis	sellimonas	intestinalis	Sellimonas intestinalis	species	NULL	NULL	NULL	NULL	NULL	N/A	N/A	2026-06-19 10:03:05	2026-06-19 10:03:05
3816	NULL	NULL	NULL	NULL	NULL	Massilimicrobiota	timonensis	massilimicrobiota	timonensis	Massilimicrobiota timonensis	species	NULL	NULL	NULL	NULL	NULL	N/A	N/A	2026-06-19 10:03:05	2026-06-19 10:03:05
3817	NULL	NULL	NULL	NULL	NULL	Candidatus	borkfalkia ceftriaxoniphila	candidatus	borkfalkia ceftriaxoniphila	Candidatus borkfalkia ceftriaxoniphila	species	NULL	NULL	NULL	NULL	NULL	N/A	N/A	2026-06-19 10:03:05	2026-06-19 10:03:05
3818	NULL	NULL	NULL	NULL	NULL	Clostridium	saudiense	clostridium	saudiense	Clostridium saudiense	species	NULL	NULL	NULL	NULL	NULL	N/A	N/A	2026-06-19 10:03:05	2026-06-19 10:03:05
3819	NULL	NULL	NULL	NULL	NULL	Clostridium	scindens	clostridium	scindens	Clostridium scindens	species	NULL	NULL	NULL	NULL	NULL	N/A	N/A	2026-06-19 10:03:05	2026-06-19 10:03:05
3820	NULL	NULL	NULL	NULL	NULL	Clostridium	sp. at4	clostridium	sp. at4	Clostridium sp. at4	species	NULL	NULL	NULL	NULL	NULL	N/A	N/A	2026-06-19 10:03:05	2026-06-19 10:03:05
3822	NULL	NULL	NULL	NULL	NULL	Clostridium	symbiosum	clostridium	symbiosum	Clostridium symbiosum	species	NULL	NULL	NULL	NULL	NULL	N/A	N/A	2026-06-19 10:03:05	2026-06-19 10:03:05
3826	NULL	NULL	NULL	NULL	NULL	Mediterraneibacter	gnavus	mediterraneibacter	gnavus	Mediterraneibacter gnavus	species	NULL	NULL	NULL	NULL	NULL	N/A	N/A	2026-06-19 10:03:05	2026-06-19 10:03:05
