taxon_id,scientific_name,taxonomic_rank,disease_id,disease_name,n_studies,assoc_contrast_scope,assoc_enriched,assoc_depleted,assoc_split_studies,assoc_consensus,assoc_agreement,assoc_studies,ab_enriched,ab_depleted,ab_ties,ab_studies,ab_ratio,ab_direction,verdict,basis,pooled_view_enriched,pooled_view_depleted,pooled_view_consensus,pooled_view_agreement
9313,Peptostreptococcus,genus,20491,Colorectal Neoplasms,20,mixed,20,0,0,enriched,1.0,20,20,0,3,20,1.0,enriched,enriched,association_and_abundance_agree,20,1,enriched,0.952
155,Parvimonas,genus,20491,Colorectal Neoplasms,18,mixed,18,0,0,enriched,1.0,18,19,1,3,20,0.95,enriched,enriched,association_and_abundance_agree,18,0,enriched,1.000
45,Fusobacterium,genus,20491,Colorectal Neoplasms,17,mixed,17,0,0,enriched,1.0,17,19,2,2,21,0.905,enriched,enriched,association_and_abundance_agree,17,0,enriched,1.000
176,Gemella,genus,20491,Colorectal Neoplasms,13,mixed,12,0,0,enriched,1.0,12,19,2,2,21,0.905,enriched,enriched,association_and_abundance_agree,13,0,enriched,1.000
7665,Fusicatenibacter,genus,20491,Colorectal Neoplasms,13,vs_health,0,13,0,depleted,1.0,13,4,17,2,21,0.81,depleted,depleted,association_and_abundance_agree,0,13,depleted,1.000
9112,Porphyromonas,genus,20491,Colorectal Neoplasms,13,vs_health,13,0,0,enriched,1.0,13,20,2,1,22,0.909,enriched,enriched,association_and_abundance_agree,13,0,enriched,1.000
7658,Ruminococcus,genus,20491,Colorectal Neoplasms,11,vs_health,1,10,0,depleted,0.909,11,6,17,0,23,0.739,depleted,depleted,association_and_abundance_agree,1,10,depleted,0.909
7666,Faecalibacterium,genus,20491,Colorectal Neoplasms,11,vs_health,2,9,0,depleted,0.818,11,4,19,0,23,0.826,depleted,depleted,association_and_abundance_agree,2,9,depleted,0.818
57,Anaerostipes,genus,20491,Colorectal Neoplasms,10,vs_health,1,9,0,depleted,0.9,10,5,18,0,23,0.783,depleted,depleted,association_and_abundance_agree,1,9,depleted,0.900
7657,Bacteroides,genus,20491,Colorectal Neoplasms,10,mixed,4,6,0,depleted,0.6,10,12,11,0,23,0.522,enriched,,unresolved_abundance_inconclusive,4,6,depleted,0.600
7664,Coprococcus,genus,12713,Crohn Disease,10,mixed,0,10,0,depleted,1.0,10,0,15,2,15,1.0,depleted,depleted,association_and_abundance_agree,1,10,depleted,0.909
7666,Faecalibacterium,genus,12713,Crohn Disease,10,mixed,0,9,0,depleted,1.0,9,2,14,1,16,0.875,depleted,depleted,association_and_abundance_agree,0,10,depleted,1.000
7669,Eubacterium,genus,20491,Colorectal Neoplasms,10,vs_health,1,9,0,depleted,0.9,10,5,18,0,23,0.783,depleted,depleted,association_and_abundance_agree,1,9,depleted,0.900
7686,Roseburia,genus,20491,Colorectal Neoplasms,10,mixed,0,9,0,depleted,1.0,9,3,19,1,22,0.864,depleted,depleted,association_and_abundance_agree,0,10,depleted,1.000
45,Fusobacterium,genus,12713,Crohn Disease,9,mixed,8,0,0,enriched,1.0,8,13,1,3,14,0.929,enriched,enriched,association_and_abundance_agree,9,1,enriched,0.900
7658,Ruminococcus,genus,12713,Crohn Disease,9,mixed,0,9,0,depleted,1.0,9,1,15,1,16,0.938,depleted,depleted,association_and_abundance_agree,0,9,depleted,1.000
7671,Lachnospira,genus,20491,Colorectal Neoplasms,9,vs_health,0,9,0,depleted,1.0,9,5,18,0,23,0.783,depleted,depleted,association_and_abundance_agree,0,9,depleted,1.000
13,Phascolarctobacterium,genus,12713,Crohn Disease,8,mixed,1,6,0,depleted,0.857,7,5,12,0,17,0.706,depleted,depleted,association_and_abundance_agree,2,6,depleted,0.750
17,Faecalibacterium prausnitzii,species,20491,Colorectal Neoplasms,8,vs_health,2,6,0,depleted,0.75,8,2,8,0,10,0.8,depleted,depleted,association_and_abundance_agree,2,6,depleted,0.750
57,Anaerostipes,genus,12713,Crohn Disease,8,mixed,3,3,0,,0.5,6,10,7,0,17,0.588,enriched,,unresolved_abundance_inconclusive,3,6,depleted,0.667
7657,Bacteroides,genus,12713,Crohn Disease,8,mixed,5,0,0,enriched,1.0,5,12,4,1,16,0.75,enriched,enriched,association_and_abundance_agree,7,2,enriched,0.778
7664,Coprococcus,genus,20491,Colorectal Neoplasms,8,vs_health,2,6,0,depleted,0.75,8,6,17,0,23,0.739,depleted,depleted,association_and_abundance_agree,2,6,depleted,0.750
7665,Fusicatenibacter,genus,12713,Crohn Disease,8,vs_health,1,7,0,depleted,0.875,8,3,13,1,16,0.812,depleted,depleted,association_and_abundance_agree,1,7,depleted,0.875
7666,Faecalibacterium,genus,12711,"Colitis, Ulcerative",8,mixed,0,4,0,depleted,1.0,4,6,9,0,15,0.6,depleted,depleted,association_and_abundance_agree,5,4,enriched,0.556
7671,Lachnospira,genus,12713,Crohn Disease,8,mixed,1,7,0,depleted,0.875,8,3,13,1,16,0.812,depleted,depleted,association_and_abundance_agree,1,7,depleted,0.875
7672,Collinsella,genus,12713,Crohn Disease,8,mixed,1,6,0,depleted,0.857,7,3,13,1,16,0.812,depleted,depleted,association_and_abundance_agree,1,7,depleted,0.875
7824,Romboutsia,genus,20491,Colorectal Neoplasms,8,vs_health,2,6,0,depleted,0.75,8,6,13,4,19,0.684,depleted,depleted,association_and_abundance_agree,2,6,depleted,0.750
7860,Hungatella,genus,20491,Colorectal Neoplasms,8,vs_health,7,1,0,enriched,0.875,8,13,6,4,19,0.684,enriched,enriched,association_and_abundance_agree,7,1,enriched,0.875
7901,Clostridium,genus,12713,Crohn Disease,8,mixed,2,5,0,depleted,0.714,7,9,8,0,17,0.529,enriched,depleted,association_consensus_abundance_disagrees,2,6,depleted,0.750
8044,Fusicatenibacter saccharivorans,species,20491,Colorectal Neoplasms,8,vs_health,0,8,0,depleted,1.0,8,1,9,0,10,0.9,depleted,depleted,association_and_abundance_agree,0,8,depleted,1.000
8100,Alloprevotella,genus,20491,Colorectal Neoplasms,8,mixed,8,0,0,enriched,1.0,8,14,6,3,20,0.7,enriched,enriched,association_and_abundance_agree,8,0,enriched,1.000
35,Odoribacter,genus,20491,Colorectal Neoplasms,7,mixed,4,2,0,enriched,0.667,6,19,4,0,23,0.826,enriched,enriched,association_and_abundance_agree,5,2,enriched,0.714
47,Paraprevotella,genus,12713,Crohn Disease,7,mixed,0,7,0,depleted,1.0,7,2,13,2,15,0.867,depleted,depleted,association_and_abundance_agree,0,7,depleted,1.000
81,Methanobrevibacter,genus,12713,Crohn Disease,7,mixed,1,6,0,depleted,0.857,7,1,8,8,9,0.889,depleted,depleted,association_and_abundance_agree,1,6,depleted,0.857
81,Methanobrevibacter,genus,20491,Colorectal Neoplasms,7,vs_health,5,2,0,enriched,0.714,7,10,7,6,17,0.588,enriched,enriched,association_and_abundance_agree,5,2,enriched,0.714
94,Butyricimonas,genus,12713,Crohn Disease,7,mixed,1,4,0,depleted,0.8,5,5,10,2,15,0.667,depleted,depleted,association_and_abundance_agree,3,4,depleted,0.571
105,Lachnospira pectinoschiza,species,12713,Crohn Disease,7,mixed,0,7,0,depleted,1.0,7,0,8,0,8,1.0,depleted,depleted,association_and_abundance_agree,0,7,depleted,1.000
212,Roseburia faecis,species,20491,Colorectal Neoplasms,7,vs_health,0,7,0,depleted,1.0,7,1,9,0,10,0.9,depleted,depleted,association_and_abundance_agree,0,7,depleted,1.000
1555,Peptostreptococcus stomatis,species,20491,Colorectal Neoplasms,7,mixed,6,0,0,enriched,1.0,6,7,1,2,8,0.875,enriched,enriched,association_and_abundance_agree,7,0,enriched,1.000
3812,Clostridiaceae bacterium af18-31lb,species,12713,Crohn Disease,7,mixed,0,7,0,depleted,1.0,7,0,7,1,7,1.0,depleted,depleted,association_and_abundance_agree,0,7,depleted,1.000
7664,Coprococcus,genus,12711,"Colitis, Ulcerative",7,mixed,0,5,0,depleted,1.0,5,2,11,2,13,0.846,depleted,depleted,association_and_abundance_agree,3,5,depleted,0.625
7665,Fusicatenibacter,genus,12711,"Colitis, Ulcerative",7,vs_health,1,6,0,depleted,0.857,7,2,12,1,14,0.857,depleted,depleted,association_and_abundance_agree,1,6,depleted,0.857
7667,Alistipes,genus,12713,Crohn Disease,7,mixed,1,6,0,depleted,0.857,7,4,12,1,16,0.75,depleted,depleted,association_and_abundance_agree,2,6,depleted,0.750
7671,Lachnospira,genus,12711,"Colitis, Ulcerative",7,mixed,1,3,0,depleted,0.75,4,7,7,1,14,0.5,,depleted,association_consensus,6,3,enriched,0.667
7677,Oscillibacter,genus,12713,Crohn Disease,7,mixed,0,6,0,depleted,1.0,6,5,11,1,16,0.688,depleted,depleted,association_and_abundance_agree,0,7,depleted,1.000
7684,Eubacterium siraeum,species,12713,Crohn Disease,7,mixed,0,7,0,depleted,1.0,7,0,7,1,7,1.0,depleted,depleted,association_and_abundance_agree,0,7,depleted,1.000
7701,Faecalibacterium butyricigenerans,species,12713,Crohn Disease,7,vs_health,3,4,0,depleted,0.571,7,3,5,0,8,0.625,depleted,depleted,abundance_majority,3,4,depleted,0.571
7715,Agathobaculum butyriciproducens,species,20491,Colorectal Neoplasms,7,vs_health,0,7,0,depleted,1.0,7,2,8,0,10,0.8,depleted,depleted,association_and_abundance_agree,0,7,depleted,1.000
7717,Clostridiales bacterium kle1615,species,20491,Colorectal Neoplasms,7,vs_health,1,6,0,depleted,0.857,7,1,9,0,10,0.9,depleted,depleted,association_and_abundance_agree,1,6,depleted,0.857
7739,Flavonifractor,genus,12713,Crohn Disease,7,mixed,5,1,0,enriched,0.833,6,12,4,1,16,0.75,enriched,enriched,association_and_abundance_agree,5,2,enriched,0.714
7843,Desulfovibrio,genus,12713,Crohn Disease,7,mixed,1,5,0,depleted,0.833,6,3,11,3,14,0.786,depleted,depleted,association_and_abundance_agree,3,5,depleted,0.625
7870,Blautia,genus,20491,Colorectal Neoplasms,7,vs_health,1,6,0,depleted,0.857,7,6,17,0,23,0.739,depleted,depleted,association_and_abundance_agree,1,6,depleted,0.857
7876,Dorea,genus,12713,Crohn Disease,7,mixed,1,6,0,depleted,0.857,7,4,12,1,16,0.75,depleted,depleted,association_and_abundance_agree,1,7,depleted,0.875
7960,Enterocloster,genus,12713,Crohn Disease,7,mixed,7,0,0,enriched,1.0,7,10,0,7,10,1.0,enriched,enriched,association_and_abundance_agree,7,0,enriched,1.000
7989,Agathobacter rectalis,species,20491,Colorectal Neoplasms,7,vs_health,0,7,0,depleted,1.0,7,0,10,0,10,1.0,depleted,depleted,association_and_abundance_agree,0,7,depleted,1.000
8178,Solobacterium,genus,20491,Colorectal Neoplasms,7,vs_health,7,0,0,enriched,1.0,7,16,2,5,18,0.889,enriched,enriched,association_and_abundance_agree,7,0,enriched,1.000
8801,Clostridiaceae bacterium,species,20491,Colorectal Neoplasms,7,vs_health,0,7,0,depleted,1.0,7,0,10,0,10,1.0,depleted,depleted,association_and_abundance_agree,0,7,depleted,1.000
13,Phascolarctobacterium,genus,12711,"Colitis, Ulcerative",6,mixed,0,6,0,depleted,1.0,6,3,12,0,15,0.8,depleted,depleted,association_and_abundance_agree,0,6,depleted,1.000
47,Paraprevotella,genus,12711,"Colitis, Ulcerative",6,mixed,0,4,0,depleted,1.0,4,5,8,2,13,0.615,depleted,depleted,association_and_abundance_agree,3,4,depleted,0.571
57,Anaerostipes,genus,12711,"Colitis, Ulcerative",6,mixed,2,2,0,,0.5,4,8,7,0,15,0.533,enriched,,unresolved_abundance_inconclusive,4,2,enriched,0.667
87,Dorea formicigenerans,species,12713,Crohn Disease,6,mixed,0,4,0,depleted,1.0,4,3,5,0,8,0.625,depleted,depleted,association_and_abundance_agree,0,6,depleted,1.000
94,Butyricimonas,genus,12711,"Colitis, Ulcerative",6,mixed,0,6,0,depleted,1.0,6,2,10,3,12,0.833,depleted,depleted,association_and_abundance_agree,1,6,depleted,0.857
94,Butyricimonas,genus,20491,Colorectal Neoplasms,6,vs_health,4,2,0,enriched,0.667,6,13,9,1,22,0.591,enriched,enriched,association_and_abundance_agree,4,2,enriched,0.667
105,Lachnospira pectinoschiza,species,20491,Colorectal Neoplasms,6,vs_health,0,6,0,depleted,1.0,6,4,6,0,10,0.6,depleted,depleted,association_and_abundance_agree,0,6,depleted,1.000
235,Bilophila,genus,12711,"Colitis, Ulcerative",6,mixed,2,4,0,depleted,0.667,6,3,9,3,12,0.75,depleted,depleted,association_and_abundance_agree,2,4,depleted,0.667
241,Coprococcus eutactus,species,12711,"Colitis, Ulcerative",6,mixed,0,5,0,depleted,1.0,5,1,6,0,7,0.857,depleted,depleted,association_and_abundance_agree,2,5,depleted,0.714
241,Coprococcus eutactus,species,12713,Crohn Disease,6,mixed,0,6,0,depleted,1.0,6,0,7,1,7,1.0,depleted,depleted,association_and_abundance_agree,0,6,depleted,1.000
480,Anaerococcus,genus,20491,Colorectal Neoplasms,6,vs_health,6,0,0,enriched,1.0,6,15,3,5,18,0.833,enriched,enriched,association_and_abundance_agree,6,0,enriched,1.000
661,Alistipes shahii,species,12713,Crohn Disease,6,mixed,0,6,0,depleted,1.0,6,0,7,1,7,1.0,depleted,depleted,association_and_abundance_agree,0,6,depleted,1.000
683,Anaerobutyricum hallii,species,12713,Crohn Disease,6,mixed,1,5,0,depleted,0.833,6,3,5,0,8,0.625,depleted,depleted,association_and_abundance_agree,2,6,depleted,0.750
1054,Desulfovibrio piger,species,12713,Crohn Disease,6,vs_health,0,6,0,depleted,1.0,6,0,7,1,7,1.0,depleted,depleted,association_and_abundance_agree,0,6,depleted,1.000
1064,Dialister pneumosintes,species,20491,Colorectal Neoplasms,6,mixed,6,0,0,enriched,1.0,6,8,0,2,8,1.0,enriched,enriched,association_and_abundance_agree,6,0,enriched,1.000
1130,Gemella morbillorum,species,20491,Colorectal Neoplasms,6,mixed,5,0,0,enriched,1.0,5,8,0,2,8,1.0,enriched,enriched,association_and_abundance_agree,6,0,enriched,1.000
1351,Intestinibacter bartlettii,species,12711,"Colitis, Ulcerative",6,mixed,4,0,0,enriched,1.0,4,7,0,0,7,1.0,enriched,enriched,association_and_abundance_agree,5,2,enriched,0.714
1565,Phocaeicola dorei,species,12713,Crohn Disease,6,mixed,5,1,0,enriched,0.833,6,7,1,0,8,0.875,enriched,enriched,association_and_abundance_agree,6,1,enriched,0.857
1697,Roseburia hominis,species,12713,Crohn Disease,6,mixed,0,5,0,depleted,1.0,5,1,6,1,7,0.857,depleted,depleted,association_and_abundance_agree,1,6,depleted,0.857
1699,Roseburia intestinalis,species,20491,Colorectal Neoplasms,6,mixed,0,6,0,depleted,1.0,6,0,10,0,10,1.0,depleted,depleted,association_and_abundance_agree,0,6,depleted,1.000
1701,Roseburia inulinivorans,species,12713,Crohn Disease,6,mixed,0,6,0,depleted,1.0,6,0,8,0,8,1.0,depleted,depleted,association_and_abundance_agree,1,6,depleted,0.857
1731,Ruminococcus lactaris,species,12713,Crohn Disease,6,mixed,0,6,0,depleted,1.0,6,0,7,1,7,1.0,depleted,depleted,association_and_abundance_agree,0,6,depleted,1.000
1921,Parvimonas micra,species,20491,Colorectal Neoplasms,6,mixed,5,1,0,enriched,0.833,6,7,1,2,8,0.875,enriched,enriched,association_and_abundance_agree,6,1,enriched,0.857
3799,Waltera acetigignens,species,12713,Crohn Disease,6,mixed,0,6,0,depleted,1.0,6,0,8,0,8,1.0,depleted,depleted,association_and_abundance_agree,1,6,depleted,0.857
3807,Faecalibacterium wellingii,species,12711,"Colitis, Ulcerative",6,mixed,0,5,0,depleted,1.0,5,1,6,0,7,0.857,depleted,depleted,association_and_abundance_agree,0,6,depleted,1.000
3807,Faecalibacterium wellingii,species,12713,Crohn Disease,6,mixed,1,5,0,depleted,0.833,6,2,5,1,7,0.714,depleted,depleted,association_and_abundance_agree,2,5,depleted,0.714
3812,Clostridiaceae bacterium af18-31lb,species,12711,"Colitis, Ulcerative",6,mixed,0,6,0,depleted,1.0,6,1,6,0,7,0.857,depleted,depleted,association_and_abundance_agree,1,6,depleted,0.857
7659,Segatella,genus,12713,Crohn Disease,6,mixed,0,5,0,depleted,1.0,5,0,8,9,8,1.0,depleted,depleted,association_and_abundance_agree,0,6,depleted,1.000
7662,Segatella copri,species,12713,Crohn Disease,6,mixed,0,5,0,depleted,1.0,5,0,8,0,8,1.0,depleted,depleted,association_and_abundance_agree,0,6,depleted,1.000
7663,Akkermansia,genus,12713,Crohn Disease,6,mixed,1,3,0,depleted,0.75,4,8,7,2,15,0.533,enriched,depleted,association_consensus_abundance_disagrees,2,5,depleted,0.714
7664,Coprococcus,genus,28066,COVID-19,6,vs_health,1,5,0,depleted,0.833,6,2,6,1,8,0.75,depleted,depleted,association_and_abundance_agree,1,5,depleted,0.833
7667,Alistipes,genus,20491,Colorectal Neoplasms,6,vs_health,4,2,0,enriched,0.667,6,15,7,1,22,0.682,enriched,enriched,association_and_abundance_agree,4,2,enriched,0.667
7667,Alistipes,genus,56231,HIV Infections,6,vs_health,1,5,0,depleted,0.833,6,0,7,0,7,1.0,depleted,depleted,association_and_abundance_agree,1,5,depleted,0.833
7667,Alistipes,genus,73716,Parkinson Disease,6,vs_health,5,1,0,enriched,0.833,6,6,2,1,8,0.75,enriched,enriched,association_and_abundance_agree,5,1,enriched,0.833
7672,Collinsella,genus,20491,Colorectal Neoplasms,6,vs_health,3,3,0,,0.5,6,11,11,1,22,0.5,,,unresolved_abundance_also_tied,3,3,tied,0.500
7673,Prevotella,genus,12711,"Colitis, Ulcerative",6,mixed,1,2,0,depleted,0.667,3,5,10,0,15,0.667,depleted,depleted,association_and_abundance_agree,3,3,tied,0.500
7673,Prevotella,genus,12713,Crohn Disease,6,mixed,1,3,0,depleted,0.75,4,3,12,2,15,0.8,depleted,depleted,association_and_abundance_agree,1,5,depleted,0.833
7682,Wujia,genus,12711,"Colitis, Ulcerative",6,mixed,1,5,0,depleted,0.833,6,2,5,8,7,0.714,depleted,depleted,association_and_abundance_agree,1,5,depleted,0.833
7682,Wujia,genus,12713,Crohn Disease,6,mixed,0,6,0,depleted,1.0,6,1,6,10,7,0.857,depleted,depleted,association_and_abundance_agree,1,6,depleted,0.857
7683,Wujia chipingensis,species,12711,"Colitis, Ulcerative",6,mixed,1,5,0,depleted,0.833,6,2,5,0,7,0.714,depleted,depleted,association_and_abundance_agree,1,5,depleted,0.833
7683,Wujia chipingensis,species,12713,Crohn Disease,6,mixed,0,6,0,depleted,1.0,6,1,6,1,7,0.857,depleted,depleted,association_and_abundance_agree,1,6,depleted,0.857
7685,Waltera,genus,12713,Crohn Disease,6,mixed,0,6,0,depleted,1.0,6,0,8,9,8,1.0,depleted,depleted,association_and_abundance_agree,1,6,depleted,0.857
7686,Roseburia,genus,12713,Crohn Disease,6,mixed,1,5,0,depleted,0.833,6,2,14,1,16,0.875,depleted,depleted,association_and_abundance_agree,2,5,depleted,0.714
7686,Roseburia,genus,28066,COVID-19,6,vs_health,1,5,0,depleted,0.833,6,2,6,1,8,0.75,depleted,depleted,association_and_abundance_agree,1,5,depleted,0.833
7688,Gemmiger formicilis,species,12713,Crohn Disease,6,mixed,0,6,0,depleted,1.0,6,1,7,0,8,0.875,depleted,depleted,association_and_abundance_agree,1,6,depleted,0.857
7688,Gemmiger formicilis,species,20491,Colorectal Neoplasms,6,vs_health,1,5,0,depleted,0.833,6,2,8,0,10,0.8,depleted,depleted,association_and_abundance_agree,1,5,depleted,0.833
7689,Holdemanella,genus,12713,Crohn Disease,6,vs_health,2,4,0,depleted,0.667,6,4,9,4,13,0.692,depleted,depleted,association_and_abundance_agree,2,4,depleted,0.667
7694,Monoglobus,genus,12713,Crohn Disease,6,mixed,1,5,0,depleted,0.833,6,5,8,4,13,0.615,depleted,depleted,association_and_abundance_agree,1,6,depleted,0.857
7696,Oscillibacter sp. er4,species,12713,Crohn Disease,6,mixed,0,6,0,depleted,1.0,6,1,7,0,8,0.875,depleted,depleted,association_and_abundance_agree,0,6,depleted,1.000
7700,Faecalicatena,genus,12713,Crohn Disease,6,vs_health,1,5,0,depleted,0.833,6,3,9,5,12,0.75,depleted,depleted,association_and_abundance_agree,1,5,depleted,0.833
7700,Faecalicatena,genus,20491,Colorectal Neoplasms,6,vs_health,1,5,0,depleted,0.833,6,7,8,8,15,0.533,depleted,depleted,association_and_abundance_agree,1,5,depleted,0.833
7704,Faecalicatena fissicatena,species,12713,Crohn Disease,6,mixed,0,6,0,depleted,1.0,6,0,8,0,8,1.0,depleted,depleted,association_and_abundance_agree,1,6,depleted,0.857
7704,Faecalicatena fissicatena,species,20491,Colorectal Neoplasms,6,vs_health,0,6,0,depleted,1.0,6,3,7,0,10,0.7,depleted,depleted,association_and_abundance_agree,0,6,depleted,1.000
7713,Agathobaculum,genus,12713,Crohn Disease,6,mixed,0,6,0,depleted,1.0,6,0,9,8,9,1.0,depleted,depleted,association_and_abundance_agree,0,6,depleted,1.000
7713,Agathobaculum,genus,20491,Colorectal Neoplasms,6,vs_health,0,6,0,depleted,1.0,6,2,10,11,12,0.833,depleted,depleted,association_and_abundance_agree,0,6,depleted,1.000
7715,Agathobaculum butyriciproducens,species,12713,Crohn Disease,6,mixed,0,6,0,depleted,1.0,6,0,7,1,7,1.0,depleted,depleted,association_and_abundance_agree,0,6,depleted,1.000
7717,Clostridiales bacterium kle1615,species,12713,Crohn Disease,6,vs_health,0,6,0,depleted,1.0,6,0,7,1,7,1.0,depleted,depleted,association_and_abundance_agree,0,6,depleted,1.000
7720,Thomasclavelia,genus,12711,"Colitis, Ulcerative",6,mixed,6,0,0,enriched,1.0,6,9,2,4,11,0.818,enriched,enriched,association_and_abundance_agree,6,1,enriched,0.857
7720,Thomasclavelia,genus,12713,Crohn Disease,6,mixed,6,0,0,enriched,1.0,6,11,3,3,14,0.786,enriched,enriched,association_and_abundance_agree,6,0,enriched,1.000
7720,Thomasclavelia,genus,20491,Colorectal Neoplasms,6,mixed,4,1,0,enriched,0.8,5,12,8,3,20,0.6,enriched,enriched,association_and_abundance_agree,4,2,enriched,0.667
7721,Barnesiella,genus,12711,"Colitis, Ulcerative",6,mixed,2,4,0,depleted,0.667,6,4,8,3,12,0.667,depleted,depleted,association_and_abundance_agree,3,4,depleted,0.571
7721,Barnesiella,genus,12713,Crohn Disease,6,mixed,2,4,0,depleted,0.667,6,6,9,2,15,0.6,depleted,depleted,association_and_abundance_agree,2,4,depleted,0.667
7726,Oscillibacter valericigenes,species,12713,Crohn Disease,6,mixed,0,6,0,depleted,1.0,6,0,7,1,7,1.0,depleted,depleted,association_and_abundance_agree,0,6,depleted,1.000
7735,Clostridium fessum,species,12713,Crohn Disease,6,vs_health,1,5,0,depleted,0.833,6,2,5,1,7,0.714,depleted,depleted,association_and_abundance_agree,1,5,depleted,0.833
7739,Flavonifractor,genus,12711,"Colitis, Ulcerative",6,mixed,6,0,0,enriched,1.0,6,13,1,1,14,0.929,enriched,enriched,association_and_abundance_agree,6,0,enriched,1.000
7739,Flavonifractor,genus,20491,Colorectal Neoplasms,6,mixed,5,1,0,enriched,0.833,6,17,6,0,23,0.739,enriched,enriched,association_and_abundance_agree,5,1,enriched,0.833
7744,Clostridium sp. af36-4,species,12713,Crohn Disease,6,mixed,0,5,0,depleted,1.0,5,1,7,0,8,0.875,depleted,depleted,association_and_abundance_agree,0,6,depleted,1.000
7750,Victivallis,genus,20491,Colorectal Neoplasms,6,mixed,3,2,0,enriched,0.6,5,10,10,3,20,0.5,,,unresolved_abundance_also_tied,4,2,enriched,0.667
7752,Jutongia,genus,20491,Colorectal Neoplasms,6,vs_health,0,6,0,depleted,1.0,6,2,8,13,10,0.8,depleted,depleted,association_and_abundance_agree,0,6,depleted,1.000
7755,Eisenbergiella,genus,12711,"Colitis, Ulcerative",6,mixed,4,1,0,enriched,0.8,5,7,5,3,12,0.583,enriched,enriched,association_and_abundance_agree,4,2,enriched,0.667
7792,Lachnoclostridium,genus,12713,Crohn Disease,6,mixed,4,2,0,enriched,0.667,6,11,6,0,17,0.647,enriched,enriched,association_and_abundance_agree,4,3,enriched,0.571
7810,Megamonas,genus,12713,Crohn Disease,6,mixed,1,4,0,depleted,0.8,5,7,8,2,15,0.533,depleted,depleted,association_and_abundance_agree,1,5,depleted,0.833
7824,Romboutsia,genus,12713,Crohn Disease,6,mixed,1,5,0,depleted,0.833,6,4,9,4,13,0.692,depleted,depleted,association_and_abundance_agree,1,5,depleted,0.833
7851,Streptococcus,genus,20491,Colorectal Neoplasms,6,mixed,4,1,0,enriched,0.8,5,17,6,0,23,0.739,enriched,enriched,association_and_abundance_agree,4,2,enriched,0.667
7857,Bifidobacterium,genus,12713,Crohn Disease,6,mixed,1,3,0,depleted,0.75,4,11,5,1,16,0.688,enriched,depleted,association_consensus_abundance_disagrees,2,4,depleted,0.667
7871,Butyricicoccus,genus,20491,Colorectal Neoplasms,6,vs_health,1,5,0,depleted,0.833,6,4,17,2,21,0.81,depleted,depleted,association_and_abundance_agree,1,5,depleted,0.833
7876,Dorea,genus,28066,COVID-19,6,vs_health,2,4,0,depleted,0.667,6,4,5,0,9,0.556,depleted,depleted,association_and_abundance_agree,2,4,depleted,0.667
7877,Enterococcus,genus,12713,Crohn Disease,6,mixed,4,0,0,enriched,1.0,4,11,3,3,14,0.786,enriched,enriched,association_and_abundance_agree,6,0,enriched,1.000
7877,Enterococcus,genus,20491,Colorectal Neoplasms,6,vs_health,6,0,0,enriched,1.0,6,14,6,3,20,0.7,enriched,enriched,association_and_abundance_agree,6,0,enriched,1.000
7890,Veillonella,genus,20491,Colorectal Neoplasms,6,vs_health,4,2,0,enriched,0.667,6,14,9,0,23,0.609,enriched,enriched,association_and_abundance_agree,4,2,enriched,0.667
7901,Clostridium,genus,20491,Colorectal Neoplasms,6,mixed,1,4,0,depleted,0.8,5,10,13,0,23,0.565,depleted,depleted,association_and_abundance_agree,1,5,depleted,0.833
7957,Clostridium sp. am22-11ac,species,12713,Crohn Disease,6,mixed,2,3,0,depleted,0.6,5,4,4,0,8,0.5,,,unresolved_abundance_also_tied,3,3,tied,0.500
7959,Clostridium sp. am49-4bh,species,12713,Crohn Disease,6,mixed,0,6,0,depleted,1.0,6,0,7,1,7,1.0,depleted,depleted,association_and_abundance_agree,0,6,depleted,1.000
7989,Agathobacter rectalis,species,12713,Crohn Disease,6,mixed,1,5,0,depleted,0.833,6,3,5,0,8,0.625,depleted,depleted,association_and_abundance_agree,1,5,depleted,0.833
8009,Blautia sp. mcc283,species,12713,Crohn Disease,6,mixed,1,4,0,depleted,0.8,5,2,4,2,6,0.667,depleted,depleted,association_and_abundance_agree,1,5,depleted,0.833
8011,Candidatus Cibiobacter,genus,12713,Crohn Disease,6,mixed,0,6,0,depleted,1.0,6,1,7,9,8,0.875,depleted,depleted,association_and_abundance_agree,0,6,depleted,1.000
8011,Candidatus Cibiobacter,genus,20491,Colorectal Neoplasms,6,vs_health,0,6,0,depleted,1.0,6,1,9,13,10,0.9,depleted,depleted,association_and_abundance_agree,0,6,depleted,1.000
8012,Candidatus Cibiobacter qucibialis,species,12713,Crohn Disease,6,mixed,0,6,0,depleted,1.0,6,1,7,0,8,0.875,depleted,depleted,association_and_abundance_agree,0,6,depleted,1.000
8012,Candidatus Cibiobacter qucibialis,species,20491,Colorectal Neoplasms,6,vs_health,0,6,0,depleted,1.0,6,1,9,0,10,0.9,depleted,depleted,association_and_abundance_agree,0,6,depleted,1.000
8037,Faecalibacillus,genus,12713,Crohn Disease,6,mixed,1,4,0,depleted,0.8,5,4,6,7,10,0.6,depleted,depleted,association_and_abundance_agree,1,5,depleted,0.833
8047,Gemmiger,genus,12711,"Colitis, Ulcerative",6,mixed,0,6,0,depleted,1.0,6,1,8,6,9,0.889,depleted,depleted,association_and_abundance_agree,0,6,depleted,1.000
8047,Gemmiger,genus,12713,Crohn Disease,6,mixed,0,6,0,depleted,1.0,6,2,8,7,10,0.8,depleted,depleted,association_and_abundance_agree,1,6,depleted,0.857
8047,Gemmiger,genus,20491,Colorectal Neoplasms,6,vs_health,1,5,0,depleted,0.833,6,4,8,11,12,0.667,depleted,depleted,association_and_abundance_agree,1,5,depleted,0.833
8061,Mediterraneibacter faecis,species,12711,"Colitis, Ulcerative",6,mixed,1,4,0,depleted,0.8,5,2,5,0,7,0.714,depleted,depleted,association_and_abundance_agree,2,4,depleted,0.667
8415,Lachnospiraceae bacterium,species,20491,Colorectal Neoplasms,6,vs_health,0,6,0,depleted,1.0,6,2,8,0,10,0.8,depleted,depleted,association_and_abundance_agree,0,6,depleted,1.000
7,Bifidobacterium adolescentis,species,12711,"Colitis, Ulcerative",5,mixed,1,2,0,depleted,0.667,3,5,2,0,7,0.714,enriched,depleted,association_consensus_abundance_disagrees,2,4,depleted,0.667
17,Faecalibacterium prausnitzii,species,12711,"Colitis, Ulcerative",5,mixed,0,2,0,depleted,1.0,2,1,6,0,7,0.857,depleted,depleted,association_and_abundance_agree,4,2,enriched,0.667
17,Faecalibacterium prausnitzii,species,12713,Crohn Disease,5,mixed,0,5,0,depleted,1.0,5,2,6,0,8,0.75,depleted,depleted,association_and_abundance_agree,0,5,depleted,1.000
35,Odoribacter,genus,12713,Crohn Disease,5,mixed,2,2,0,,0.5,4,9,6,2,15,0.6,enriched,,unresolved_abundance_inconclusive,3,2,enriched,0.600
39,Akkermansia muciniphila,species,12713,Crohn Disease,5,mixed,1,3,0,depleted,0.75,4,4,4,0,8,0.5,,depleted,association_consensus,2,4,depleted,0.667
46,Peptoniphilus,genus,12711,"Colitis, Ulcerative",5,mixed,4,0,0,enriched,1.0,4,11,3,1,14,0.786,enriched,enriched,association_and_abundance_agree,5,0,enriched,1.000
57,Anaerostipes,genus,28066,COVID-19,5,vs_health,1,4,0,depleted,0.8,5,4,5,0,9,0.556,depleted,depleted,association_and_abundance_agree,1,4,depleted,0.800
66,Blautia obeum,species,12713,Crohn Disease,5,mixed,1,3,0,depleted,0.75,4,3,4,1,7,0.571,depleted,depleted,association_and_abundance_agree,1,4,depleted,0.800
70,Adlercreutzia,genus,12713,Crohn Disease,5,mixed,0,5,0,depleted,1.0,5,3,11,3,14,0.786,depleted,depleted,association_and_abundance_agree,0,5,depleted,1.000
81,Methanobrevibacter,genus,12711,"Colitis, Ulcerative",5,mixed,1,2,0,depleted,0.667,3,4,4,7,8,0.5,,depleted,association_consensus,3,2,enriched,0.600
106,Sutterella,genus,12713,Crohn Disease,5,mixed,1,3,0,depleted,0.75,4,8,7,2,15,0.533,enriched,depleted,association_consensus_abundance_disagrees,1,4,depleted,0.800
173,Holdemania,genus,12713,Crohn Disease,5,mixed,1,2,0,depleted,0.667,3,8,6,3,14,0.571,enriched,depleted,association_consensus_abundance_disagrees,1,4,depleted,0.800
203,Ruminococcus bromii,species,12713,Crohn Disease,5,mixed,1,4,0,depleted,0.8,5,1,6,1,7,0.857,depleted,depleted,association_and_abundance_agree,2,4,depleted,0.667
235,Bilophila,genus,12713,Crohn Disease,5,mixed,1,3,0,depleted,0.75,4,7,7,3,14,0.5,,depleted,association_consensus,3,3,tied,0.500
235,Bilophila,genus,20491,Colorectal Neoplasms,5,vs_health,5,0,0,enriched,1.0,5,19,4,0,23,0.826,enriched,enriched,association_and_abundance_agree,5,0,enriched,1.000
239,Bacteroides ovatus,species,20491,Colorectal Neoplasms,5,vs_health,4,1,0,enriched,0.8,5,8,2,0,10,0.8,enriched,enriched,association_and_abundance_agree,4,1,enriched,0.800
251,Bacteroides fragilis,species,12711,"Colitis, Ulcerative",5,mixed,4,0,0,enriched,1.0,4,7,0,0,7,1.0,enriched,enriched,association_and_abundance_agree,5,1,enriched,0.833
251,Bacteroides fragilis,species,12713,Crohn Disease,5,mixed,5,0,0,enriched,1.0,5,8,0,0,8,1.0,enriched,enriched,association_and_abundance_agree,5,1,enriched,0.833
260,Leptotrichia,genus,20491,Colorectal Neoplasms,5,vs_health,5,0,0,enriched,1.0,5,12,2,9,14,0.857,enriched,enriched,association_and_abundance_agree,5,0,enriched,1.000
339,Eikenella,genus,20491,Colorectal Neoplasms,5,vs_health,3,2,0,enriched,0.6,5,12,2,9,14,0.857,enriched,enriched,abundance_majority,3,2,enriched,0.600
460,Escherichia coli,species,12711,"Colitis, Ulcerative",5,mixed,3,0,0,enriched,1.0,3,6,1,0,7,0.857,enriched,enriched,association_and_abundance_agree,3,3,tied,0.500
460,Escherichia coli,species,12713,Crohn Disease,5,mixed,5,0,0,enriched,1.0,5,7,1,0,8,0.875,enriched,enriched,association_and_abundance_agree,5,0,enriched,1.000
472,Prevotella intermedia,species,20491,Colorectal Neoplasms,5,vs_health,4,1,0,enriched,0.8,5,5,2,3,7,0.714,enriched,enriched,association_and_abundance_agree,4,1,enriched,0.800
659,Alistipes putredinis,species,12713,Crohn Disease,5,mixed,0,5,0,depleted,1.0,5,2,6,0,8,0.75,depleted,depleted,association_and_abundance_agree,1,5,depleted,0.833
660,Alistipes senegalensis,species,12711,"Colitis, Ulcerative",5,mixed,0,4,0,depleted,1.0,4,1,6,0,7,0.857,depleted,depleted,association_and_abundance_agree,3,4,depleted,0.571
660,Alistipes senegalensis,species,12713,Crohn Disease,5,mixed,0,4,0,depleted,1.0,4,1,6,1,7,0.857,depleted,depleted,association_and_abundance_agree,0,5,depleted,1.000
661,Alistipes shahii,species,12711,"Colitis, Ulcerative",5,mixed,0,3,0,depleted,1.0,3,1,6,0,7,0.857,depleted,depleted,association_and_abundance_agree,3,3,tied,0.500
683,Anaerobutyricum hallii,species,20491,Colorectal Neoplasms,5,vs_health,0,5,0,depleted,1.0,5,3,7,0,10,0.7,depleted,depleted,association_and_abundance_agree,0,5,depleted,1.000
692,Anaerostipes hadrus,species,20491,Colorectal Neoplasms,5,vs_health,1,4,0,depleted,0.8,5,3,7,0,10,0.7,depleted,depleted,association_and_abundance_agree,1,4,depleted,0.800
816,Barnesiella intestinihominis,species,12713,Crohn Disease,5,mixed,2,3,0,depleted,0.6,5,4,4,0,8,0.5,,,unresolved_abundance_also_tied,3,3,tied,0.500
816,Barnesiella intestinihominis,species,20491,Colorectal Neoplasms,5,vs_health,1,4,0,depleted,0.8,5,4,6,0,10,0.6,depleted,depleted,association_and_abundance_agree,1,4,depleted,0.800
837,Bilophila wadsworthia,species,12711,"Colitis, Ulcerative",5,mixed,1,4,0,depleted,0.8,5,2,5,0,7,0.714,depleted,depleted,association_and_abundance_agree,1,4,depleted,0.800
853,Blautia wexlerae,species,20491,Colorectal Neoplasms,5,mixed,0,4,0,depleted,1.0,4,4,6,0,10,0.6,depleted,depleted,association_and_abundance_agree,0,5,depleted,1.000
936,Coprococcus comes,species,12713,Crohn Disease,5,mixed,1,4,0,depleted,0.8,5,2,6,0,8,0.75,depleted,depleted,association_and_abundance_agree,1,4,depleted,0.800
1020,Enterocloster clostridioformis,species,12713,Crohn Disease,5,mixed,5,0,0,enriched,1.0,5,8,0,0,8,1.0,enriched,enriched,association_and_abundance_agree,5,0,enriched,1.000
1115,Fusobacterium nucleatum,species,12713,Crohn Disease,5,mixed,5,0,0,enriched,1.0,5,7,0,1,7,1.0,enriched,enriched,association_and_abundance_agree,5,1,enriched,0.833
1115,Fusobacterium nucleatum,species,20491,Colorectal Neoplasms,5,mixed,5,0,0,enriched,1.0,5,7,1,2,8,0.875,enriched,enriched,association_and_abundance_agree,5,0,enriched,1.000
1138,Flavonifractor plautii,species,12713,Crohn Disease,5,vs_health,4,1,0,enriched,0.8,5,7,1,0,8,0.875,enriched,enriched,association_and_abundance_agree,4,1,enriched,0.800
1138,Flavonifractor plautii,species,20491,Colorectal Neoplasms,5,mixed,4,1,0,enriched,0.8,5,8,2,0,10,0.8,enriched,enriched,association_and_abundance_agree,4,1,enriched,0.800
1203,Lachnospira eligens,species,12711,"Colitis, Ulcerative",5,mixed,0,1,0,depleted,1.0,1,4,3,0,7,0.571,enriched,depleted,association_consensus_abundance_disagrees,4,1,enriched,0.800
1203,Lachnospira eligens,species,12713,Crohn Disease,5,mixed,1,4,0,depleted,0.8,5,3,5,0,8,0.625,depleted,depleted,association_and_abundance_agree,1,5,depleted,0.833
1231,Hungatella hathewayi,species,12713,Crohn Disease,5,mixed,5,0,0,enriched,1.0,5,7,0,1,7,1.0,enriched,enriched,association_and_abundance_agree,5,0,enriched,1.000
1310,Mediterraneibacter torques,species,20491,Colorectal Neoplasms,5,vs_health,4,1,0,enriched,0.8,5,8,2,0,10,0.8,enriched,enriched,association_and_abundance_agree,4,1,enriched,0.800
1508,Parabacteroides merdae,species,12713,Crohn Disease,5,mixed,1,4,0,depleted,0.8,5,2,6,0,8,0.75,depleted,depleted,association_and_abundance_agree,2,4,depleted,0.667
1520,Paraprevotella clara,species,12711,"Colitis, Ulcerative",5,mixed,0,3,0,depleted,1.0,3,3,4,0,7,0.571,depleted,depleted,association_and_abundance_agree,2,3,depleted,0.600
1520,Paraprevotella clara,species,12713,Crohn Disease,5,mixed,0,5,0,depleted,1.0,5,0,8,0,8,1.0,depleted,depleted,association_and_abundance_agree,0,5,depleted,1.000
1563,Phocaeicola coprocola,species,12713,Crohn Disease,5,mixed,1,3,0,depleted,0.75,4,1,7,0,8,0.875,depleted,depleted,association_and_abundance_agree,1,4,depleted,0.800
1567,Phocaeicola plebeius,species,12713,Crohn Disease,5,mixed,0,4,0,depleted,1.0,4,0,7,1,7,1.0,depleted,depleted,association_and_abundance_agree,1,5,depleted,0.833
1672,Solobacterium moorei,species,20491,Colorectal Neoplasms,5,mixed,5,0,0,enriched,1.0,5,8,0,2,8,1.0,enriched,enriched,association_and_abundance_agree,5,0,enriched,1.000
1697,Roseburia hominis,species,12711,"Colitis, Ulcerative",5,mixed,0,3,0,depleted,1.0,3,4,3,0,7,0.571,enriched,depleted,association_consensus_abundance_disagrees,2,3,depleted,0.600
3799,Waltera acetigignens,species,12711,"Colitis, Ulcerative",5,mixed,0,4,0,depleted,1.0,4,1,6,0,7,0.857,depleted,depleted,association_and_abundance_agree,1,5,depleted,0.833
3806,Hominenteromicrobium mulieris,species,12713,Crohn Disease,5,mixed,1,4,0,depleted,0.8,5,2,5,1,7,0.714,depleted,depleted,association_and_abundance_agree,1,4,depleted,0.800
3808,Oscillibacter sp. msj-31,species,12711,"Colitis, Ulcerative",5,mixed,1,4,0,depleted,0.8,5,1,6,0,7,0.857,depleted,depleted,association_and_abundance_agree,2,4,depleted,0.667
3808,Oscillibacter sp. msj-31,species,12713,Crohn Disease,5,mixed,0,5,0,depleted,1.0,5,0,7,1,7,1.0,depleted,depleted,association_and_abundance_agree,1,5,depleted,0.833
3822,Clostridium symbiosum,species,20491,Colorectal Neoplasms,5,vs_health,5,0,0,enriched,1.0,5,8,1,1,9,0.889,enriched,enriched,association_and_abundance_agree,5,0,enriched,1.000
7657,Bacteroides,genus,3086,"Arthritis, Rheumatoid",5,vs_health,3,2,0,enriched,0.6,5,3,2,0,5,0.6,enriched,,unresolved_abundance_inconclusive,3,2,enriched,0.600
7657,Bacteroides,genus,12711,"Colitis, Ulcerative",5,mixed,2,1,0,enriched,0.667,3,11,4,0,15,0.733,enriched,enriched,association_and_abundance_agree,3,2,enriched,0.600
7658,Ruminococcus,genus,12711,"Colitis, Ulcerative",5,mixed,0,5,0,depleted,1.0,5,2,12,1,14,0.857,depleted,depleted,association_and_abundance_agree,1,5,depleted,0.833
7658,Ruminococcus,genus,18168,Inflammatory Bowel Diseases,5,vs_health,0,5,0,depleted,1.0,5,0,4,0,4,1.0,depleted,depleted,association_and_abundance_agree,0,5,depleted,1.000
7663,Akkermansia,genus,12711,"Colitis, Ulcerative",5,mixed,1,3,0,depleted,0.75,4,4,9,2,13,0.692,depleted,depleted,association_and_abundance_agree,2,3,depleted,0.600
7665,Fusicatenibacter,genus,28066,COVID-19,5,vs_health,0,5,0,depleted,1.0,5,0,7,2,7,1.0,depleted,depleted,association_and_abundance_agree,0,5,depleted,1.000
7666,Faecalibacterium,genus,28066,COVID-19,5,vs_health,1,4,0,depleted,0.8,5,3,6,0,9,0.667,depleted,depleted,association_and_abundance_agree,1,4,depleted,0.800
7669,Eubacterium,genus,12713,Crohn Disease,5,mixed,1,4,0,depleted,0.8,5,4,12,1,16,0.75,depleted,depleted,association_and_abundance_agree,1,4,depleted,0.800
7671,Lachnospira,genus,62143,"Renal Insufficiency, Chronic",5,vs_health,0,5,0,depleted,1.0,5,0,6,1,6,1.0,depleted,depleted,association_and_abundance_agree,0,5,depleted,1.000
7673,Prevotella,genus,56231,HIV Infections,5,vs_health,3,2,0,enriched,0.6,5,4,3,0,7,0.571,enriched,,unresolved_abundance_inconclusive,3,2,enriched,0.600
7688,Gemmiger formicilis,species,12711,"Colitis, Ulcerative",5,mixed,0,5,0,depleted,1.0,5,0,7,0,7,1.0,depleted,depleted,association_and_abundance_agree,0,5,depleted,1.000
7691,Parasutterella,genus,12713,Crohn Disease,5,mixed,1,2,0,depleted,0.667,3,11,5,1,16,0.688,enriched,depleted,association_consensus_abundance_disagrees,1,4,depleted,0.800
7691,Parasutterella,genus,20491,Colorectal Neoplasms,5,vs_health,1,4,0,depleted,0.8,5,10,12,1,22,0.545,depleted,depleted,association_and_abundance_agree,1,4,depleted,0.800
7694,Monoglobus,genus,20491,Colorectal Neoplasms,5,vs_health,0,5,0,depleted,1.0,5,5,15,3,20,0.75,depleted,depleted,association_and_abundance_agree,0,5,depleted,1.000
7701,Faecalibacterium butyricigenerans,species,12711,"Colitis, Ulcerative",5,vs_health,1,4,0,depleted,0.8,5,1,6,0,7,0.857,depleted,depleted,association_and_abundance_agree,1,4,depleted,0.800
7704,Faecalicatena fissicatena,species,12711,"Colitis, Ulcerative",5,mixed,0,5,0,depleted,1.0,5,1,6,0,7,0.857,depleted,depleted,association_and_abundance_agree,0,5,depleted,1.000
7711,Intestinibacter,genus,12711,"Colitis, Ulcerative",5,mixed,3,0,0,enriched,1.0,3,11,2,2,13,0.846,enriched,enriched,association_and_abundance_agree,4,2,enriched,0.667
7712,Gallintestinimicrobium propionicum,species,12711,"Colitis, Ulcerative",5,mixed,0,5,0,depleted,1.0,5,1,6,0,7,0.857,depleted,depleted,association_and_abundance_agree,0,5,depleted,1.000
7712,Gallintestinimicrobium propionicum,species,12713,Crohn Disease,5,mixed,0,5,0,depleted,1.0,5,1,7,0,8,0.875,depleted,depleted,association_and_abundance_agree,2,5,depleted,0.714
7712,Gallintestinimicrobium propionicum,species,20491,Colorectal Neoplasms,5,mixed,0,4,0,depleted,1.0,4,1,9,0,10,0.9,depleted,depleted,association_and_abundance_agree,0,5,depleted,1.000
7715,Agathobaculum butyriciproducens,species,12711,"Colitis, Ulcerative",5,mixed,0,5,0,depleted,1.0,5,1,6,0,7,0.857,depleted,depleted,association_and_abundance_agree,1,5,depleted,0.833
7717,Clostridiales bacterium kle1615,species,12711,"Colitis, Ulcerative",5,vs_health,0,5,0,depleted,1.0,5,1,6,0,7,0.857,depleted,depleted,association_and_abundance_agree,0,5,depleted,1.000
7721,Barnesiella,genus,56231,HIV Infections,5,vs_health,1,4,0,depleted,0.8,5,0,7,0,7,1.0,depleted,depleted,association_and_abundance_agree,1,4,depleted,0.800
7744,Clostridium sp. af36-4,species,12711,"Colitis, Ulcerative",5,mixed,1,3,0,depleted,0.75,4,2,5,0,7,0.714,depleted,depleted,association_and_abundance_agree,3,3,tied,0.500
7752,Jutongia,genus,12713,Crohn Disease,5,mixed,0,5,0,depleted,1.0,5,1,6,10,7,0.857,depleted,depleted,association_and_abundance_agree,0,5,depleted,1.000
7755,Eisenbergiella,genus,20491,Colorectal Neoplasms,5,vs_health,5,0,0,enriched,1.0,5,15,5,3,20,0.75,enriched,enriched,association_and_abundance_agree,5,0,enriched,1.000
7766,Clostridium sp. af27-2aa,species,12713,Crohn Disease,5,mixed,0,5,0,depleted,1.0,5,1,7,0,8,0.875,depleted,depleted,association_and_abundance_agree,0,5,depleted,1.000
7788,Limosilactobacillus,genus,20491,Colorectal Neoplasms,5,vs_health,4,1,0,enriched,0.8,5,14,4,5,18,0.778,enriched,enriched,association_and_abundance_agree,4,1,enriched,0.800
7792,Lachnoclostridium,genus,20491,Colorectal Neoplasms,5,vs_health,5,0,0,enriched,1.0,5,12,7,4,19,0.632,enriched,enriched,association_and_abundance_agree,5,0,enriched,1.000
7792,Lachnoclostridium,genus,62143,"Renal Insufficiency, Chronic",5,vs_health,1,4,0,depleted,0.8,5,1,5,1,6,0.833,depleted,depleted,association_and_abundance_agree,1,4,depleted,0.800
7810,Megamonas,genus,12711,"Colitis, Ulcerative",5,mixed,3,1,0,enriched,0.75,4,7,7,1,14,0.5,,enriched,association_consensus,4,1,enriched,0.800
7824,Romboutsia,genus,28066,COVID-19,5,vs_health,0,5,0,depleted,1.0,5,2,7,0,9,0.778,depleted,depleted,association_and_abundance_agree,0,5,depleted,1.000
7829,Escherichia,genus,12713,Crohn Disease,5,mixed,5,0,0,enriched,1.0,5,8,1,8,9,0.889,enriched,enriched,association_and_abundance_agree,5,0,enriched,1.000
7843,Desulfovibrio,genus,12711,"Colitis, Ulcerative",5,mixed,0,3,0,depleted,1.0,3,4,9,2,13,0.692,depleted,depleted,association_and_abundance_agree,1,4,depleted,0.800
7843,Desulfovibrio,genus,20491,Colorectal Neoplasms,5,mixed,5,0,0,enriched,1.0,5,13,10,0,23,0.565,enriched,enriched,association_and_abundance_agree,5,0,enriched,1.000
7845,Anaerobutyricum,genus,12713,Crohn Disease,5,mixed,1,4,0,depleted,0.8,5,3,7,7,10,0.7,depleted,depleted,association_and_abundance_agree,1,5,depleted,0.833
7845,Anaerobutyricum,genus,20491,Colorectal Neoplasms,5,vs_health,1,4,0,depleted,0.8,5,6,6,11,12,0.5,,depleted,association_consensus,1,4,depleted,0.800
7851,Streptococcus,genus,12713,Crohn Disease,5,mixed,3,0,0,enriched,1.0,3,12,3,2,15,0.8,enriched,enriched,association_and_abundance_agree,3,2,enriched,0.600
7851,Streptococcus,genus,28066,COVID-19,5,vs_health,4,1,0,enriched,0.8,5,8,1,0,9,0.889,enriched,enriched,association_and_abundance_agree,4,1,enriched,0.800
7857,Bifidobacterium,genus,20491,Colorectal Neoplasms,5,mixed,1,3,0,depleted,0.75,4,9,14,0,23,0.609,depleted,depleted,association_and_abundance_agree,2,3,depleted,0.600
7860,Hungatella,genus,12713,Crohn Disease,5,mixed,5,0,0,enriched,1.0,5,14,0,3,14,1.0,enriched,enriched,association_and_abundance_agree,5,0,enriched,1.000
7870,Blautia,genus,12713,Crohn Disease,5,mixed,2,3,0,depleted,0.6,5,8,8,1,16,0.5,,,unresolved_abundance_also_tied,2,4,depleted,0.667
7870,Blautia,genus,72061,Obesity,5,vs_health,3,2,0,enriched,0.6,5,3,1,1,4,0.75,enriched,enriched,abundance_majority,3,2,enriched,0.600
7871,Butyricicoccus,genus,12713,Crohn Disease,5,mixed,0,4,0,depleted,1.0,4,5,11,1,16,0.688,depleted,depleted,association_and_abundance_agree,0,5,depleted,1.000
7876,Dorea,genus,20491,Colorectal Neoplasms,5,vs_health,0,5,0,depleted,1.0,5,10,12,1,22,0.545,depleted,depleted,association_and_abundance_agree,0,5,depleted,1.000
7877,Enterococcus,genus,11446,Clostridium Infections,5,vs_health,5,0,0,enriched,1.0,5,1,0,0,1,1.0,enriched,enriched,association_consensus,5,0,enriched,1.000
7953,Clostridiaceae bacterium marseille-q4143,species,12713,Crohn Disease,5,mixed,0,5,0,depleted,1.0,5,1,6,1,7,0.857,depleted,depleted,association_and_abundance_agree,0,5,depleted,1.000
7957,Clostridium sp. am22-11ac,species,20491,Colorectal Neoplasms,5,vs_health,2,3,0,depleted,0.6,5,7,3,0,10,0.7,enriched,enriched,abundance_majority,2,3,depleted,0.600
7958,Clostridium sp. am33-3,species,12711,"Colitis, Ulcerative",5,mixed,0,5,0,depleted,1.0,5,0,7,0,7,1.0,depleted,depleted,association_and_abundance_agree,0,5,depleted,1.000
7958,Clostridium sp. am33-3,species,12713,Crohn Disease,5,vs_health,1,4,0,depleted,0.8,5,1,7,0,8,0.875,depleted,depleted,association_and_abundance_agree,1,4,depleted,0.800
7989,Agathobacter rectalis,species,12711,"Colitis, Ulcerative",5,mixed,1,2,0,depleted,0.667,3,4,3,0,7,0.571,enriched,depleted,association_consensus_abundance_disagrees,4,2,enriched,0.667
8007,Blautia massiliensis (ex durand et al. 2017),species,20491,Colorectal Neoplasms,5,mixed,0,5,0,depleted,1.0,5,4,6,0,10,0.6,depleted,depleted,association_and_abundance_agree,0,5,depleted,1.000
8011,Candidatus Cibiobacter,genus,12711,"Colitis, Ulcerative",5,mixed,0,4,0,depleted,1.0,4,1,6,8,7,0.857,depleted,depleted,association_and_abundance_agree,2,4,depleted,0.667
8012,Candidatus Cibiobacter qucibialis,species,12711,"Colitis, Ulcerative",5,mixed,0,4,0,depleted,1.0,4,1,6,0,7,0.857,depleted,depleted,association_and_abundance_agree,2,4,depleted,0.667
8028,Enterocloster aldenensis,species,12713,Crohn Disease,5,mixed,5,0,0,enriched,1.0,5,8,0,0,8,1.0,enriched,enriched,association_and_abundance_agree,5,0,enriched,1.000
8028,Enterocloster aldenensis,species,20491,Colorectal Neoplasms,5,vs_health,4,1,0,enriched,0.8,5,7,1,2,8,0.875,enriched,enriched,association_and_abundance_agree,4,1,enriched,0.800
8030,Eubacteriaceae bacterium,species,12713,Crohn Disease,5,vs_health,1,4,0,depleted,0.8,5,1,6,1,7,0.857,depleted,depleted,association_and_abundance_agree,1,4,depleted,0.800
8044,Fusicatenibacter saccharivorans,species,12713,Crohn Disease,5,vs_health,1,4,0,depleted,0.8,5,3,5,0,8,0.625,depleted,depleted,association_and_abundance_agree,1,4,depleted,0.800
8057,Lachnospiraceae bacterium am48-27bh,species,12713,Crohn Disease,5,vs_health,0,5,0,depleted,1.0,5,2,6,0,8,0.75,depleted,depleted,association_and_abundance_agree,0,5,depleted,1.000
8061,Mediterraneibacter faecis,species,12713,Crohn Disease,5,mixed,2,3,0,depleted,0.6,5,4,4,0,8,0.5,,,unresolved_abundance_also_tied,2,3,depleted,0.600
8077,Romboutsia timonensis,species,20491,Colorectal Neoplasms,5,vs_health,2,3,0,depleted,0.6,5,4,5,1,9,0.556,depleted,,unresolved_abundance_inconclusive,2,3,depleted,0.600
8082,Ruminococcus bicirculans (ex wegman et al. 2014),species,12711,"Colitis, Ulcerative",5,mixed,1,2,0,depleted,0.667,3,3,4,0,7,0.571,depleted,depleted,association_and_abundance_agree,4,2,enriched,0.667
8082,Ruminococcus bicirculans (ex wegman et al. 2014),species,12713,Crohn Disease,5,mixed,0,5,0,depleted,1.0,5,1,7,0,8,0.875,depleted,depleted,association_and_abundance_agree,1,5,depleted,0.833
8086,Simiaoa,genus,12713,Crohn Disease,5,vs_health,1,4,0,depleted,0.8,5,2,5,10,7,0.714,depleted,depleted,association_and_abundance_agree,1,4,depleted,0.800
8087,Simiaoa sunii,species,12711,"Colitis, Ulcerative",5,vs_health,0,5,0,depleted,1.0,5,1,6,0,7,0.857,depleted,depleted,association_and_abundance_agree,0,5,depleted,1.000
8087,Simiaoa sunii,species,12713,Crohn Disease,5,vs_health,1,4,0,depleted,0.8,5,2,5,1,7,0.714,depleted,depleted,association_and_abundance_agree,1,4,depleted,0.800
8089,Thomasclavelia ramosa,species,12713,Crohn Disease,5,mixed,5,0,0,enriched,1.0,5,8,0,0,8,1.0,enriched,enriched,association_and_abundance_agree,5,0,enriched,1.000
8096,Agathobacter,genus,20491,Colorectal Neoplasms,5,vs_health,0,5,0,depleted,1.0,5,2,9,12,11,0.818,depleted,depleted,association_and_abundance_agree,0,5,depleted,1.000
8304,Parabacteroides,genus,12711,"Colitis, Ulcerative",5,mixed,1,1,0,,0.5,2,6,8,1,14,0.571,depleted,,unresolved_abundance_inconclusive,3,2,enriched,0.600
9195,Veillonellaceae,genus,20491,Colorectal Neoplasms,5,vs_health,5,0,0,enriched,1.0,5,9,0,14,9,1.0,enriched,enriched,association_and_abundance_agree,5,0,enriched,1.000
9263,Faecalimonas,genus,12713,Crohn Disease,5,mixed,5,0,0,enriched,1.0,5,10,0,7,10,1.0,enriched,enriched,association_and_abundance_agree,5,0,enriched,1.000
9264,Faecalimonas umbilicata,species,12713,Crohn Disease,5,mixed,5,0,0,enriched,1.0,5,8,0,0,8,1.0,enriched,enriched,association_and_abundance_agree,5,0,enriched,1.000
9313,Peptostreptococcus,genus,12713,Crohn Disease,5,vs_health,5,0,0,enriched,1.0,5,13,1,3,14,0.929,enriched,enriched,association_and_abundance_agree,5,0,enriched,1.000
10074,Oscillospiraceae bacterium,species,12711,"Colitis, Ulcerative",5,mixed,1,4,0,depleted,0.8,5,2,5,0,7,0.714,depleted,depleted,association_and_abundance_agree,2,4,depleted,0.667
10074,Oscillospiraceae bacterium,species,12713,Crohn Disease,5,mixed,0,5,0,depleted,1.0,5,0,7,1,7,1.0,depleted,depleted,association_and_abundance_agree,0,5,depleted,1.000
10314,Oscillospiraceae bacterium marseille-q3528,species,12713,Crohn Disease,5,mixed,0,5,0,depleted,1.0,5,0,7,1,7,1.0,depleted,depleted,association_and_abundance_agree,0,5,depleted,1.000
7,Bifidobacterium adolescentis,species,12713,Crohn Disease,4,mixed,3,1,0,enriched,0.75,4,3,4,1,7,0.571,depleted,enriched,association_consensus_abundance_disagrees,3,1,enriched,0.750
7,Bifidobacterium adolescentis,species,20491,Colorectal Neoplasms,4,vs_health,1,3,0,depleted,0.75,4,3,7,0,10,0.7,depleted,depleted,association_and_abundance_agree,1,3,depleted,0.750
15,Collinsella aerofaciens,species,12713,Crohn Disease,4,mixed,2,1,0,enriched,0.667,3,3,5,0,8,0.625,depleted,enriched,association_consensus_abundance_disagrees,2,2,tied,0.500
34,Granulicatella,genus,20491,Colorectal Neoplasms,4,vs_health,4,0,0,enriched,1.0,4,17,2,4,19,0.895,enriched,enriched,association_and_abundance_agree,4,0,enriched,1.000
35,Odoribacter,genus,11446,Clostridium Infections,4,vs_health,0,4,0,depleted,1.0,4,0,1,0,1,1.0,depleted,depleted,association_consensus,0,4,depleted,1.000
35,Odoribacter,genus,46796,Diarrhea,4,vs_health,0,4,0,depleted,1.0,4,0,2,0,2,1.0,depleted,depleted,association_and_abundance_agree,0,4,depleted,1.000
37,Mogibacterium,genus,20491,Colorectal Neoplasms,4,vs_health,3,1,0,enriched,0.75,4,14,1,8,15,0.933,enriched,enriched,association_and_abundance_agree,3,1,enriched,0.750
37,Mogibacterium,genus,72061,Obesity,4,vs_health,4,0,0,enriched,1.0,4,2,1,2,3,0.667,enriched,enriched,association_and_abundance_agree,4,0,enriched,1.000
40,Megasphaera,genus,20491,Colorectal Neoplasms,4,vs_health,1,3,0,depleted,0.75,4,10,12,1,22,0.545,depleted,depleted,association_and_abundance_agree,1,3,depleted,0.750
40,Megasphaera,genus,45328,"Diabetes Mellitus, Type 2",4,mixed,4,0,0,enriched,1.0,4,7,3,0,10,0.7,enriched,enriched,association_and_abundance_agree,4,0,enriched,1.000
45,Fusobacterium,genus,11446,Clostridium Infections,4,vs_health,3,1,0,enriched,0.75,4,1,0,0,1,1.0,enriched,enriched,association_consensus,3,1,enriched,0.750
46,Peptoniphilus,genus,12713,Crohn Disease,4,mixed,1,0,0,enriched,1.0,1,9,4,4,13,0.692,enriched,enriched,association_and_abundance_agree,1,3,depleted,0.750
46,Peptoniphilus,genus,20491,Colorectal Neoplasms,4,vs_health,4,0,0,enriched,1.0,4,12,5,6,17,0.706,enriched,enriched,association_and_abundance_agree,4,0,enriched,1.000
66,Blautia obeum,species,12711,"Colitis, Ulcerative",4,mixed,1,0,0,enriched,1.0,1,4,3,0,7,0.571,enriched,enriched,association_and_abundance_agree,4,0,enriched,1.000
66,Blautia obeum,species,20491,Colorectal Neoplasms,4,vs_health,0,4,0,depleted,1.0,4,3,7,0,10,0.7,depleted,depleted,association_and_abundance_agree,0,4,depleted,1.000
70,Adlercreutzia,genus,12711,"Colitis, Ulcerative",4,mixed,1,2,0,depleted,0.667,3,3,10,2,13,0.769,depleted,depleted,association_and_abundance_agree,3,2,enriched,0.600
70,Adlercreutzia,genus,20491,Colorectal Neoplasms,4,vs_health,0,4,0,depleted,1.0,4,6,12,5,18,0.667,depleted,depleted,association_and_abundance_agree,0,4,depleted,1.000
82,Turicibacter,genus,12711,"Colitis, Ulcerative",4,mixed,1,0,0,enriched,1.0,1,11,2,2,13,0.846,enriched,enriched,association_and_abundance_agree,3,1,enriched,0.750
82,Turicibacter,genus,20491,Colorectal Neoplasms,4,vs_health,1,3,0,depleted,0.75,4,6,15,2,21,0.714,depleted,depleted,association_and_abundance_agree,1,3,depleted,0.750
82,Turicibacter,genus,56231,HIV Infections,4,vs_health,0,4,0,depleted,1.0,4,3,4,0,7,0.571,depleted,depleted,association_and_abundance_agree,0,4,depleted,1.000
87,Dorea formicigenerans,species,12711,"Colitis, Ulcerative",4,mixed,0,1,0,depleted,1.0,1,4,3,0,7,0.571,enriched,depleted,association_consensus_abundance_disagrees,4,1,enriched,0.800
94,Butyricimonas,genus,46796,Diarrhea,4,vs_health,0,4,0,depleted,1.0,4,0,2,0,2,1.0,depleted,depleted,association_and_abundance_agree,0,4,depleted,1.000
106,Sutterella,genus,46796,Diarrhea,4,vs_health,0,4,0,depleted,1.0,4,0,2,0,2,1.0,depleted,depleted,association_and_abundance_agree,0,4,depleted,1.000
107,Bacteroides uniformis,species,12713,Crohn Disease,4,mixed,2,1,0,enriched,0.667,3,4,4,0,8,0.5,,enriched,association_consensus,2,2,tied,0.500
107,Bacteroides uniformis,species,20491,Colorectal Neoplasms,4,mixed,2,2,0,,0.5,4,7,3,0,10,0.7,enriched,enriched,abundance_majority,2,2,tied,0.500
109,Alistipes indistinctus,species,12713,Crohn Disease,4,mixed,0,2,0,depleted,1.0,2,2,5,1,7,0.714,depleted,depleted,association_and_abundance_agree,2,2,tied,0.500
145,Anaerotruncus,genus,20491,Colorectal Neoplasms,4,vs_health,3,1,0,enriched,0.75,4,15,7,1,22,0.682,enriched,enriched,association_and_abundance_agree,3,1,enriched,0.750
176,Gemella,genus,12713,Crohn Disease,4,vs_health,4,0,0,enriched,1.0,4,11,2,4,13,0.846,enriched,enriched,association_and_abundance_agree,4,0,enriched,1.000
212,Roseburia faecis,species,12713,Crohn Disease,4,mixed,0,4,0,depleted,1.0,4,0,7,1,7,1.0,depleted,depleted,association_and_abundance_agree,1,4,depleted,0.800
217,Dialister,genus,11446,Clostridium Infections,4,vs_health,0,4,0,depleted,1.0,4,0,1,0,1,1.0,depleted,depleted,association_consensus,0,4,depleted,1.000
217,Dialister,genus,28066,COVID-19,4,vs_health,1,3,0,depleted,0.75,4,2,7,0,9,0.778,depleted,depleted,association_and_abundance_agree,1,3,depleted,0.750
217,Dialister,genus,45328,"Diabetes Mellitus, Type 2",4,vs_health,2,2,0,,0.5,4,3,6,1,9,0.667,depleted,depleted,abundance_majority,2,2,tied,0.500
241,Coprococcus eutactus,species,20491,Colorectal Neoplasms,4,vs_health,0,4,0,depleted,1.0,4,2,8,0,10,0.8,depleted,depleted,association_and_abundance_agree,0,4,depleted,1.000
288,Ruminococcus callidus,species,12711,"Colitis, Ulcerative",4,mixed,0,4,0,depleted,1.0,4,0,7,0,7,1.0,depleted,depleted,association_and_abundance_agree,1,4,depleted,0.800
341,Bacteroides nordii,species,12713,Crohn Disease,4,mixed,1,2,0,depleted,0.667,3,4,4,0,8,0.5,,depleted,association_consensus,2,2,tied,0.500
452,Porphyromonas endodontalis,species,20491,Colorectal Neoplasms,4,vs_health,4,0,0,enriched,1.0,4,7,0,3,7,1.0,enriched,enriched,association_and_abundance_agree,4,0,enriched,1.000
658,Alistipes onderdonkii,species,12711,"Colitis, Ulcerative",4,mixed,1,3,0,depleted,0.75,4,3,4,0,7,0.571,depleted,depleted,association_and_abundance_agree,1,3,depleted,0.750
659,Alistipes putredinis,species,12711,"Colitis, Ulcerative",4,mixed,0,4,0,depleted,1.0,4,1,6,0,7,0.857,depleted,depleted,association_and_abundance_agree,2,4,depleted,0.667
684,Anaerobutyricum soehngenii,species,12713,Crohn Disease,4,mixed,2,0,0,enriched,1.0,2,5,2,1,7,0.714,enriched,enriched,association_and_abundance_agree,3,1,enriched,0.750
779,Bacteroides cellulosilyticus,species,12713,Crohn Disease,4,mixed,1,2,0,depleted,0.667,3,5,3,0,8,0.625,enriched,depleted,association_consensus_abundance_disagrees,2,2,tied,0.500
783,Bacteroides faecis,species,12711,"Colitis, Ulcerative",4,vs_health,1,3,0,depleted,0.75,4,3,4,0,7,0.571,depleted,depleted,association_and_abundance_agree,1,3,depleted,0.750
784,Bacteroides finegoldii,species,12713,Crohn Disease,4,mixed,1,3,0,depleted,0.75,4,2,5,1,7,0.714,depleted,depleted,association_and_abundance_agree,1,3,depleted,0.750
812,Bacteroides stercoris,species,12713,Crohn Disease,4,mixed,0,4,0,depleted,1.0,4,4,4,0,8,0.5,,depleted,association_consensus,0,4,depleted,1.000
813,Bacteroides thetaiotaomicron,species,20491,Colorectal Neoplasms,4,vs_health,4,0,0,enriched,1.0,4,9,1,0,10,0.9,enriched,enriched,association_and_abundance_agree,4,0,enriched,1.000
816,Barnesiella intestinihominis,species,12711,"Colitis, Ulcerative",4,mixed,1,3,0,depleted,0.75,4,3,4,0,7,0.571,depleted,depleted,association_and_abundance_agree,2,3,depleted,0.600
828,Bifidobacterium dentium,species,12711,"Colitis, Ulcerative",4,mixed,2,0,0,enriched,1.0,2,6,1,0,7,0.857,enriched,enriched,association_and_abundance_agree,2,2,tied,0.500
828,Bifidobacterium dentium,species,12713,Crohn Disease,4,mixed,3,0,0,enriched,1.0,3,5,2,1,7,0.714,enriched,enriched,association_and_abundance_agree,3,1,enriched,0.750
832,Bifidobacterium pseudocatenulatum,species,12713,Crohn Disease,4,mixed,1,1,0,,0.5,2,4,3,1,7,0.571,enriched,,unresolved_abundance_inconclusive,3,1,enriched,0.750
837,Bilophila wadsworthia,species,12713,Crohn Disease,4,mixed,1,2,0,depleted,0.667,3,4,3,1,7,0.571,enriched,depleted,association_consensus_abundance_disagrees,3,2,enriched,0.600
922,Collinsella intestinalis,species,12713,Crohn Disease,4,mixed,1,2,0,depleted,0.667,3,5,2,1,7,0.714,enriched,depleted,association_consensus_abundance_disagrees,1,3,depleted,0.750
936,Coprococcus comes,species,20491,Colorectal Neoplasms,4,vs_health,0,4,0,depleted,1.0,4,2,8,0,10,0.8,depleted,depleted,association_and_abundance_agree,0,4,depleted,1.000
975,Adlercreutzia equolifaciens,species,12711,"Colitis, Ulcerative",4,mixed,1,2,0,depleted,0.667,3,3,4,0,7,0.571,depleted,depleted,association_and_abundance_agree,3,2,enriched,0.600
975,Adlercreutzia equolifaciens,species,12713,Crohn Disease,4,mixed,0,4,0,depleted,1.0,4,1,6,1,7,0.857,depleted,depleted,association_and_abundance_agree,0,4,depleted,1.000
975,Adlercreutzia equolifaciens,species,20491,Colorectal Neoplasms,4,vs_health,0,4,0,depleted,1.0,4,3,6,1,9,0.667,depleted,depleted,association_and_abundance_agree,0,4,depleted,1.000
1016,Enterocloster bolteae,species,12713,Crohn Disease,4,mixed,4,0,0,enriched,1.0,4,8,0,0,8,1.0,enriched,enriched,association_and_abundance_agree,4,0,enriched,1.000
1016,Enterocloster bolteae,species,20491,Colorectal Neoplasms,4,mixed,3,0,0,enriched,1.0,3,8,1,1,9,0.889,enriched,enriched,association_and_abundance_agree,3,1,enriched,0.750
1020,Enterocloster clostridioformis,species,12711,"Colitis, Ulcerative",4,mixed,1,0,0,enriched,1.0,1,5,1,1,6,0.833,enriched,enriched,association_and_abundance_agree,1,4,depleted,0.800
1054,Desulfovibrio piger,species,12711,"Colitis, Ulcerative",4,vs_health,0,4,0,depleted,1.0,4,1,6,0,7,0.857,depleted,depleted,association_and_abundance_agree,0,4,depleted,1.000
1064,Dialister pneumosintes,species,12711,"Colitis, Ulcerative",4,vs_health,4,0,0,enriched,1.0,4,6,0,1,6,1.0,enriched,enriched,association_and_abundance_agree,4,0,enriched,1.000
1064,Dialister pneumosintes,species,12713,Crohn Disease,4,vs_health,4,0,0,enriched,1.0,4,7,0,1,7,1.0,enriched,enriched,association_and_abundance_agree,4,0,enriched,1.000
1089,Eubacterium ramulus,species,20491,Colorectal Neoplasms,4,vs_health,0,4,0,depleted,1.0,4,2,8,0,10,0.8,depleted,depleted,association_and_abundance_agree,0,4,depleted,1.000
1101,Eggerthella,genus,20491,Colorectal Neoplasms,4,vs_health,4,0,0,enriched,1.0,4,16,5,2,21,0.762,enriched,enriched,association_and_abundance_agree,4,0,enriched,1.000
1138,Flavonifractor plautii,species,12711,"Colitis, Ulcerative",4,vs_health,4,0,0,enriched,1.0,4,7,0,0,7,1.0,enriched,enriched,association_and_abundance_agree,4,0,enriched,1.000
1231,Hungatella hathewayi,species,20491,Colorectal Neoplasms,4,vs_health,3,1,0,enriched,0.75,4,6,2,2,8,0.75,enriched,enriched,association_and_abundance_agree,3,1,enriched,0.750
1311,Megamonas funiformis,species,12711,"Colitis, Ulcerative",4,mixed,2,1,0,enriched,0.667,3,3,3,1,6,0.5,,enriched,association_consensus,3,1,enriched,0.750
1311,Megamonas funiformis,species,12713,Crohn Disease,4,mixed,1,3,0,depleted,0.75,4,1,5,2,6,0.833,depleted,depleted,association_and_abundance_agree,1,3,depleted,0.750
1326,Methanobrevibacter smithii,species,12711,"Colitis, Ulcerative",4,mixed,1,1,0,,0.5,2,2,4,1,6,0.667,depleted,depleted,abundance_majority,3,1,enriched,0.750
1424,Butyricimonas virosa,species,12713,Crohn Disease,4,mixed,1,1,0,,0.5,2,3,4,1,7,0.571,depleted,,unresolved_abundance_inconclusive,2,2,tied,0.500
1472,Odoribacter splanchnicus,species,20491,Colorectal Neoplasms,4,mixed,1,2,0,depleted,0.667,3,6,4,0,10,0.6,enriched,depleted,association_consensus_abundance_disagrees,2,2,tied,0.500
1504,Parabacteroides goldsteinii,species,12711,"Colitis, Ulcerative",4,mixed,0,4,0,depleted,1.0,4,1,5,1,6,0.833,depleted,depleted,association_and_abundance_agree,1,4,depleted,0.800
1504,Parabacteroides goldsteinii,species,12713,Crohn Disease,4,mixed,1,2,0,depleted,0.667,3,4,4,0,8,0.5,,depleted,association_consensus,2,2,tied,0.500
1508,Parabacteroides merdae,species,12711,"Colitis, Ulcerative",4,mixed,0,2,0,depleted,1.0,2,1,6,0,7,0.857,depleted,depleted,association_and_abundance_agree,1,3,depleted,0.750
1560,Phascolarctobacterium succinatutens,species,12711,"Colitis, Ulcerative",4,mixed,0,3,0,depleted,1.0,3,0,7,0,7,1.0,depleted,depleted,association_and_abundance_agree,1,3,depleted,0.750
1560,Phascolarctobacterium succinatutens,species,12713,Crohn Disease,4,mixed,0,4,0,depleted,1.0,4,0,8,0,8,1.0,depleted,depleted,association_and_abundance_agree,0,4,depleted,1.000
1566,Phocaeicola massiliensis,species,12713,Crohn Disease,4,mixed,0,4,0,depleted,1.0,4,1,7,0,8,0.875,depleted,depleted,association_and_abundance_agree,0,4,depleted,1.000
1567,Phocaeicola plebeius,species,12711,"Colitis, Ulcerative",4,mixed,0,1,0,depleted,1.0,1,1,6,0,7,0.857,depleted,depleted,association_and_abundance_agree,3,1,enriched,0.750
1699,Roseburia intestinalis,species,12711,"Colitis, Ulcerative",4,mixed,1,1,0,,0.5,2,4,3,0,7,0.571,enriched,,unresolved_abundance_inconclusive,3,1,enriched,0.750
1699,Roseburia intestinalis,species,12713,Crohn Disease,4,mixed,0,4,0,depleted,1.0,4,4,4,0,8,0.5,,depleted,association_consensus,0,4,depleted,1.000
1701,Roseburia inulinivorans,species,20491,Colorectal Neoplasms,4,mixed,0,3,0,depleted,1.0,3,3,7,0,10,0.7,depleted,depleted,association_and_abundance_agree,0,4,depleted,1.000
1731,Ruminococcus lactaris,species,12711,"Colitis, Ulcerative",4,mixed,0,1,0,depleted,1.0,1,4,3,0,7,0.571,enriched,depleted,association_consensus_abundance_disagrees,4,1,enriched,0.800
1731,Ruminococcus lactaris,species,20491,Colorectal Neoplasms,4,vs_health,0,4,0,depleted,1.0,4,3,7,0,10,0.7,depleted,depleted,association_and_abundance_agree,0,4,depleted,1.000
1913,Sutterella wadsworthensis,species,12713,Crohn Disease,4,mixed,1,3,0,depleted,0.75,4,3,5,0,8,0.625,depleted,depleted,association_and_abundance_agree,1,3,depleted,0.750
3799,Waltera acetigignens,species,20491,Colorectal Neoplasms,4,vs_health,0,4,0,depleted,1.0,4,2,8,0,10,0.8,depleted,depleted,association_and_abundance_agree,0,4,depleted,1.000
3804,Vescimonas coprocola,species,12711,"Colitis, Ulcerative",4,mixed,0,3,0,depleted,1.0,3,3,4,0,7,0.571,depleted,depleted,association_and_abundance_agree,1,4,depleted,0.800
3804,Vescimonas coprocola,species,12713,Crohn Disease,4,mixed,1,3,0,depleted,0.75,4,2,5,1,7,0.714,depleted,depleted,association_and_abundance_agree,1,3,depleted,0.750
3808,Oscillibacter sp. msj-31,species,20491,Colorectal Neoplasms,4,mixed,0,3,0,depleted,1.0,3,6,4,0,10,0.6,enriched,depleted,association_consensus_abundance_disagrees,1,3,depleted,0.750
3810,Alistipes ihumii,species,12713,Crohn Disease,4,mixed,0,3,0,depleted,1.0,3,1,6,1,7,0.857,depleted,depleted,association_and_abundance_agree,1,3,depleted,0.750
3812,Clostridiaceae bacterium af18-31lb,species,20491,Colorectal Neoplasms,4,vs_health,0,4,0,depleted,1.0,4,2,7,1,9,0.778,depleted,depleted,association_and_abundance_agree,0,4,depleted,1.000
3826,Mediterraneibacter gnavus,species,12713,Crohn Disease,4,mixed,4,0,0,enriched,1.0,4,8,0,0,8,1.0,enriched,enriched,association_and_abundance_agree,4,0,enriched,1.000
3826,Mediterraneibacter gnavus,species,20491,Colorectal Neoplasms,4,mixed,3,0,0,enriched,1.0,3,7,3,0,10,0.7,enriched,enriched,association_and_abundance_agree,3,1,enriched,0.750
7657,Bacteroides,genus,28066,COVID-19,4,vs_health,3,1,0,enriched,0.75,4,4,5,0,9,0.556,depleted,enriched,association_consensus_abundance_disagrees,3,1,enriched,0.750
7657,Bacteroides,genus,56231,HIV Infections,4,vs_health,1,3,0,depleted,0.75,4,2,5,0,7,0.714,depleted,depleted,association_and_abundance_agree,1,3,depleted,0.750
7658,Ruminococcus,genus,11446,Clostridium Infections,4,vs_health,0,4,0,depleted,1.0,4,0,1,0,1,1.0,depleted,depleted,association_consensus,0,4,depleted,1.000
7658,Ruminococcus,genus,46796,Diarrhea,4,vs_health,0,4,0,depleted,1.0,4,0,2,0,2,1.0,depleted,depleted,association_and_abundance_agree,0,4,depleted,1.000
7659,Segatella,genus,12711,"Colitis, Ulcerative",4,mixed,0,2,0,depleted,1.0,2,0,7,8,7,1.0,depleted,depleted,association_and_abundance_agree,2,2,tied,0.500
7662,Segatella copri,species,12711,"Colitis, Ulcerative",4,mixed,0,2,0,depleted,1.0,2,1,6,0,7,0.857,depleted,depleted,association_and_abundance_agree,2,2,tied,0.500
7664,Coprococcus,genus,11446,Clostridium Infections,4,vs_health,0,4,0,depleted,1.0,4,0,1,0,1,1.0,depleted,depleted,association_consensus,0,4,depleted,1.000
7664,Coprococcus,genus,46796,Diarrhea,4,vs_health,0,4,0,depleted,1.0,4,0,2,0,2,1.0,depleted,depleted,association_and_abundance_agree,0,4,depleted,1.000
7666,Faecalibacterium,genus,11446,Clostridium Infections,4,vs_health,1,3,0,depleted,0.75,4,1,0,0,1,1.0,enriched,depleted,association_consensus,1,3,depleted,0.750
7666,Faecalibacterium,genus,46796,Diarrhea,4,vs_health,0,4,0,depleted,1.0,4,0,2,0,2,1.0,depleted,depleted,association_and_abundance_agree,0,4,depleted,1.000
7667,Alistipes,genus,12711,"Colitis, Ulcerative",4,mixed,1,3,0,depleted,0.75,4,2,11,2,13,0.846,depleted,depleted,association_and_abundance_agree,2,3,depleted,0.600
7667,Alistipes,genus,46796,Diarrhea,4,vs_health,0,4,0,depleted,1.0,4,0,2,0,2,1.0,depleted,depleted,association_and_abundance_agree,0,4,depleted,1.000
7669,Eubacterium,genus,12711,"Colitis, Ulcerative",4,mixed,0,4,0,depleted,1.0,4,6,9,0,15,0.6,depleted,depleted,association_and_abundance_agree,0,4,depleted,1.000
7669,Eubacterium,genus,46796,Diarrhea,4,vs_health,1,3,0,depleted,0.75,4,1,1,0,2,0.5,,depleted,association_consensus,1,3,depleted,0.750
7671,Lachnospira,genus,28066,COVID-19,4,vs_health,0,4,0,depleted,1.0,4,2,6,1,8,0.75,depleted,depleted,association_and_abundance_agree,0,4,depleted,1.000
7672,Collinsella,genus,12711,"Colitis, Ulcerative",4,mixed,2,1,0,enriched,0.667,3,9,5,1,14,0.643,enriched,enriched,association_and_abundance_agree,2,2,tied,0.500
7676,Oliverpabstia,genus,12713,Crohn Disease,4,mixed,2,2,0,,0.5,4,3,6,8,9,0.667,depleted,depleted,abundance_majority,2,3,depleted,0.600
7677,Oscillibacter,genus,12711,"Colitis, Ulcerative",4,mixed,0,4,0,depleted,1.0,4,3,11,1,14,0.786,depleted,depleted,association_and_abundance_agree,2,4,depleted,0.667
7677,Oscillibacter,genus,20491,Colorectal Neoplasms,4,mixed,1,2,0,depleted,0.667,3,16,5,2,21,0.762,enriched,depleted,association_consensus_abundance_disagrees,2,2,tied,0.500
7677,Oscillibacter,genus,46796,Diarrhea,4,vs_health,0,4,0,depleted,1.0,4,0,2,0,2,1.0,depleted,depleted,association_and_abundance_agree,0,4,depleted,1.000
7677,Oscillibacter,genus,72061,Obesity,4,vs_health,0,4,0,depleted,1.0,4,1,3,1,4,0.75,depleted,depleted,association_and_abundance_agree,0,4,depleted,1.000
7680,Oliverpabstia intestinalis,species,12713,Crohn Disease,4,mixed,3,1,0,enriched,0.75,4,4,3,1,7,0.571,enriched,enriched,association_and_abundance_agree,3,2,enriched,0.600
7684,Eubacterium siraeum,species,20491,Colorectal Neoplasms,4,vs_health,1,3,0,depleted,0.75,4,3,7,0,10,0.7,depleted,depleted,association_and_abundance_agree,1,3,depleted,0.750
7685,Waltera,genus,12711,"Colitis, Ulcerative",4,mixed,0,3,0,depleted,1.0,3,1,6,8,7,0.857,depleted,depleted,association_and_abundance_agree,1,4,depleted,0.800
7685,Waltera,genus,20491,Colorectal Neoplasms,4,vs_health,0,4,0,depleted,1.0,4,2,8,13,10,0.8,depleted,depleted,association_and_abundance_agree,0,4,depleted,1.000
7686,Roseburia,genus,12711,"Colitis, Ulcerative",4,mixed,1,1,0,,0.5,2,5,9,1,14,0.643,depleted,depleted,abundance_majority,3,1,enriched,0.750
7686,Roseburia,genus,46796,Diarrhea,4,vs_health,0,4,0,depleted,1.0,4,0,2,0,2,1.0,depleted,depleted,association_and_abundance_agree,0,4,depleted,1.000
7686,Roseburia,genus,62143,"Renal Insufficiency, Chronic",4,vs_health,0,4,0,depleted,1.0,4,1,5,1,6,0.833,depleted,depleted,association_and_abundance_agree,0,4,depleted,1.000
7693,Mediterraneibacter,genus,28066,COVID-19,4,vs_health,3,1,0,enriched,0.75,4,5,3,1,8,0.625,enriched,enriched,association_and_abundance_agree,3,1,enriched,0.750
7694,Monoglobus,genus,12711,"Colitis, Ulcerative",4,mixed,0,2,0,depleted,1.0,2,5,8,2,13,0.615,depleted,depleted,association_and_abundance_agree,2,2,tied,0.500
7696,Oscillibacter sp. er4,species,12711,"Colitis, Ulcerative",4,mixed,0,3,0,depleted,1.0,3,0,7,0,7,1.0,depleted,depleted,association_and_abundance_agree,1,3,depleted,0.750
7699,Roseburia sp. af02-12,species,12713,Crohn Disease,4,vs_health,0,4,0,depleted,1.0,4,1,6,1,7,0.857,depleted,depleted,association_and_abundance_agree,0,4,depleted,1.000
7713,Agathobaculum,genus,12711,"Colitis, Ulcerative",4,mixed,0,4,0,depleted,1.0,4,2,7,6,9,0.778,depleted,depleted,association_and_abundance_agree,1,4,depleted,0.800
7721,Barnesiella,genus,20491,Colorectal Neoplasms,4,vs_health,1,3,0,depleted,0.75,4,12,10,1,22,0.545,enriched,depleted,association_consensus_abundance_disagrees,1,3,depleted,0.750
7721,Barnesiella,genus,46796,Diarrhea,4,vs_health,0,4,0,depleted,1.0,4,0,2,0,2,1.0,depleted,depleted,association_and_abundance_agree,0,4,depleted,1.000
7725,Coprobacter,genus,12713,Crohn Disease,4,vs_health,1,3,0,depleted,0.75,4,5,8,4,13,0.615,depleted,depleted,association_and_abundance_agree,1,3,depleted,0.750
7726,Oscillibacter valericigenes,species,12711,"Colitis, Ulcerative",4,mixed,0,2,0,depleted,1.0,2,1,6,0,7,0.857,depleted,depleted,association_and_abundance_agree,3,2,enriched,0.600
7735,Clostridium fessum,species,12711,"Colitis, Ulcerative",4,vs_health,0,4,0,depleted,1.0,4,1,6,0,7,0.857,depleted,depleted,association_and_abundance_agree,0,4,depleted,1.000
7736,Parabacteroides faecalis,species,12711,"Colitis, Ulcerative",4,mixed,0,3,0,depleted,1.0,3,0,5,2,5,1.0,depleted,depleted,association_and_abundance_agree,1,3,depleted,0.750
7738,Lawsonibacter,genus,12713,Crohn Disease,4,mixed,1,2,0,depleted,0.667,3,3,6,8,9,0.667,depleted,depleted,association_and_abundance_agree,1,3,depleted,0.750
7743,Lawsonibacter asaccharolyticus,species,12713,Crohn Disease,4,mixed,1,2,0,depleted,0.667,3,2,5,1,7,0.714,depleted,depleted,association_and_abundance_agree,1,3,depleted,0.750
7748,Fusicatenibacter faecihominis,species,12711,"Colitis, Ulcerative",4,mixed,0,3,0,depleted,1.0,3,0,7,0,7,1.0,depleted,depleted,association_and_abundance_agree,1,3,depleted,0.750
7748,Fusicatenibacter faecihominis,species,12713,Crohn Disease,4,mixed,1,3,0,depleted,0.75,4,2,5,1,7,0.714,depleted,depleted,association_and_abundance_agree,1,3,depleted,0.750
7750,Victivallis,genus,12713,Crohn Disease,4,vs_health,0,4,0,depleted,1.0,4,3,7,7,10,0.7,depleted,depleted,association_and_abundance_agree,0,4,depleted,1.000
7752,Jutongia,genus,12711,"Colitis, Ulcerative",4,mixed,0,3,0,depleted,1.0,3,0,6,9,6,1.0,depleted,depleted,association_and_abundance_agree,1,3,depleted,0.750
7755,Eisenbergiella,genus,12713,Crohn Disease,4,mixed,3,0,0,enriched,1.0,3,13,1,3,14,0.929,enriched,enriched,association_and_abundance_agree,4,0,enriched,1.000
7758,Faecalitalea,genus,12713,Crohn Disease,4,mixed,1,1,0,,0.5,2,4,6,7,10,0.6,depleted,,unresolved_abundance_inconclusive,1,3,depleted,0.750
7771,Hydrogenoanaerobacterium,genus,12711,"Colitis, Ulcerative",4,mixed,1,1,0,,0.5,2,5,6,4,11,0.545,depleted,,unresolved_abundance_inconclusive,3,1,enriched,0.750
7771,Hydrogenoanaerobacterium,genus,20491,Colorectal Neoplasms,4,mixed,2,2,0,,0.5,4,13,6,4,19,0.684,enriched,enriched,abundance_majority,2,2,tied,0.500
7782,Actinomyces,genus,12713,Crohn Disease,4,mixed,4,0,0,enriched,1.0,4,12,3,2,15,0.8,enriched,enriched,association_and_abundance_agree,4,0,enriched,1.000
7782,Actinomyces,genus,20491,Colorectal Neoplasms,4,vs_health,4,0,0,enriched,1.0,4,15,5,3,20,0.75,enriched,enriched,association_and_abundance_agree,4,0,enriched,1.000
7787,Alistipes communis,species,12713,Crohn Disease,4,mixed,0,4,0,depleted,1.0,4,1,6,1,7,0.857,depleted,depleted,association_and_abundance_agree,1,4,depleted,0.800
7788,Limosilactobacillus,genus,12713,Crohn Disease,4,mixed,4,0,0,enriched,1.0,4,13,2,2,15,0.867,enriched,enriched,association_and_abundance_agree,4,0,enriched,1.000
7789,Pseudoflavonifractor,genus,12713,Crohn Disease,4,mixed,1,1,0,,0.5,2,7,4,6,11,0.636,enriched,enriched,abundance_majority,2,2,tied,0.500
7789,Pseudoflavonifractor,genus,20491,Colorectal Neoplasms,4,mixed,2,1,0,enriched,0.667,3,9,8,6,17,0.529,enriched,enriched,association_and_abundance_agree,2,2,tied,0.500
7790,Negativibacillus,genus,12713,Crohn Disease,4,mixed,1,2,0,depleted,0.667,3,7,7,3,14,0.5,,depleted,association_consensus,1,4,depleted,0.800
7791,Clostridiales bacterium,species,12713,Crohn Disease,4,mixed,1,2,0,depleted,0.667,3,4,4,0,8,0.5,,depleted,association_consensus,1,3,depleted,0.750
7792,Lachnoclostridium,genus,12711,"Colitis, Ulcerative",4,mixed,2,1,0,enriched,0.667,3,9,5,1,14,0.643,enriched,enriched,association_and_abundance_agree,3,1,enriched,0.750
7796,Allisonella,genus,28066,COVID-19,4,vs_health,0,4,0,depleted,1.0,4,2,5,2,7,0.714,depleted,depleted,association_and_abundance_agree,0,4,depleted,1.000
7800,Dorea sp. af36-15at,species,12713,Crohn Disease,4,mixed,1,3,0,depleted,0.75,4,3,4,1,7,0.571,depleted,depleted,association_and_abundance_agree,1,3,depleted,0.750
7813,Lactobacillus,genus,12711,"Colitis, Ulcerative",4,mixed,2,1,0,enriched,0.667,3,12,3,0,15,0.8,enriched,enriched,association_and_abundance_agree,2,2,tied,0.500
7813,Lactobacillus,genus,12713,Crohn Disease,4,mixed,4,0,0,enriched,1.0,4,14,2,1,16,0.875,enriched,enriched,association_and_abundance_agree,4,0,enriched,1.000
7819,Blautia faecicola,species,20491,Colorectal Neoplasms,4,vs_health,0,4,0,depleted,1.0,4,2,7,1,9,0.778,depleted,depleted,association_and_abundance_agree,0,4,depleted,1.000
7820,Ruthenibacterium lactatiformans,species,20491,Colorectal Neoplasms,4,vs_health,3,1,0,enriched,0.75,4,8,2,0,10,0.8,enriched,enriched,association_and_abundance_agree,3,1,enriched,0.750
7821,Blautia glucerasea,species,12711,"Colitis, Ulcerative",4,mixed,2,1,0,enriched,0.667,3,4,3,0,7,0.571,enriched,enriched,association_and_abundance_agree,3,1,enriched,0.750
7821,Blautia glucerasea,species,12713,Crohn Disease,4,mixed,1,3,0,depleted,0.75,4,4,3,1,7,0.571,enriched,depleted,association_consensus_abundance_disagrees,1,3,depleted,0.750
7821,Blautia glucerasea,species,20491,Colorectal Neoplasms,4,vs_health,0,4,0,depleted,1.0,4,4,6,0,10,0.6,depleted,depleted,association_and_abundance_agree,0,4,depleted,1.000
7828,Ruthenibacterium,genus,20491,Colorectal Neoplasms,4,vs_health,3,1,0,enriched,0.75,4,9,3,11,12,0.75,enriched,enriched,association_and_abundance_agree,3,1,enriched,0.750
7829,Escherichia,genus,12711,"Colitis, Ulcerative",4,mixed,2,0,0,enriched,1.0,2,7,1,7,8,0.875,enriched,enriched,association_and_abundance_agree,2,3,depleted,0.600
7839,Vescimonas,genus,12713,Crohn Disease,4,mixed,1,3,0,depleted,0.75,4,2,5,10,7,0.714,depleted,depleted,association_and_abundance_agree,1,4,depleted,0.800
7846,Blautia faecis,species,12713,Crohn Disease,4,mixed,2,1,0,enriched,0.667,3,6,1,1,7,0.857,enriched,enriched,association_and_abundance_agree,2,2,tied,0.500
7855,Catenibacterium,genus,56231,HIV Infections,4,vs_health,3,1,0,enriched,0.75,4,7,0,0,7,1.0,enriched,enriched,association_and_abundance_agree,3,1,enriched,0.750
7857,Bifidobacterium,genus,28066,COVID-19,4,vs_health,0,4,0,depleted,1.0,4,3,6,0,9,0.667,depleted,depleted,association_and_abundance_agree,0,4,depleted,1.000
7857,Bifidobacterium,genus,73716,Parkinson Disease,4,vs_health,4,0,0,enriched,1.0,4,8,0,1,8,1.0,enriched,enriched,association_and_abundance_agree,4,0,enriched,1.000
7858,Colidextribacter,genus,20491,Colorectal Neoplasms,4,vs_health,3,1,0,enriched,0.75,4,14,5,4,19,0.737,enriched,enriched,association_and_abundance_agree,3,1,enriched,0.750
7870,Blautia,genus,62143,"Renal Insufficiency, Chronic",4,mixed,2,1,0,enriched,0.667,3,4,3,0,7,0.571,enriched,enriched,association_and_abundance_agree,2,2,tied,0.500
7871,Butyricicoccus,genus,28066,COVID-19,4,vs_health,3,1,0,enriched,0.75,4,3,5,1,8,0.625,depleted,enriched,association_consensus_abundance_disagrees,3,1,enriched,0.750
7872,Campylobacter,genus,20491,Colorectal Neoplasms,4,vs_health,4,0,0,enriched,1.0,4,14,5,4,19,0.737,enriched,enriched,association_and_abundance_agree,4,0,enriched,1.000
7876,Dorea,genus,11446,Clostridium Infections,4,vs_health,0,4,0,depleted,1.0,4,0,1,0,1,1.0,depleted,depleted,association_consensus,0,4,depleted,1.000
7876,Dorea,genus,46796,Diarrhea,4,vs_health,0,4,0,depleted,1.0,4,0,2,0,2,1.0,depleted,depleted,association_and_abundance_agree,0,4,depleted,1.000
7881,Intestinimonas,genus,12713,Crohn Disease,4,mixed,1,2,0,depleted,0.667,3,6,8,3,14,0.571,depleted,depleted,association_and_abundance_agree,1,4,depleted,0.800
7881,Intestinimonas,genus,20491,Colorectal Neoplasms,4,mixed,2,1,0,enriched,0.667,3,18,4,1,22,0.818,enriched,enriched,association_and_abundance_agree,3,1,enriched,0.750
7881,Intestinimonas,genus,28066,COVID-19,4,vs_health,1,3,0,depleted,0.75,4,3,4,2,7,0.571,depleted,depleted,association_and_abundance_agree,1,3,depleted,0.750
7889,Subdoligranulum,genus,18168,Inflammatory Bowel Diseases,4,vs_health,0,4,0,depleted,1.0,4,0,2,2,2,1.0,depleted,depleted,association_and_abundance_agree,0,4,depleted,1.000
7890,Veillonella,genus,12713,Crohn Disease,4,mixed,4,0,0,enriched,1.0,4,15,2,0,17,0.882,enriched,enriched,association_and_abundance_agree,4,0,enriched,1.000
7953,Clostridiaceae bacterium marseille-q4143,species,12711,"Colitis, Ulcerative",4,mixed,0,4,0,depleted,1.0,4,0,6,1,6,1.0,depleted,depleted,association_and_abundance_agree,0,4,depleted,1.000
7956,Clostridium sp. af20-17lb,species,12713,Crohn Disease,4,mixed,1,2,0,depleted,0.667,3,4,3,1,7,0.571,enriched,depleted,association_consensus_abundance_disagrees,1,3,depleted,0.750
7957,Clostridium sp. am22-11ac,species,12711,"Colitis, Ulcerative",4,mixed,0,3,0,depleted,1.0,3,2,5,0,7,0.714,depleted,depleted,association_and_abundance_agree,0,4,depleted,1.000
7958,Clostridium sp. am33-3,species,20491,Colorectal Neoplasms,4,vs_health,0,4,0,depleted,1.0,4,3,5,2,8,0.625,depleted,depleted,association_and_abundance_agree,0,4,depleted,1.000
7959,Clostridium sp. am49-4bh,species,20491,Colorectal Neoplasms,4,vs_health,0,4,0,depleted,1.0,4,4,6,0,10,0.6,depleted,depleted,association_and_abundance_agree,0,4,depleted,1.000
7960,Enterocloster,genus,12711,"Colitis, Ulcerative",4,mixed,1,0,0,enriched,1.0,1,8,1,6,9,0.889,enriched,enriched,association_and_abundance_agree,1,4,depleted,0.800
7960,Enterocloster,genus,20491,Colorectal Neoplasms,4,vs_health,4,0,0,enriched,1.0,4,9,2,12,11,0.818,enriched,enriched,association_and_abundance_agree,4,0,enriched,1.000
7961,Enterocloster hominis (ex liu et al. 2021),species,12713,Crohn Disease,4,vs_health,2,2,0,,0.5,4,6,2,0,8,0.75,enriched,enriched,abundance_majority,2,2,tied,0.500
8000,Anaerotignum,genus,12713,Crohn Disease,4,mixed,0,4,0,depleted,1.0,4,4,5,8,9,0.556,depleted,depleted,association_and_abundance_agree,0,4,depleted,1.000
8007,Blautia massiliensis (ex durand et al. 2017),species,12711,"Colitis, Ulcerative",4,mixed,1,2,0,depleted,0.667,3,1,6,0,7,0.857,depleted,depleted,association_and_abundance_agree,3,3,tied,0.500
8007,Blautia massiliensis (ex durand et al. 2017),species,12713,Crohn Disease,4,mixed,0,3,0,depleted,1.0,3,2,5,1,7,0.714,depleted,depleted,association_and_abundance_agree,1,3,depleted,0.750
8009,Blautia sp. mcc283,species,12711,"Colitis, Ulcerative",4,mixed,3,0,0,enriched,1.0,3,4,2,1,6,0.667,enriched,enriched,association_and_abundance_agree,4,0,enriched,1.000
8009,Blautia sp. mcc283,species,20491,Colorectal Neoplasms,4,mixed,0,3,0,depleted,1.0,3,4,5,1,9,0.556,depleted,depleted,association_and_abundance_agree,1,3,depleted,0.750
8028,Enterocloster aldenensis,species,12711,"Colitis, Ulcerative",4,mixed,2,1,0,enriched,0.667,3,6,1,0,7,0.857,enriched,enriched,association_and_abundance_agree,2,3,depleted,0.600
8030,Eubacteriaceae bacterium,species,12711,"Colitis, Ulcerative",4,vs_health,1,3,0,depleted,0.75,4,2,5,0,7,0.714,depleted,depleted,association_and_abundance_agree,1,3,depleted,0.750
8038,Faecalibacillus intestinalis,species,12711,"Colitis, Ulcerative",4,mixed,0,2,0,depleted,1.0,2,5,2,0,7,0.714,enriched,depleted,association_consensus_abundance_disagrees,2,2,tied,0.500
8038,Faecalibacillus intestinalis,species,12713,Crohn Disease,4,mixed,2,2,0,,0.5,4,5,3,0,8,0.625,enriched,enriched,abundance_majority,2,3,depleted,0.600
8044,Fusicatenibacter saccharivorans,species,12711,"Colitis, Ulcerative",4,vs_health,1,3,0,depleted,0.75,4,1,6,0,7,0.857,depleted,depleted,association_and_abundance_agree,1,3,depleted,0.750
8047,Gemmiger,genus,18168,Inflammatory Bowel Diseases,4,vs_health,0,4,0,depleted,1.0,4,0,2,2,2,1.0,depleted,depleted,association_and_abundance_agree,0,4,depleted,1.000
8057,Lachnospiraceae bacterium am48-27bh,species,12711,"Colitis, Ulcerative",4,vs_health,0,4,0,depleted,1.0,4,1,6,0,7,0.857,depleted,depleted,association_and_abundance_agree,0,4,depleted,1.000
8082,Ruminococcus bicirculans (ex wegman et al. 2014),species,20491,Colorectal Neoplasms,4,vs_health,1,3,0,depleted,0.75,4,2,8,0,10,0.8,depleted,depleted,association_and_abundance_agree,1,3,depleted,0.750
8086,Simiaoa,genus,12711,"Colitis, Ulcerative",4,vs_health,0,4,0,depleted,1.0,4,1,6,8,7,0.857,depleted,depleted,association_and_abundance_agree,0,4,depleted,1.000
8089,Thomasclavelia ramosa,species,20491,Colorectal Neoplasms,4,vs_health,3,1,0,enriched,0.75,4,8,2,0,10,0.8,enriched,enriched,association_and_abundance_agree,3,1,enriched,0.750
8100,Alloprevotella,genus,56231,HIV Infections,4,vs_health,3,1,0,enriched,0.75,4,5,2,0,7,0.714,enriched,enriched,association_and_abundance_agree,3,1,enriched,0.750
8153,Sellimonas,genus,12713,Crohn Disease,4,mixed,3,1,0,enriched,0.75,4,14,2,1,16,0.875,enriched,enriched,association_and_abundance_agree,3,1,enriched,0.750
8165,Haemophilus,genus,12713,Crohn Disease,4,mixed,1,1,0,,0.5,2,9,4,4,13,0.692,enriched,enriched,abundance_majority,2,3,depleted,0.600
8171,Lactococcus,genus,28066,COVID-19,4,vs_health,0,4,0,depleted,1.0,4,2,6,1,8,0.75,depleted,depleted,association_and_abundance_agree,0,4,depleted,1.000
8260,Enterobacter,genus,20491,Colorectal Neoplasms,4,vs_health,4,0,0,enriched,1.0,4,4,8,11,12,0.667,depleted,enriched,association_consensus_abundance_disagrees,4,0,enriched,1.000
8271,Klebsiella,genus,28066,COVID-19,4,vs_health,0,4,0,depleted,1.0,4,1,4,4,5,0.8,depleted,depleted,association_and_abundance_agree,0,4,depleted,1.000
8304,Parabacteroides,genus,11446,Clostridium Infections,4,vs_health,0,4,0,depleted,1.0,4,0,1,0,1,1.0,depleted,depleted,association_consensus,0,4,depleted,1.000
8304,Parabacteroides,genus,12713,Crohn Disease,4,mixed,1,2,0,depleted,0.667,3,13,3,1,16,0.812,enriched,depleted,association_consensus_abundance_disagrees,2,3,depleted,0.600
8304,Parabacteroides,genus,20491,Colorectal Neoplasms,4,vs_health,4,0,0,enriched,1.0,4,13,10,0,23,0.565,enriched,enriched,association_and_abundance_agree,4,0,enriched,1.000
8304,Parabacteroides,genus,46796,Diarrhea,4,vs_health,2,2,0,,0.5,4,2,0,0,2,1.0,enriched,enriched,abundance_majority,2,2,tied,0.500
8341,Alistipes sp. af17-16,species,12711,"Colitis, Ulcerative",4,vs_health,1,3,0,depleted,0.75,4,3,4,0,7,0.571,depleted,depleted,association_and_abundance_agree,1,3,depleted,0.750
8341,Alistipes sp. af17-16,species,12713,Crohn Disease,4,mixed,0,4,0,depleted,1.0,4,2,5,1,7,0.714,depleted,depleted,association_and_abundance_agree,0,4,depleted,1.000
8375,Clostridiaceae bacterium marseille-q4149,species,12713,Crohn Disease,4,mixed,0,4,0,depleted,1.0,4,0,8,0,8,1.0,depleted,depleted,association_and_abundance_agree,0,4,depleted,1.000
8413,Lachnospira hominis (ex liu et al. 2021),species,12711,"Colitis, Ulcerative",4,mixed,0,4,0,depleted,1.0,4,0,7,0,7,1.0,depleted,depleted,association_and_abundance_agree,1,4,depleted,0.800
8413,Lachnospira hominis (ex liu et al. 2021),species,12713,Crohn Disease,4,mixed,1,3,0,depleted,0.75,4,2,5,1,7,0.714,depleted,depleted,association_and_abundance_agree,1,3,depleted,0.750
8415,Lachnospiraceae bacterium,species,12713,Crohn Disease,4,mixed,0,4,0,depleted,1.0,4,2,5,1,7,0.714,depleted,depleted,association_and_abundance_agree,0,4,depleted,1.000
8447,Roseburia lenta,species,12711,"Colitis, Ulcerative",4,vs_health,0,4,0,depleted,1.0,4,1,6,0,7,0.857,depleted,depleted,association_and_abundance_agree,0,4,depleted,1.000
8447,Roseburia lenta,species,20491,Colorectal Neoplasms,4,vs_health,0,4,0,depleted,1.0,4,1,8,1,9,0.889,depleted,depleted,association_and_abundance_agree,0,4,depleted,1.000
8792,Anaerotignum faecicola,species,12713,Crohn Disease,4,mixed,0,4,0,depleted,1.0,4,3,4,1,7,0.571,depleted,depleted,association_and_abundance_agree,0,4,depleted,1.000
8801,Clostridiaceae bacterium,species,12713,Crohn Disease,4,mixed,0,4,0,depleted,1.0,4,1,6,1,7,0.857,depleted,depleted,association_and_abundance_agree,0,4,depleted,1.000
8937,Clostridioides,genus,12713,Crohn Disease,4,mixed,3,0,0,enriched,1.0,3,10,0,7,10,1.0,enriched,enriched,association_and_abundance_agree,3,1,enriched,0.750
9069,Dysosmobacter,genus,20491,Colorectal Neoplasms,4,vs_health,2,2,0,,0.5,4,9,3,11,12,0.75,enriched,enriched,abundance_majority,2,2,tied,0.500
9425,Olsenella,genus,28066,COVID-19,4,vs_health,3,1,0,enriched,0.75,4,5,2,2,7,0.714,enriched,enriched,association_and_abundance_agree,3,1,enriched,0.750
10074,Oscillospiraceae bacterium,species,20491,Colorectal Neoplasms,4,mixed,0,3,0,depleted,1.0,3,4,6,0,10,0.6,depleted,depleted,association_and_abundance_agree,1,3,depleted,0.750
10237,Phascolarctobacterium sp. et69,species,12713,Crohn Disease,4,mixed,1,2,0,depleted,0.667,3,2,5,1,7,0.714,depleted,depleted,association_and_abundance_agree,1,3,depleted,0.750
10587,Intestinimonas massiliensis (ex afouda et al. 2020),species,20491,Colorectal Neoplasms,4,mixed,3,0,0,enriched,1.0,3,9,1,0,10,0.9,enriched,enriched,association_and_abundance_agree,4,0,enriched,1.000
7,Bifidobacterium adolescentis,species,28066,COVID-19,3,vs_health,0,3,0,depleted,1.0,3,0,3,0,3,1.0,depleted,depleted,association_and_abundance_agree,0,3,depleted,1.000
10,Bacteroides eggerthii,species,20491,Colorectal Neoplasms,3,vs_health,2,1,0,enriched,0.667,3,6,4,0,10,0.6,enriched,enriched,association_and_abundance_agree,2,1,enriched,0.667
13,Phascolarctobacterium,genus,20491,Colorectal Neoplasms,3,vs_health,2,1,0,enriched,0.667,3,9,14,0,23,0.609,depleted,enriched,association_consensus_abundance_disagrees,2,1,enriched,0.667
13,Phascolarctobacterium,genus,62143,"Renal Insufficiency, Chronic",3,vs_health,1,2,0,depleted,0.667,3,4,3,0,7,0.571,enriched,depleted,association_consensus_abundance_disagrees,1,2,depleted,0.667
15,Collinsella aerofaciens,species,12711,"Colitis, Ulcerative",3,mixed,0,2,0,depleted,1.0,2,5,2,0,7,0.714,enriched,depleted,association_consensus_abundance_disagrees,1,2,depleted,0.667
15,Collinsella aerofaciens,species,48916,"Fatigue Syndrome, Chronic",3,vs_health,0,3,0,depleted,1.0,3,1,3,0,4,0.75,depleted,depleted,association_and_abundance_agree,0,3,depleted,1.000
17,Faecalibacterium prausnitzii,species,28066,COVID-19,3,vs_health,0,3,0,depleted,1.0,3,0,3,0,3,1.0,depleted,depleted,association_and_abundance_agree,0,3,depleted,1.000
17,Faecalibacterium prausnitzii,species,48916,"Fatigue Syndrome, Chronic",3,vs_health,0,3,0,depleted,1.0,3,0,4,0,4,1.0,depleted,depleted,association_and_abundance_agree,0,3,depleted,1.000
34,Granulicatella,genus,12713,Crohn Disease,3,mixed,3,0,0,enriched,1.0,3,11,2,4,13,0.846,enriched,enriched,association_and_abundance_agree,3,1,enriched,0.750
35,Odoribacter,genus,12711,"Colitis, Ulcerative",3,mixed,1,2,0,depleted,0.667,3,5,7,3,12,0.583,depleted,depleted,association_and_abundance_agree,1,2,depleted,0.667
35,Odoribacter,genus,48916,"Fatigue Syndrome, Chronic",3,vs_health,2,1,0,enriched,0.667,3,3,1,0,4,0.75,enriched,enriched,association_and_abundance_agree,2,1,enriched,0.667
35,Odoribacter,genus,62143,"Renal Insufficiency, Chronic",3,mixed,1,1,0,,0.5,2,2,4,1,6,0.667,depleted,depleted,abundance_majority,2,1,enriched,0.667
35,Odoribacter,genus,73716,Parkinson Disease,3,vs_health,3,0,0,enriched,1.0,3,8,0,1,8,1.0,enriched,enriched,association_and_abundance_agree,3,0,enriched,1.000
36,Acidaminococcus,genus,28066,COVID-19,3,vs_health,1,2,0,depleted,0.667,3,3,4,2,7,0.571,depleted,depleted,association_and_abundance_agree,1,2,depleted,0.667
37,Mogibacterium,genus,28066,COVID-19,3,vs_health,1,2,0,depleted,0.667,3,3,3,3,6,0.5,,depleted,association_consensus,1,2,depleted,0.667
39,Akkermansia muciniphila,species,12711,"Colitis, Ulcerative",3,mixed,1,2,0,depleted,0.667,3,3,4,0,7,0.571,depleted,depleted,association_and_abundance_agree,1,2,depleted,0.667
40,Megasphaera,genus,12713,Crohn Disease,3,mixed,1,2,0,depleted,0.667,3,8,7,2,15,0.533,enriched,depleted,association_consensus_abundance_disagrees,2,2,tied,0.500
40,Megasphaera,genus,44996,"Diabetes Mellitus, Type 1",3,mixed,0,2,0,depleted,1.0,2,3,3,0,6,0.5,,depleted,association_consensus,0,3,depleted,1.000
40,Megasphaera,genus,56231,HIV Infections,3,vs_health,3,0,0,enriched,1.0,3,6,1,0,7,0.857,enriched,enriched,association_and_abundance_agree,3,0,enriched,1.000
45,Fusobacterium,genus,11373,Non-alcoholic Fatty Liver Disease,3,mixed,2,0,0,enriched,1.0,2,2,0,1,2,1.0,enriched,enriched,association_and_abundance_agree,2,1,enriched,0.667
45,Fusobacterium,genus,12711,"Colitis, Ulcerative",3,disease_vs_disease,0,0,0,,,0,9,4,2,13,0.692,enriched,enriched,abundance_only_no_case_control_association,1,2,depleted,0.667
45,Fusobacterium,genus,28066,COVID-19,3,vs_health,2,1,0,enriched,0.667,3,5,3,1,8,0.625,enriched,enriched,association_and_abundance_agree,2,1,enriched,0.667
47,Paraprevotella,genus,46796,Diarrhea,3,vs_health,0,3,0,depleted,1.0,3,0,2,0,2,1.0,depleted,depleted,association_and_abundance_agree,0,3,depleted,1.000
47,Paraprevotella,genus,48916,"Fatigue Syndrome, Chronic",3,vs_health,0,3,0,depleted,1.0,3,0,4,0,4,1.0,depleted,depleted,association_and_abundance_agree,0,3,depleted,1.000
47,Paraprevotella,genus,62116,"Kidney Failure, Chronic",3,mixed,1,2,0,depleted,0.667,3,2,2,0,4,0.5,,depleted,association_consensus,1,2,depleted,0.667
57,Anaerostipes,genus,11373,Non-alcoholic Fatty Liver Disease,3,mixed,0,2,0,depleted,1.0,2,1,2,0,3,0.667,depleted,depleted,association_and_abundance_agree,0,3,depleted,1.000
57,Anaerostipes,genus,11446,Clostridium Infections,3,vs_health,0,3,0,depleted,1.0,3,0,1,0,1,1.0,depleted,depleted,association_consensus,0,3,depleted,1.000
57,Anaerostipes,genus,46796,Diarrhea,3,vs_health,0,3,0,depleted,1.0,3,1,1,0,2,0.5,,depleted,association_consensus,0,3,depleted,1.000
57,Anaerostipes,genus,56231,HIV Infections,3,vs_health,0,3,0,depleted,1.0,3,0,6,1,6,1.0,depleted,depleted,association_and_abundance_agree,0,3,depleted,1.000
64,Coprococcus catus,species,12711,"Colitis, Ulcerative",3,mixed,1,1,0,,0.5,2,3,4,0,7,0.571,depleted,,unresolved_abundance_inconclusive,2,1,enriched,0.667
64,Coprococcus catus,species,12713,Crohn Disease,3,mixed,0,3,0,depleted,1.0,3,3,4,1,7,0.571,depleted,depleted,association_and_abundance_agree,0,3,depleted,1.000
64,Coprococcus catus,species,48916,"Fatigue Syndrome, Chronic",3,vs_health,0,3,0,depleted,1.0,3,0,3,1,3,1.0,depleted,depleted,association_and_abundance_agree,0,3,depleted,1.000
66,Blautia obeum,species,28066,COVID-19,3,vs_health,1,2,0,depleted,0.667,3,1,2,0,3,0.667,depleted,depleted,association_and_abundance_agree,1,2,depleted,0.667
70,Adlercreutzia,genus,28066,COVID-19,3,vs_health,0,3,0,depleted,1.0,3,2,5,2,7,0.714,depleted,depleted,association_and_abundance_agree,0,3,depleted,1.000
81,Methanobrevibacter,genus,11446,Clostridium Infections,3,vs_health,1,2,0,depleted,0.667,3,1,0,0,1,1.0,enriched,depleted,association_consensus,1,2,depleted,0.667
81,Methanobrevibacter,genus,46796,Diarrhea,3,vs_health,0,3,0,depleted,1.0,3,0,2,0,2,1.0,depleted,depleted,association_and_abundance_agree,0,3,depleted,1.000
81,Methanobrevibacter,genus,72061,Obesity,3,vs_health,1,2,0,depleted,0.667,3,1,2,2,3,0.667,depleted,depleted,association_and_abundance_agree,1,2,depleted,0.667
82,Turicibacter,genus,11446,Clostridium Infections,3,vs_health,0,3,0,depleted,1.0,3,0,1,0,1,1.0,depleted,depleted,association_consensus,0,3,depleted,1.000
82,Turicibacter,genus,12713,Crohn Disease,3,mixed,1,1,0,,0.5,2,9,5,3,14,0.643,enriched,enriched,abundance_majority,1,2,depleted,0.667
87,Dorea formicigenerans,species,28066,COVID-19,3,vs_health,0,3,0,depleted,1.0,3,0,3,0,3,1.0,depleted,depleted,association_and_abundance_agree,0,3,depleted,1.000
87,Dorea formicigenerans,species,48916,"Fatigue Syndrome, Chronic",3,vs_health,0,3,0,depleted,1.0,3,0,3,1,3,1.0,depleted,depleted,association_and_abundance_agree,0,3,depleted,1.000
88,Haemophilus parainfluenzae,species,12711,"Colitis, Ulcerative",3,mixed,2,0,0,enriched,1.0,2,5,2,0,7,0.714,enriched,enriched,association_and_abundance_agree,3,1,enriched,0.750
93,Peptococcus,genus,56231,HIV Infections,3,vs_health,1,2,0,depleted,0.667,3,2,5,0,7,0.714,depleted,depleted,association_and_abundance_agree,1,2,depleted,0.667
94,Butyricimonas,genus,62143,"Renal Insufficiency, Chronic",3,vs_health,1,2,0,depleted,0.667,3,2,5,0,7,0.714,depleted,depleted,association_and_abundance_agree,1,2,depleted,0.667
94,Butyricimonas,genus,73716,Parkinson Disease,3,vs_health,2,1,0,enriched,0.667,3,6,2,1,8,0.75,enriched,enriched,association_and_abundance_agree,2,1,enriched,0.667
105,Lachnospira pectinoschiza,species,12711,"Colitis, Ulcerative",3,mixed,0,1,0,depleted,1.0,1,2,5,0,7,0.714,depleted,depleted,association_and_abundance_agree,2,1,enriched,0.667
106,Sutterella,genus,12711,"Colitis, Ulcerative",3,mixed,0,3,0,depleted,1.0,3,5,9,1,14,0.643,depleted,depleted,association_and_abundance_agree,0,3,depleted,1.000
106,Sutterella,genus,28066,COVID-19,3,vs_health,1,2,0,depleted,0.667,3,4,4,1,8,0.5,,depleted,association_consensus,1,2,depleted,0.667
106,Sutterella,genus,48916,"Fatigue Syndrome, Chronic",3,vs_health,1,2,0,depleted,0.667,3,1,3,0,4,0.75,depleted,depleted,association_and_abundance_agree,1,2,depleted,0.667
106,Sutterella,genus,62143,"Renal Insufficiency, Chronic",3,mixed,0,2,0,depleted,1.0,2,0,6,1,6,1.0,depleted,depleted,association_and_abundance_agree,0,3,depleted,1.000
109,Alistipes indistinctus,species,12711,"Colitis, Ulcerative",3,mixed,0,2,0,depleted,1.0,2,5,2,0,7,0.714,enriched,depleted,association_consensus_abundance_disagrees,1,2,depleted,0.667
145,Anaerotruncus,genus,12711,"Colitis, Ulcerative",3,mixed,2,1,0,enriched,0.667,3,9,3,3,12,0.75,enriched,enriched,association_and_abundance_agree,2,1,enriched,0.667
145,Anaerotruncus,genus,12713,Crohn Disease,3,mixed,2,0,0,enriched,1.0,2,10,4,3,14,0.714,enriched,enriched,association_and_abundance_agree,2,1,enriched,0.667
145,Anaerotruncus,genus,28066,COVID-19,3,vs_health,2,1,0,enriched,0.667,3,5,2,2,7,0.714,enriched,enriched,association_and_abundance_agree,2,1,enriched,0.667
145,Anaerotruncus,genus,48916,"Fatigue Syndrome, Chronic",3,vs_health,2,1,0,enriched,0.667,3,2,1,1,3,0.667,enriched,enriched,association_and_abundance_agree,2,1,enriched,0.667
155,Parvimonas,genus,11446,Clostridium Infections,3,vs_health,3,0,0,enriched,1.0,3,1,0,0,1,1.0,enriched,enriched,association_consensus,3,0,enriched,1.000
155,Parvimonas,genus,12713,Crohn Disease,3,mixed,3,0,0,enriched,1.0,3,11,2,4,13,0.846,enriched,enriched,association_and_abundance_agree,3,0,enriched,1.000
173,Holdemania,genus,12711,"Colitis, Ulcerative",3,mixed,1,0,0,enriched,1.0,1,8,4,3,12,0.667,enriched,enriched,association_and_abundance_agree,3,0,enriched,1.000
176,Gemella,genus,46796,Diarrhea,3,vs_health,3,0,0,enriched,1.0,3,2,0,0,2,1.0,enriched,enriched,association_and_abundance_agree,3,0,enriched,1.000
203,Ruminococcus bromii,species,20491,Colorectal Neoplasms,3,vs_health,0,3,0,depleted,1.0,3,2,8,0,10,0.8,depleted,depleted,association_and_abundance_agree,0,3,depleted,1.000
212,Roseburia faecis,species,12711,"Colitis, Ulcerative",3,mixed,0,3,0,depleted,1.0,3,1,6,0,7,0.857,depleted,depleted,association_and_abundance_agree,0,3,depleted,1.000
212,Roseburia faecis,species,28066,COVID-19,3,vs_health,0,3,0,depleted,1.0,3,0,3,0,3,1.0,depleted,depleted,association_and_abundance_agree,0,3,depleted,1.000
216,Parabacteroides distasonis,species,28066,COVID-19,3,vs_health,3,0,0,enriched,1.0,3,3,0,0,3,1.0,enriched,enriched,association_and_abundance_agree,3,0,enriched,1.000
217,Dialister,genus,12711,"Colitis, Ulcerative",3,disease_vs_disease,0,0,0,,,0,9,6,0,15,0.6,enriched,,unresolved_abundance_inconclusive,2,1,enriched,0.667
217,Dialister,genus,46796,Diarrhea,3,vs_health,0,3,0,depleted,1.0,3,1,1,0,2,0.5,,depleted,association_consensus,0,3,depleted,1.000
217,Dialister,genus,62116,"Kidney Failure, Chronic",3,vs_health,0,3,0,depleted,1.0,3,0,4,0,4,1.0,depleted,depleted,association_and_abundance_agree,0,3,depleted,1.000
217,Dialister,genus,69131,Myasthenia Gravis,3,vs_health,0,3,0,depleted,1.0,3,0,3,0,3,1.0,depleted,depleted,association_and_abundance_agree,0,3,depleted,1.000
221,Rothia mucilaginosa,species,20491,Colorectal Neoplasms,3,mixed,1,1,0,,0.5,2,3,5,2,8,0.625,depleted,depleted,abundance_majority,1,2,depleted,0.667
241,Coprococcus eutactus,species,48916,"Fatigue Syndrome, Chronic",3,vs_health,0,3,0,depleted,1.0,3,0,4,0,4,1.0,depleted,depleted,association_and_abundance_agree,0,3,depleted,1.000
251,Bacteroides fragilis,species,20491,Colorectal Neoplasms,3,vs_health,3,0,0,enriched,1.0,3,9,1,0,10,0.9,enriched,enriched,association_and_abundance_agree,3,0,enriched,1.000
277,Anaerovorax,genus,11446,Clostridium Infections,3,vs_health,1,2,0,depleted,0.667,3,1,0,0,1,1.0,enriched,depleted,association_consensus,1,2,depleted,0.667
277,Anaerovorax,genus,72061,Obesity,3,vs_health,0,3,0,depleted,1.0,3,1,0,4,1,1.0,enriched,depleted,association_consensus,0,3,depleted,1.000
288,Ruminococcus callidus,species,12713,Crohn Disease,3,mixed,0,3,0,depleted,1.0,3,1,6,1,7,0.857,depleted,depleted,association_and_abundance_agree,1,3,depleted,0.750
288,Ruminococcus callidus,species,20491,Colorectal Neoplasms,3,vs_health,0,3,0,depleted,1.0,3,0,10,0,10,1.0,depleted,depleted,association_and_abundance_agree,0,3,depleted,1.000
305,Eggerthella lenta,species,12711,"Colitis, Ulcerative",3,mixed,1,0,0,enriched,1.0,1,7,0,0,7,1.0,enriched,enriched,association_and_abundance_agree,3,0,enriched,1.000
305,Eggerthella lenta,species,12713,Crohn Disease,3,mixed,2,0,0,enriched,1.0,2,8,0,0,8,1.0,enriched,enriched,association_and_abundance_agree,2,1,enriched,0.667
305,Eggerthella lenta,species,20491,Colorectal Neoplasms,3,vs_health,3,0,0,enriched,1.0,3,7,2,1,9,0.778,enriched,enriched,association_and_abundance_agree,3,0,enriched,1.000
341,Bacteroides nordii,species,20491,Colorectal Neoplasms,3,vs_health,3,0,0,enriched,1.0,3,9,0,1,9,1.0,enriched,enriched,association_and_abundance_agree,3,0,enriched,1.000
408,Proteus,genus,11446,Clostridium Infections,3,vs_health,3,0,0,enriched,1.0,3,0,0,1,0,,,enriched,association_consensus,3,0,enriched,1.000
460,Escherichia coli,species,20491,Colorectal Neoplasms,3,vs_health,2,1,0,enriched,0.667,3,6,4,0,10,0.6,enriched,enriched,association_and_abundance_agree,2,1,enriched,0.667
480,Anaerococcus,genus,12711,"Colitis, Ulcerative",3,mixed,2,0,0,enriched,1.0,2,10,1,4,11,0.909,enriched,enriched,association_and_abundance_agree,3,0,enriched,1.000
480,Anaerococcus,genus,12713,Crohn Disease,3,mixed,2,0,0,enriched,1.0,2,11,0,6,11,1.0,enriched,enriched,association_and_abundance_agree,2,1,enriched,0.667
655,Alistipes finegoldii,species,12711,"Colitis, Ulcerative",3,mixed,0,3,0,depleted,1.0,3,1,6,0,7,0.857,depleted,depleted,association_and_abundance_agree,1,3,depleted,0.750
655,Alistipes finegoldii,species,12713,Crohn Disease,3,mixed,1,1,0,,0.5,2,3,5,0,8,0.625,depleted,depleted,abundance_majority,2,1,enriched,0.667
658,Alistipes onderdonkii,species,12713,Crohn Disease,3,mixed,1,2,0,depleted,0.667,3,4,4,0,8,0.5,,depleted,association_consensus,2,2,tied,0.500
658,Alistipes onderdonkii,species,73716,Parkinson Disease,3,vs_health,2,1,0,enriched,0.667,3,5,1,0,6,0.833,enriched,enriched,association_and_abundance_agree,2,1,enriched,0.667
661,Alistipes shahii,species,20491,Colorectal Neoplasms,3,mixed,1,1,0,,0.5,2,6,4,0,10,0.6,enriched,,unresolved_abundance_inconclusive,2,1,enriched,0.667
667,Alloprevotella tannerae,species,20491,Colorectal Neoplasms,3,vs_health,3,0,0,enriched,1.0,3,8,0,2,8,1.0,enriched,enriched,association_and_abundance_agree,3,0,enriched,1.000
683,Anaerobutyricum hallii,species,12711,"Colitis, Ulcerative",3,mixed,0,2,0,depleted,1.0,2,3,4,0,7,0.571,depleted,depleted,association_and_abundance_agree,1,2,depleted,0.667
683,Anaerobutyricum hallii,species,48916,"Fatigue Syndrome, Chronic",3,vs_health,0,3,0,depleted,1.0,3,1,3,0,4,0.75,depleted,depleted,association_and_abundance_agree,0,3,depleted,1.000
684,Anaerobutyricum soehngenii,species,12711,"Colitis, Ulcerative",3,mixed,0,1,0,depleted,1.0,1,3,4,0,7,0.571,depleted,depleted,association_and_abundance_agree,1,2,depleted,0.667
692,Anaerostipes hadrus,species,12711,"Colitis, Ulcerative",3,mixed,1,1,0,,0.5,2,6,1,0,7,0.857,enriched,enriched,abundance_majority,2,1,enriched,0.667
692,Anaerostipes hadrus,species,12713,Crohn Disease,3,mixed,2,0,0,enriched,1.0,2,5,3,0,8,0.625,enriched,enriched,association_and_abundance_agree,2,2,tied,0.500
779,Bacteroides cellulosilyticus,species,12711,"Colitis, Ulcerative",3,mixed,0,1,0,depleted,1.0,1,4,3,0,7,0.571,enriched,depleted,association_consensus_abundance_disagrees,0,3,depleted,1.000
780,Bacteroides clarus,species,12711,"Colitis, Ulcerative",3,mixed,0,2,0,depleted,1.0,2,0,7,0,7,1.0,depleted,depleted,association_and_abundance_agree,0,3,depleted,1.000
788,Bacteroides intestinalis,species,20491,Colorectal Neoplasms,3,vs_health,2,1,0,enriched,0.667,3,4,5,1,9,0.556,depleted,enriched,association_consensus_abundance_disagrees,2,1,enriched,0.667
813,Bacteroides thetaiotaomicron,species,73716,Parkinson Disease,3,vs_health,2,1,0,enriched,0.667,3,4,2,0,6,0.667,enriched,enriched,association_and_abundance_agree,2,1,enriched,0.667
832,Bifidobacterium pseudocatenulatum,species,12711,"Colitis, Ulcerative",3,mixed,0,1,0,depleted,1.0,1,5,2,0,7,0.714,enriched,depleted,association_consensus_abundance_disagrees,1,2,depleted,0.667
837,Bilophila wadsworthia,species,20491,Colorectal Neoplasms,3,vs_health,3,0,0,enriched,1.0,3,9,1,0,10,0.9,enriched,enriched,association_and_abundance_agree,3,0,enriched,1.000
849,Blautia hansenii,species,12711,"Colitis, Ulcerative",3,vs_health,3,0,0,enriched,1.0,3,6,1,0,7,0.857,enriched,enriched,association_and_abundance_agree,3,0,enriched,1.000
850,Blautia hydrogenotrophica,species,12711,"Colitis, Ulcerative",3,mixed,1,0,0,enriched,1.0,1,4,0,3,4,1.0,enriched,enriched,association_and_abundance_agree,3,0,enriched,1.000
886,Cloacibacillus,genus,12713,Crohn Disease,3,mixed,1,1,0,,0.5,2,5,7,5,12,0.583,depleted,,unresolved_abundance_inconclusive,1,2,depleted,0.667
886,Cloacibacillus,genus,20491,Colorectal Neoplasms,3,vs_health,3,0,0,enriched,1.0,3,17,4,2,21,0.81,enriched,enriched,association_and_abundance_agree,3,0,enriched,1.000
886,Cloacibacillus,genus,62143,"Renal Insufficiency, Chronic",3,mixed,2,1,0,enriched,0.667,3,3,3,1,6,0.5,,enriched,association_consensus,2,1,enriched,0.667
917,Acidaminococcus intestini,species,12713,Crohn Disease,3,mixed,3,0,0,enriched,1.0,3,6,0,2,6,1.0,enriched,enriched,association_and_abundance_agree,3,0,enriched,1.000
936,Coprococcus comes,species,12711,"Colitis, Ulcerative",3,mixed,0,2,0,depleted,1.0,2,5,2,0,7,0.714,enriched,depleted,association_consensus_abundance_disagrees,2,2,tied,0.500
936,Coprococcus comes,species,28066,COVID-19,3,vs_health,0,3,0,depleted,1.0,3,0,3,0,3,1.0,depleted,depleted,association_and_abundance_agree,0,3,depleted,1.000
1016,Enterocloster bolteae,species,28066,COVID-19,3,vs_health,3,0,0,enriched,1.0,3,3,0,0,3,1.0,enriched,enriched,association_and_abundance_agree,3,0,enriched,1.000
1016,Enterocloster bolteae,species,48916,"Fatigue Syndrome, Chronic",3,vs_health,3,0,0,enriched,1.0,3,3,0,1,3,1.0,enriched,enriched,association_and_abundance_agree,3,0,enriched,1.000
1018,Enterocloster citroniae,species,12713,Crohn Disease,3,mixed,3,0,0,enriched,1.0,3,7,0,1,7,1.0,enriched,enriched,association_and_abundance_agree,3,0,enriched,1.000
1018,Enterocloster citroniae,species,20491,Colorectal Neoplasms,3,mixed,2,0,0,enriched,1.0,2,7,2,1,9,0.778,enriched,enriched,association_and_abundance_agree,2,1,enriched,0.667
1020,Enterocloster clostridioformis,species,20491,Colorectal Neoplasms,3,vs_health,2,1,0,enriched,0.667,3,5,3,2,8,0.625,enriched,enriched,association_and_abundance_agree,2,1,enriched,0.667
1020,Enterocloster clostridioformis,species,48916,"Fatigue Syndrome, Chronic",3,vs_health,3,0,0,enriched,1.0,3,3,0,1,3,1.0,enriched,enriched,association_and_abundance_agree,3,0,enriched,1.000
1062,Dialister invisus,species,12711,"Colitis, Ulcerative",3,mixed,1,0,0,enriched,1.0,1,6,1,0,7,0.857,enriched,enriched,association_and_abundance_agree,2,1,enriched,0.667
1062,Dialister invisus,species,12713,Crohn Disease,3,mixed,2,0,0,enriched,1.0,2,7,1,0,8,0.875,enriched,enriched,association_and_abundance_agree,3,0,enriched,1.000
1085,Dorea longicatena,species,20491,Colorectal Neoplasms,3,vs_health,0,3,0,depleted,1.0,3,6,4,0,10,0.6,enriched,depleted,association_consensus_abundance_disagrees,0,3,depleted,1.000
1085,Dorea longicatena,species,28066,COVID-19,3,vs_health,0,3,0,depleted,1.0,3,0,3,0,3,1.0,depleted,depleted,association_and_abundance_agree,0,3,depleted,1.000
1085,Dorea longicatena,species,48916,"Fatigue Syndrome, Chronic",3,vs_health,0,3,0,depleted,1.0,3,0,4,0,4,1.0,depleted,depleted,association_and_abundance_agree,0,3,depleted,1.000
1089,Eubacterium ramulus,species,12713,Crohn Disease,3,vs_health,0,3,0,depleted,1.0,3,4,3,1,7,0.571,enriched,depleted,association_consensus_abundance_disagrees,0,3,depleted,1.000
1089,Eubacterium ramulus,species,48916,"Fatigue Syndrome, Chronic",3,vs_health,1,2,0,depleted,0.667,3,1,2,1,3,0.667,depleted,depleted,association_and_abundance_agree,1,2,depleted,0.667
1097,Eubacterium ventriosum,species,12713,Crohn Disease,3,mixed,0,3,0,depleted,1.0,3,2,6,0,8,0.75,depleted,depleted,association_and_abundance_agree,0,3,depleted,1.000
1097,Eubacterium ventriosum,species,20491,Colorectal Neoplasms,3,vs_health,0,3,0,depleted,1.0,3,3,7,0,10,0.7,depleted,depleted,association_and_abundance_agree,0,3,depleted,1.000
1097,Eubacterium ventriosum,species,28066,COVID-19,3,vs_health,0,3,0,depleted,1.0,3,0,3,0,3,1.0,depleted,depleted,association_and_abundance_agree,0,3,depleted,1.000
1097,Eubacterium ventriosum,species,48916,"Fatigue Syndrome, Chronic",3,vs_health,1,2,0,depleted,0.667,3,1,2,1,3,0.667,depleted,depleted,association_and_abundance_agree,1,2,depleted,0.667
1101,Eggerthella,genus,12713,Crohn Disease,3,vs_health,3,0,0,enriched,1.0,3,14,1,2,15,0.933,enriched,enriched,association_and_abundance_agree,3,0,enriched,1.000
1115,Fusobacterium nucleatum,species,12711,"Colitis, Ulcerative",3,mixed,1,0,0,enriched,1.0,1,6,1,0,7,0.857,enriched,enriched,association_and_abundance_agree,2,1,enriched,0.667
1117,Fusobacterium periodonticum,species,20491,Colorectal Neoplasms,3,vs_health,3,0,0,enriched,1.0,3,8,0,2,8,1.0,enriched,enriched,association_and_abundance_agree,3,0,enriched,1.000
1121,Fusobacterium ulcerans,species,20491,Colorectal Neoplasms,3,vs_health,3,0,0,enriched,1.0,3,4,0,6,4,1.0,enriched,enriched,association_and_abundance_agree,3,0,enriched,1.000
1138,Flavonifractor plautii,species,48916,"Fatigue Syndrome, Chronic",3,vs_health,3,0,0,enriched,1.0,3,4,0,0,4,1.0,enriched,enriched,association_and_abundance_agree,3,0,enriched,1.000
1203,Lachnospira eligens,species,20491,Colorectal Neoplasms,3,vs_health,0,3,0,depleted,1.0,3,6,4,0,10,0.6,enriched,depleted,association_consensus_abundance_disagrees,0,3,depleted,1.000
1216,Holdemanella biformis,species,12713,Crohn Disease,3,mixed,0,1,0,depleted,1.0,1,3,4,1,7,0.571,depleted,depleted,association_and_abundance_agree,0,3,depleted,1.000
1231,Hungatella hathewayi,species,12711,"Colitis, Ulcerative",3,mixed,3,0,0,enriched,1.0,3,6,1,0,7,0.857,enriched,enriched,association_and_abundance_agree,3,1,enriched,0.750
1310,Mediterraneibacter torques,species,12713,Crohn Disease,3,mixed,2,1,0,enriched,0.667,3,7,1,0,8,0.875,enriched,enriched,association_and_abundance_agree,2,1,enriched,0.667
1326,Methanobrevibacter smithii,species,12713,Crohn Disease,3,mixed,0,3,0,depleted,1.0,3,0,6,2,6,1.0,depleted,depleted,association_and_abundance_agree,0,3,depleted,1.000
1326,Methanobrevibacter smithii,species,20491,Colorectal Neoplasms,3,vs_health,1,2,0,depleted,0.667,3,4,6,0,10,0.6,depleted,depleted,association_and_abundance_agree,1,2,depleted,0.667
1351,Intestinibacter bartlettii,species,12713,Crohn Disease,3,mixed,1,0,0,enriched,1.0,1,7,0,1,7,1.0,enriched,enriched,association_and_abundance_agree,2,1,enriched,0.667
1370,Klebsiella pneumoniae,species,12713,Crohn Disease,3,mixed,2,0,0,enriched,1.0,2,5,1,2,6,0.833,enriched,enriched,association_and_abundance_agree,3,0,enriched,1.000
1520,Paraprevotella clara,species,48916,"Fatigue Syndrome, Chronic",3,vs_health,0,3,0,depleted,1.0,3,0,4,0,4,1.0,depleted,depleted,association_and_abundance_agree,0,3,depleted,1.000
1535,Cloacibacillus evryensis,species,20491,Colorectal Neoplasms,3,mixed,1,1,0,,0.5,2,3,3,4,6,0.5,,,unresolved_abundance_also_tied,2,1,enriched,0.667
1535,Cloacibacillus evryensis,species,73716,Parkinson Disease,3,vs_health,3,0,0,enriched,1.0,3,6,0,0,6,1.0,enriched,enriched,association_and_abundance_agree,3,0,enriched,1.000
1536,Clostridioides difficile,species,12713,Crohn Disease,3,mixed,2,0,0,enriched,1.0,2,4,0,4,4,1.0,enriched,enriched,association_and_abundance_agree,2,1,enriched,0.667
1549,Peptoniphilus harei,species,12711,"Colitis, Ulcerative",3,mixed,3,0,0,enriched,1.0,3,6,0,1,6,1.0,enriched,enriched,association_and_abundance_agree,3,0,enriched,1.000
1563,Phocaeicola coprocola,species,12711,"Colitis, Ulcerative",3,mixed,0,2,0,depleted,1.0,2,2,5,0,7,0.714,depleted,depleted,association_and_abundance_agree,2,2,tied,0.500
1563,Phocaeicola coprocola,species,20491,Colorectal Neoplasms,3,vs_health,1,2,0,depleted,0.667,3,3,5,2,8,0.625,depleted,depleted,association_and_abundance_agree,1,2,depleted,0.667
1565,Phocaeicola dorei,species,12711,"Colitis, Ulcerative",3,mixed,1,0,0,enriched,1.0,1,4,3,0,7,0.571,enriched,enriched,association_and_abundance_agree,1,2,depleted,0.667
1566,Phocaeicola massiliensis,species,12711,"Colitis, Ulcerative",3,disease_vs_disease,0,0,0,,,0,1,6,0,7,0.857,depleted,depleted,abundance_only_no_case_control_association,3,0,enriched,1.000
1578,Porphyromonas asaccharolytica,species,20491,Colorectal Neoplasms,3,vs_health,3,0,0,enriched,1.0,3,6,1,3,7,0.857,enriched,enriched,association_and_abundance_agree,3,0,enriched,1.000
1697,Roseburia hominis,species,20491,Colorectal Neoplasms,3,vs_health,0,3,0,depleted,1.0,3,2,8,0,10,0.8,depleted,depleted,association_and_abundance_agree,0,3,depleted,1.000
1701,Roseburia inulinivorans,species,12711,"Colitis, Ulcerative",3,mixed,0,3,0,depleted,1.0,3,0,7,0,7,1.0,depleted,depleted,association_and_abundance_agree,1,3,depleted,0.750
1701,Roseburia inulinivorans,species,48916,"Fatigue Syndrome, Chronic",3,vs_health,0,3,0,depleted,1.0,3,0,4,0,4,1.0,depleted,depleted,association_and_abundance_agree,0,3,depleted,1.000
1800,Streptococcus salivarius,species,20491,Colorectal Neoplasms,3,mixed,2,1,0,enriched,0.667,3,6,4,0,10,0.6,enriched,enriched,association_and_abundance_agree,2,1,enriched,0.667
1913,Sutterella wadsworthensis,species,12711,"Colitis, Ulcerative",3,mixed,0,3,0,depleted,1.0,3,2,5,0,7,0.714,depleted,depleted,association_and_abundance_agree,0,3,depleted,1.000
1913,Sutterella wadsworthensis,species,48916,"Fatigue Syndrome, Chronic",3,vs_health,0,3,0,depleted,1.0,3,0,4,0,4,1.0,depleted,depleted,association_and_abundance_agree,0,3,depleted,1.000
1915,Parasutterella excrementihominis,species,12711,"Colitis, Ulcerative",3,mixed,2,1,0,enriched,0.667,3,5,2,0,7,0.714,enriched,enriched,association_and_abundance_agree,2,1,enriched,0.667
1915,Parasutterella excrementihominis,species,12713,Crohn Disease,3,mixed,1,1,0,,0.5,2,5,2,1,7,0.714,enriched,enriched,abundance_majority,1,2,depleted,0.667
1915,Parasutterella excrementihominis,species,20491,Colorectal Neoplasms,3,vs_health,1,2,0,depleted,0.667,3,4,6,0,10,0.6,depleted,depleted,association_and_abundance_agree,1,2,depleted,0.667
3806,Hominenteromicrobium mulieris,species,12711,"Colitis, Ulcerative",3,mixed,0,2,0,depleted,1.0,2,2,5,0,7,0.714,depleted,depleted,association_and_abundance_agree,1,2,depleted,0.667
3806,Hominenteromicrobium mulieris,species,20491,Colorectal Neoplasms,3,vs_health,0,3,0,depleted,1.0,3,3,7,0,10,0.7,depleted,depleted,association_and_abundance_agree,0,3,depleted,1.000
3807,Faecalibacterium wellingii,species,20491,Colorectal Neoplasms,3,vs_health,0,3,0,depleted,1.0,3,2,8,0,10,0.8,depleted,depleted,association_and_abundance_agree,0,3,depleted,1.000
3807,Faecalibacterium wellingii,species,48916,"Fatigue Syndrome, Chronic",3,vs_health,1,2,0,depleted,0.667,3,1,2,1,3,0.667,depleted,depleted,association_and_abundance_agree,1,2,depleted,0.667
3808,Oscillibacter sp. msj-31,species,48916,"Fatigue Syndrome, Chronic",3,vs_health,0,3,0,depleted,1.0,3,0,3,1,3,1.0,depleted,depleted,association_and_abundance_agree,0,3,depleted,1.000
3812,Clostridiaceae bacterium af18-31lb,species,48916,"Fatigue Syndrome, Chronic",3,vs_health,0,3,0,depleted,1.0,3,0,3,1,3,1.0,depleted,depleted,association_and_abundance_agree,0,3,depleted,1.000
3819,Clostridium scindens,species,48916,"Fatigue Syndrome, Chronic",3,vs_health,3,0,0,enriched,1.0,3,3,0,1,3,1.0,enriched,enriched,association_and_abundance_agree,3,0,enriched,1.000
3822,Clostridium symbiosum,species,12711,"Colitis, Ulcerative",3,mixed,2,1,0,enriched,0.667,3,5,1,1,6,0.833,enriched,enriched,association_and_abundance_agree,2,2,tied,0.500
3822,Clostridium symbiosum,species,12713,Crohn Disease,3,mixed,3,0,0,enriched,1.0,3,8,0,0,8,1.0,enriched,enriched,association_and_abundance_agree,3,0,enriched,1.000
7657,Bacteroides,genus,1,Irritable Bowel Syndrome,3,vs_health,2,1,0,enriched,0.667,3,4,1,0,5,0.8,enriched,enriched,association_and_abundance_agree,2,1,enriched,0.667
7657,Bacteroides,genus,11446,Clostridium Infections,3,vs_health,0,3,0,depleted,1.0,3,0,1,0,1,1.0,depleted,depleted,association_consensus,0,3,depleted,1.000
7657,Bacteroides,genus,48916,"Fatigue Syndrome, Chronic",3,vs_health,3,0,0,enriched,1.0,3,4,0,0,4,1.0,enriched,enriched,association_and_abundance_agree,3,0,enriched,1.000
7657,Bacteroides,genus,62143,"Renal Insufficiency, Chronic",3,vs_health,1,2,0,depleted,0.667,3,4,3,0,7,0.571,enriched,depleted,association_consensus_abundance_disagrees,1,2,depleted,0.667
7658,Ruminococcus,genus,1,Irritable Bowel Syndrome,3,vs_health,1,2,0,depleted,0.667,3,2,3,0,5,0.6,depleted,depleted,association_and_abundance_agree,1,2,depleted,0.667
7658,Ruminococcus,genus,28066,COVID-19,3,vs_health,1,2,0,depleted,0.667,3,3,6,0,9,0.667,depleted,depleted,association_and_abundance_agree,1,2,depleted,0.667
7658,Ruminococcus,genus,56231,HIV Infections,3,vs_health,1,2,0,depleted,0.667,3,1,5,1,6,0.833,depleted,depleted,association_and_abundance_agree,1,2,depleted,0.667
7663,Akkermansia,genus,20491,Colorectal Neoplasms,3,vs_health,2,1,0,enriched,0.667,3,14,9,0,23,0.609,enriched,enriched,association_and_abundance_agree,2,1,enriched,0.667
7663,Akkermansia,genus,28066,COVID-19,3,vs_health,2,1,0,enriched,0.667,3,7,2,0,9,0.778,enriched,enriched,association_and_abundance_agree,2,1,enriched,0.667
7663,Akkermansia,genus,46796,Diarrhea,3,vs_health,0,3,0,depleted,1.0,3,0,2,0,2,1.0,depleted,depleted,association_and_abundance_agree,0,3,depleted,1.000
7664,Coprococcus,genus,18168,Inflammatory Bowel Diseases,3,vs_health,0,3,0,depleted,1.0,3,0,4,0,4,1.0,depleted,depleted,association_and_abundance_agree,0,3,depleted,1.000
7664,Coprococcus,genus,48916,"Fatigue Syndrome, Chronic",3,vs_health,0,3,0,depleted,1.0,3,0,4,0,4,1.0,depleted,depleted,association_and_abundance_agree,0,3,depleted,1.000
7664,Coprococcus,genus,62116,"Kidney Failure, Chronic",3,vs_health,0,3,0,depleted,1.0,3,0,4,0,4,1.0,depleted,depleted,association_and_abundance_agree,0,3,depleted,1.000
7664,Coprococcus,genus,62143,"Renal Insufficiency, Chronic",3,vs_health,0,3,0,depleted,1.0,3,1,6,0,7,0.857,depleted,depleted,association_and_abundance_agree,0,3,depleted,1.000
7665,Fusicatenibacter,genus,18168,Inflammatory Bowel Diseases,3,vs_health,0,3,0,depleted,1.0,3,0,4,0,4,1.0,depleted,depleted,association_and_abundance_agree,0,3,depleted,1.000
7665,Fusicatenibacter,genus,56231,HIV Infections,3,vs_health,1,2,0,depleted,0.667,3,2,4,1,6,0.667,depleted,depleted,association_and_abundance_agree,1,2,depleted,0.667
7666,Faecalibacterium,genus,4876,Autism Spectrum Disorder,3,vs_health,1,2,0,depleted,0.667,3,4,4,0,8,0.5,,depleted,association_consensus,1,2,depleted,0.667
7666,Faecalibacterium,genus,45328,"Diabetes Mellitus, Type 2",3,mixed,0,2,0,depleted,1.0,2,2,8,0,10,0.8,depleted,depleted,association_and_abundance_agree,1,2,depleted,0.667
7666,Faecalibacterium,genus,48916,"Fatigue Syndrome, Chronic",3,vs_health,0,3,0,depleted,1.0,3,0,4,0,4,1.0,depleted,depleted,association_and_abundance_agree,0,3,depleted,1.000
7666,Faecalibacterium,genus,62143,"Renal Insufficiency, Chronic",3,vs_health,0,3,0,depleted,1.0,3,0,7,0,7,1.0,depleted,depleted,association_and_abundance_agree,0,3,depleted,1.000
7667,Alistipes,genus,18168,Inflammatory Bowel Diseases,3,vs_health,1,2,0,depleted,0.667,3,2,2,0,4,0.5,,depleted,association_consensus,1,2,depleted,0.667
7667,Alistipes,genus,45328,"Diabetes Mellitus, Type 2",3,vs_health,1,2,0,depleted,0.667,3,6,4,0,10,0.6,enriched,depleted,association_consensus_abundance_disagrees,1,2,depleted,0.667
7669,Eubacterium,genus,11446,Clostridium Infections,3,vs_health,0,3,0,depleted,1.0,3,0,1,0,1,1.0,depleted,depleted,association_consensus,0,3,depleted,1.000
7669,Eubacterium,genus,18168,Inflammatory Bowel Diseases,3,vs_health,0,3,0,depleted,1.0,3,0,4,0,4,1.0,depleted,depleted,association_and_abundance_agree,0,3,depleted,1.000
7669,Eubacterium,genus,28066,COVID-19,3,vs_health,1,2,0,depleted,0.667,3,5,4,0,9,0.556,enriched,depleted,association_consensus_abundance_disagrees,1,2,depleted,0.667
7669,Eubacterium,genus,62143,"Renal Insufficiency, Chronic",3,mixed,0,2,0,depleted,1.0,2,4,3,0,7,0.571,enriched,depleted,association_consensus_abundance_disagrees,1,2,depleted,0.667
7671,Lachnospira,genus,62116,"Kidney Failure, Chronic",3,vs_health,0,3,0,depleted,1.0,3,0,4,0,4,1.0,depleted,depleted,association_and_abundance_agree,0,3,depleted,1.000
7672,Collinsella,genus,28066,COVID-19,3,vs_health,0,3,0,depleted,1.0,3,2,7,0,9,0.778,depleted,depleted,association_and_abundance_agree,0,3,depleted,1.000
7672,Collinsella,genus,46796,Diarrhea,3,vs_health,1,2,0,depleted,0.667,3,0,2,0,2,1.0,depleted,depleted,association_and_abundance_agree,1,2,depleted,0.667
7672,Collinsella,genus,56231,HIV Infections,3,vs_health,2,1,0,enriched,0.667,3,3,3,1,6,0.5,,enriched,association_consensus,2,1,enriched,0.667
7673,Prevotella,genus,11446,Clostridium Infections,3,vs_health,0,3,0,depleted,1.0,3,1,0,0,1,1.0,enriched,depleted,association_consensus,0,3,depleted,1.000
7673,Prevotella,genus,28066,COVID-19,3,vs_health,1,2,0,depleted,0.667,3,3,6,0,9,0.667,depleted,depleted,association_and_abundance_agree,1,2,depleted,0.667
7673,Prevotella,genus,45328,"Diabetes Mellitus, Type 2",3,vs_health,1,2,0,depleted,0.667,3,6,4,0,10,0.6,enriched,depleted,association_consensus_abundance_disagrees,1,2,depleted,0.667
7673,Prevotella,genus,46796,Diarrhea,3,vs_health,0,3,0,depleted,1.0,3,0,2,0,2,1.0,depleted,depleted,association_and_abundance_agree,0,3,depleted,1.000
7673,Prevotella,genus,48916,"Fatigue Syndrome, Chronic",3,vs_health,0,3,0,depleted,1.0,3,0,4,0,4,1.0,depleted,depleted,association_and_abundance_agree,0,3,depleted,1.000
7673,Prevotella,genus,62116,"Kidney Failure, Chronic",3,vs_health,0,3,0,depleted,1.0,3,0,4,0,4,1.0,depleted,depleted,association_and_abundance_agree,0,3,depleted,1.000
7673,Prevotella,genus,73716,Parkinson Disease,3,vs_health,0,3,0,depleted,1.0,3,0,8,1,8,1.0,depleted,depleted,association_and_abundance_agree,0,3,depleted,1.000
7677,Oscillibacter,genus,11446,Clostridium Infections,3,vs_health,0,3,0,depleted,1.0,3,1,0,0,1,1.0,enriched,depleted,association_consensus,0,3,depleted,1.000
7682,Wujia,genus,20491,Colorectal Neoplasms,3,mixed,1,1,0,,0.5,2,3,7,13,10,0.7,depleted,depleted,abundance_majority,2,1,enriched,0.667
7683,Wujia chipingensis,species,20491,Colorectal Neoplasms,3,mixed,1,1,0,,0.5,2,3,7,0,10,0.7,depleted,depleted,abundance_majority,2,1,enriched,0.667
7684,Eubacterium siraeum,species,12711,"Colitis, Ulcerative",3,mixed,0,3,0,depleted,1.0,3,2,5,0,7,0.714,depleted,depleted,association_and_abundance_agree,1,3,depleted,0.750
7686,Roseburia,genus,11446,Clostridium Infections,3,vs_health,0,3,0,depleted,1.0,3,0,1,0,1,1.0,depleted,depleted,association_consensus,0,3,depleted,1.000
7686,Roseburia,genus,48916,"Fatigue Syndrome, Chronic",3,vs_health,0,3,0,depleted,1.0,3,0,4,0,4,1.0,depleted,depleted,association_and_abundance_agree,0,3,depleted,1.000
7686,Roseburia,genus,72061,Obesity,3,vs_health,3,0,0,enriched,1.0,3,4,1,0,5,0.8,enriched,enriched,association_and_abundance_agree,3,0,enriched,1.000
7688,Gemmiger formicilis,species,48916,"Fatigue Syndrome, Chronic",3,vs_health,1,2,0,depleted,0.667,3,1,3,0,4,0.75,depleted,depleted,association_and_abundance_agree,1,2,depleted,0.667
7689,Holdemanella,genus,20491,Colorectal Neoplasms,3,mixed,0,2,0,depleted,1.0,2,12,10,1,22,0.545,enriched,depleted,association_consensus_abundance_disagrees,1,2,depleted,0.667
7689,Holdemanella,genus,28066,COVID-19,3,vs_health,0,3,0,depleted,1.0,3,2,6,1,8,0.75,depleted,depleted,association_and_abundance_agree,0,3,depleted,1.000
7689,Holdemanella,genus,48916,"Fatigue Syndrome, Chronic",3,vs_health,0,3,0,depleted,1.0,3,0,3,1,3,1.0,depleted,depleted,association_and_abundance_agree,0,3,depleted,1.000
7691,Parasutterella,genus,1,Irritable Bowel Syndrome,3,vs_health,1,2,0,depleted,0.667,3,3,2,0,5,0.6,enriched,depleted,association_consensus_abundance_disagrees,1,2,depleted,0.667
7691,Parasutterella,genus,3086,"Arthritis, Rheumatoid",3,vs_health,1,2,0,depleted,0.667,3,2,3,0,5,0.6,depleted,depleted,association_and_abundance_agree,1,2,depleted,0.667
7691,Parasutterella,genus,12711,"Colitis, Ulcerative",3,mixed,2,1,0,enriched,0.667,3,8,5,2,13,0.615,enriched,enriched,association_and_abundance_agree,2,1,enriched,0.667
7691,Parasutterella,genus,62143,"Renal Insufficiency, Chronic",3,vs_health,0,3,0,depleted,1.0,3,0,6,1,6,1.0,depleted,depleted,association_and_abundance_agree,0,3,depleted,1.000
7692,Holdemanella porci,species,12711,"Colitis, Ulcerative",3,mixed,0,2,0,depleted,1.0,2,2,5,0,7,0.714,depleted,depleted,association_and_abundance_agree,0,3,depleted,1.000
7693,Mediterraneibacter,genus,12711,"Colitis, Ulcerative",3,mixed,1,0,0,enriched,1.0,1,8,7,0,15,0.533,enriched,enriched,association_and_abundance_agree,2,1,enriched,0.667
7693,Mediterraneibacter,genus,12713,Crohn Disease,3,mixed,2,1,0,enriched,0.667,3,12,5,0,17,0.706,enriched,enriched,association_and_abundance_agree,2,1,enriched,0.667
7693,Mediterraneibacter,genus,20491,Colorectal Neoplasms,3,vs_health,3,0,0,enriched,1.0,3,16,6,1,22,0.727,enriched,enriched,association_and_abundance_agree,3,0,enriched,1.000
7693,Mediterraneibacter,genus,62116,"Kidney Failure, Chronic",3,mixed,3,0,0,enriched,1.0,3,4,0,0,4,1.0,enriched,enriched,association_and_abundance_agree,3,1,enriched,0.750
7696,Oscillibacter sp. er4,species,48916,"Fatigue Syndrome, Chronic",3,vs_health,0,3,0,depleted,1.0,3,0,3,1,3,1.0,depleted,depleted,association_and_abundance_agree,0,3,depleted,1.000
7699,Roseburia sp. af02-12,species,12711,"Colitis, Ulcerative",3,vs_health,1,2,0,depleted,0.667,3,2,5,0,7,0.714,depleted,depleted,association_and_abundance_agree,1,2,depleted,0.667
7699,Roseburia sp. af02-12,species,48916,"Fatigue Syndrome, Chronic",3,vs_health,0,3,0,depleted,1.0,3,0,3,1,3,1.0,depleted,depleted,association_and_abundance_agree,0,3,depleted,1.000
7700,Faecalicatena,genus,12711,"Colitis, Ulcerative",3,vs_health,1,2,0,depleted,0.667,3,5,5,5,10,0.5,,depleted,association_consensus,1,2,depleted,0.667
7700,Faecalicatena,genus,28066,COVID-19,3,vs_health,2,1,0,enriched,0.667,3,3,2,4,5,0.6,enriched,enriched,association_and_abundance_agree,2,1,enriched,0.667
7701,Faecalibacterium butyricigenerans,species,20491,Colorectal Neoplasms,3,vs_health,0,3,0,depleted,1.0,3,2,8,0,10,0.8,depleted,depleted,association_and_abundance_agree,0,3,depleted,1.000
7701,Faecalibacterium butyricigenerans,species,48916,"Fatigue Syndrome, Chronic",3,vs_health,0,3,0,depleted,1.0,3,0,3,1,3,1.0,depleted,depleted,association_and_abundance_agree,0,3,depleted,1.000
7704,Faecalicatena fissicatena,species,48916,"Fatigue Syndrome, Chronic",3,vs_health,0,3,0,depleted,1.0,3,0,4,0,4,1.0,depleted,depleted,association_and_abundance_agree,0,3,depleted,1.000
7711,Intestinibacter,genus,12713,Crohn Disease,3,mixed,1,0,0,enriched,1.0,1,11,3,3,14,0.786,enriched,enriched,association_and_abundance_agree,2,1,enriched,0.667
7711,Intestinibacter,genus,20491,Colorectal Neoplasms,3,vs_health,1,2,0,depleted,0.667,3,13,7,3,20,0.65,enriched,depleted,association_consensus_abundance_disagrees,1,2,depleted,0.667
7711,Intestinibacter,genus,45328,"Diabetes Mellitus, Type 2",3,vs_health,1,2,0,depleted,0.667,3,4,5,1,9,0.556,depleted,depleted,association_and_abundance_agree,1,2,depleted,0.667
7713,Agathobaculum,genus,28066,COVID-19,3,vs_health,0,3,0,depleted,1.0,3,0,3,6,3,1.0,depleted,depleted,association_and_abundance_agree,0,3,depleted,1.000
7713,Agathobaculum,genus,48916,"Fatigue Syndrome, Chronic",3,vs_health,0,3,0,depleted,1.0,3,0,4,0,4,1.0,depleted,depleted,association_and_abundance_agree,0,3,depleted,1.000
7713,Agathobaculum,genus,73716,Parkinson Disease,3,vs_health,1,2,0,depleted,0.667,3,2,4,3,6,0.667,depleted,depleted,association_and_abundance_agree,1,2,depleted,0.667
7715,Agathobaculum butyriciproducens,species,28066,COVID-19,3,vs_health,0,3,0,depleted,1.0,3,0,3,0,3,1.0,depleted,depleted,association_and_abundance_agree,0,3,depleted,1.000
7715,Agathobaculum butyriciproducens,species,48916,"Fatigue Syndrome, Chronic",3,vs_health,0,3,0,depleted,1.0,3,0,4,0,4,1.0,depleted,depleted,association_and_abundance_agree,0,3,depleted,1.000
7715,Agathobaculum butyriciproducens,species,73716,Parkinson Disease,3,vs_health,1,2,0,depleted,0.667,3,2,4,0,6,0.667,depleted,depleted,association_and_abundance_agree,1,2,depleted,0.667
7719,Bacillota bacterium,species,12711,"Colitis, Ulcerative",3,mixed,1,0,0,enriched,1.0,1,4,1,2,5,0.8,enriched,enriched,association_and_abundance_agree,2,1,enriched,0.667
7720,Thomasclavelia,genus,28066,COVID-19,3,vs_health,3,0,0,enriched,1.0,3,7,2,0,9,0.778,enriched,enriched,association_and_abundance_agree,3,0,enriched,1.000
7720,Thomasclavelia,genus,48916,"Fatigue Syndrome, Chronic",3,vs_health,2,1,0,enriched,0.667,3,2,1,1,3,0.667,enriched,enriched,association_and_abundance_agree,2,1,enriched,0.667
7720,Thomasclavelia,genus,62116,"Kidney Failure, Chronic",3,vs_health,3,0,0,enriched,1.0,3,3,0,1,3,1.0,enriched,enriched,association_and_abundance_agree,3,0,enriched,1.000
7720,Thomasclavelia,genus,62143,"Renal Insufficiency, Chronic",3,vs_health,3,0,0,enriched,1.0,3,7,0,0,7,1.0,enriched,enriched,association_and_abundance_agree,3,0,enriched,1.000
7721,Barnesiella,genus,28066,COVID-19,3,vs_health,2,1,0,enriched,0.667,3,5,4,0,9,0.556,enriched,enriched,association_and_abundance_agree,2,1,enriched,0.667
7721,Barnesiella,genus,73716,Parkinson Disease,3,vs_health,3,0,0,enriched,1.0,3,7,1,1,8,0.875,enriched,enriched,association_and_abundance_agree,3,0,enriched,1.000
7725,Coprobacter,genus,28066,COVID-19,3,vs_health,0,3,0,depleted,1.0,3,3,4,2,7,0.571,depleted,depleted,association_and_abundance_agree,0,3,depleted,1.000
7729,Leyella stercorea,species,12713,Crohn Disease,3,mixed,1,2,0,depleted,0.667,3,2,5,1,7,0.714,depleted,depleted,association_and_abundance_agree,1,3,depleted,0.750
7735,Clostridium fessum,species,48916,"Fatigue Syndrome, Chronic",3,vs_health,0,3,0,depleted,1.0,3,0,4,0,4,1.0,depleted,depleted,association_and_abundance_agree,0,3,depleted,1.000
7736,Parabacteroides faecalis,species,12713,Crohn Disease,3,mixed,0,3,0,depleted,1.0,3,0,5,3,5,1.0,depleted,depleted,association_and_abundance_agree,0,3,depleted,1.000
7737,Lentihominibacter,genus,12713,Crohn Disease,3,mixed,0,3,0,depleted,1.0,3,1,6,10,7,0.857,depleted,depleted,association_and_abundance_agree,0,3,depleted,1.000
7738,Lawsonibacter,genus,12711,"Colitis, Ulcerative",3,mixed,0,2,0,depleted,1.0,2,5,4,6,9,0.556,enriched,depleted,association_consensus_abundance_disagrees,2,2,tied,0.500
7738,Lawsonibacter,genus,20491,Colorectal Neoplasms,3,vs_health,1,2,0,depleted,0.667,3,5,5,13,10,0.5,,depleted,association_consensus,1,2,depleted,0.667
7739,Flavonifractor,genus,11446,Clostridium Infections,3,vs_health,2,1,0,enriched,0.667,3,1,0,0,1,1.0,enriched,enriched,association_consensus,2,1,enriched,0.667
7739,Flavonifractor,genus,28066,COVID-19,3,vs_health,2,1,0,enriched,0.667,3,7,1,1,8,0.875,enriched,enriched,association_and_abundance_agree,2,1,enriched,0.667
7739,Flavonifractor,genus,46796,Diarrhea,3,vs_health,1,2,0,depleted,0.667,3,2,0,0,2,1.0,enriched,depleted,association_consensus_abundance_disagrees,1,2,depleted,0.667
7739,Flavonifractor,genus,48916,"Fatigue Syndrome, Chronic",3,vs_health,3,0,0,enriched,1.0,3,4,0,0,4,1.0,enriched,enriched,association_and_abundance_agree,3,0,enriched,1.000
7739,Flavonifractor,genus,62116,"Kidney Failure, Chronic",3,vs_health,3,0,0,enriched,1.0,3,4,0,0,4,1.0,enriched,enriched,association_and_abundance_agree,3,0,enriched,1.000
7739,Flavonifractor,genus,62143,"Renal Insufficiency, Chronic",3,vs_health,3,0,0,enriched,1.0,3,4,3,0,7,0.571,enriched,enriched,association_and_abundance_agree,3,0,enriched,1.000
7740,Lentihominibacter faecis,species,20491,Colorectal Neoplasms,3,mixed,0,2,0,depleted,1.0,2,3,7,0,10,0.7,depleted,depleted,association_and_abundance_agree,1,2,depleted,0.667
7741,Mitsuokella,genus,12713,Crohn Disease,3,mixed,0,2,0,depleted,1.0,2,4,6,7,10,0.6,depleted,depleted,association_and_abundance_agree,0,3,depleted,1.000
7741,Mitsuokella,genus,28066,COVID-19,3,vs_health,0,3,0,depleted,1.0,3,0,6,3,6,1.0,depleted,depleted,association_and_abundance_agree,0,3,depleted,1.000
7741,Mitsuokella,genus,45328,"Diabetes Mellitus, Type 2",3,vs_health,3,0,0,enriched,1.0,3,4,3,3,7,0.571,enriched,enriched,association_and_abundance_agree,3,0,enriched,1.000
7743,Lawsonibacter asaccharolyticus,species,12711,"Colitis, Ulcerative",3,mixed,0,2,0,depleted,1.0,2,4,3,0,7,0.571,enriched,depleted,association_consensus_abundance_disagrees,2,2,tied,0.500
7743,Lawsonibacter asaccharolyticus,species,20491,Colorectal Neoplasms,3,vs_health,1,2,0,depleted,0.667,3,3,5,2,8,0.625,depleted,depleted,association_and_abundance_agree,1,2,depleted,0.667
7744,Clostridium sp. af36-4,species,20491,Colorectal Neoplasms,3,vs_health,0,3,0,depleted,1.0,3,4,6,0,10,0.6,depleted,depleted,association_and_abundance_agree,0,3,depleted,1.000
7745,Kineothrix,genus,12713,Crohn Disease,3,vs_health,0,3,0,depleted,1.0,3,1,7,9,8,0.875,depleted,depleted,association_and_abundance_agree,0,3,depleted,1.000
7745,Kineothrix,genus,48916,"Fatigue Syndrome, Chronic",3,vs_health,0,3,0,depleted,1.0,3,0,3,1,3,1.0,depleted,depleted,association_and_abundance_agree,0,3,depleted,1.000
7748,Fusicatenibacter faecihominis,species,20491,Colorectal Neoplasms,3,vs_health,0,3,0,depleted,1.0,3,1,9,0,10,0.9,depleted,depleted,association_and_abundance_agree,0,3,depleted,1.000
7750,Victivallis,genus,12711,"Colitis, Ulcerative",3,vs_health,0,3,0,depleted,1.0,3,1,8,6,9,0.889,depleted,depleted,association_and_abundance_agree,0,3,depleted,1.000
7753,Jutongia hominis,species,12713,Crohn Disease,3,mixed,0,2,0,depleted,1.0,2,1,5,2,6,0.833,depleted,depleted,association_and_abundance_agree,0,3,depleted,1.000
7753,Jutongia hominis,species,20491,Colorectal Neoplasms,3,vs_health,0,3,0,depleted,1.0,3,4,6,0,10,0.6,depleted,depleted,association_and_abundance_agree,0,3,depleted,1.000
7755,Eisenbergiella,genus,28066,COVID-19,3,vs_health,2,1,0,enriched,0.667,3,6,2,1,8,0.75,enriched,enriched,association_and_abundance_agree,2,1,enriched,0.667
7755,Eisenbergiella,genus,62116,"Kidney Failure, Chronic",3,vs_health,3,0,0,enriched,1.0,3,4,0,0,4,1.0,enriched,enriched,association_and_abundance_agree,3,0,enriched,1.000
7755,Eisenbergiella,genus,68391,Multiple Sclerosis,3,vs_health,3,0,0,enriched,1.0,3,4,1,1,5,0.8,enriched,enriched,association_and_abundance_agree,3,0,enriched,1.000
7758,Faecalitalea,genus,12711,"Colitis, Ulcerative",3,mixed,1,0,0,enriched,1.0,1,6,3,6,9,0.667,enriched,enriched,association_and_abundance_agree,3,0,enriched,1.000
7760,Blautia luti,species,12713,Crohn Disease,3,vs_health,0,3,0,depleted,1.0,3,1,6,1,7,0.857,depleted,depleted,association_and_abundance_agree,0,3,depleted,1.000
7762,Drancourtella massiliensis,species,12713,Crohn Disease,3,mixed,2,0,0,enriched,1.0,2,4,1,3,5,0.8,enriched,enriched,association_and_abundance_agree,2,1,enriched,0.667
7766,Clostridium sp. af27-2aa,species,12711,"Colitis, Ulcerative",3,mixed,0,2,0,depleted,1.0,2,1,6,0,7,0.857,depleted,depleted,association_and_abundance_agree,1,2,depleted,0.667
7766,Clostridium sp. af27-2aa,species,48916,"Fatigue Syndrome, Chronic",3,vs_health,0,3,0,depleted,1.0,3,0,3,1,3,1.0,depleted,depleted,association_and_abundance_agree,0,3,depleted,1.000
7771,Hydrogenoanaerobacterium,genus,12713,Crohn Disease,3,mixed,0,2,0,depleted,1.0,2,3,9,5,12,0.75,depleted,depleted,association_and_abundance_agree,0,3,depleted,1.000
7772,Senegalimassilia,genus,12711,"Colitis, Ulcerative",3,mixed,0,2,0,depleted,1.0,2,6,6,3,12,0.5,,depleted,association_consensus,2,2,tied,0.500
7772,Senegalimassilia,genus,12713,Crohn Disease,3,mixed,0,2,0,depleted,1.0,2,2,10,5,12,0.833,depleted,depleted,association_and_abundance_agree,0,3,depleted,1.000
7772,Senegalimassilia,genus,28066,COVID-19,3,vs_health,1,2,0,depleted,0.667,3,4,5,0,9,0.556,depleted,depleted,association_and_abundance_agree,1,2,depleted,0.667
7775,Clostridium innocuum,species,12711,"Colitis, Ulcerative",3,mixed,2,0,0,enriched,1.0,2,5,2,0,7,0.714,enriched,enriched,association_and_abundance_agree,2,1,enriched,0.667
7775,Clostridium innocuum,species,20491,Colorectal Neoplasms,3,vs_health,2,1,0,enriched,0.667,3,7,3,0,10,0.7,enriched,enriched,association_and_abundance_agree,2,1,enriched,0.667
7779,Coprobacillus,genus,20491,Colorectal Neoplasms,3,vs_health,2,1,0,enriched,0.667,3,13,5,5,18,0.722,enriched,enriched,association_and_abundance_agree,2,1,enriched,0.667
7782,Actinomyces,genus,11446,Clostridium Infections,3,vs_health,3,0,0,enriched,1.0,3,1,0,0,1,1.0,enriched,enriched,association_consensus,3,0,enriched,1.000
7782,Actinomyces,genus,28066,COVID-19,3,vs_health,2,1,0,enriched,0.667,3,6,2,1,8,0.75,enriched,enriched,association_and_abundance_agree,2,1,enriched,0.667
7782,Actinomyces,genus,45328,"Diabetes Mellitus, Type 2",3,vs_health,3,0,0,enriched,1.0,3,5,0,5,5,1.0,enriched,enriched,association_and_abundance_agree,3,0,enriched,1.000
7782,Actinomyces,genus,62143,"Renal Insufficiency, Chronic",3,mixed,3,0,0,enriched,1.0,3,7,0,0,7,1.0,enriched,enriched,association_and_abundance_agree,3,0,enriched,1.000
7787,Alistipes communis,species,12711,"Colitis, Ulcerative",3,mixed,0,3,0,depleted,1.0,3,1,6,0,7,0.857,depleted,depleted,association_and_abundance_agree,1,3,depleted,0.750
7788,Limosilactobacillus,genus,3086,"Arthritis, Rheumatoid",3,vs_health,2,1,0,enriched,0.667,3,4,1,0,5,0.8,enriched,enriched,association_and_abundance_agree,2,1,enriched,0.667
7788,Limosilactobacillus,genus,12711,"Colitis, Ulcerative",3,mixed,2,0,0,enriched,1.0,2,12,1,2,13,0.923,enriched,enriched,association_and_abundance_agree,2,1,enriched,0.667
7789,Pseudoflavonifractor,genus,12711,"Colitis, Ulcerative",3,mixed,2,0,0,enriched,1.0,2,7,4,4,11,0.636,enriched,enriched,association_and_abundance_agree,2,1,enriched,0.667
7789,Pseudoflavonifractor,genus,72061,Obesity,3,vs_health,0,3,0,depleted,1.0,3,1,1,3,2,0.5,,depleted,association_consensus,0,3,depleted,1.000
7790,Negativibacillus,genus,12711,"Colitis, Ulcerative",3,mixed,1,0,0,enriched,1.0,1,9,3,3,12,0.75,enriched,enriched,association_and_abundance_agree,3,0,enriched,1.000
7791,Clostridiales bacterium,species,12711,"Colitis, Ulcerative",3,mixed,1,0,0,enriched,1.0,1,7,0,0,7,1.0,enriched,enriched,association_and_abundance_agree,3,0,enriched,1.000
7791,Clostridiales bacterium,species,20491,Colorectal Neoplasms,3,mixed,1,1,0,,0.5,2,6,3,1,9,0.667,enriched,enriched,abundance_majority,1,2,depleted,0.667
7792,Lachnoclostridium,genus,48916,"Fatigue Syndrome, Chronic",3,vs_health,3,0,0,enriched,1.0,3,3,0,1,3,1.0,enriched,enriched,association_and_abundance_agree,3,0,enriched,1.000
7792,Lachnoclostridium,genus,62116,"Kidney Failure, Chronic",3,vs_health,2,1,0,enriched,0.667,3,3,1,0,4,0.75,enriched,enriched,association_and_abundance_agree,2,1,enriched,0.667
7796,Allisonella,genus,12711,"Colitis, Ulcerative",3,mixed,0,2,0,depleted,1.0,2,5,5,5,10,0.5,,depleted,association_consensus,0,3,depleted,1.000
7796,Allisonella,genus,12713,Crohn Disease,3,mixed,3,0,0,enriched,1.0,3,8,4,5,12,0.667,enriched,enriched,association_and_abundance_agree,3,0,enriched,1.000
7796,Allisonella,genus,20491,Colorectal Neoplasms,3,vs_health,2,1,0,enriched,0.667,3,13,4,6,17,0.765,enriched,enriched,association_and_abundance_agree,2,1,enriched,0.667
7800,Dorea sp. af36-15at,species,12711,"Colitis, Ulcerative",3,mixed,0,2,0,depleted,1.0,2,3,4,0,7,0.571,depleted,depleted,association_and_abundance_agree,1,2,depleted,0.667
7803,Ligilactobacillus,genus,62143,"Renal Insufficiency, Chronic",3,vs_health,2,1,0,enriched,0.667,3,4,3,0,7,0.571,enriched,enriched,association_and_abundance_agree,2,1,enriched,0.667
7804,Clostridium leptum,species,12713,Crohn Disease,3,mixed,2,1,0,enriched,0.667,3,4,3,1,7,0.571,enriched,enriched,association_and_abundance_agree,2,1,enriched,0.667
7810,Megamonas,genus,28066,COVID-19,3,vs_health,1,2,0,depleted,0.667,3,4,3,2,7,0.571,enriched,depleted,association_consensus_abundance_disagrees,1,2,depleted,0.667
7810,Megamonas,genus,62116,"Kidney Failure, Chronic",3,mixed,0,3,0,depleted,1.0,3,0,4,0,4,1.0,depleted,depleted,association_and_abundance_agree,1,3,depleted,0.750
7813,Lactobacillus,genus,11446,Clostridium Infections,3,vs_health,2,1,0,enriched,0.667,3,0,1,0,1,1.0,depleted,enriched,association_consensus,2,1,enriched,0.667
7813,Lactobacillus,genus,18168,Inflammatory Bowel Diseases,3,vs_health,2,1,0,enriched,0.667,3,2,2,0,4,0.5,,enriched,association_consensus,2,1,enriched,0.667
7813,Lactobacillus,genus,20491,Colorectal Neoplasms,3,vs_health,3,0,0,enriched,1.0,3,13,9,1,22,0.591,enriched,enriched,association_and_abundance_agree,3,0,enriched,1.000
7820,Ruthenibacterium lactatiformans,species,12711,"Colitis, Ulcerative",3,mixed,1,1,0,,0.5,2,5,2,0,7,0.714,enriched,enriched,abundance_majority,2,1,enriched,0.667
7820,Ruthenibacterium lactatiformans,species,12713,Crohn Disease,3,mixed,1,1,0,,0.5,2,6,1,1,7,0.857,enriched,enriched,abundance_majority,1,2,depleted,0.667
7820,Ruthenibacterium lactatiformans,species,48916,"Fatigue Syndrome, Chronic",3,vs_health,3,0,0,enriched,1.0,3,4,0,0,4,1.0,enriched,enriched,association_and_abundance_agree,3,0,enriched,1.000
7821,Blautia glucerasea,species,28066,COVID-19,3,vs_health,1,2,0,depleted,0.667,3,1,2,0,3,0.667,depleted,depleted,association_and_abundance_agree,1,2,depleted,0.667
7821,Blautia glucerasea,species,48916,"Fatigue Syndrome, Chronic",3,vs_health,1,2,0,depleted,0.667,3,1,2,1,3,0.667,depleted,depleted,association_and_abundance_agree,1,2,depleted,0.667
7824,Romboutsia,genus,45328,"Diabetes Mellitus, Type 2",3,vs_health,0,3,0,depleted,1.0,3,4,6,0,10,0.6,depleted,depleted,association_and_abundance_agree,0,3,depleted,1.000
7824,Romboutsia,genus,62116,"Kidney Failure, Chronic",3,mixed,0,3,0,depleted,1.0,3,0,4,0,4,1.0,depleted,depleted,association_and_abundance_agree,0,3,depleted,1.000
7825,Longicatena caecimuris,species,12711,"Colitis, Ulcerative",3,mixed,2,1,0,enriched,0.667,3,3,2,2,5,0.6,enriched,enriched,association_and_abundance_agree,2,1,enriched,0.667
7828,Ruthenibacterium,genus,48916,"Fatigue Syndrome, Chronic",3,vs_health,3,0,0,enriched,1.0,3,4,0,0,4,1.0,enriched,enriched,association_and_abundance_agree,3,0,enriched,1.000
7829,Escherichia,genus,20491,Colorectal Neoplasms,3,vs_health,2,1,0,enriched,0.667,3,9,4,10,13,0.692,enriched,enriched,association_and_abundance_agree,2,1,enriched,0.667
7835,Blautia caecimuris,species,12711,"Colitis, Ulcerative",3,mixed,2,0,0,enriched,1.0,2,4,2,1,6,0.667,enriched,enriched,association_and_abundance_agree,3,0,enriched,1.000
7835,Blautia caecimuris,species,12713,Crohn Disease,3,mixed,2,0,0,enriched,1.0,2,4,3,1,7,0.571,enriched,enriched,association_and_abundance_agree,2,1,enriched,0.667
7835,Blautia caecimuris,species,48916,"Fatigue Syndrome, Chronic",3,vs_health,3,0,0,enriched,1.0,3,3,0,1,3,1.0,enriched,enriched,association_and_abundance_agree,3,0,enriched,1.000
7836,Faecalimonas nexilis,species,12711,"Colitis, Ulcerative",3,mixed,3,0,0,enriched,1.0,3,6,1,0,7,0.857,enriched,enriched,association_and_abundance_agree,3,1,enriched,0.750
7836,Faecalimonas nexilis,species,12713,Crohn Disease,3,mixed,3,0,0,enriched,1.0,3,7,1,0,8,0.875,enriched,enriched,association_and_abundance_agree,3,0,enriched,1.000
7837,Longicatena,genus,12711,"Colitis, Ulcerative",3,mixed,2,1,0,enriched,0.667,3,4,3,8,7,0.571,enriched,enriched,association_and_abundance_agree,2,1,enriched,0.667
7839,Vescimonas,genus,12711,"Colitis, Ulcerative",3,mixed,1,1,0,,0.5,2,4,3,8,7,0.571,enriched,,unresolved_abundance_inconclusive,3,1,enriched,0.750
7842,Tyzzerella,genus,12711,"Colitis, Ulcerative",3,mixed,2,1,0,enriched,0.667,3,7,5,3,12,0.583,enriched,enriched,association_and_abundance_agree,2,2,tied,0.500
7842,Tyzzerella,genus,12713,Crohn Disease,3,mixed,3,0,0,enriched,1.0,3,9,5,3,14,0.643,enriched,enriched,association_and_abundance_agree,3,0,enriched,1.000
7842,Tyzzerella,genus,62116,"Kidney Failure, Chronic",3,vs_health,2,1,0,enriched,0.667,3,2,1,1,3,0.667,enriched,enriched,association_and_abundance_agree,2,1,enriched,0.667
7843,Desulfovibrio,genus,56231,HIV Infections,3,vs_health,2,1,0,enriched,0.667,3,2,5,0,7,0.714,depleted,enriched,association_consensus_abundance_disagrees,2,1,enriched,0.667
7845,Anaerobutyricum,genus,12711,"Colitis, Ulcerative",3,mixed,0,2,0,depleted,1.0,2,4,5,6,9,0.556,depleted,depleted,association_and_abundance_agree,1,2,depleted,0.667
7846,Blautia faecis,species,12711,"Colitis, Ulcerative",3,mixed,2,1,0,enriched,0.667,3,3,4,0,7,0.571,depleted,enriched,association_consensus_abundance_disagrees,2,1,enriched,0.667
7846,Blautia faecis,species,20491,Colorectal Neoplasms,3,vs_health,0,3,0,depleted,1.0,3,5,5,0,10,0.5,,depleted,association_consensus,0,3,depleted,1.000
7851,Streptococcus,genus,12711,"Colitis, Ulcerative",3,mixed,2,0,0,enriched,1.0,2,12,2,1,14,0.857,enriched,enriched,association_and_abundance_agree,3,0,enriched,1.000
7851,Streptococcus,genus,46796,Diarrhea,3,vs_health,3,0,0,enriched,1.0,3,2,0,0,2,1.0,enriched,enriched,association_and_abundance_agree,3,0,enriched,1.000
7851,Streptococcus,genus,72061,Obesity,3,vs_health,2,1,0,enriched,0.667,3,2,2,1,4,0.5,,enriched,association_consensus,2,1,enriched,0.667
7855,Catenibacterium,genus,12713,Crohn Disease,3,mixed,2,0,0,enriched,1.0,2,8,7,2,15,0.533,enriched,enriched,association_and_abundance_agree,3,0,enriched,1.000
7857,Bifidobacterium,genus,12711,"Colitis, Ulcerative",3,mixed,1,1,0,,0.5,2,11,3,1,14,0.786,enriched,enriched,abundance_majority,1,2,depleted,0.667
7860,Hungatella,genus,28066,COVID-19,3,vs_health,2,1,0,enriched,0.667,3,6,2,1,8,0.75,enriched,enriched,association_and_abundance_agree,2,1,enriched,0.667
7860,Hungatella,genus,62116,"Kidney Failure, Chronic",3,vs_health,3,0,0,enriched,1.0,3,4,0,0,4,1.0,enriched,enriched,association_and_abundance_agree,3,0,enriched,1.000
7860,Hungatella,genus,68391,Multiple Sclerosis,3,vs_health,3,0,0,enriched,1.0,3,5,0,1,5,1.0,enriched,enriched,association_and_abundance_agree,3,0,enriched,1.000
7860,Hungatella,genus,73716,Parkinson Disease,3,vs_health,3,0,0,enriched,1.0,3,7,1,1,8,0.875,enriched,enriched,association_and_abundance_agree,3,0,enriched,1.000
7870,Blautia,genus,3086,"Arthritis, Rheumatoid",3,vs_health,2,1,0,enriched,0.667,3,3,2,0,5,0.6,enriched,enriched,association_and_abundance_agree,2,1,enriched,0.667
7870,Blautia,genus,28066,COVID-19,3,vs_health,0,3,0,depleted,1.0,3,4,5,0,9,0.556,depleted,depleted,association_and_abundance_agree,0,3,depleted,1.000
7870,Blautia,genus,46796,Diarrhea,3,vs_health,1,2,0,depleted,0.667,3,1,1,0,2,0.5,,depleted,association_consensus,1,2,depleted,0.667
7870,Blautia,genus,62116,"Kidney Failure, Chronic",3,mixed,2,0,0,enriched,1.0,2,4,0,0,4,1.0,enriched,enriched,association_and_abundance_agree,3,0,enriched,1.000
7871,Butyricicoccus,genus,11446,Clostridium Infections,3,vs_health,2,1,0,enriched,0.667,3,0,1,0,1,1.0,depleted,enriched,association_consensus,2,1,enriched,0.667
7871,Butyricicoccus,genus,46796,Diarrhea,3,vs_health,1,2,0,depleted,0.667,3,0,2,0,2,1.0,depleted,depleted,association_and_abundance_agree,1,2,depleted,0.667
7871,Butyricicoccus,genus,62143,"Renal Insufficiency, Chronic",3,mixed,1,2,0,depleted,0.667,3,3,4,0,7,0.571,depleted,depleted,association_and_abundance_agree,1,3,depleted,0.750
7876,Dorea,genus,12711,"Colitis, Ulcerative",3,mixed,1,2,0,depleted,0.667,3,8,7,0,15,0.533,enriched,depleted,association_consensus_abundance_disagrees,1,2,depleted,0.667
7876,Dorea,genus,48916,"Fatigue Syndrome, Chronic",3,vs_health,0,3,0,depleted,1.0,3,0,4,0,4,1.0,depleted,depleted,association_and_abundance_agree,0,3,depleted,1.000
7876,Dorea,genus,62116,"Kidney Failure, Chronic",3,vs_health,0,3,0,depleted,1.0,3,0,4,0,4,1.0,depleted,depleted,association_and_abundance_agree,0,3,depleted,1.000
7876,Dorea,genus,310607,Sjogren's Syndrome,3,vs_health,0,3,0,depleted,1.0,3,0,0,0,0,,,depleted,association_consensus,0,3,depleted,1.000
7877,Enterococcus,genus,12711,"Colitis, Ulcerative",3,mixed,1,0,0,enriched,1.0,1,8,4,3,12,0.667,enriched,enriched,association_and_abundance_agree,1,3,depleted,0.750
7877,Enterococcus,genus,46796,Diarrhea,3,vs_health,3,0,0,enriched,1.0,3,2,0,0,2,1.0,enriched,enriched,association_and_abundance_agree,3,0,enriched,1.000
7881,Intestinimonas,genus,12711,"Colitis, Ulcerative",3,mixed,1,1,0,,0.5,2,8,5,2,13,0.615,enriched,enriched,abundance_majority,2,1,enriched,0.667
7881,Intestinimonas,genus,48916,"Fatigue Syndrome, Chronic",3,vs_health,3,0,0,enriched,1.0,3,3,0,1,3,1.0,enriched,enriched,association_and_abundance_agree,3,0,enriched,1.000
7888,Rothia,genus,20491,Colorectal Neoplasms,3,mixed,1,1,0,,0.5,2,9,10,4,19,0.526,depleted,,unresolved_abundance_inconclusive,1,2,depleted,0.667
7889,Subdoligranulum,genus,12711,"Colitis, Ulcerative",3,mixed,0,3,0,depleted,1.0,3,1,5,9,6,0.833,depleted,depleted,association_and_abundance_agree,0,3,depleted,1.000
7889,Subdoligranulum,genus,12713,Crohn Disease,3,mixed,0,3,0,depleted,1.0,3,3,4,10,7,0.571,depleted,depleted,association_and_abundance_agree,0,3,depleted,1.000
7889,Subdoligranulum,genus,20491,Colorectal Neoplasms,3,vs_health,0,3,0,depleted,1.0,3,3,7,13,10,0.7,depleted,depleted,association_and_abundance_agree,0,3,depleted,1.000
7889,Subdoligranulum,genus,28066,COVID-19,3,vs_health,1,2,0,depleted,0.667,3,2,4,3,6,0.667,depleted,depleted,association_and_abundance_agree,1,2,depleted,0.667
7890,Veillonella,genus,18168,Inflammatory Bowel Diseases,3,vs_health,3,0,0,enriched,1.0,3,4,0,0,4,1.0,enriched,enriched,association_and_abundance_agree,3,0,enriched,1.000
7890,Veillonella,genus,46796,Diarrhea,3,vs_health,3,0,0,enriched,1.0,3,2,0,0,2,1.0,enriched,enriched,association_and_abundance_agree,3,0,enriched,1.000
7890,Veillonella,genus,310607,Sjogren's Syndrome,3,vs_health,3,0,0,enriched,1.0,3,0,0,0,0,,,enriched,association_consensus,3,0,enriched,1.000
7899,Candidatus Gastranaerophilales,genus,12713,Crohn Disease,3,vs_health,2,1,0,enriched,0.667,3,2,1,14,3,0.667,enriched,enriched,association_and_abundance_agree,2,1,enriched,0.667
7901,Clostridium,genus,12711,"Colitis, Ulcerative",3,mixed,1,2,0,depleted,0.667,3,8,6,1,14,0.571,enriched,depleted,association_consensus_abundance_disagrees,1,2,depleted,0.667
7951,Blautia stercoris,species,12713,Crohn Disease,3,vs_health,0,3,0,depleted,1.0,3,2,5,1,7,0.714,depleted,depleted,association_and_abundance_agree,0,3,depleted,1.000
7953,Clostridiaceae bacterium marseille-q4143,species,20491,Colorectal Neoplasms,3,vs_health,0,3,0,depleted,1.0,3,2,7,1,9,0.778,depleted,depleted,association_and_abundance_agree,0,3,depleted,1.000
7953,Clostridiaceae bacterium marseille-q4143,species,48916,"Fatigue Syndrome, Chronic",3,vs_health,0,3,0,depleted,1.0,3,0,3,1,3,1.0,depleted,depleted,association_and_abundance_agree,0,3,depleted,1.000
7956,Clostridium sp. af20-17lb,species,48916,"Fatigue Syndrome, Chronic",3,vs_health,0,3,0,depleted,1.0,3,0,3,1,3,1.0,depleted,depleted,association_and_abundance_agree,0,3,depleted,1.000
7957,Clostridium sp. am22-11ac,species,48916,"Fatigue Syndrome, Chronic",3,vs_health,1,2,0,depleted,0.667,3,1,2,1,3,0.667,depleted,depleted,association_and_abundance_agree,1,2,depleted,0.667
7958,Clostridium sp. am33-3,species,48916,"Fatigue Syndrome, Chronic",3,vs_health,0,3,0,depleted,1.0,3,0,3,1,3,1.0,depleted,depleted,association_and_abundance_agree,0,3,depleted,1.000
7959,Clostridium sp. am49-4bh,species,12711,"Colitis, Ulcerative",3,vs_health,0,3,0,depleted,1.0,3,0,7,0,7,1.0,depleted,depleted,association_and_abundance_agree,0,3,depleted,1.000
7959,Clostridium sp. am49-4bh,species,48916,"Fatigue Syndrome, Chronic",3,vs_health,0,3,0,depleted,1.0,3,0,3,1,3,1.0,depleted,depleted,association_and_abundance_agree,0,3,depleted,1.000
7960,Enterocloster,genus,28066,COVID-19,3,vs_health,3,0,0,enriched,1.0,3,3,0,6,3,1.0,enriched,enriched,association_and_abundance_agree,3,0,enriched,1.000
7989,Agathobacter rectalis,species,28066,COVID-19,3,vs_health,0,3,0,depleted,1.0,3,0,3,0,3,1.0,depleted,depleted,association_and_abundance_agree,0,3,depleted,1.000
7989,Agathobacter rectalis,species,48916,"Fatigue Syndrome, Chronic",3,vs_health,0,3,0,depleted,1.0,3,0,3,1,3,1.0,depleted,depleted,association_and_abundance_agree,0,3,depleted,1.000
8011,Candidatus Cibiobacter,genus,48916,"Fatigue Syndrome, Chronic",3,vs_health,0,3,0,depleted,1.0,3,0,4,0,4,1.0,depleted,depleted,association_and_abundance_agree,0,3,depleted,1.000
8012,Candidatus Cibiobacter qucibialis,species,48916,"Fatigue Syndrome, Chronic",3,vs_health,0,3,0,depleted,1.0,3,0,4,0,4,1.0,depleted,depleted,association_and_abundance_agree,0,3,depleted,1.000
8028,Enterocloster aldenensis,species,28066,COVID-19,3,vs_health,3,0,0,enriched,1.0,3,3,0,0,3,1.0,enriched,enriched,association_and_abundance_agree,3,0,enriched,1.000
8037,Faecalibacillus,genus,12711,"Colitis, Ulcerative",3,mixed,0,2,0,depleted,1.0,2,4,5,6,9,0.556,depleted,depleted,association_and_abundance_agree,1,2,depleted,0.667
8037,Faecalibacillus,genus,20491,Colorectal Neoplasms,3,vs_health,0,3,0,depleted,1.0,3,5,7,11,12,0.583,depleted,depleted,association_and_abundance_agree,0,3,depleted,1.000
8042,Frisingicoccus,genus,62116,"Kidney Failure, Chronic",3,mixed,3,0,0,enriched,1.0,3,4,0,0,4,1.0,enriched,enriched,association_and_abundance_agree,3,0,enriched,1.000
8044,Fusicatenibacter saccharivorans,species,28066,COVID-19,3,vs_health,0,3,0,depleted,1.0,3,0,3,0,3,1.0,depleted,depleted,association_and_abundance_agree,0,3,depleted,1.000
8047,Gemmiger,genus,11446,Clostridium Infections,3,vs_health,2,1,0,enriched,0.667,3,0,1,0,1,1.0,depleted,enriched,association_consensus,2,1,enriched,0.667
8047,Gemmiger,genus,48916,"Fatigue Syndrome, Chronic",3,vs_health,1,2,0,depleted,0.667,3,1,3,0,4,0.75,depleted,depleted,association_and_abundance_agree,1,2,depleted,0.667
8057,Lachnospiraceae bacterium am48-27bh,species,48916,"Fatigue Syndrome, Chronic",3,vs_health,0,3,0,depleted,1.0,3,0,3,1,3,1.0,depleted,depleted,association_and_abundance_agree,0,3,depleted,1.000
8058,Lacrimispora,genus,12713,Crohn Disease,3,mixed,2,1,0,enriched,0.667,3,5,5,7,10,0.5,,enriched,association_consensus,2,2,tied,0.500
8058,Lacrimispora,genus,20491,Colorectal Neoplasms,3,vs_health,0,3,0,depleted,1.0,3,3,8,12,11,0.727,depleted,depleted,association_and_abundance_agree,0,3,depleted,1.000
8058,Lacrimispora,genus,48916,"Fatigue Syndrome, Chronic",3,vs_health,2,1,0,enriched,0.667,3,2,2,0,4,0.5,,enriched,association_consensus,2,1,enriched,0.667
8059,Lacrimispora amygdalina,species,12713,Crohn Disease,3,mixed,2,1,0,enriched,0.667,3,5,3,0,8,0.625,enriched,enriched,association_and_abundance_agree,2,3,depleted,0.600
8059,Lacrimispora amygdalina,species,20491,Colorectal Neoplasms,3,vs_health,0,3,0,depleted,1.0,3,3,7,0,10,0.7,depleted,depleted,association_and_abundance_agree,0,3,depleted,1.000
8059,Lacrimispora amygdalina,species,48916,"Fatigue Syndrome, Chronic",3,vs_health,2,1,0,enriched,0.667,3,2,2,0,4,0.5,,enriched,association_consensus,2,1,enriched,0.667
8061,Mediterraneibacter faecis,species,20491,Colorectal Neoplasms,3,vs_health,1,2,0,depleted,0.667,3,8,2,0,10,0.8,enriched,depleted,association_consensus_abundance_disagrees,1,2,depleted,0.667
8061,Mediterraneibacter faecis,species,48916,"Fatigue Syndrome, Chronic",3,vs_health,1,2,0,depleted,0.667,3,1,2,1,3,0.667,depleted,depleted,association_and_abundance_agree,1,2,depleted,0.667
8077,Romboutsia timonensis,species,12713,Crohn Disease,3,mixed,1,2,0,depleted,0.667,3,3,4,1,7,0.571,depleted,depleted,association_and_abundance_agree,1,2,depleted,0.667
8077,Romboutsia timonensis,species,28066,COVID-19,3,vs_health,0,3,0,depleted,1.0,3,0,3,0,3,1.0,depleted,depleted,association_and_abundance_agree,0,3,depleted,1.000
8085,Segatella hominis,species,12713,Crohn Disease,3,mixed,0,2,0,depleted,1.0,2,2,5,1,7,0.714,depleted,depleted,association_and_abundance_agree,0,3,depleted,1.000
8085,Segatella hominis,species,20491,Colorectal Neoplasms,3,vs_health,1,2,0,depleted,0.667,3,4,5,1,9,0.556,depleted,depleted,association_and_abundance_agree,1,2,depleted,0.667
8086,Simiaoa,genus,48916,"Fatigue Syndrome, Chronic",3,vs_health,0,3,0,depleted,1.0,3,0,3,1,3,1.0,depleted,depleted,association_and_abundance_agree,0,3,depleted,1.000
8087,Simiaoa sunii,species,48916,"Fatigue Syndrome, Chronic",3,vs_health,0,3,0,depleted,1.0,3,0,3,1,3,1.0,depleted,depleted,association_and_abundance_agree,0,3,depleted,1.000
8089,Thomasclavelia ramosa,species,12711,"Colitis, Ulcerative",3,mixed,3,0,0,enriched,1.0,3,6,1,0,7,0.857,enriched,enriched,association_and_abundance_agree,3,1,enriched,0.750
8096,Agathobacter,genus,12713,Crohn Disease,3,mixed,0,1,0,depleted,1.0,1,2,7,8,9,0.778,depleted,depleted,association_and_abundance_agree,0,3,depleted,1.000
8100,Alloprevotella,genus,12713,Crohn Disease,3,mixed,1,1,0,,0.5,2,5,7,5,12,0.583,depleted,,unresolved_abundance_inconclusive,1,2,depleted,0.667
8153,Sellimonas,genus,20491,Colorectal Neoplasms,3,vs_health,2,1,0,enriched,0.667,3,10,9,4,19,0.526,enriched,enriched,association_and_abundance_agree,2,1,enriched,0.667
8153,Sellimonas,genus,62116,"Kidney Failure, Chronic",3,vs_health,3,0,0,enriched,1.0,3,4,0,0,4,1.0,enriched,enriched,association_and_abundance_agree,3,0,enriched,1.000
8223,Dialister hominis,species,12713,Crohn Disease,3,mixed,0,2,0,depleted,1.0,2,3,4,1,7,0.571,depleted,depleted,association_and_abundance_agree,1,2,depleted,0.667
8223,Dialister hominis,species,20491,Colorectal Neoplasms,3,vs_health,1,2,0,depleted,0.667,3,1,7,2,8,0.875,depleted,depleted,association_and_abundance_agree,1,2,depleted,0.667
8271,Klebsiella,genus,12713,Crohn Disease,3,mixed,3,0,0,enriched,1.0,3,10,1,6,11,0.909,enriched,enriched,association_and_abundance_agree,3,0,enriched,1.000
8271,Klebsiella,genus,20491,Colorectal Neoplasms,3,vs_health,3,0,0,enriched,1.0,3,9,8,6,17,0.529,enriched,enriched,association_and_abundance_agree,3,0,enriched,1.000
8271,Klebsiella,genus,62143,"Renal Insufficiency, Chronic",3,vs_health,3,0,0,enriched,1.0,3,5,1,1,6,0.833,enriched,enriched,association_and_abundance_agree,3,0,enriched,1.000
8277,Merdimmobilis,genus,3086,"Arthritis, Rheumatoid",3,vs_health,2,1,0,enriched,0.667,3,4,1,0,5,0.8,enriched,enriched,association_and_abundance_agree,2,1,enriched,0.667
8292,Staphylococcus,genus,12713,Crohn Disease,3,mixed,3,0,0,enriched,1.0,3,9,1,7,10,0.9,enriched,enriched,association_and_abundance_agree,3,0,enriched,1.000
8292,Staphylococcus,genus,28066,COVID-19,3,vs_health,3,0,0,enriched,1.0,3,6,1,2,7,0.857,enriched,enriched,association_and_abundance_agree,3,0,enriched,1.000
8304,Parabacteroides,genus,3086,"Arthritis, Rheumatoid",3,vs_health,1,2,0,depleted,0.667,3,2,3,0,5,0.6,depleted,depleted,association_and_abundance_agree,1,2,depleted,0.667
8304,Parabacteroides,genus,28066,COVID-19,3,vs_health,3,0,0,enriched,1.0,3,8,1,0,9,0.889,enriched,enriched,association_and_abundance_agree,3,0,enriched,1.000
8304,Parabacteroides,genus,73716,Parkinson Disease,3,vs_health,3,0,0,enriched,1.0,3,7,1,1,8,0.875,enriched,enriched,association_and_abundance_agree,3,0,enriched,1.000
8372,Clostridiaceae bacterium marseille-q3526,species,12713,Crohn Disease,3,mixed,1,1,0,,0.5,2,5,2,1,7,0.714,enriched,enriched,abundance_majority,2,1,enriched,0.667
8375,Clostridiaceae bacterium marseille-q4149,species,12711,"Colitis, Ulcerative",3,mixed,0,2,0,depleted,1.0,2,3,4,0,7,0.571,depleted,depleted,association_and_abundance_agree,2,2,tied,0.500
8375,Clostridiaceae bacterium marseille-q4149,species,20491,Colorectal Neoplasms,3,vs_health,2,1,0,enriched,0.667,3,7,3,0,10,0.7,enriched,enriched,association_and_abundance_agree,2,1,enriched,0.667
8380,Clostridium sp. af12-28,species,12713,Crohn Disease,3,mixed,0,3,0,depleted,1.0,3,1,5,2,6,0.833,depleted,depleted,association_and_abundance_agree,0,3,depleted,1.000
8396,Eubacterium sp. af16-48,species,12713,Crohn Disease,3,mixed,1,1,0,,0.5,2,4,2,2,6,0.667,enriched,enriched,abundance_majority,2,1,enriched,0.667
8407,Hydrogenoanaerobacterium saccharovorans,species,12711,"Colitis, Ulcerative",3,vs_health,2,1,0,enriched,0.667,3,3,4,0,7,0.571,depleted,enriched,association_consensus_abundance_disagrees,2,1,enriched,0.667
8413,Lachnospira hominis (ex liu et al. 2021),species,20491,Colorectal Neoplasms,3,vs_health,0,3,0,depleted,1.0,3,2,8,0,10,0.8,depleted,depleted,association_and_abundance_agree,0,3,depleted,1.000
8415,Lachnospiraceae bacterium,species,12711,"Colitis, Ulcerative",3,mixed,0,3,0,depleted,1.0,3,2,5,0,7,0.714,depleted,depleted,association_and_abundance_agree,1,3,depleted,0.750
8415,Lachnospiraceae bacterium,species,28066,COVID-19,3,vs_health,0,3,0,depleted,1.0,3,0,3,0,3,1.0,depleted,depleted,association_and_abundance_agree,0,3,depleted,1.000
8425,Mediterraneibacter butyricigenes,species,12713,Crohn Disease,3,mixed,0,3,0,depleted,1.0,3,0,6,2,6,1.0,depleted,depleted,association_and_abundance_agree,0,3,depleted,1.000
8425,Mediterraneibacter butyricigenes,species,28066,COVID-19,3,vs_health,0,3,0,depleted,1.0,3,0,3,0,3,1.0,depleted,depleted,association_and_abundance_agree,0,3,depleted,1.000
8447,Roseburia lenta,species,12713,Crohn Disease,3,vs_health,0,3,0,depleted,1.0,3,1,6,1,7,0.857,depleted,depleted,association_and_abundance_agree,0,3,depleted,1.000
8606,Oxalobacter,genus,11446,Clostridium Infections,3,vs_health,0,3,0,depleted,1.0,3,0,0,1,0,,,depleted,association_consensus,0,3,depleted,1.000
8606,Oxalobacter,genus,46796,Diarrhea,3,vs_health,0,3,0,depleted,1.0,3,0,2,0,2,1.0,depleted,depleted,association_and_abundance_agree,0,3,depleted,1.000
8792,Anaerotignum faecicola,species,12711,"Colitis, Ulcerative",3,mixed,0,2,0,depleted,1.0,2,3,4,0,7,0.571,depleted,depleted,association_and_abundance_agree,2,2,tied,0.500
8792,Anaerotignum faecicola,species,20491,Colorectal Neoplasms,3,mixed,2,0,0,enriched,1.0,2,9,1,0,10,0.9,enriched,enriched,association_and_abundance_agree,3,0,enriched,1.000
8792,Anaerotignum faecicola,species,48916,"Fatigue Syndrome, Chronic",3,vs_health,0,3,0,depleted,1.0,3,0,3,1,3,1.0,depleted,depleted,association_and_abundance_agree,0,3,depleted,1.000
8801,Clostridiaceae bacterium,species,12711,"Colitis, Ulcerative",3,mixed,0,3,0,depleted,1.0,3,2,5,0,7,0.714,depleted,depleted,association_and_abundance_agree,2,3,depleted,0.600
8870,Veillonella rogosae,species,12711,"Colitis, Ulcerative",3,mixed,1,0,0,enriched,1.0,1,6,1,0,7,0.857,enriched,enriched,association_and_abundance_agree,2,2,tied,0.500
8870,Veillonella rogosae,species,12713,Crohn Disease,3,disease_vs_disease,0,0,0,,,0,5,2,1,7,0.714,enriched,enriched,abundance_only_no_case_control_association,1,2,depleted,0.667
9069,Dysosmobacter,genus,12711,"Colitis, Ulcerative",3,mixed,2,1,0,enriched,0.667,3,6,3,6,9,0.667,enriched,enriched,association_and_abundance_agree,3,1,enriched,0.750
9069,Dysosmobacter,genus,12713,Crohn Disease,3,mixed,1,2,0,depleted,0.667,3,4,5,8,9,0.556,depleted,depleted,association_and_abundance_agree,1,3,depleted,0.750
9069,Dysosmobacter,genus,48916,"Fatigue Syndrome, Chronic",3,vs_health,3,0,0,enriched,1.0,3,4,0,0,4,1.0,enriched,enriched,association_and_abundance_agree,3,0,enriched,1.000
9070,Dysosmobacter welbionis,species,12711,"Colitis, Ulcerative",3,mixed,2,1,0,enriched,0.667,3,5,2,0,7,0.714,enriched,enriched,association_and_abundance_agree,3,1,enriched,0.750
9070,Dysosmobacter welbionis,species,12713,Crohn Disease,3,mixed,1,2,0,depleted,0.667,3,4,3,1,7,0.571,enriched,depleted,association_consensus_abundance_disagrees,1,3,depleted,0.750
9070,Dysosmobacter welbionis,species,20491,Colorectal Neoplasms,3,vs_health,1,2,0,depleted,0.667,3,7,3,0,10,0.7,enriched,depleted,association_consensus_abundance_disagrees,1,2,depleted,0.667
9070,Dysosmobacter welbionis,species,48916,"Fatigue Syndrome, Chronic",3,vs_health,3,0,0,enriched,1.0,3,4,0,0,4,1.0,enriched,enriched,association_and_abundance_agree,3,0,enriched,1.000
9263,Faecalimonas,genus,12711,"Colitis, Ulcerative",3,mixed,1,0,0,enriched,1.0,1,7,2,6,9,0.778,enriched,enriched,association_and_abundance_agree,1,3,depleted,0.750
9264,Faecalimonas umbilicata,species,12711,"Colitis, Ulcerative",3,mixed,1,0,0,enriched,1.0,1,6,1,0,7,0.857,enriched,enriched,association_and_abundance_agree,1,3,depleted,0.750
9306,Negativibacillus massiliensis,species,12713,Crohn Disease,3,mixed,1,1,0,,0.5,2,3,4,1,7,0.571,depleted,,unresolved_abundance_inconclusive,1,3,depleted,0.750
9313,Peptostreptococcus,genus,11446,Clostridium Infections,3,vs_health,2,1,0,enriched,0.667,3,0,1,0,1,1.0,depleted,enriched,association_consensus,2,1,enriched,0.667
9468,Allisonella histaminiformans,species,12713,Crohn Disease,3,mixed,2,1,0,enriched,0.667,3,3,4,1,7,0.571,depleted,enriched,association_consensus_abundance_disagrees,2,1,enriched,0.667
9468,Allisonella histaminiformans,species,28066,COVID-19,3,vs_health,0,3,0,depleted,1.0,3,0,3,0,3,1.0,depleted,depleted,association_and_abundance_agree,0,3,depleted,1.000
9720,Segatella buccae,species,12713,Crohn Disease,3,mixed,2,0,0,enriched,1.0,2,4,0,4,4,1.0,enriched,enriched,association_and_abundance_agree,2,1,enriched,0.667
9838,Morganella,genus,12713,Crohn Disease,3,mixed,3,0,0,enriched,1.0,3,10,1,6,11,0.909,enriched,enriched,association_and_abundance_agree,3,0,enriched,1.000
9850,Selenomonas,genus,20491,Colorectal Neoplasms,3,vs_health,3,0,0,enriched,1.0,3,14,2,7,16,0.875,enriched,enriched,association_and_abundance_agree,3,0,enriched,1.000
9984,Eisenbergiella massiliensis,species,12711,"Colitis, Ulcerative",3,vs_health,3,0,0,enriched,1.0,3,5,0,2,5,1.0,enriched,enriched,association_and_abundance_agree,3,0,enriched,1.000
9984,Eisenbergiella massiliensis,species,48916,"Fatigue Syndrome, Chronic",3,vs_health,3,0,0,enriched,1.0,3,3,0,1,3,1.0,enriched,enriched,association_and_abundance_agree,3,0,enriched,1.000
10179,Ellagibacter,genus,12713,Crohn Disease,3,mixed,0,2,0,depleted,1.0,2,1,7,9,8,0.875,depleted,depleted,association_and_abundance_agree,0,3,depleted,1.000
10179,Ellagibacter,genus,20491,Colorectal Neoplasms,3,vs_health,1,2,0,depleted,0.667,3,6,5,12,11,0.545,enriched,depleted,association_consensus_abundance_disagrees,1,2,depleted,0.667
10180,Ellagibacter isourolithinifaciens,species,12713,Crohn Disease,3,mixed,0,2,0,depleted,1.0,2,1,5,2,6,0.833,depleted,depleted,association_and_abundance_agree,0,3,depleted,1.000
10314,Oscillospiraceae bacterium marseille-q3528,species,12711,"Colitis, Ulcerative",3,mixed,0,2,0,depleted,1.0,2,0,7,0,7,1.0,depleted,depleted,association_and_abundance_agree,1,2,depleted,0.667
10314,Oscillospiraceae bacterium marseille-q3528,species,20491,Colorectal Neoplasms,3,mixed,0,2,0,depleted,1.0,2,2,7,1,9,0.778,depleted,depleted,association_and_abundance_agree,1,2,depleted,0.667
10587,Intestinimonas massiliensis (ex afouda et al. 2020),species,48916,"Fatigue Syndrome, Chronic",3,vs_health,3,0,0,enriched,1.0,3,3,0,1,3,1.0,enriched,enriched,association_and_abundance_agree,3,0,enriched,1.000
10592,Jutongia huaianensis,species,12711,"Colitis, Ulcerative",3,vs_health,0,3,0,depleted,1.0,3,0,6,1,6,1.0,depleted,depleted,association_and_abundance_agree,0,3,depleted,1.000
10592,Jutongia huaianensis,species,12713,Crohn Disease,3,vs_health,0,3,0,depleted,1.0,3,0,6,2,6,1.0,depleted,depleted,association_and_abundance_agree,0,3,depleted,1.000
10703,Prevotella sp. 885,species,12713,Crohn Disease,3,mixed,1,1,0,,0.5,2,3,3,2,6,0.5,,,unresolved_abundance_also_tied,1,2,depleted,0.667
10703,Prevotella sp. 885,species,20491,Colorectal Neoplasms,3,vs_health,2,1,0,enriched,0.667,3,4,4,2,8,0.5,,enriched,association_consensus,2,1,enriched,0.667
10761,Victivallis lenta,species,12713,Crohn Disease,3,vs_health,0,3,0,depleted,1.0,3,1,5,2,6,0.833,depleted,depleted,association_and_abundance_agree,0,3,depleted,1.000
11203,Prevotellamassilia,genus,20491,Colorectal Neoplasms,3,vs_health,1,2,0,depleted,0.667,3,6,4,13,10,0.6,enriched,depleted,association_consensus_abundance_disagrees,1,2,depleted,0.667
11204,Prevotellamassilia timonensis,species,20491,Colorectal Neoplasms,3,vs_health,1,2,0,depleted,0.667,3,5,4,1,9,0.556,enriched,depleted,association_consensus_abundance_disagrees,1,2,depleted,0.667
11577,Pediococcus,genus,12713,Crohn Disease,3,mixed,2,0,0,enriched,1.0,2,9,1,7,10,0.9,enriched,enriched,association_and_abundance_agree,3,0,enriched,1.000
5,Comamonas,genus,20491,Colorectal Neoplasms,2,vs_health,1,1,0,,0.5,2,9,3,11,12,0.75,enriched,enriched,abundance_majority,1,1,tied,0.500
10,Bacteroides eggerthii,species,12711,"Colitis, Ulcerative",2,mixed,1,0,0,enriched,1.0,1,4,3,0,7,0.571,enriched,enriched,association_and_abundance_agree,2,0,enriched,1.000
10,Bacteroides eggerthii,species,12713,Crohn Disease,2,mixed,0,2,0,depleted,1.0,2,4,4,0,8,0.5,,depleted,association_consensus,0,2,depleted,1.000
13,Phascolarctobacterium,genus,18168,Inflammatory Bowel Diseases,2,vs_health,0,2,0,depleted,1.0,2,2,2,0,4,0.5,,depleted,association_consensus,0,2,depleted,1.000
13,Phascolarctobacterium,genus,28066,COVID-19,2,vs_health,1,1,0,,0.5,2,4,5,0,9,0.556,depleted,,unresolved_abundance_inconclusive,1,1,tied,0.500
13,Phascolarctobacterium,genus,46796,Diarrhea,2,vs_health,0,2,0,depleted,1.0,2,1,1,0,2,0.5,,depleted,association_consensus,0,2,depleted,1.000
13,Phascolarctobacterium,genus,56231,HIV Infections,2,vs_health,0,2,0,depleted,1.0,2,4,3,0,7,0.571,enriched,depleted,association_consensus_abundance_disagrees,0,2,depleted,1.000
13,Phascolarctobacterium,genus,72061,Obesity,2,vs_health,0,2,0,depleted,1.0,2,3,2,0,5,0.6,enriched,depleted,association_consensus_abundance_disagrees,0,2,depleted,1.000
13,Phascolarctobacterium,genus,77286,"Purpura, Thrombocytopenic, Idiopathic",2,vs_health,1,1,0,,0.5,2,1,1,0,2,0.5,,,unresolved_abundance_also_tied,1,1,tied,0.500
14,Treponema,genus,20491,Colorectal Neoplasms,2,vs_health,1,1,0,,0.5,2,10,4,9,14,0.714,enriched,enriched,abundance_majority,1,1,tied,0.500
15,Collinsella aerofaciens,species,28066,COVID-19,2,vs_health,0,2,0,depleted,1.0,2,0,3,0,3,1.0,depleted,depleted,association_and_abundance_agree,0,2,depleted,1.000
15,Collinsella aerofaciens,species,62116,"Kidney Failure, Chronic",2,mixed,1,0,0,enriched,1.0,1,2,0,0,2,1.0,enriched,enriched,association_and_abundance_agree,1,1,tied,0.500
16,Blautia producta,species,12713,Crohn Disease,2,mixed,2,0,0,enriched,1.0,2,6,1,1,7,0.857,enriched,enriched,association_and_abundance_agree,2,0,enriched,1.000
16,Blautia producta,species,62116,"Kidney Failure, Chronic",2,vs_health,2,0,0,enriched,1.0,2,2,0,0,2,1.0,enriched,enriched,association_and_abundance_agree,2,0,enriched,1.000
17,Faecalibacterium prausnitzii,species,69716,Neuroblastoma,2,vs_health,0,2,0,depleted,1.0,2,0,2,0,2,1.0,depleted,depleted,association_and_abundance_agree,0,2,depleted,1.000
22,Victivallis vadensis,species,20491,Colorectal Neoplasms,2,mixed,0,1,0,depleted,1.0,1,4,5,1,9,0.556,depleted,depleted,association_and_abundance_agree,1,1,tied,0.500
24,Ethanoligenens,genus,11446,Clostridium Infections,2,vs_health,0,2,0,depleted,1.0,2,0,0,1,0,,,depleted,association_consensus,0,2,depleted,1.000
24,Ethanoligenens,genus,46796,Diarrhea,2,vs_health,0,2,0,depleted,1.0,2,0,0,2,0,,,depleted,association_consensus,0,2,depleted,1.000
33,Butyrivibrio,genus,12711,"Colitis, Ulcerative",2,mixed,0,1,0,depleted,1.0,1,2,7,6,9,0.778,depleted,depleted,association_and_abundance_agree,1,1,tied,0.500
33,Butyrivibrio,genus,12713,Crohn Disease,2,mixed,0,2,0,depleted,1.0,2,1,8,8,9,0.889,depleted,depleted,association_and_abundance_agree,0,2,depleted,1.000
34,Granulicatella,genus,62143,"Renal Insufficiency, Chronic",2,vs_health,2,0,0,enriched,1.0,2,5,1,1,6,0.833,enriched,enriched,association_and_abundance_agree,2,0,enriched,1.000
35,Odoribacter,genus,1,Irritable Bowel Syndrome,2,vs_health,0,2,0,depleted,1.0,2,0,5,0,5,1.0,depleted,depleted,association_and_abundance_agree,0,2,depleted,1.000
35,Odoribacter,genus,3086,"Arthritis, Rheumatoid",2,vs_health,0,2,0,depleted,1.0,2,1,4,0,5,0.8,depleted,depleted,association_and_abundance_agree,0,2,depleted,1.000
35,Odoribacter,genus,28066,COVID-19,2,vs_health,0,2,0,depleted,1.0,2,4,3,2,7,0.571,enriched,depleted,association_consensus_abundance_disagrees,0,2,depleted,1.000
35,Odoribacter,genus,44996,"Diabetes Mellitus, Type 1",2,vs_health,2,0,0,enriched,1.0,2,4,2,0,6,0.667,enriched,enriched,association_and_abundance_agree,2,0,enriched,1.000
36,Acidaminococcus,genus,1,Irritable Bowel Syndrome,2,vs_health,1,1,0,,0.5,2,4,1,0,5,0.8,enriched,enriched,abundance_majority,1,1,tied,0.500
36,Acidaminococcus,genus,3086,"Arthritis, Rheumatoid",2,vs_health,1,1,0,,0.5,2,3,1,1,4,0.75,enriched,enriched,abundance_majority,1,1,tied,0.500
36,Acidaminococcus,genus,12713,Crohn Disease,2,mixed,2,0,0,enriched,1.0,2,12,3,2,15,0.8,enriched,enriched,association_and_abundance_agree,2,0,enriched,1.000
36,Acidaminococcus,genus,44996,"Diabetes Mellitus, Type 1",2,mixed,0,1,0,depleted,1.0,1,2,2,2,4,0.5,,depleted,association_consensus,0,2,depleted,1.000
36,Acidaminococcus,genus,45328,"Diabetes Mellitus, Type 2",2,mixed,1,0,0,enriched,1.0,1,5,3,2,8,0.625,enriched,enriched,association_and_abundance_agree,2,0,enriched,1.000
36,Acidaminococcus,genus,56231,HIV Infections,2,vs_health,2,0,0,enriched,1.0,2,6,1,0,7,0.857,enriched,enriched,association_and_abundance_agree,2,0,enriched,1.000
36,Acidaminococcus,genus,62116,"Kidney Failure, Chronic",2,mixed,1,0,0,enriched,1.0,1,2,2,0,4,0.5,,enriched,association_consensus,1,1,tied,0.500
36,Acidaminococcus,genus,72061,Obesity,2,vs_health,2,0,0,enriched,1.0,2,2,2,1,4,0.5,,enriched,association_consensus,2,0,enriched,1.000
37,Mogibacterium,genus,56231,HIV Infections,2,vs_health,2,0,0,enriched,1.0,2,3,2,2,5,0.6,enriched,enriched,association_and_abundance_agree,2,0,enriched,1.000
40,Megasphaera,genus,3086,"Arthritis, Rheumatoid",2,vs_health,1,1,0,,0.5,2,2,3,0,5,0.6,depleted,,unresolved_abundance_inconclusive,1,1,tied,0.500
40,Megasphaera,genus,4876,Autism Spectrum Disorder,2,vs_health,2,0,0,enriched,1.0,2,6,2,0,8,0.75,enriched,enriched,association_and_abundance_agree,2,0,enriched,1.000
40,Megasphaera,genus,28066,COVID-19,2,vs_health,0,2,0,depleted,1.0,2,3,5,1,8,0.625,depleted,depleted,association_and_abundance_agree,0,2,depleted,1.000
40,Megasphaera,genus,77286,"Purpura, Thrombocytopenic, Idiopathic",2,vs_health,2,0,0,enriched,1.0,2,2,0,0,2,1.0,enriched,enriched,association_and_abundance_agree,2,0,enriched,1.000
45,Fusobacterium,genus,11071,Cholestasis,2,mixed,1,0,0,enriched,1.0,1,2,0,0,2,1.0,enriched,enriched,association_and_abundance_agree,2,0,enriched,1.000
45,Fusobacterium,genus,45328,"Diabetes Mellitus, Type 2",2,vs_health,2,0,0,enriched,1.0,2,7,3,0,10,0.7,enriched,enriched,association_and_abundance_agree,2,0,enriched,1.000
45,Fusobacterium,genus,46796,Diarrhea,2,vs_health,2,0,0,enriched,1.0,2,2,0,0,2,1.0,enriched,enriched,association_and_abundance_agree,2,0,enriched,1.000
45,Fusobacterium,genus,56231,HIV Infections,2,vs_health,2,0,0,enriched,1.0,2,5,1,1,6,0.833,enriched,enriched,association_and_abundance_agree,2,0,enriched,1.000
45,Fusobacterium,genus,62116,"Kidney Failure, Chronic",2,mixed,1,0,0,enriched,1.0,1,3,1,0,4,0.75,enriched,enriched,association_and_abundance_agree,1,1,tied,0.500
45,Fusobacterium,genus,62143,"Renal Insufficiency, Chronic",2,mixed,1,1,0,,0.5,2,3,4,0,7,0.571,depleted,,unresolved_abundance_inconclusive,1,1,tied,0.500
45,Fusobacterium,genus,310196,Pre-Eclampsia,2,vs_health,2,0,0,enriched,1.0,2,0,0,0,0,,,enriched,association_consensus,2,0,enriched,1.000
46,Peptoniphilus,genus,11373,Non-alcoholic Fatty Liver Disease,2,vs_health,2,0,0,enriched,1.0,2,2,0,1,2,1.0,enriched,enriched,association_and_abundance_agree,2,0,enriched,1.000
46,Peptoniphilus,genus,28066,COVID-19,2,vs_health,2,0,0,enriched,1.0,2,6,2,1,8,0.75,enriched,enriched,association_and_abundance_agree,2,0,enriched,1.000
46,Peptoniphilus,genus,72061,Obesity,2,vs_health,2,0,0,enriched,1.0,2,2,1,2,3,0.667,enriched,enriched,association_and_abundance_agree,2,0,enriched,1.000
47,Paraprevotella,genus,65768,Spinal Cord Injuries,2,vs_health,1,1,0,,0.5,2,1,1,0,2,0.5,,,unresolved_abundance_also_tied,1,1,tied,0.500
47,Paraprevotella,genus,67066,"Lupus Erythematosus, Systemic",2,vs_health,1,1,0,,0.5,2,1,2,0,3,0.667,depleted,depleted,abundance_majority,1,1,tied,0.500
51,Slackia,genus,46796,Diarrhea,2,vs_health,0,2,0,depleted,1.0,2,0,2,0,2,1.0,depleted,depleted,association_and_abundance_agree,0,2,depleted,1.000
51,Slackia,genus,76226,Prostatic Neoplasms,2,vs_health,0,2,0,depleted,1.0,2,1,2,0,3,0.667,depleted,depleted,association_and_abundance_agree,0,2,depleted,1.000
55,Mitsuokella multacida,species,20491,Colorectal Neoplasms,2,vs_health,0,2,0,depleted,1.0,2,3,4,3,7,0.571,depleted,depleted,association_and_abundance_agree,0,2,depleted,1.000
57,Anaerostipes,genus,11071,Cholestasis,2,mixed,0,1,0,depleted,1.0,1,0,2,0,2,1.0,depleted,depleted,association_and_abundance_agree,0,2,depleted,1.000
57,Anaerostipes,genus,17633,Gastrointestinal Diseases,2,mixed,0,1,0,depleted,1.0,1,1,1,0,2,0.5,,depleted,association_consensus,1,1,tied,0.500
57,Anaerostipes,genus,45328,"Diabetes Mellitus, Type 2",2,mixed,0,2,0,depleted,1.0,2,4,5,1,9,0.556,depleted,depleted,association_and_abundance_agree,0,2,depleted,1.000
57,Anaerostipes,genus,69716,Neuroblastoma,2,vs_health,0,2,0,depleted,1.0,2,0,2,0,2,1.0,depleted,depleted,association_and_abundance_agree,0,2,depleted,1.000
57,Anaerostipes,genus,72061,Obesity,2,vs_health,1,1,0,,0.5,2,3,2,0,5,0.6,enriched,,unresolved_abundance_inconclusive,1,1,tied,0.500
57,Anaerostipes,genus,75391,Peutz-Jeghers Syndrome,2,vs_health,1,1,0,,0.5,2,1,1,0,2,0.5,,,unresolved_abundance_also_tied,1,1,tied,0.500
58,Bifidobacterium breve,species,12711,"Colitis, Ulcerative",2,mixed,1,0,0,enriched,1.0,1,4,3,0,7,0.571,enriched,enriched,association_and_abundance_agree,1,1,tied,0.500
58,Bifidobacterium breve,species,12713,Crohn Disease,2,mixed,2,0,0,enriched,1.0,2,4,3,1,7,0.571,enriched,enriched,association_and_abundance_agree,2,0,enriched,1.000
64,Coprococcus catus,species,20491,Colorectal Neoplasms,2,vs_health,0,2,0,depleted,1.0,2,5,5,0,10,0.5,,depleted,association_consensus,0,2,depleted,1.000
64,Coprococcus catus,species,28066,COVID-19,2,vs_health,0,2,0,depleted,1.0,2,0,3,0,3,1.0,depleted,depleted,association_and_abundance_agree,0,2,depleted,1.000
64,Coprococcus catus,species,62116,"Kidney Failure, Chronic",2,mixed,0,2,0,depleted,1.0,2,0,2,0,2,1.0,depleted,depleted,association_and_abundance_agree,0,2,depleted,1.000
66,Blautia obeum,species,18168,Inflammatory Bowel Diseases,2,vs_health,0,2,0,depleted,1.0,2,0,2,0,2,1.0,depleted,depleted,association_and_abundance_agree,0,2,depleted,1.000
66,Blautia obeum,species,69716,Neuroblastoma,2,vs_health,0,2,0,depleted,1.0,2,0,2,0,2,1.0,depleted,depleted,association_and_abundance_agree,0,2,depleted,1.000
70,Adlercreutzia,genus,18168,Inflammatory Bowel Diseases,2,vs_health,0,2,0,depleted,1.0,2,1,2,1,3,0.667,depleted,depleted,association_and_abundance_agree,0,2,depleted,1.000
70,Adlercreutzia,genus,69716,Neuroblastoma,2,vs_health,0,2,0,depleted,1.0,2,0,2,0,2,1.0,depleted,depleted,association_and_abundance_agree,0,2,depleted,1.000
70,Adlercreutzia,genus,73716,Parkinson Disease,2,vs_health,1,1,0,,0.5,2,3,4,2,7,0.571,depleted,,unresolved_abundance_inconclusive,1,1,tied,0.500
70,Adlercreutzia,genus,76226,Prostatic Neoplasms,2,vs_health,0,2,0,depleted,1.0,2,1,2,0,3,0.667,depleted,depleted,association_and_abundance_agree,0,2,depleted,1.000
73,Anaerofilum,genus,11446,Clostridium Infections,2,vs_health,0,2,0,depleted,1.0,2,1,0,0,1,1.0,enriched,depleted,association_consensus,0,2,depleted,1.000
73,Anaerofilum,genus,46796,Diarrhea,2,vs_health,0,2,0,depleted,1.0,2,1,1,0,2,0.5,,depleted,association_consensus,0,2,depleted,1.000
74,Streptococcus anginosus,species,12711,"Colitis, Ulcerative",2,vs_health,2,0,0,enriched,1.0,2,4,2,1,6,0.667,enriched,enriched,association_and_abundance_agree,2,0,enriched,1.000
74,Streptococcus anginosus,species,28066,COVID-19,2,vs_health,2,0,0,enriched,1.0,2,3,0,0,3,1.0,enriched,enriched,association_and_abundance_agree,2,0,enriched,1.000
79,Bifidobacterium bifidum,species,12711,"Colitis, Ulcerative",2,mixed,1,0,0,enriched,1.0,1,4,3,0,7,0.571,enriched,enriched,association_and_abundance_agree,1,1,tied,0.500
79,Bifidobacterium bifidum,species,12713,Crohn Disease,2,disease_vs_disease,0,0,0,,,0,6,1,1,7,0.857,enriched,enriched,abundance_only_no_case_control_association,1,1,tied,0.500
79,Bifidobacterium bifidum,species,69716,Neuroblastoma,2,vs_health,0,2,0,depleted,1.0,2,0,2,0,2,1.0,depleted,depleted,association_and_abundance_agree,0,2,depleted,1.000
79,Bifidobacterium bifidum,species,73716,Parkinson Disease,2,vs_health,2,0,0,enriched,1.0,2,5,1,0,6,0.833,enriched,enriched,association_and_abundance_agree,2,0,enriched,1.000
81,Methanobrevibacter,genus,68391,Multiple Sclerosis,2,vs_health,1,1,0,,0.5,2,5,1,0,6,0.833,enriched,enriched,abundance_majority,1,1,tied,0.500
82,Turicibacter,genus,6511,Breast Neoplasms,2,vs_health,0,2,0,depleted,1.0,2,0,2,0,2,1.0,depleted,depleted,association_and_abundance_agree,0,2,depleted,1.000
82,Turicibacter,genus,11373,Non-alcoholic Fatty Liver Disease,2,mixed,0,1,0,depleted,1.0,1,1,1,1,2,0.5,,depleted,association_consensus,0,2,depleted,1.000
82,Turicibacter,genus,28066,COVID-19,2,vs_health,0,2,0,depleted,1.0,2,1,8,0,9,0.889,depleted,depleted,association_and_abundance_agree,0,2,depleted,1.000
82,Turicibacter,genus,45328,"Diabetes Mellitus, Type 2",2,vs_health,2,0,0,enriched,1.0,2,5,3,2,8,0.625,enriched,enriched,association_and_abundance_agree,2,0,enriched,1.000
82,Turicibacter,genus,48371,Dwarfism,2,vs_health,2,0,0,enriched,1.0,2,2,0,0,2,1.0,enriched,enriched,association_and_abundance_agree,2,0,enriched,1.000
82,Turicibacter,genus,53356,"Hand, Foot and Mouth Disease",2,vs_health,1,1,0,,0.5,2,1,1,0,2,0.5,,,unresolved_abundance_also_tied,1,1,tied,0.500
82,Turicibacter,genus,75391,Peutz-Jeghers Syndrome,2,vs_health,0,2,0,depleted,1.0,2,0,2,0,2,1.0,depleted,depleted,association_and_abundance_agree,0,2,depleted,1.000
87,Dorea formicigenerans,species,20491,Colorectal Neoplasms,2,vs_health,0,2,0,depleted,1.0,2,5,5,0,10,0.5,,depleted,association_consensus,0,2,depleted,1.000
87,Dorea formicigenerans,species,69716,Neuroblastoma,2,vs_health,0,2,0,depleted,1.0,2,0,2,0,2,1.0,depleted,depleted,association_and_abundance_agree,0,2,depleted,1.000
88,Haemophilus parainfluenzae,species,12713,Crohn Disease,2,disease_vs_disease,0,0,0,,,0,4,3,1,7,0.571,enriched,,unresolved_abundance_inconclusive,1,2,depleted,0.667
88,Haemophilus parainfluenzae,species,20491,Colorectal Neoplasms,2,vs_health,0,2,0,depleted,1.0,2,4,5,1,9,0.556,depleted,depleted,association_and_abundance_agree,0,2,depleted,1.000
88,Haemophilus parainfluenzae,species,62116,"Kidney Failure, Chronic",2,mixed,0,2,0,depleted,1.0,2,0,2,0,2,1.0,depleted,depleted,association_and_abundance_agree,1,2,depleted,0.667
89,Anaerofustis,genus,48371,Dwarfism,2,vs_health,2,0,0,enriched,1.0,2,2,0,0,2,1.0,enriched,enriched,association_and_abundance_agree,2,0,enriched,1.000
91,Veillonella dispar,species,12711,"Colitis, Ulcerative",2,mixed,1,0,0,enriched,1.0,1,3,4,0,7,0.571,depleted,enriched,association_consensus_abundance_disagrees,1,1,tied,0.500
93,Peptococcus,genus,28066,COVID-19,2,vs_health,1,1,0,,0.5,2,4,1,4,5,0.8,enriched,enriched,abundance_majority,1,1,tied,0.500
94,Butyricimonas,genus,4406,Asthma,2,vs_health,0,2,0,depleted,1.0,2,0,3,0,3,1.0,depleted,depleted,association_and_abundance_agree,0,2,depleted,1.000
94,Butyricimonas,genus,11446,Clostridium Infections,2,vs_health,0,2,0,depleted,1.0,2,1,0,0,1,1.0,enriched,depleted,association_consensus,0,2,depleted,1.000
94,Butyricimonas,genus,72061,Obesity,2,vs_health,1,1,0,,0.5,2,2,1,2,3,0.667,enriched,enriched,abundance_majority,1,1,tied,0.500
105,Lachnospira pectinoschiza,species,28066,COVID-19,2,vs_health,0,2,0,depleted,1.0,2,1,2,0,3,0.667,depleted,depleted,association_and_abundance_agree,0,2,depleted,1.000
105,Lachnospira pectinoschiza,species,62116,"Kidney Failure, Chronic",2,vs_health,0,2,0,depleted,1.0,2,0,2,0,2,1.0,depleted,depleted,association_and_abundance_agree,0,2,depleted,1.000
105,Lachnospira pectinoschiza,species,69716,Neuroblastoma,2,vs_health,0,2,0,depleted,1.0,2,0,2,0,2,1.0,depleted,depleted,association_and_abundance_agree,0,2,depleted,1.000
106,Sutterella,genus,1,Irritable Bowel Syndrome,2,vs_health,1,1,0,,0.5,2,1,4,0,5,0.8,depleted,depleted,abundance_majority,1,1,tied,0.500
106,Sutterella,genus,11071,Cholestasis,2,vs_health,1,1,0,,0.5,2,1,1,0,2,0.5,,,unresolved_abundance_also_tied,1,1,tied,0.500
106,Sutterella,genus,11373,Non-alcoholic Fatty Liver Disease,2,vs_health,1,1,0,,0.5,2,1,2,0,3,0.667,depleted,depleted,abundance_majority,1,1,tied,0.500
106,Sutterella,genus,11446,Clostridium Infections,2,vs_health,0,2,0,depleted,1.0,2,1,0,0,1,1.0,enriched,depleted,association_consensus,0,2,depleted,1.000
106,Sutterella,genus,18168,Inflammatory Bowel Diseases,2,mixed,0,1,0,depleted,1.0,1,3,1,0,4,0.75,enriched,depleted,association_consensus_abundance_disagrees,1,1,tied,0.500
106,Sutterella,genus,20491,Colorectal Neoplasms,2,vs_health,0,2,0,depleted,1.0,2,7,16,0,23,0.696,depleted,depleted,association_and_abundance_agree,0,2,depleted,1.000
106,Sutterella,genus,45328,"Diabetes Mellitus, Type 2",2,mixed,1,0,0,enriched,1.0,1,4,6,0,10,0.6,depleted,enriched,association_consensus_abundance_disagrees,2,0,enriched,1.000
106,Sutterella,genus,69131,Myasthenia Gravis,2,vs_health,2,0,0,enriched,1.0,2,3,0,0,3,1.0,enriched,enriched,association_and_abundance_agree,2,0,enriched,1.000
106,Sutterella,genus,71481,Neuromyelitis Optica,2,vs_health,0,2,0,depleted,1.0,2,0,2,0,2,1.0,depleted,depleted,association_and_abundance_agree,0,2,depleted,1.000
107,Bacteroides uniformis,species,12711,"Colitis, Ulcerative",2,disease_vs_disease,0,0,0,,,0,7,0,0,7,1.0,enriched,enriched,abundance_only_no_case_control_association,2,0,enriched,1.000
109,Alistipes indistinctus,species,4876,Autism Spectrum Disorder,2,vs_health,2,0,0,enriched,1.0,2,2,0,0,2,1.0,enriched,enriched,association_and_abundance_agree,2,0,enriched,1.000
109,Alistipes indistinctus,species,73716,Parkinson Disease,2,vs_health,2,0,0,enriched,1.0,2,4,2,0,6,0.667,enriched,enriched,association_and_abundance_agree,2,0,enriched,1.000
114,Klebsiella oxytoca,species,12711,"Colitis, Ulcerative",2,disease_vs_disease,0,0,0,,,0,3,1,3,4,0.75,enriched,enriched,abundance_only_no_case_control_association,0,2,depleted,1.000
114,Klebsiella oxytoca,species,12713,Crohn Disease,2,mixed,2,0,0,enriched,1.0,2,6,0,2,6,1.0,enriched,enriched,association_and_abundance_agree,2,0,enriched,1.000
121,Clostridium butyricum,species,69716,Neuroblastoma,2,vs_health,2,0,0,enriched,1.0,2,2,0,0,2,1.0,enriched,enriched,association_and_abundance_agree,2,0,enriched,1.000
136,Sarcina,genus,4876,Autism Spectrum Disorder,2,vs_health,2,0,0,enriched,1.0,2,4,0,4,4,1.0,enriched,enriched,association_and_abundance_agree,2,0,enriched,1.000
145,Anaerotruncus,genus,11446,Clostridium Infections,2,vs_health,0,2,0,depleted,1.0,2,1,0,0,1,1.0,enriched,depleted,association_consensus,0,2,depleted,1.000
145,Anaerotruncus,genus,46796,Diarrhea,2,vs_health,1,1,0,,0.5,2,1,1,0,2,0.5,,,unresolved_abundance_also_tied,1,1,tied,0.500
145,Anaerotruncus,genus,62116,"Kidney Failure, Chronic",2,vs_health,2,0,0,enriched,1.0,2,4,0,0,4,1.0,enriched,enriched,association_and_abundance_agree,2,0,enriched,1.000
145,Anaerotruncus,genus,62143,"Renal Insufficiency, Chronic",2,vs_health,2,0,0,enriched,1.0,2,5,0,2,5,1.0,enriched,enriched,association_and_abundance_agree,2,0,enriched,1.000
145,Anaerotruncus,genus,73716,Parkinson Disease,2,vs_health,2,0,0,enriched,1.0,2,5,3,1,8,0.625,enriched,enriched,association_and_abundance_agree,2,0,enriched,1.000
149,Coprobacillus cateniformis,species,20491,Colorectal Neoplasms,2,vs_health,1,1,0,,0.5,2,7,2,1,9,0.778,enriched,enriched,abundance_majority,1,1,tied,0.500
155,Parvimonas,genus,46796,Diarrhea,2,vs_health,2,0,0,enriched,1.0,2,2,0,0,2,1.0,enriched,enriched,association_and_abundance_agree,2,0,enriched,1.000
173,Holdemania,genus,20491,Colorectal Neoplasms,2,vs_health,0,2,0,depleted,1.0,2,10,10,3,20,0.5,,depleted,association_consensus,0,2,depleted,1.000
173,Holdemania,genus,48916,"Fatigue Syndrome, Chronic",2,vs_health,2,0,0,enriched,1.0,2,2,1,1,3,0.667,enriched,enriched,association_and_abundance_agree,2,0,enriched,1.000
173,Holdemania,genus,62116,"Kidney Failure, Chronic",2,vs_health,2,0,0,enriched,1.0,2,3,0,1,3,1.0,enriched,enriched,association_and_abundance_agree,2,0,enriched,1.000
173,Holdemania,genus,62143,"Renal Insufficiency, Chronic",2,vs_health,2,0,0,enriched,1.0,2,3,3,1,6,0.5,,enriched,association_consensus,2,0,enriched,1.000
176,Gemella,genus,11446,Clostridium Infections,2,vs_health,2,0,0,enriched,1.0,2,1,0,0,1,1.0,enriched,enriched,association_consensus,2,0,enriched,1.000
176,Gemella,genus,12711,"Colitis, Ulcerative",2,vs_health,2,0,0,enriched,1.0,2,10,2,3,12,0.833,enriched,enriched,association_and_abundance_agree,2,0,enriched,1.000
176,Gemella,genus,28066,COVID-19,2,vs_health,1,1,0,,0.5,2,4,4,1,8,0.5,,,unresolved_abundance_also_tied,1,1,tied,0.500
176,Gemella,genus,62143,"Renal Insufficiency, Chronic",2,vs_health,2,0,0,enriched,1.0,2,6,0,1,6,1.0,enriched,enriched,association_and_abundance_agree,2,0,enriched,1.000
184,Ralstonia,genus,12713,Crohn Disease,2,vs_health,1,1,0,,0.5,2,2,1,14,3,0.667,enriched,enriched,abundance_majority,1,1,tied,0.500
184,Ralstonia,genus,20491,Colorectal Neoplasms,2,mixed,2,0,0,enriched,1.0,2,2,3,18,5,0.6,depleted,enriched,association_consensus_abundance_disagrees,2,0,enriched,1.000
203,Ruminococcus bromii,species,12711,"Colitis, Ulcerative",2,mixed,0,2,0,depleted,1.0,2,0,7,0,7,1.0,depleted,depleted,association_and_abundance_agree,1,2,depleted,0.667
203,Ruminococcus bromii,species,28066,COVID-19,2,vs_health,0,2,0,depleted,1.0,2,0,3,0,3,1.0,depleted,depleted,association_and_abundance_agree,0,2,depleted,1.000
209,Veillonella parvula,species,12711,"Colitis, Ulcerative",2,mixed,2,0,0,enriched,1.0,2,6,1,0,7,0.857,enriched,enriched,association_and_abundance_agree,2,1,enriched,0.667
209,Veillonella parvula,species,12713,Crohn Disease,2,mixed,2,0,0,enriched,1.0,2,5,2,1,7,0.714,enriched,enriched,association_and_abundance_agree,2,0,enriched,1.000
212,Roseburia faecis,species,48916,"Fatigue Syndrome, Chronic",2,vs_health,0,2,0,depleted,1.0,2,0,4,0,4,1.0,depleted,depleted,association_and_abundance_agree,0,2,depleted,1.000
212,Roseburia faecis,species,62116,"Kidney Failure, Chronic",2,vs_health,0,2,0,depleted,1.0,2,0,2,0,2,1.0,depleted,depleted,association_and_abundance_agree,0,2,depleted,1.000
212,Roseburia faecis,species,69716,Neuroblastoma,2,vs_health,0,2,0,depleted,1.0,2,0,2,0,2,1.0,depleted,depleted,association_and_abundance_agree,0,2,depleted,1.000
216,Parabacteroides distasonis,species,12711,"Colitis, Ulcerative",2,mixed,1,0,0,enriched,1.0,1,5,2,0,7,0.714,enriched,enriched,association_and_abundance_agree,1,1,tied,0.500
216,Parabacteroides distasonis,species,12713,Crohn Disease,2,mixed,1,0,0,enriched,1.0,1,8,0,0,8,1.0,enriched,enriched,association_and_abundance_agree,1,1,tied,0.500
216,Parabacteroides distasonis,species,20491,Colorectal Neoplasms,2,vs_health,2,0,0,enriched,1.0,2,7,3,0,10,0.7,enriched,enriched,association_and_abundance_agree,2,0,enriched,1.000
216,Parabacteroides distasonis,species,73716,Parkinson Disease,2,vs_health,2,0,0,enriched,1.0,2,5,1,0,6,0.833,enriched,enriched,association_and_abundance_agree,2,0,enriched,1.000
217,Dialister,genus,1,Irritable Bowel Syndrome,2,vs_health,1,1,0,,0.5,2,1,4,0,5,0.8,depleted,depleted,abundance_majority,1,1,tied,0.500
217,Dialister,genus,1526,Alzheimer Disease,2,vs_health,0,2,0,depleted,1.0,2,0,3,0,3,1.0,depleted,depleted,association_and_abundance_agree,0,2,depleted,1.000
217,Dialister,genus,7766,"Carcinoma, Hepatocellular",2,disease_vs_disease,0,0,0,,,0,0,2,0,2,1.0,depleted,depleted,abundance_only_no_case_control_association,0,2,depleted,1.000
217,Dialister,genus,12713,Crohn Disease,2,mixed,1,0,0,enriched,1.0,1,11,6,0,17,0.647,enriched,enriched,association_and_abundance_agree,1,1,tied,0.500
217,Dialister,genus,27836,Coronary Disease,2,vs_health,1,1,0,,0.5,2,1,1,0,2,0.5,,,unresolved_abundance_also_tied,1,1,tied,0.500
217,Dialister,genus,46141,"Diabetes, Gestational",2,vs_health,1,1,0,,0.5,2,2,1,0,3,0.667,enriched,enriched,abundance_majority,1,1,tied,0.500
217,Dialister,genus,56231,HIV Infections,2,vs_health,2,0,0,enriched,1.0,2,4,3,0,7,0.571,enriched,enriched,association_and_abundance_agree,2,0,enriched,1.000
217,Dialister,genus,62143,"Renal Insufficiency, Chronic",2,vs_health,0,2,0,depleted,1.0,2,0,6,1,6,1.0,depleted,depleted,association_and_abundance_agree,0,2,depleted,1.000
217,Dialister,genus,69716,Neuroblastoma,2,vs_health,0,2,0,depleted,1.0,2,0,2,0,2,1.0,depleted,depleted,association_and_abundance_agree,0,2,depleted,1.000
218,Leuconostoc,genus,72061,Obesity,2,vs_health,2,0,0,enriched,1.0,2,2,1,2,3,0.667,enriched,enriched,association_and_abundance_agree,2,0,enriched,1.000
228,Clostridium perfringens,species,20491,Colorectal Neoplasms,2,vs_health,1,1,0,,0.5,2,5,3,2,8,0.625,enriched,enriched,abundance_majority,1,1,tied,0.500
228,Clostridium perfringens,species,62116,"Kidney Failure, Chronic",2,mixed,1,0,0,enriched,1.0,1,1,1,0,2,0.5,,enriched,association_consensus,1,1,tied,0.500
231,Bacteroides caccae,species,12713,Crohn Disease,2,mixed,0,2,0,depleted,1.0,2,5,3,0,8,0.625,enriched,depleted,association_consensus_abundance_disagrees,0,2,depleted,1.000
231,Bacteroides caccae,species,28066,COVID-19,2,vs_health,2,0,0,enriched,1.0,2,3,0,0,3,1.0,enriched,enriched,association_and_abundance_agree,2,0,enriched,1.000
232,Succinivibrio,genus,56231,HIV Infections,2,vs_health,2,0,0,enriched,1.0,2,2,3,2,5,0.6,depleted,enriched,association_consensus_abundance_disagrees,2,0,enriched,1.000
235,Bilophila,genus,18168,Inflammatory Bowel Diseases,2,vs_health,0,2,0,depleted,1.0,2,1,3,0,4,0.75,depleted,depleted,association_and_abundance_agree,0,2,depleted,1.000
235,Bilophila,genus,28066,COVID-19,2,vs_health,1,1,0,,0.5,2,6,3,0,9,0.667,enriched,enriched,abundance_majority,1,1,tied,0.500
235,Bilophila,genus,46796,Diarrhea,2,vs_health,2,0,0,enriched,1.0,2,2,0,0,2,1.0,enriched,enriched,association_and_abundance_agree,2,0,enriched,1.000
235,Bilophila,genus,62116,"Kidney Failure, Chronic",2,vs_health,2,0,0,enriched,1.0,2,4,0,0,4,1.0,enriched,enriched,association_and_abundance_agree,2,0,enriched,1.000
235,Bilophila,genus,62143,"Renal Insufficiency, Chronic",2,vs_health,1,1,0,,0.5,2,3,3,1,6,0.5,,,unresolved_abundance_also_tied,1,1,tied,0.500
235,Bilophila,genus,73716,Parkinson Disease,2,vs_health,2,0,0,enriched,1.0,2,6,3,0,9,0.667,enriched,enriched,association_and_abundance_agree,2,0,enriched,1.000
235,Bilophila,genus,76576,Psoriasis,2,vs_health,1,1,0,,0.5,2,1,2,0,3,0.667,depleted,depleted,abundance_majority,1,1,tied,0.500
239,Bacteroides ovatus,species,12711,"Colitis, Ulcerative",2,mixed,1,0,0,enriched,1.0,1,6,1,0,7,0.857,enriched,enriched,association_and_abundance_agree,2,0,enriched,1.000
239,Bacteroides ovatus,species,12713,Crohn Disease,2,mixed,2,0,0,enriched,1.0,2,8,0,0,8,1.0,enriched,enriched,association_and_abundance_agree,2,1,enriched,0.667
241,Coprococcus eutactus,species,1,Irritable Bowel Syndrome,2,vs_health,0,2,0,depleted,1.0,2,0,2,0,2,1.0,depleted,depleted,association_and_abundance_agree,0,2,depleted,1.000
241,Coprococcus eutactus,species,62116,"Kidney Failure, Chronic",2,vs_health,0,2,0,depleted,1.0,2,0,2,0,2,1.0,depleted,depleted,association_and_abundance_agree,0,2,depleted,1.000
251,Bacteroides fragilis,species,3086,"Arthritis, Rheumatoid",2,vs_health,1,1,0,,0.5,2,1,1,0,2,0.5,,,unresolved_abundance_also_tied,1,1,tied,0.500
277,Anaerovorax,genus,20491,Colorectal Neoplasms,2,vs_health,2,0,0,enriched,1.0,2,6,0,17,6,1.0,enriched,enriched,association_and_abundance_agree,2,0,enriched,1.000
277,Anaerovorax,genus,46796,Diarrhea,2,vs_health,1,1,0,,0.5,2,0,0,2,0,,,,unresolved_no_abundance_evidence,1,1,tied,0.500
288,Ruminococcus callidus,species,28066,COVID-19,2,vs_health,0,2,0,depleted,1.0,2,0,3,0,3,1.0,depleted,depleted,association_and_abundance_agree,0,2,depleted,1.000
296,Carnobacterium,genus,11446,Clostridium Infections,2,vs_health,2,0,0,enriched,1.0,2,0,0,1,0,,,enriched,association_consensus,2,0,enriched,1.000
305,Eggerthella lenta,species,43846,"Depressive Disorder, Major",2,vs_health,2,0,0,enriched,1.0,2,2,0,0,2,1.0,enriched,enriched,association_and_abundance_agree,2,0,enriched,1.000
305,Eggerthella lenta,species,48916,"Fatigue Syndrome, Chronic",2,vs_health,2,0,0,enriched,1.0,2,3,0,1,3,1.0,enriched,enriched,association_and_abundance_agree,2,0,enriched,1.000
305,Eggerthella lenta,species,62116,"Kidney Failure, Chronic",2,vs_health,2,0,0,enriched,1.0,2,2,0,0,2,1.0,enriched,enriched,association_and_abundance_agree,2,0,enriched,1.000
315,Enterobacter hormaechei,species,12713,Crohn Disease,2,vs_health,1,1,0,,0.5,2,3,2,3,5,0.6,enriched,,unresolved_abundance_inconclusive,1,1,tied,0.500
339,Eikenella,genus,12713,Crohn Disease,2,mixed,2,0,0,enriched,1.0,2,6,0,11,6,1.0,enriched,enriched,association_and_abundance_agree,2,0,enriched,1.000
341,Bacteroides nordii,species,12711,"Colitis, Ulcerative",2,mixed,0,1,0,depleted,1.0,1,3,4,0,7,0.571,depleted,depleted,association_and_abundance_agree,0,2,depleted,1.000
372,Filifactor,genus,20491,Colorectal Neoplasms,2,vs_health,2,0,0,enriched,1.0,2,12,0,11,12,1.0,enriched,enriched,association_and_abundance_agree,2,0,enriched,1.000
378,Yersinia,genus,11446,Clostridium Infections,2,vs_health,2,0,0,enriched,1.0,2,0,0,1,0,,,enriched,association_consensus,2,0,enriched,1.000
378,Yersinia,genus,46796,Diarrhea,2,vs_health,2,0,0,enriched,1.0,2,1,0,1,1,1.0,enriched,enriched,association_consensus,2,0,enriched,1.000
408,Proteus,genus,12713,Crohn Disease,2,vs_health,2,0,0,enriched,1.0,2,11,0,6,11,1.0,enriched,enriched,association_and_abundance_agree,2,0,enriched,1.000
460,Escherichia coli,species,1,Irritable Bowel Syndrome,2,vs_health,2,0,0,enriched,1.0,2,2,0,0,2,1.0,enriched,enriched,association_and_abundance_agree,2,0,enriched,1.000
460,Escherichia coli,species,310607,Sjogren's Syndrome,2,vs_health,2,0,0,enriched,1.0,2,0,0,0,0,,,enriched,association_consensus,2,0,enriched,1.000
463,Gardnerella,genus,20491,Colorectal Neoplasms,2,vs_health,1,1,0,,0.5,2,7,4,12,11,0.636,enriched,enriched,abundance_majority,1,1,tied,0.500
475,Aquabacterium,genus,12713,Crohn Disease,2,vs_health,2,0,0,enriched,1.0,2,3,0,14,3,1.0,enriched,enriched,association_and_abundance_agree,2,0,enriched,1.000
480,Anaerococcus,genus,11373,Non-alcoholic Fatty Liver Disease,2,vs_health,2,0,0,enriched,1.0,2,1,0,2,1,1.0,enriched,enriched,association_consensus,2,0,enriched,1.000
480,Anaerococcus,genus,72061,Obesity,2,vs_health,2,0,0,enriched,1.0,2,1,0,4,1,1.0,enriched,enriched,association_consensus,2,0,enriched,1.000
481,Finegoldia,genus,11373,Non-alcoholic Fatty Liver Disease,2,vs_health,2,0,0,enriched,1.0,2,1,0,2,1,1.0,enriched,enriched,association_consensus,2,0,enriched,1.000
481,Finegoldia,genus,20491,Colorectal Neoplasms,2,vs_health,1,1,0,,0.5,2,6,6,11,12,0.5,,,unresolved_abundance_also_tied,1,1,tied,0.500
481,Finegoldia,genus,72061,Obesity,2,vs_health,2,0,0,enriched,1.0,2,1,1,3,2,0.5,,enriched,association_consensus,2,0,enriched,1.000
490,Scardovia,genus,12713,Crohn Disease,2,vs_health,2,0,0,enriched,1.0,2,10,0,7,10,1.0,enriched,enriched,association_and_abundance_agree,2,0,enriched,1.000
580,Christensenella,genus,28066,COVID-19,2,vs_health,2,0,0,enriched,1.0,2,7,1,1,8,0.875,enriched,enriched,association_and_abundance_agree,2,0,enriched,1.000
580,Christensenella,genus,62116,"Kidney Failure, Chronic",2,vs_health,2,0,0,enriched,1.0,2,4,0,0,4,1.0,enriched,enriched,association_and_abundance_agree,2,0,enriched,1.000
591,Morganella morganii,species,12713,Crohn Disease,2,mixed,2,0,0,enriched,1.0,2,5,1,2,6,0.833,enriched,enriched,association_and_abundance_agree,2,0,enriched,1.000
655,Alistipes finegoldii,species,1,Irritable Bowel Syndrome,2,vs_health,1,1,0,,0.5,2,1,1,0,2,0.5,,,unresolved_abundance_also_tied,1,1,tied,0.500
655,Alistipes finegoldii,species,69716,Neuroblastoma,2,vs_health,0,2,0,depleted,1.0,2,0,2,0,2,1.0,depleted,depleted,association_and_abundance_agree,0,2,depleted,1.000
659,Alistipes putredinis,species,1,Irritable Bowel Syndrome,2,vs_health,0,2,0,depleted,1.0,2,0,2,0,2,1.0,depleted,depleted,association_and_abundance_agree,0,2,depleted,1.000
659,Alistipes putredinis,species,48916,"Fatigue Syndrome, Chronic",2,vs_health,0,2,0,depleted,1.0,2,1,3,0,4,0.75,depleted,depleted,association_and_abundance_agree,0,2,depleted,1.000
659,Alistipes putredinis,species,69716,Neuroblastoma,2,vs_health,0,2,0,depleted,1.0,2,0,2,0,2,1.0,depleted,depleted,association_and_abundance_agree,0,2,depleted,1.000
659,Alistipes putredinis,species,73716,Parkinson Disease,2,vs_health,2,0,0,enriched,1.0,2,4,2,0,6,0.667,enriched,enriched,association_and_abundance_agree,2,0,enriched,1.000
660,Alistipes senegalensis,species,20491,Colorectal Neoplasms,2,vs_health,1,1,0,,0.5,2,3,7,0,10,0.7,depleted,depleted,abundance_majority,1,1,tied,0.500
660,Alistipes senegalensis,species,48916,"Fatigue Syndrome, Chronic",2,vs_health,1,1,0,,0.5,2,1,2,1,3,0.667,depleted,depleted,abundance_majority,1,1,tied,0.500
661,Alistipes shahii,species,69716,Neuroblastoma,2,vs_health,0,2,0,depleted,1.0,2,0,2,0,2,1.0,depleted,depleted,association_and_abundance_agree,0,2,depleted,1.000
683,Anaerobutyricum hallii,species,18168,Inflammatory Bowel Diseases,2,vs_health,0,2,0,depleted,1.0,2,0,2,0,2,1.0,depleted,depleted,association_and_abundance_agree,0,2,depleted,1.000
683,Anaerobutyricum hallii,species,28066,COVID-19,2,vs_health,0,2,0,depleted,1.0,2,0,3,0,3,1.0,depleted,depleted,association_and_abundance_agree,0,2,depleted,1.000
684,Anaerobutyricum soehngenii,species,18168,Inflammatory Bowel Diseases,2,vs_health,0,2,0,depleted,1.0,2,0,2,0,2,1.0,depleted,depleted,association_and_abundance_agree,0,2,depleted,1.000
684,Anaerobutyricum soehngenii,species,69716,Neuroblastoma,2,vs_health,0,2,0,depleted,1.0,2,0,2,0,2,1.0,depleted,depleted,association_and_abundance_agree,0,2,depleted,1.000
691,Anaerostipes caccae,species,62116,"Kidney Failure, Chronic",2,vs_health,2,0,0,enriched,1.0,2,2,0,0,2,1.0,enriched,enriched,association_and_abundance_agree,2,0,enriched,1.000
692,Anaerostipes hadrus,species,28066,COVID-19,2,vs_health,0,2,0,depleted,1.0,2,1,2,0,3,0.667,depleted,depleted,association_and_abundance_agree,0,2,depleted,1.000
692,Anaerostipes hadrus,species,69716,Neuroblastoma,2,vs_health,0,2,0,depleted,1.0,2,0,2,0,2,1.0,depleted,depleted,association_and_abundance_agree,0,2,depleted,1.000
693,Anaerotruncus colihominis,species,12713,Crohn Disease,2,mixed,1,0,0,enriched,1.0,1,7,0,1,7,1.0,enriched,enriched,association_and_abundance_agree,2,0,enriched,1.000
693,Anaerotruncus colihominis,species,20491,Colorectal Neoplasms,2,mixed,1,1,0,,0.5,2,7,3,0,10,0.7,enriched,enriched,abundance_majority,1,1,tied,0.500
693,Anaerotruncus colihominis,species,48916,"Fatigue Syndrome, Chronic",2,vs_health,2,0,0,enriched,1.0,2,3,0,1,3,1.0,enriched,enriched,association_and_abundance_agree,2,0,enriched,1.000
708,Arthrobacter,genus,11446,Clostridium Infections,2,vs_health,2,0,0,enriched,1.0,2,0,0,1,0,,,enriched,association_consensus,2,0,enriched,1.000
779,Bacteroides cellulosilyticus,species,20491,Colorectal Neoplasms,2,vs_health,2,0,0,enriched,1.0,2,8,2,0,10,0.8,enriched,enriched,association_and_abundance_agree,2,0,enriched,1.000
780,Bacteroides clarus,species,12713,Crohn Disease,2,mixed,0,1,0,depleted,1.0,1,2,5,1,7,0.714,depleted,depleted,association_and_abundance_agree,1,1,tied,0.500
780,Bacteroides clarus,species,20491,Colorectal Neoplasms,2,vs_health,2,0,0,enriched,1.0,2,3,6,1,9,0.667,depleted,enriched,association_consensus_abundance_disagrees,2,0,enriched,1.000
783,Bacteroides faecis,species,12713,Crohn Disease,2,vs_health,1,1,0,,0.5,2,6,2,0,8,0.75,enriched,enriched,abundance_majority,1,1,tied,0.500
784,Bacteroides finegoldii,species,12711,"Colitis, Ulcerative",2,mixed,1,0,0,enriched,1.0,1,4,3,0,7,0.571,enriched,enriched,association_and_abundance_agree,2,0,enriched,1.000
784,Bacteroides finegoldii,species,62116,"Kidney Failure, Chronic",2,vs_health,0,2,0,depleted,1.0,2,0,2,0,2,1.0,depleted,depleted,association_and_abundance_agree,0,2,depleted,1.000
785,Bacteroides fluxus,species,12711,"Colitis, Ulcerative",2,mixed,1,0,0,enriched,1.0,1,1,1,5,2,0.5,,enriched,association_consensus,1,1,tied,0.500
785,Bacteroides fluxus,species,12713,Crohn Disease,2,disease_vs_disease,0,0,0,,,0,3,1,4,4,0.75,enriched,enriched,abundance_only_no_case_control_association,1,1,tied,0.500
788,Bacteroides intestinalis,species,12711,"Colitis, Ulcerative",2,mixed,0,2,0,depleted,1.0,2,1,6,0,7,0.857,depleted,depleted,association_and_abundance_agree,1,2,depleted,0.667
788,Bacteroides intestinalis,species,12713,Crohn Disease,2,mixed,0,2,0,depleted,1.0,2,1,7,0,8,0.875,depleted,depleted,association_and_abundance_agree,0,2,depleted,1.000
792,Bacteroides salyersiae,species,12713,Crohn Disease,2,vs_health,0,2,0,depleted,1.0,2,2,4,2,6,0.667,depleted,depleted,association_and_abundance_agree,0,2,depleted,1.000
812,Bacteroides stercoris,species,20491,Colorectal Neoplasms,2,vs_health,2,0,0,enriched,1.0,2,4,6,0,10,0.6,depleted,enriched,association_consensus_abundance_disagrees,2,0,enriched,1.000
813,Bacteroides thetaiotaomicron,species,12713,Crohn Disease,2,vs_health,2,0,0,enriched,1.0,2,7,1,0,8,0.875,enriched,enriched,association_and_abundance_agree,2,0,enriched,1.000
815,Bacteroides xylanisolvens,species,12711,"Colitis, Ulcerative",2,mixed,0,2,0,depleted,1.0,2,2,5,0,7,0.714,depleted,depleted,association_and_abundance_agree,0,2,depleted,1.000
815,Bacteroides xylanisolvens,species,12713,Crohn Disease,2,disease_vs_disease,0,0,0,,,0,8,0,0,8,1.0,enriched,enriched,abundance_only_no_case_control_association,2,0,enriched,1.000
816,Barnesiella intestinihominis,species,73716,Parkinson Disease,2,vs_health,2,0,0,enriched,1.0,2,4,2,0,6,0.667,enriched,enriched,association_and_abundance_agree,2,0,enriched,1.000
824,Bifidobacterium animalis,species,12713,Crohn Disease,2,mixed,1,0,0,enriched,1.0,1,4,3,1,7,0.571,enriched,enriched,association_and_abundance_agree,1,1,tied,0.500
826,Bifidobacterium catenulatum,species,12711,"Colitis, Ulcerative",2,mixed,0,1,0,depleted,1.0,1,3,3,1,6,0.5,,depleted,association_consensus,1,1,tied,0.500
826,Bifidobacterium catenulatum,species,12713,Crohn Disease,2,mixed,0,1,0,depleted,1.0,1,2,3,3,5,0.6,depleted,depleted,association_and_abundance_agree,0,2,depleted,1.000
826,Bifidobacterium catenulatum,species,69716,Neuroblastoma,2,vs_health,0,2,0,depleted,1.0,2,0,2,0,2,1.0,depleted,depleted,association_and_abundance_agree,0,2,depleted,1.000
828,Bifidobacterium dentium,species,20491,Colorectal Neoplasms,2,vs_health,2,0,0,enriched,1.0,2,8,1,1,9,0.889,enriched,enriched,association_and_abundance_agree,2,0,enriched,1.000
828,Bifidobacterium dentium,species,62116,"Kidney Failure, Chronic",2,vs_health,2,0,0,enriched,1.0,2,2,0,0,2,1.0,enriched,enriched,association_and_abundance_agree,2,0,enriched,1.000
828,Bifidobacterium dentium,species,73716,Parkinson Disease,2,vs_health,2,0,0,enriched,1.0,2,5,1,0,6,0.833,enriched,enriched,association_and_abundance_agree,2,0,enriched,1.000
837,Bilophila wadsworthia,species,62116,"Kidney Failure, Chronic",2,vs_health,2,0,0,enriched,1.0,2,2,0,0,2,1.0,enriched,enriched,association_and_abundance_agree,2,0,enriched,1.000
849,Blautia hansenii,species,12713,Crohn Disease,2,vs_health,2,0,0,enriched,1.0,2,7,0,1,7,1.0,enriched,enriched,association_and_abundance_agree,2,0,enriched,1.000
849,Blautia hansenii,species,28066,COVID-19,2,vs_health,0,2,0,depleted,1.0,2,1,2,0,3,0.667,depleted,depleted,association_and_abundance_agree,0,2,depleted,1.000
849,Blautia hansenii,species,62116,"Kidney Failure, Chronic",2,vs_health,2,0,0,enriched,1.0,2,2,0,0,2,1.0,enriched,enriched,association_and_abundance_agree,2,0,enriched,1.000
850,Blautia hydrogenotrophica,species,12713,Crohn Disease,2,mixed,0,1,0,depleted,1.0,1,3,2,3,5,0.6,enriched,depleted,association_consensus_abundance_disagrees,0,2,depleted,1.000
853,Blautia wexlerae,species,28066,COVID-19,2,vs_health,0,2,0,depleted,1.0,2,1,2,0,3,0.667,depleted,depleted,association_and_abundance_agree,0,2,depleted,1.000
853,Blautia wexlerae,species,62116,"Kidney Failure, Chronic",2,mixed,1,0,0,enriched,1.0,1,2,0,0,2,1.0,enriched,enriched,association_and_abundance_agree,2,0,enriched,1.000
853,Blautia wexlerae,species,73716,Parkinson Disease,2,vs_health,0,2,0,depleted,1.0,2,2,4,0,6,0.667,depleted,depleted,association_and_abundance_agree,0,2,depleted,1.000
867,Sediminibacterium,genus,11446,Clostridium Infections,2,vs_health,0,2,0,depleted,1.0,2,0,0,1,0,,,depleted,association_consensus,0,2,depleted,1.000
886,Cloacibacillus,genus,11446,Clostridium Infections,2,vs_health,1,1,0,,0.5,2,1,0,0,1,1.0,enriched,,unresolved_no_abundance_evidence,1,1,tied,0.500
922,Collinsella intestinalis,species,12711,"Colitis, Ulcerative",2,mixed,2,0,0,enriched,1.0,2,5,0,2,5,1.0,enriched,enriched,association_and_abundance_agree,2,0,enriched,1.000
924,Collinsella tanakaei,species,12713,Crohn Disease,2,mixed,1,0,0,enriched,1.0,1,3,2,3,5,0.6,enriched,enriched,association_and_abundance_agree,1,1,tied,0.500
935,Coprobacter fastidiosus,species,12711,"Colitis, Ulcerative",2,mixed,1,1,0,,0.5,2,2,4,1,6,0.667,depleted,depleted,abundance_majority,1,2,depleted,0.667
935,Coprobacter fastidiosus,species,12713,Crohn Disease,2,mixed,1,1,0,,0.5,2,2,4,2,6,0.667,depleted,depleted,abundance_majority,1,1,tied,0.500
936,Coprococcus comes,species,18168,Inflammatory Bowel Diseases,2,vs_health,0,2,0,depleted,1.0,2,0,2,0,2,1.0,depleted,depleted,association_and_abundance_agree,0,2,depleted,1.000
936,Coprococcus comes,species,48916,"Fatigue Syndrome, Chronic",2,vs_health,0,2,0,depleted,1.0,2,0,4,0,4,1.0,depleted,depleted,association_and_abundance_agree,0,2,depleted,1.000
936,Coprococcus comes,species,62116,"Kidney Failure, Chronic",2,vs_health,0,2,0,depleted,1.0,2,0,2,0,2,1.0,depleted,depleted,association_and_abundance_agree,0,2,depleted,1.000
975,Adlercreutzia equolifaciens,species,18168,Inflammatory Bowel Diseases,2,vs_health,0,2,0,depleted,1.0,2,0,2,0,2,1.0,depleted,depleted,association_and_abundance_agree,0,2,depleted,1.000
975,Adlercreutzia equolifaciens,species,28066,COVID-19,2,vs_health,0,2,0,depleted,1.0,2,0,3,0,3,1.0,depleted,depleted,association_and_abundance_agree,0,2,depleted,1.000
975,Adlercreutzia equolifaciens,species,69716,Neuroblastoma,2,vs_health,0,2,0,depleted,1.0,2,0,2,0,2,1.0,depleted,depleted,association_and_abundance_agree,0,2,depleted,1.000
975,Adlercreutzia equolifaciens,species,73716,Parkinson Disease,2,vs_health,1,1,0,,0.5,2,3,3,0,6,0.5,,,unresolved_abundance_also_tied,1,1,tied,0.500
1016,Enterocloster bolteae,species,12711,"Colitis, Ulcerative",2,mixed,1,0,0,enriched,1.0,1,7,0,0,7,1.0,enriched,enriched,association_and_abundance_agree,1,2,depleted,0.667
1016,Enterocloster bolteae,species,51326,Fibromyalgia,2,vs_health,2,0,0,enriched,1.0,2,2,0,0,2,1.0,enriched,enriched,association_and_abundance_agree,2,0,enriched,1.000
1016,Enterocloster bolteae,species,62116,"Kidney Failure, Chronic",2,vs_health,2,0,0,enriched,1.0,2,2,0,0,2,1.0,enriched,enriched,association_and_abundance_agree,2,0,enriched,1.000
1018,Enterocloster citroniae,species,12711,"Colitis, Ulcerative",2,disease_vs_disease,0,0,0,,,0,5,1,1,6,0.833,enriched,enriched,abundance_only_no_case_control_association,0,2,depleted,1.000
1020,Enterocloster clostridioformis,species,28066,COVID-19,2,vs_health,1,1,0,,0.5,2,2,1,0,3,0.667,enriched,enriched,abundance_majority,1,1,tied,0.500
1020,Enterocloster clostridioformis,species,62116,"Kidney Failure, Chronic",2,vs_health,2,0,0,enriched,1.0,2,2,0,0,2,1.0,enriched,enriched,association_and_abundance_agree,2,0,enriched,1.000
1025,Enterococcus avium,species,12713,Crohn Disease,2,vs_health,2,0,0,enriched,1.0,2,5,0,3,5,1.0,enriched,enriched,association_and_abundance_agree,2,0,enriched,1.000
1034,Enterococcus faecium,species,12711,"Colitis, Ulcerative",2,mixed,1,0,0,enriched,1.0,1,6,1,0,7,0.857,enriched,enriched,association_and_abundance_agree,1,2,depleted,0.667
1034,Enterococcus faecium,species,12713,Crohn Disease,2,mixed,2,0,0,enriched,1.0,2,6,0,2,6,1.0,enriched,enriched,association_and_abundance_agree,2,0,enriched,1.000
1034,Enterococcus faecium,species,69716,Neuroblastoma,2,vs_health,2,0,0,enriched,1.0,2,2,0,0,2,1.0,enriched,enriched,association_and_abundance_agree,2,0,enriched,1.000
1054,Desulfovibrio piger,species,48916,"Fatigue Syndrome, Chronic",2,vs_health,0,2,0,depleted,1.0,2,1,2,1,3,0.667,depleted,depleted,association_and_abundance_agree,0,2,depleted,1.000
1062,Dialister invisus,species,20491,Colorectal Neoplasms,2,vs_health,2,0,0,enriched,1.0,2,5,5,0,10,0.5,,enriched,association_consensus,2,0,enriched,1.000
1062,Dialister invisus,species,69716,Neuroblastoma,2,vs_health,0,2,0,depleted,1.0,2,0,2,0,2,1.0,depleted,depleted,association_and_abundance_agree,0,2,depleted,1.000
1069,Dialister succinatiphilus,species,12711,"Colitis, Ulcerative",2,vs_health,0,2,0,depleted,1.0,2,0,3,4,3,1.0,depleted,depleted,association_and_abundance_agree,0,2,depleted,1.000
1085,Dorea longicatena,species,4876,Autism Spectrum Disorder,2,vs_health,0,2,0,depleted,1.0,2,0,2,0,2,1.0,depleted,depleted,association_and_abundance_agree,0,2,depleted,1.000
1085,Dorea longicatena,species,12711,"Colitis, Ulcerative",2,vs_health,0,2,0,depleted,1.0,2,3,4,0,7,0.571,depleted,depleted,association_and_abundance_agree,0,2,depleted,1.000
1085,Dorea longicatena,species,12713,Crohn Disease,2,vs_health,0,2,0,depleted,1.0,2,2,5,1,7,0.714,depleted,depleted,association_and_abundance_agree,0,2,depleted,1.000
1085,Dorea longicatena,species,62116,"Kidney Failure, Chronic",2,mixed,0,2,0,depleted,1.0,2,0,2,0,2,1.0,depleted,depleted,association_and_abundance_agree,0,2,depleted,1.000
1085,Dorea longicatena,species,69716,Neuroblastoma,2,vs_health,0,2,0,depleted,1.0,2,0,2,0,2,1.0,depleted,depleted,association_and_abundance_agree,0,2,depleted,1.000
1089,Eubacterium ramulus,species,12711,"Colitis, Ulcerative",2,vs_health,0,2,0,depleted,1.0,2,2,5,0,7,0.714,depleted,depleted,association_and_abundance_agree,0,2,depleted,1.000
1089,Eubacterium ramulus,species,28066,COVID-19,2,vs_health,0,2,0,depleted,1.0,2,1,2,0,3,0.667,depleted,depleted,association_and_abundance_agree,0,2,depleted,1.000
1089,Eubacterium ramulus,species,62116,"Kidney Failure, Chronic",2,mixed,0,2,0,depleted,1.0,2,0,2,0,2,1.0,depleted,depleted,association_and_abundance_agree,0,2,depleted,1.000
1089,Eubacterium ramulus,species,69716,Neuroblastoma,2,vs_health,0,2,0,depleted,1.0,2,0,2,0,2,1.0,depleted,depleted,association_and_abundance_agree,0,2,depleted,1.000
1097,Eubacterium ventriosum,species,12711,"Colitis, Ulcerative",2,mixed,1,1,0,,0.5,2,2,5,0,7,0.714,depleted,depleted,abundance_majority,1,1,tied,0.500
1097,Eubacterium ventriosum,species,62116,"Kidney Failure, Chronic",2,mixed,0,2,0,depleted,1.0,2,0,2,0,2,1.0,depleted,depleted,association_and_abundance_agree,0,2,depleted,1.000
1101,Eggerthella,genus,1,Irritable Bowel Syndrome,2,vs_health,2,0,0,enriched,1.0,2,4,1,0,5,0.8,enriched,enriched,association_and_abundance_agree,2,0,enriched,1.000
1101,Eggerthella,genus,11446,Clostridium Infections,2,vs_health,2,0,0,enriched,1.0,2,0,1,0,1,1.0,depleted,enriched,association_consensus,2,0,enriched,1.000
1101,Eggerthella,genus,12711,"Colitis, Ulcerative",2,mixed,1,0,0,enriched,1.0,1,11,2,2,13,0.846,enriched,enriched,association_and_abundance_agree,2,0,enriched,1.000
1101,Eggerthella,genus,18168,Inflammatory Bowel Diseases,2,mixed,1,0,0,enriched,1.0,1,3,1,0,4,0.75,enriched,enriched,association_and_abundance_agree,1,1,tied,0.500
1101,Eggerthella,genus,28066,COVID-19,2,vs_health,1,1,0,,0.5,2,6,2,1,8,0.75,enriched,enriched,abundance_majority,1,1,tied,0.500
1101,Eggerthella,genus,46796,Diarrhea,2,vs_health,1,1,0,,0.5,2,2,0,0,2,1.0,enriched,enriched,abundance_majority,1,1,tied,0.500
1101,Eggerthella,genus,48371,Dwarfism,2,vs_health,2,0,0,enriched,1.0,2,2,0,0,2,1.0,enriched,enriched,association_and_abundance_agree,2,0,enriched,1.000
1101,Eggerthella,genus,48916,"Fatigue Syndrome, Chronic",2,vs_health,2,0,0,enriched,1.0,2,3,0,1,3,1.0,enriched,enriched,association_and_abundance_agree,2,0,enriched,1.000
1101,Eggerthella,genus,62116,"Kidney Failure, Chronic",2,vs_health,2,0,0,enriched,1.0,2,4,0,0,4,1.0,enriched,enriched,association_and_abundance_agree,2,0,enriched,1.000
1101,Eggerthella,genus,62143,"Renal Insufficiency, Chronic",2,vs_health,2,0,0,enriched,1.0,2,6,0,1,6,1.0,enriched,enriched,association_and_abundance_agree,2,0,enriched,1.000
1101,Eggerthella,genus,68391,Multiple Sclerosis,2,vs_health,2,0,0,enriched,1.0,2,5,1,0,6,0.833,enriched,enriched,association_and_abundance_agree,2,0,enriched,1.000
1101,Eggerthella,genus,72061,Obesity,2,vs_health,2,0,0,enriched,1.0,2,1,2,2,3,0.667,depleted,enriched,association_consensus_abundance_disagrees,2,0,enriched,1.000
1111,Fusobacterium mortiferum,species,20491,Colorectal Neoplasms,2,vs_health,2,0,0,enriched,1.0,2,4,1,5,5,0.8,enriched,enriched,association_and_abundance_agree,2,0,enriched,1.000
1138,Flavonifractor plautii,species,28066,COVID-19,2,vs_health,2,0,0,enriched,1.0,2,3,0,0,3,1.0,enriched,enriched,association_and_abundance_agree,2,0,enriched,1.000
1138,Flavonifractor plautii,species,62116,"Kidney Failure, Chronic",2,vs_health,2,0,0,enriched,1.0,2,2,0,0,2,1.0,enriched,enriched,association_and_abundance_agree,2,0,enriched,1.000
1161,Gordonibacter pamelaeae,species,20491,Colorectal Neoplasms,2,vs_health,1,1,0,,0.5,2,3,6,1,9,0.667,depleted,depleted,abundance_majority,1,1,tied,0.500
1166,Granulicatella adiacens,species,12713,Crohn Disease,2,vs_health,2,0,0,enriched,1.0,2,5,0,3,5,1.0,enriched,enriched,association_and_abundance_agree,2,0,enriched,1.000
1203,Lachnospira eligens,species,62116,"Kidney Failure, Chronic",2,mixed,0,2,0,depleted,1.0,2,0,2,0,2,1.0,depleted,depleted,association_and_abundance_agree,0,2,depleted,1.000
1203,Lachnospira eligens,species,69716,Neuroblastoma,2,vs_health,0,2,0,depleted,1.0,2,0,2,0,2,1.0,depleted,depleted,association_and_abundance_agree,0,2,depleted,1.000
1216,Holdemanella biformis,species,12711,"Colitis, Ulcerative",2,mixed,1,0,0,enriched,1.0,1,3,4,0,7,0.571,depleted,enriched,association_consensus_abundance_disagrees,2,0,enriched,1.000
1216,Holdemanella biformis,species,62116,"Kidney Failure, Chronic",2,vs_health,0,2,0,depleted,1.0,2,0,2,0,2,1.0,depleted,depleted,association_and_abundance_agree,0,2,depleted,1.000
1218,Holdemania filiformis,species,12713,Crohn Disease,2,mixed,0,1,0,depleted,1.0,1,3,4,1,7,0.571,depleted,depleted,association_and_abundance_agree,0,2,depleted,1.000
1221,Lactobacillus acidophilus,species,12711,"Colitis, Ulcerative",2,disease_vs_disease,0,0,0,,,0,3,1,3,4,0.75,enriched,enriched,abundance_only_no_case_control_association,1,1,tied,0.500
1221,Lactobacillus acidophilus,species,12713,Crohn Disease,2,mixed,1,0,0,enriched,1.0,1,5,0,3,5,1.0,enriched,enriched,association_and_abundance_agree,1,1,tied,0.500
1231,Hungatella hathewayi,species,28066,COVID-19,2,vs_health,2,0,0,enriched,1.0,2,3,0,0,3,1.0,enriched,enriched,association_and_abundance_agree,2,0,enriched,1.000
1231,Hungatella hathewayi,species,48916,"Fatigue Syndrome, Chronic",2,vs_health,2,0,0,enriched,1.0,2,2,1,1,3,0.667,enriched,enriched,association_and_abundance_agree,2,0,enriched,1.000
1231,Hungatella hathewayi,species,62116,"Kidney Failure, Chronic",2,vs_health,2,0,0,enriched,1.0,2,2,0,0,2,1.0,enriched,enriched,association_and_abundance_agree,2,0,enriched,1.000
1231,Hungatella hathewayi,species,73716,Parkinson Disease,2,vs_health,2,0,0,enriched,1.0,2,5,1,0,6,0.833,enriched,enriched,association_and_abundance_agree,2,0,enriched,1.000
1287,Ligilactobacillus salivarius,species,12713,Crohn Disease,2,mixed,1,0,0,enriched,1.0,1,5,1,2,6,0.833,enriched,enriched,association_and_abundance_agree,2,0,enriched,1.000
1287,Ligilactobacillus salivarius,species,62116,"Kidney Failure, Chronic",2,vs_health,2,0,0,enriched,1.0,2,2,0,0,2,1.0,enriched,enriched,association_and_abundance_agree,2,0,enriched,1.000
1310,Mediterraneibacter torques,species,12711,"Colitis, Ulcerative",2,mixed,0,2,0,depleted,1.0,2,4,3,0,7,0.571,enriched,depleted,association_consensus_abundance_disagrees,0,2,depleted,1.000
1311,Megamonas funiformis,species,28066,COVID-19,2,vs_health,1,1,0,,0.5,2,1,2,0,3,0.667,depleted,depleted,abundance_majority,1,1,tied,0.500
1311,Megamonas funiformis,species,62116,"Kidney Failure, Chronic",2,mixed,0,2,0,depleted,1.0,2,0,2,0,2,1.0,depleted,depleted,association_and_abundance_agree,1,2,depleted,0.667
1314,Megasphaera micronuciformis,species,12711,"Colitis, Ulcerative",2,vs_health,1,1,0,,0.5,2,5,1,1,6,0.833,enriched,enriched,abundance_majority,1,1,tied,0.500
1314,Megasphaera micronuciformis,species,12713,Crohn Disease,2,vs_health,2,0,0,enriched,1.0,2,6,1,1,7,0.857,enriched,enriched,association_and_abundance_agree,2,0,enriched,1.000
1314,Megasphaera micronuciformis,species,20491,Colorectal Neoplasms,2,vs_health,2,0,0,enriched,1.0,2,7,0,3,7,1.0,enriched,enriched,association_and_abundance_agree,2,0,enriched,1.000
1351,Intestinibacter bartlettii,species,62116,"Kidney Failure, Chronic",2,mixed,0,1,0,depleted,1.0,1,0,2,0,2,1.0,depleted,depleted,association_and_abundance_agree,0,2,depleted,1.000
1368,Klebsiella aerogenes,species,62116,"Kidney Failure, Chronic",2,vs_health,0,2,0,depleted,1.0,2,0,2,0,2,1.0,depleted,depleted,association_and_abundance_agree,0,2,depleted,1.000
1370,Klebsiella pneumoniae,species,12711,"Colitis, Ulcerative",2,disease_vs_disease,0,0,0,,,0,5,2,0,7,0.714,enriched,enriched,abundance_only_no_case_control_association,0,2,depleted,1.000
1370,Klebsiella pneumoniae,species,20491,Colorectal Neoplasms,2,vs_health,2,0,0,enriched,1.0,2,5,5,0,10,0.5,,enriched,association_consensus,2,0,enriched,1.000
1370,Klebsiella pneumoniae,species,28066,COVID-19,2,vs_health,0,2,0,depleted,1.0,2,0,3,0,3,1.0,depleted,depleted,association_and_abundance_agree,0,2,depleted,1.000
1371,Klebsiella variicola,species,12713,Crohn Disease,2,vs_health,1,1,0,,0.5,2,2,4,2,6,0.667,depleted,depleted,abundance_majority,1,1,tied,0.500
1422,Butyricimonas synergistica,species,12713,Crohn Disease,2,mixed,1,0,0,enriched,1.0,1,3,3,2,6,0.5,,enriched,association_consensus,2,0,enriched,1.000
1422,Butyricimonas synergistica,species,20491,Colorectal Neoplasms,2,vs_health,1,1,0,,0.5,2,4,4,2,8,0.5,,,unresolved_abundance_also_tied,1,1,tied,0.500
1424,Butyricimonas virosa,species,20491,Colorectal Neoplasms,2,mixed,1,0,0,enriched,1.0,1,6,3,1,9,0.667,enriched,enriched,association_and_abundance_agree,2,0,enriched,1.000
1471,Odoribacter laneus,species,12713,Crohn Disease,2,vs_health,0,2,0,depleted,1.0,2,0,3,5,3,1.0,depleted,depleted,association_and_abundance_agree,0,2,depleted,1.000
1472,Odoribacter splanchnicus,species,12711,"Colitis, Ulcerative",2,mixed,0,2,0,depleted,1.0,2,4,3,0,7,0.571,enriched,depleted,association_consensus_abundance_disagrees,0,2,depleted,1.000
1472,Odoribacter splanchnicus,species,12713,Crohn Disease,2,mixed,0,1,0,depleted,1.0,1,6,2,0,8,0.75,enriched,depleted,association_consensus_abundance_disagrees,1,1,tied,0.500
1472,Odoribacter splanchnicus,species,48916,"Fatigue Syndrome, Chronic",2,vs_health,0,2,0,depleted,1.0,2,0,4,0,4,1.0,depleted,depleted,association_and_abundance_agree,0,2,depleted,1.000
1472,Odoribacter splanchnicus,species,73716,Parkinson Disease,2,vs_health,2,0,0,enriched,1.0,2,5,1,0,6,0.833,enriched,enriched,association_and_abundance_agree,2,0,enriched,1.000
1472,Odoribacter splanchnicus,species,76576,Psoriasis,2,vs_health,1,1,0,,0.5,2,1,1,0,2,0.5,,,unresolved_abundance_also_tied,1,1,tied,0.500
1504,Parabacteroides goldsteinii,species,20491,Colorectal Neoplasms,2,vs_health,1,1,0,,0.5,2,6,4,0,10,0.6,enriched,,unresolved_abundance_inconclusive,1,1,tied,0.500
1504,Parabacteroides goldsteinii,species,28066,COVID-19,2,vs_health,1,1,0,,0.5,2,2,1,0,3,0.667,enriched,enriched,abundance_majority,1,1,tied,0.500
1506,Parabacteroides johnsonii,species,12713,Crohn Disease,2,vs_health,0,2,0,depleted,1.0,2,4,3,1,7,0.571,enriched,depleted,association_consensus_abundance_disagrees,0,2,depleted,1.000
1508,Parabacteroides merdae,species,20491,Colorectal Neoplasms,2,mixed,1,0,0,enriched,1.0,1,7,3,0,10,0.7,enriched,enriched,association_and_abundance_agree,1,1,tied,0.500
1520,Paraprevotella clara,species,62116,"Kidney Failure, Chronic",2,mixed,1,1,0,,0.5,2,1,1,0,2,0.5,,,unresolved_abundance_also_tied,1,1,tied,0.500
1522,Paraprevotella xylaniphila,species,20491,Colorectal Neoplasms,2,vs_health,2,0,0,enriched,1.0,2,4,2,4,6,0.667,enriched,enriched,association_and_abundance_agree,2,0,enriched,1.000
1535,Cloacibacillus evryensis,species,62116,"Kidney Failure, Chronic",2,mixed,1,0,0,enriched,1.0,1,2,0,0,2,1.0,enriched,enriched,association_and_abundance_agree,1,1,tied,0.500
1555,Peptostreptococcus stomatis,species,12711,"Colitis, Ulcerative",2,vs_health,2,0,0,enriched,1.0,2,4,1,2,5,0.8,enriched,enriched,association_and_abundance_agree,2,0,enriched,1.000
1555,Peptostreptococcus stomatis,species,12713,Crohn Disease,2,vs_health,2,0,0,enriched,1.0,2,6,0,2,6,1.0,enriched,enriched,association_and_abundance_agree,2,0,enriched,1.000
1560,Phascolarctobacterium succinatutens,species,48916,"Fatigue Syndrome, Chronic",2,vs_health,0,2,0,depleted,1.0,2,0,3,1,3,1.0,depleted,depleted,association_and_abundance_agree,0,2,depleted,1.000
1560,Phascolarctobacterium succinatutens,species,76576,Psoriasis,2,vs_health,0,2,0,depleted,1.0,2,0,2,0,2,1.0,depleted,depleted,association_and_abundance_agree,0,2,depleted,1.000
1563,Phocaeicola coprocola,species,62116,"Kidney Failure, Chronic",2,mixed,1,1,0,,0.5,2,1,1,0,2,0.5,,,unresolved_abundance_also_tied,1,1,tied,0.500
1564,Phocaeicola coprophilus,species,12713,Crohn Disease,2,vs_health,0,2,0,depleted,1.0,2,2,4,2,6,0.667,depleted,depleted,association_and_abundance_agree,0,2,depleted,1.000
1564,Phocaeicola coprophilus,species,46141,"Diabetes, Gestational",2,vs_health,1,1,0,,0.5,2,1,1,0,2,0.5,,,unresolved_abundance_also_tied,1,1,tied,0.500
1564,Phocaeicola coprophilus,species,62116,"Kidney Failure, Chronic",2,mixed,0,2,0,depleted,1.0,2,0,2,0,2,1.0,depleted,depleted,association_and_abundance_agree,0,2,depleted,1.000
1565,Phocaeicola dorei,species,69716,Neuroblastoma,2,vs_health,0,2,0,depleted,1.0,2,0,2,0,2,1.0,depleted,depleted,association_and_abundance_agree,0,2,depleted,1.000
1566,Phocaeicola massiliensis,species,1,Irritable Bowel Syndrome,2,vs_health,0,2,0,depleted,1.0,2,0,2,0,2,1.0,depleted,depleted,association_and_abundance_agree,0,2,depleted,1.000
1566,Phocaeicola massiliensis,species,20491,Colorectal Neoplasms,2,vs_health,1,1,0,,0.5,2,7,3,0,10,0.7,enriched,enriched,abundance_majority,1,1,tied,0.500
1566,Phocaeicola massiliensis,species,62116,"Kidney Failure, Chronic",2,vs_health,0,2,0,depleted,1.0,2,0,2,0,2,1.0,depleted,depleted,association_and_abundance_agree,0,2,depleted,1.000
1567,Phocaeicola plebeius,species,62116,"Kidney Failure, Chronic",2,vs_health,0,2,0,depleted,1.0,2,0,2,0,2,1.0,depleted,depleted,association_and_abundance_agree,0,2,depleted,1.000
1569,Phocaeicola vulgatus,species,12711,"Colitis, Ulcerative",2,mixed,1,0,0,enriched,1.0,1,6,1,0,7,0.857,enriched,enriched,association_and_abundance_agree,2,0,enriched,1.000
1569,Phocaeicola vulgatus,species,12713,Crohn Disease,2,disease_vs_disease,0,0,0,,,0,5,3,0,8,0.625,enriched,enriched,abundance_only_no_case_control_association,0,2,depleted,1.000
1569,Phocaeicola vulgatus,species,20491,Colorectal Neoplasms,2,mixed,1,0,0,enriched,1.0,1,6,4,0,10,0.6,enriched,enriched,association_and_abundance_agree,1,1,tied,0.500
1623,Pseudoflavonifractor capillosus,species,48916,"Fatigue Syndrome, Chronic",2,vs_health,2,0,0,enriched,1.0,2,3,0,1,3,1.0,enriched,enriched,association_and_abundance_agree,2,0,enriched,1.000
1623,Pseudoflavonifractor capillosus,species,62116,"Kidney Failure, Chronic",2,vs_health,2,0,0,enriched,1.0,2,2,0,0,2,1.0,enriched,enriched,association_and_abundance_agree,2,0,enriched,1.000
1644,Pseudomonas,genus,11446,Clostridium Infections,2,vs_health,2,0,0,enriched,1.0,2,1,0,0,1,1.0,enriched,enriched,association_consensus,2,0,enriched,1.000
1644,Pseudomonas,genus,12713,Crohn Disease,2,vs_health,1,1,0,,0.5,2,5,6,6,11,0.545,depleted,,unresolved_abundance_inconclusive,1,1,tied,0.500
1644,Pseudomonas,genus,20491,Colorectal Neoplasms,2,vs_health,2,0,0,enriched,1.0,2,12,6,5,18,0.667,enriched,enriched,association_and_abundance_agree,2,0,enriched,1.000
1644,Pseudomonas,genus,28066,COVID-19,2,vs_health,2,0,0,enriched,1.0,2,5,2,2,7,0.714,enriched,enriched,association_and_abundance_agree,2,0,enriched,1.000
1649,Ralstonia pickettii,species,20491,Colorectal Neoplasms,2,mixed,2,0,0,enriched,1.0,2,2,1,7,3,0.667,enriched,enriched,association_and_abundance_agree,2,0,enriched,1.000
1697,Roseburia hominis,species,28066,COVID-19,2,vs_health,0,2,0,depleted,1.0,2,1,2,0,3,0.667,depleted,depleted,association_and_abundance_agree,0,2,depleted,1.000
1697,Roseburia hominis,species,62116,"Kidney Failure, Chronic",2,vs_health,1,1,0,,0.5,2,1,1,0,2,0.5,,,unresolved_abundance_also_tied,1,1,tied,0.500
1697,Roseburia hominis,species,73716,Parkinson Disease,2,vs_health,1,1,0,,0.5,2,3,3,0,6,0.5,,,unresolved_abundance_also_tied,1,1,tied,0.500
1699,Roseburia intestinalis,species,28066,COVID-19,2,vs_health,0,2,0,depleted,1.0,2,1,2,0,3,0.667,depleted,depleted,association_and_abundance_agree,0,2,depleted,1.000
1699,Roseburia intestinalis,species,48916,"Fatigue Syndrome, Chronic",2,vs_health,1,1,0,,0.5,2,1,3,0,4,0.75,depleted,depleted,abundance_majority,1,1,tied,0.500
1699,Roseburia intestinalis,species,62116,"Kidney Failure, Chronic",2,vs_health,0,2,0,depleted,1.0,2,0,2,0,2,1.0,depleted,depleted,association_and_abundance_agree,0,2,depleted,1.000
1699,Roseburia intestinalis,species,73716,Parkinson Disease,2,vs_health,0,2,0,depleted,1.0,2,1,5,0,6,0.833,depleted,depleted,association_and_abundance_agree,0,2,depleted,1.000
1701,Roseburia inulinivorans,species,62116,"Kidney Failure, Chronic",2,mixed,0,2,0,depleted,1.0,2,0,2,0,2,1.0,depleted,depleted,association_and_abundance_agree,1,2,depleted,0.667
1701,Roseburia inulinivorans,species,69716,Neuroblastoma,2,vs_health,0,2,0,depleted,1.0,2,0,2,0,2,1.0,depleted,depleted,association_and_abundance_agree,0,2,depleted,1.000
1756,Streptococcus australis,species,20491,Colorectal Neoplasms,2,vs_health,1,1,0,,0.5,2,5,3,2,8,0.625,enriched,enriched,abundance_majority,1,1,tied,0.500
1756,Streptococcus australis,species,28066,COVID-19,2,vs_health,1,1,0,,0.5,2,2,1,0,3,0.667,enriched,enriched,abundance_majority,1,1,tied,0.500
1765,Scardovia wiggsiae,species,12713,Crohn Disease,2,vs_health,2,0,0,enriched,1.0,2,6,0,2,6,1.0,enriched,enriched,association_and_abundance_agree,2,0,enriched,1.000
1768,Streptococcus gallolyticus,species,12711,"Colitis, Ulcerative",2,mixed,1,0,0,enriched,1.0,1,4,1,2,5,0.8,enriched,enriched,association_and_abundance_agree,1,1,tied,0.500
1770,Streptococcus gordonii,species,20491,Colorectal Neoplasms,2,vs_health,1,1,0,,0.5,2,6,2,2,8,0.75,enriched,enriched,abundance_majority,1,1,tied,0.500
1778,Streptococcus mitis,species,28066,COVID-19,2,vs_health,1,1,0,,0.5,2,1,2,0,3,0.667,depleted,depleted,abundance_majority,1,1,tied,0.500
1782,Streptococcus oralis,species,12713,Crohn Disease,2,mixed,2,0,0,enriched,1.0,2,6,0,2,6,1.0,enriched,enriched,association_and_abundance_agree,2,1,enriched,0.667
1784,Streptococcus parasanguinis,species,3086,"Arthritis, Rheumatoid",2,vs_health,1,1,0,,0.5,2,1,1,0,2,0.5,,,unresolved_abundance_also_tied,1,1,tied,0.500
1784,Streptococcus parasanguinis,species,12711,"Colitis, Ulcerative",2,vs_health,2,0,0,enriched,1.0,2,7,0,0,7,1.0,enriched,enriched,association_and_abundance_agree,2,0,enriched,1.000
1784,Streptococcus parasanguinis,species,12713,Crohn Disease,2,vs_health,2,0,0,enriched,1.0,2,5,2,1,7,0.714,enriched,enriched,association_and_abundance_agree,2,0,enriched,1.000
1800,Streptococcus salivarius,species,12711,"Colitis, Ulcerative",2,mixed,1,0,0,enriched,1.0,1,5,2,0,7,0.714,enriched,enriched,association_and_abundance_agree,2,0,enriched,1.000
1800,Streptococcus salivarius,species,46141,"Diabetes, Gestational",2,vs_health,0,2,0,depleted,1.0,2,0,2,0,2,1.0,depleted,depleted,association_and_abundance_agree,0,2,depleted,1.000
1819,Streptococcus thermophilus,species,12713,Crohn Disease,2,mixed,0,1,0,depleted,1.0,1,2,4,2,6,0.667,depleted,depleted,association_and_abundance_agree,0,2,depleted,1.000
1826,Streptococcus vestibularis,species,62116,"Kidney Failure, Chronic",2,mixed,2,0,0,enriched,1.0,2,2,0,0,2,1.0,enriched,enriched,association_and_abundance_agree,2,1,enriched,0.667
1887,Veillonella atypica,species,12711,"Colitis, Ulcerative",2,mixed,1,0,0,enriched,1.0,1,7,0,0,7,1.0,enriched,enriched,association_and_abundance_agree,1,2,depleted,0.667
1887,Veillonella atypica,species,12713,Crohn Disease,2,mixed,1,0,0,enriched,1.0,1,7,0,1,7,1.0,enriched,enriched,association_and_abundance_agree,2,0,enriched,1.000
1887,Veillonella atypica,species,20491,Colorectal Neoplasms,2,vs_health,2,0,0,enriched,1.0,2,6,2,2,8,0.75,enriched,enriched,association_and_abundance_agree,2,0,enriched,1.000
1913,Sutterella wadsworthensis,species,46141,"Diabetes, Gestational",2,vs_health,0,2,0,depleted,1.0,2,0,2,0,2,1.0,depleted,depleted,association_and_abundance_agree,0,2,depleted,1.000
1915,Parasutterella excrementihominis,species,62116,"Kidney Failure, Chronic",2,vs_health,0,2,0,depleted,1.0,2,0,2,0,2,1.0,depleted,depleted,association_and_abundance_agree,0,2,depleted,1.000
3799,Waltera acetigignens,species,1,Irritable Bowel Syndrome,2,vs_health,0,2,0,depleted,1.0,2,0,2,0,2,1.0,depleted,depleted,association_and_abundance_agree,0,2,depleted,1.000
3799,Waltera acetigignens,species,28066,COVID-19,2,vs_health,1,1,0,,0.5,2,2,1,0,3,0.667,enriched,enriched,abundance_majority,1,1,tied,0.500
3799,Waltera acetigignens,species,69716,Neuroblastoma,2,vs_health,1,1,0,,0.5,2,1,1,0,2,0.5,,,unresolved_abundance_also_tied,1,1,tied,0.500
3803,Pseudoruminococcus massiliensis,species,12713,Crohn Disease,2,vs_health,0,2,0,depleted,1.0,2,2,5,1,7,0.714,depleted,depleted,association_and_abundance_agree,0,2,depleted,1.000
3804,Vescimonas coprocola,species,1,Irritable Bowel Syndrome,2,vs_health,1,1,0,,0.5,2,1,1,0,2,0.5,,,unresolved_abundance_also_tied,1,1,tied,0.500
3804,Vescimonas coprocola,species,28066,COVID-19,2,vs_health,0,2,0,depleted,1.0,2,1,2,0,3,0.667,depleted,depleted,association_and_abundance_agree,0,2,depleted,1.000
3804,Vescimonas coprocola,species,48916,"Fatigue Syndrome, Chronic",2,vs_health,1,1,0,,0.5,2,2,1,1,3,0.667,enriched,enriched,abundance_majority,1,1,tied,0.500
3806,Hominenteromicrobium mulieris,species,48916,"Fatigue Syndrome, Chronic",2,vs_health,0,2,0,depleted,1.0,2,1,2,1,3,0.667,depleted,depleted,association_and_abundance_agree,0,2,depleted,1.000
3806,Hominenteromicrobium mulieris,species,73716,Parkinson Disease,2,vs_health,2,0,0,enriched,1.0,2,3,3,0,6,0.5,,enriched,association_consensus,2,0,enriched,1.000
3807,Faecalibacterium wellingii,species,1,Irritable Bowel Syndrome,2,vs_health,0,2,0,depleted,1.0,2,0,2,0,2,1.0,depleted,depleted,association_and_abundance_agree,0,2,depleted,1.000
3808,Oscillibacter sp. msj-31,species,1,Irritable Bowel Syndrome,2,vs_health,0,2,0,depleted,1.0,2,0,2,0,2,1.0,depleted,depleted,association_and_abundance_agree,0,2,depleted,1.000
3810,Alistipes ihumii,species,12711,"Colitis, Ulcerative",2,mixed,0,2,0,depleted,1.0,2,3,4,0,7,0.571,depleted,depleted,association_and_abundance_agree,1,2,depleted,0.667
3810,Alistipes ihumii,species,20491,Colorectal Neoplasms,2,mixed,1,0,0,enriched,1.0,1,8,2,0,10,0.8,enriched,enriched,association_and_abundance_agree,1,1,tied,0.500
3812,Clostridiaceae bacterium af18-31lb,species,28066,COVID-19,2,vs_health,0,2,0,depleted,1.0,2,1,2,0,3,0.667,depleted,depleted,association_and_abundance_agree,0,2,depleted,1.000
3812,Clostridiaceae bacterium af18-31lb,species,62116,"Kidney Failure, Chronic",2,mixed,0,2,0,depleted,1.0,2,0,2,0,2,1.0,depleted,depleted,association_and_abundance_agree,0,2,depleted,1.000
3812,Clostridiaceae bacterium af18-31lb,species,69716,Neuroblastoma,2,vs_health,0,2,0,depleted,1.0,2,0,2,0,2,1.0,depleted,depleted,association_and_abundance_agree,0,2,depleted,1.000
3814,Anaerotignum lactatifermentans,species,12711,"Colitis, Ulcerative",2,mixed,0,1,0,depleted,1.0,1,3,1,3,4,0.75,enriched,depleted,association_consensus_abundance_disagrees,2,1,enriched,0.667
3814,Anaerotignum lactatifermentans,species,12713,Crohn Disease,2,mixed,0,1,0,depleted,1.0,1,5,1,2,6,0.833,enriched,depleted,association_consensus_abundance_disagrees,0,2,depleted,1.000
3814,Anaerotignum lactatifermentans,species,48916,"Fatigue Syndrome, Chronic",2,vs_health,2,0,0,enriched,1.0,2,3,0,1,3,1.0,enriched,enriched,association_and_abundance_agree,2,0,enriched,1.000
3814,Anaerotignum lactatifermentans,species,62116,"Kidney Failure, Chronic",2,vs_health,2,0,0,enriched,1.0,2,2,0,0,2,1.0,enriched,enriched,association_and_abundance_agree,2,0,enriched,1.000
3815,Sellimonas intestinalis,species,12713,Crohn Disease,2,mixed,1,1,0,,0.5,2,6,1,1,7,0.857,enriched,enriched,abundance_majority,1,1,tied,0.500
3815,Sellimonas intestinalis,species,62116,"Kidney Failure, Chronic",2,vs_health,2,0,0,enriched,1.0,2,2,0,0,2,1.0,enriched,enriched,association_and_abundance_agree,2,0,enriched,1.000
3816,Massilimicrobiota timonensis,species,62116,"Kidney Failure, Chronic",2,vs_health,2,0,0,enriched,1.0,2,2,0,0,2,1.0,enriched,enriched,association_and_abundance_agree,2,0,enriched,1.000
3818,Clostridium saudiense,species,20491,Colorectal Neoplasms,2,vs_health,0,2,0,depleted,1.0,2,3,6,1,9,0.667,depleted,depleted,association_and_abundance_agree,0,2,depleted,1.000
3818,Clostridium saudiense,species,28066,COVID-19,2,vs_health,0,2,0,depleted,1.0,2,0,3,0,3,1.0,depleted,depleted,association_and_abundance_agree,0,2,depleted,1.000
3818,Clostridium saudiense,species,69716,Neuroblastoma,2,vs_health,2,0,0,enriched,1.0,2,2,0,0,2,1.0,enriched,enriched,association_and_abundance_agree,2,0,enriched,1.000
3819,Clostridium scindens,species,12711,"Colitis, Ulcerative",2,mixed,1,0,0,enriched,1.0,1,4,2,1,6,0.667,enriched,enriched,association_and_abundance_agree,1,1,tied,0.500
3819,Clostridium scindens,species,12713,Crohn Disease,2,mixed,2,0,0,enriched,1.0,2,6,1,1,7,0.857,enriched,enriched,association_and_abundance_agree,2,0,enriched,1.000
3819,Clostridium scindens,species,62116,"Kidney Failure, Chronic",2,vs_health,2,0,0,enriched,1.0,2,2,0,0,2,1.0,enriched,enriched,association_and_abundance_agree,2,0,enriched,1.000
3820,Clostridium sp. at4,species,12713,Crohn Disease,2,mixed,1,1,0,,0.5,2,6,1,1,7,0.857,enriched,enriched,abundance_majority,1,1,tied,0.500
3820,Clostridium sp. at4,species,48916,"Fatigue Syndrome, Chronic",2,vs_health,2,0,0,enriched,1.0,2,3,0,1,3,1.0,enriched,enriched,association_and_abundance_agree,2,0,enriched,1.000
3822,Clostridium symbiosum,species,4876,Autism Spectrum Disorder,2,vs_health,2,0,0,enriched,1.0,2,2,0,0,2,1.0,enriched,enriched,association_and_abundance_agree,2,0,enriched,1.000
3822,Clostridium symbiosum,species,28066,COVID-19,2,vs_health,2,0,0,enriched,1.0,2,3,0,0,3,1.0,enriched,enriched,association_and_abundance_agree,2,0,enriched,1.000
3822,Clostridium symbiosum,species,48916,"Fatigue Syndrome, Chronic",2,vs_health,2,0,0,enriched,1.0,2,3,0,1,3,1.0,enriched,enriched,association_and_abundance_agree,2,0,enriched,1.000
3822,Clostridium symbiosum,species,62116,"Kidney Failure, Chronic",2,mixed,2,0,0,enriched,1.0,2,2,0,0,2,1.0,enriched,enriched,association_and_abundance_agree,2,0,enriched,1.000
3826,Mediterraneibacter gnavus,species,1,Irritable Bowel Syndrome,2,vs_health,1,1,0,,0.5,2,1,1,0,2,0.5,,,unresolved_abundance_also_tied,1,1,tied,0.500
3826,Mediterraneibacter gnavus,species,12711,"Colitis, Ulcerative",2,disease_vs_disease,0,0,0,,,0,4,3,0,7,0.571,enriched,,unresolved_abundance_inconclusive,0,2,depleted,1.000
3826,Mediterraneibacter gnavus,species,46141,"Diabetes, Gestational",2,vs_health,1,1,0,,0.5,2,1,1,0,2,0.5,,,unresolved_abundance_also_tied,1,1,tied,0.500
3826,Mediterraneibacter gnavus,species,48916,"Fatigue Syndrome, Chronic",2,vs_health,2,0,0,enriched,1.0,2,4,0,0,4,1.0,enriched,enriched,association_and_abundance_agree,2,0,enriched,1.000
3826,Mediterraneibacter gnavus,species,62116,"Kidney Failure, Chronic",2,mixed,2,0,0,enriched,1.0,2,2,0,0,2,1.0,enriched,enriched,association_and_abundance_agree,2,1,enriched,0.667
7657,Bacteroides,genus,18168,Inflammatory Bowel Diseases,2,mixed,1,1,0,,0.5,2,3,1,0,4,0.75,enriched,enriched,abundance_majority,1,1,tied,0.500
7657,Bacteroides,genus,44996,"Diabetes Mellitus, Type 1",2,vs_health,2,0,0,enriched,1.0,2,3,3,0,6,0.5,,enriched,association_consensus,2,0,enriched,1.000
7657,Bacteroides,genus,46796,Diarrhea,2,vs_health,0,2,0,depleted,1.0,2,1,1,0,2,0.5,,depleted,association_consensus,0,2,depleted,1.000
7657,Bacteroides,genus,68391,Multiple Sclerosis,2,vs_health,2,0,0,enriched,1.0,2,3,3,0,6,0.5,,enriched,association_consensus,2,0,enriched,1.000
7657,Bacteroides,genus,69716,Neuroblastoma,2,vs_health,0,2,0,depleted,1.0,2,0,2,0,2,1.0,depleted,depleted,association_and_abundance_agree,0,2,depleted,1.000
7657,Bacteroides,genus,73716,Parkinson Disease,2,vs_health,1,1,0,,0.5,2,5,4,0,9,0.556,enriched,,unresolved_abundance_inconclusive,1,1,tied,0.500
7657,Bacteroides,genus,75696,Polycystic Ovary Syndrome,2,vs_health,2,0,0,enriched,1.0,2,2,0,0,2,1.0,enriched,enriched,association_and_abundance_agree,2,0,enriched,1.000
7657,Bacteroides,genus,76576,Psoriasis,2,vs_health,0,2,0,depleted,1.0,2,1,2,0,3,0.667,depleted,depleted,association_and_abundance_agree,0,2,depleted,1.000
7657,Bacteroides,genus,310394,Gout,2,vs_health,2,0,0,enriched,1.0,2,0,0,0,0,,,enriched,association_consensus,2,0,enriched,1.000
7657,Bacteroides,genus,310607,Sjogren's Syndrome,2,vs_health,1,1,0,,0.5,2,0,0,0,0,,,,unresolved_no_abundance_evidence,1,1,tied,0.500
7658,Ruminococcus,genus,3086,"Arthritis, Rheumatoid",2,vs_health,1,1,0,,0.5,2,1,4,0,5,0.8,depleted,depleted,abundance_majority,1,1,tied,0.500
7658,Ruminococcus,genus,9181,Celiac Disease,2,vs_health,0,2,0,depleted,1.0,2,0,2,0,2,1.0,depleted,depleted,association_and_abundance_agree,0,2,depleted,1.000
7658,Ruminococcus,genus,11373,Non-alcoholic Fatty Liver Disease,2,vs_health,0,2,0,depleted,1.0,2,2,1,0,3,0.667,enriched,depleted,association_consensus_abundance_disagrees,0,2,depleted,1.000
7658,Ruminococcus,genus,45328,"Diabetes Mellitus, Type 2",2,vs_health,0,2,0,depleted,1.0,2,3,7,0,10,0.7,depleted,depleted,association_and_abundance_agree,0,2,depleted,1.000
7658,Ruminococcus,genus,55276,Hepatitis C,2,vs_health,0,2,0,depleted,1.0,2,0,2,0,2,1.0,depleted,depleted,association_and_abundance_agree,0,2,depleted,1.000
7658,Ruminococcus,genus,65768,Spinal Cord Injuries,2,vs_health,0,2,0,depleted,1.0,2,0,2,0,2,1.0,depleted,depleted,association_and_abundance_agree,0,2,depleted,1.000
7658,Ruminococcus,genus,67066,"Lupus Erythematosus, Systemic",2,vs_health,0,2,0,depleted,1.0,2,1,2,0,3,0.667,depleted,depleted,association_and_abundance_agree,0,2,depleted,1.000
7658,Ruminococcus,genus,309824,Food Hypersensitivity,2,vs_health,1,1,0,,0.5,2,0,0,0,0,,,,unresolved_no_abundance_evidence,1,1,tied,0.500
7659,Segatella,genus,20491,Colorectal Neoplasms,2,vs_health,0,2,0,depleted,1.0,2,3,7,13,10,0.7,depleted,depleted,association_and_abundance_agree,0,2,depleted,1.000
7659,Segatella,genus,28066,COVID-19,2,vs_health,0,2,0,depleted,1.0,2,0,3,6,3,1.0,depleted,depleted,association_and_abundance_agree,0,2,depleted,1.000
7659,Segatella,genus,62116,"Kidney Failure, Chronic",2,mixed,0,2,0,depleted,1.0,2,0,2,2,2,1.0,depleted,depleted,association_and_abundance_agree,0,2,depleted,1.000
7662,Segatella copri,species,20491,Colorectal Neoplasms,2,vs_health,0,2,0,depleted,1.0,2,3,7,0,10,0.7,depleted,depleted,association_and_abundance_agree,0,2,depleted,1.000
7662,Segatella copri,species,28066,COVID-19,2,vs_health,0,2,0,depleted,1.0,2,0,3,0,3,1.0,depleted,depleted,association_and_abundance_agree,0,2,depleted,1.000
7662,Segatella copri,species,62116,"Kidney Failure, Chronic",2,mixed,0,2,0,depleted,1.0,2,0,2,0,2,1.0,depleted,depleted,association_and_abundance_agree,0,2,depleted,1.000
7662,Segatella copri,species,310742,Vitiligo,2,vs_health,1,1,0,,0.5,2,0,0,0,0,,,,unresolved_no_abundance_evidence,1,1,tied,0.500
7663,Akkermansia,genus,1,Irritable Bowel Syndrome,2,vs_health,1,1,0,,0.5,2,1,4,0,5,0.8,depleted,depleted,abundance_majority,1,1,tied,0.500
7663,Akkermansia,genus,1526,Alzheimer Disease,2,vs_health,0,2,0,depleted,1.0,2,1,2,0,3,0.667,depleted,depleted,association_and_abundance_agree,0,2,depleted,1.000
7663,Akkermansia,genus,3086,"Arthritis, Rheumatoid",2,vs_health,1,1,0,,0.5,2,2,3,0,5,0.6,depleted,,unresolved_abundance_inconclusive,1,1,tied,0.500
7663,Akkermansia,genus,7798,Liver Cirrhosis,2,vs_health,1,1,0,,0.5,2,1,1,0,2,0.5,,,unresolved_abundance_also_tied,1,1,tied,0.500
7663,Akkermansia,genus,11373,Non-alcoholic Fatty Liver Disease,2,vs_health,0,2,0,depleted,1.0,2,1,1,1,2,0.5,,depleted,association_consensus,0,2,depleted,1.000
7663,Akkermansia,genus,62143,"Renal Insufficiency, Chronic",2,vs_health,2,0,0,enriched,1.0,2,6,1,0,7,0.857,enriched,enriched,association_and_abundance_agree,2,0,enriched,1.000
7664,Coprococcus,genus,3086,"Arthritis, Rheumatoid",2,vs_health,1,1,0,,0.5,2,1,4,0,5,0.8,depleted,depleted,abundance_majority,1,1,tied,0.500
7664,Coprococcus,genus,11373,Non-alcoholic Fatty Liver Disease,2,vs_health,0,2,0,depleted,1.0,2,0,3,0,3,1.0,depleted,depleted,association_and_abundance_agree,0,2,depleted,1.000
7664,Coprococcus,genus,44846,Diabetes Mellitus,2,vs_health,2,0,0,enriched,1.0,2,2,0,0,2,1.0,enriched,enriched,association_and_abundance_agree,2,0,enriched,1.000
7664,Coprococcus,genus,65768,Spinal Cord Injuries,2,vs_health,0,2,0,depleted,1.0,2,0,2,0,2,1.0,depleted,depleted,association_and_abundance_agree,0,2,depleted,1.000
7664,Coprococcus,genus,73716,Parkinson Disease,2,vs_health,1,1,0,,0.5,2,4,4,1,8,0.5,,,unresolved_abundance_also_tied,1,1,tied,0.500
7665,Fusicatenibacter,genus,3086,"Arthritis, Rheumatoid",2,vs_health,1,1,0,,0.5,2,2,3,0,5,0.6,depleted,,unresolved_abundance_inconclusive,1,1,tied,0.500
7665,Fusicatenibacter,genus,4876,Autism Spectrum Disorder,2,vs_health,0,2,0,depleted,1.0,2,2,6,0,8,0.75,depleted,depleted,association_and_abundance_agree,0,2,depleted,1.000
7665,Fusicatenibacter,genus,7766,"Carcinoma, Hepatocellular",2,mixed,0,2,0,depleted,1.0,2,0,2,0,2,1.0,depleted,depleted,association_and_abundance_agree,0,2,depleted,1.000
7665,Fusicatenibacter,genus,7798,Liver Cirrhosis,2,mixed,0,1,0,depleted,1.0,1,1,1,0,2,0.5,,depleted,association_consensus,1,1,tied,0.500
7665,Fusicatenibacter,genus,43846,"Depressive Disorder, Major",2,vs_health,0,2,0,depleted,1.0,2,0,3,0,3,1.0,depleted,depleted,association_and_abundance_agree,0,2,depleted,1.000
7665,Fusicatenibacter,genus,45328,"Diabetes Mellitus, Type 2",2,vs_health,0,2,0,depleted,1.0,2,2,7,1,9,0.778,depleted,depleted,association_and_abundance_agree,0,2,depleted,1.000
7665,Fusicatenibacter,genus,46796,Diarrhea,2,vs_health,0,2,0,depleted,1.0,2,0,2,0,2,1.0,depleted,depleted,association_and_abundance_agree,0,2,depleted,1.000
7665,Fusicatenibacter,genus,62116,"Kidney Failure, Chronic",2,vs_health,1,1,0,,0.5,2,3,1,0,4,0.75,enriched,enriched,abundance_majority,1,1,tied,0.500
7665,Fusicatenibacter,genus,62143,"Renal Insufficiency, Chronic",2,vs_health,0,2,0,depleted,1.0,2,3,4,0,7,0.571,depleted,depleted,association_and_abundance_agree,0,2,depleted,1.000
7665,Fusicatenibacter,genus,65768,Spinal Cord Injuries,2,vs_health,0,2,0,depleted,1.0,2,0,2,0,2,1.0,depleted,depleted,association_and_abundance_agree,0,2,depleted,1.000
7665,Fusicatenibacter,genus,69716,Neuroblastoma,2,vs_health,1,1,0,,0.5,2,1,1,0,2,0.5,,,unresolved_abundance_also_tied,1,1,tied,0.500
7665,Fusicatenibacter,genus,76226,Prostatic Neoplasms,2,vs_health,0,2,0,depleted,1.0,2,1,2,0,3,0.667,depleted,depleted,association_and_abundance_agree,0,2,depleted,1.000
7666,Faecalibacterium,genus,3086,"Arthritis, Rheumatoid",2,vs_health,1,1,0,,0.5,2,4,1,0,5,0.8,enriched,enriched,abundance_majority,1,1,tied,0.500
7666,Faecalibacterium,genus,11373,Non-alcoholic Fatty Liver Disease,2,vs_health,0,2,0,depleted,1.0,2,1,2,0,3,0.667,depleted,depleted,association_and_abundance_agree,0,2,depleted,1.000
7666,Faecalibacterium,genus,43846,"Depressive Disorder, Major",2,vs_health,0,2,0,depleted,1.0,2,0,3,0,3,1.0,depleted,depleted,association_and_abundance_agree,0,2,depleted,1.000
7666,Faecalibacterium,genus,45838,Diabetic Retinopathy,2,vs_health,0,2,0,depleted,1.0,2,0,2,0,2,1.0,depleted,depleted,association_and_abundance_agree,0,2,depleted,1.000
7666,Faecalibacterium,genus,56231,HIV Infections,2,vs_health,0,2,0,depleted,1.0,2,2,4,1,6,0.667,depleted,depleted,association_and_abundance_agree,0,2,depleted,1.000
7666,Faecalibacterium,genus,67066,"Lupus Erythematosus, Systemic",2,vs_health,0,2,0,depleted,1.0,2,0,3,0,3,1.0,depleted,depleted,association_and_abundance_agree,0,2,depleted,1.000
7666,Faecalibacterium,genus,69716,Neuroblastoma,2,vs_health,0,2,0,depleted,1.0,2,0,2,0,2,1.0,depleted,depleted,association_and_abundance_agree,0,2,depleted,1.000
7666,Faecalibacterium,genus,76576,Psoriasis,2,vs_health,1,1,0,,0.5,2,2,1,0,3,0.667,enriched,enriched,abundance_majority,1,1,tied,0.500
7666,Faecalibacterium,genus,309776,Anxiety Disorders,2,vs_health,0,2,0,depleted,1.0,2,0,0,0,0,,,depleted,association_consensus,0,2,depleted,1.000
7666,Faecalibacterium,genus,309812,Bipolar Disorder,2,vs_health,0,2,0,depleted,1.0,2,0,0,0,0,,,depleted,association_consensus,0,2,depleted,1.000
7666,Faecalibacterium,genus,310196,Pre-Eclampsia,2,vs_health,0,2,0,depleted,1.0,2,0,0,0,0,,,depleted,association_consensus,0,2,depleted,1.000
7667,Alistipes,genus,1,Irritable Bowel Syndrome,2,vs_health,0,2,0,depleted,1.0,2,2,3,0,5,0.6,depleted,depleted,association_and_abundance_agree,0,2,depleted,1.000
7667,Alistipes,genus,2536,Anorexia Nervosa,2,vs_health,2,0,0,enriched,1.0,2,2,0,0,2,1.0,enriched,enriched,association_and_abundance_agree,2,0,enriched,1.000
7667,Alistipes,genus,7766,"Carcinoma, Hepatocellular",2,mixed,0,1,0,depleted,1.0,1,0,2,0,2,1.0,depleted,depleted,association_and_abundance_agree,1,1,tied,0.500
7667,Alistipes,genus,11446,Clostridium Infections,2,vs_health,0,2,0,depleted,1.0,2,1,0,0,1,1.0,enriched,depleted,association_consensus,0,2,depleted,1.000
7667,Alistipes,genus,44996,"Diabetes Mellitus, Type 1",2,vs_health,2,0,0,enriched,1.0,2,3,3,0,6,0.5,,enriched,association_consensus,2,0,enriched,1.000
7667,Alistipes,genus,45838,Diabetic Retinopathy,2,vs_health,2,0,0,enriched,1.0,2,2,0,0,2,1.0,enriched,enriched,association_and_abundance_agree,2,0,enriched,1.000
7667,Alistipes,genus,62143,"Renal Insufficiency, Chronic",2,vs_health,1,1,0,,0.5,2,3,4,0,7,0.571,depleted,,unresolved_abundance_inconclusive,1,1,tied,0.500
7667,Alistipes,genus,67066,"Lupus Erythematosus, Systemic",2,vs_health,1,1,0,,0.5,2,1,2,0,3,0.667,depleted,depleted,abundance_majority,1,1,tied,0.500
7667,Alistipes,genus,69716,Neuroblastoma,2,vs_health,0,2,0,depleted,1.0,2,0,2,0,2,1.0,depleted,depleted,association_and_abundance_agree,0,2,depleted,1.000
7667,Alistipes,genus,72061,Obesity,2,vs_health,0,2,0,depleted,1.0,2,1,4,0,5,0.8,depleted,depleted,association_and_abundance_agree,0,2,depleted,1.000
7669,Eubacterium,genus,1,Irritable Bowel Syndrome,2,vs_health,0,2,0,depleted,1.0,2,1,4,0,5,0.8,depleted,depleted,association_and_abundance_agree,0,2,depleted,1.000
7669,Eubacterium,genus,48916,"Fatigue Syndrome, Chronic",2,vs_health,0,2,0,depleted,1.0,2,1,3,0,4,0.75,depleted,depleted,association_and_abundance_agree,0,2,depleted,1.000
7669,Eubacterium,genus,62116,"Kidney Failure, Chronic",2,mixed,0,1,0,depleted,1.0,1,2,2,0,4,0.5,,depleted,association_consensus,0,2,depleted,1.000
7671,Lachnospira,genus,4876,Autism Spectrum Disorder,2,vs_health,0,2,0,depleted,1.0,2,1,7,0,8,0.875,depleted,depleted,association_and_abundance_agree,0,2,depleted,1.000
7671,Lachnospira,genus,7766,"Carcinoma, Hepatocellular",2,mixed,0,2,0,depleted,1.0,2,0,2,0,2,1.0,depleted,depleted,association_and_abundance_agree,0,2,depleted,1.000
7671,Lachnospira,genus,18168,Inflammatory Bowel Diseases,2,vs_health,0,2,0,depleted,1.0,2,2,2,0,4,0.5,,depleted,association_consensus,0,2,depleted,1.000
7671,Lachnospira,genus,45328,"Diabetes Mellitus, Type 2",2,mixed,0,2,0,depleted,1.0,2,1,8,1,9,0.889,depleted,depleted,association_and_abundance_agree,0,2,depleted,1.000
7671,Lachnospira,genus,46796,Diarrhea,2,vs_health,1,1,0,,0.5,2,1,1,0,2,0.5,,,unresolved_abundance_also_tied,1,1,tied,0.500
7671,Lachnospira,genus,69131,Myasthenia Gravis,2,vs_health,0,2,0,depleted,1.0,2,0,2,1,2,1.0,depleted,depleted,association_and_abundance_agree,0,2,depleted,1.000
7671,Lachnospira,genus,69716,Neuroblastoma,2,vs_health,0,2,0,depleted,1.0,2,0,2,0,2,1.0,depleted,depleted,association_and_abundance_agree,0,2,depleted,1.000
7671,Lachnospira,genus,76576,Psoriasis,2,vs_health,0,2,0,depleted,1.0,2,1,2,0,3,0.667,depleted,depleted,association_and_abundance_agree,0,2,depleted,1.000
7671,Lachnospira,genus,77286,"Purpura, Thrombocytopenic, Idiopathic",2,vs_health,1,1,0,,0.5,2,1,1,0,2,0.5,,,unresolved_abundance_also_tied,1,1,tied,0.500
7671,Lachnospira,genus,80106,"Rhinitis, Allergic",2,vs_health,2,0,0,enriched,1.0,2,2,0,0,2,1.0,enriched,enriched,association_and_abundance_agree,2,0,enriched,1.000
7671,Lachnospira,genus,310607,Sjogren's Syndrome,2,vs_health,0,2,0,depleted,1.0,2,0,0,0,0,,,depleted,association_consensus,0,2,depleted,1.000
7671,Lachnospira,genus,310742,Vitiligo,2,vs_health,1,1,0,,0.5,2,0,0,0,0,,,,unresolved_no_abundance_evidence,1,1,tied,0.500
7672,Collinsella,genus,1,Irritable Bowel Syndrome,2,vs_health,1,1,0,,0.5,2,3,2,0,5,0.6,enriched,,unresolved_abundance_inconclusive,1,1,tied,0.500
7672,Collinsella,genus,4406,Asthma,2,vs_health,0,2,0,depleted,1.0,2,0,3,0,3,1.0,depleted,depleted,association_and_abundance_agree,0,2,depleted,1.000
7672,Collinsella,genus,4876,Autism Spectrum Disorder,2,vs_health,2,0,0,enriched,1.0,2,6,2,0,8,0.75,enriched,enriched,association_and_abundance_agree,2,0,enriched,1.000
7672,Collinsella,genus,7798,Liver Cirrhosis,2,vs_health,1,1,0,,0.5,2,1,1,0,2,0.5,,,unresolved_abundance_also_tied,1,1,tied,0.500
7672,Collinsella,genus,45328,"Diabetes Mellitus, Type 2",2,vs_health,2,0,0,enriched,1.0,2,7,3,0,10,0.7,enriched,enriched,association_and_abundance_agree,2,0,enriched,1.000
7672,Collinsella,genus,62116,"Kidney Failure, Chronic",2,vs_health,2,0,0,enriched,1.0,2,4,0,0,4,1.0,enriched,enriched,association_and_abundance_agree,2,0,enriched,1.000
7672,Collinsella,genus,62143,"Renal Insufficiency, Chronic",2,vs_health,2,0,0,enriched,1.0,2,5,2,0,7,0.714,enriched,enriched,association_and_abundance_agree,2,0,enriched,1.000
7672,Collinsella,genus,66816,Lung Neoplasms,2,vs_health,1,1,0,,0.5,2,1,1,0,2,0.5,,,unresolved_abundance_also_tied,1,1,tied,0.500
7673,Prevotella,genus,7798,Liver Cirrhosis,2,mixed,1,1,0,,0.5,2,1,1,0,2,0.5,,,unresolved_abundance_also_tied,1,2,depleted,0.667
7673,Prevotella,genus,11373,Non-alcoholic Fatty Liver Disease,2,vs_health,2,0,0,enriched,1.0,2,1,2,0,3,0.667,depleted,enriched,association_consensus_abundance_disagrees,2,0,enriched,1.000
7673,Prevotella,genus,20491,Colorectal Neoplasms,2,vs_health,2,0,0,enriched,1.0,2,10,13,0,23,0.565,depleted,enriched,association_consensus_abundance_disagrees,2,0,enriched,1.000
7673,Prevotella,genus,44996,"Diabetes Mellitus, Type 1",2,vs_health,1,1,0,,0.5,2,4,2,0,6,0.667,enriched,enriched,abundance_majority,1,1,tied,0.500
7673,Prevotella,genus,46141,"Diabetes, Gestational",2,vs_health,0,2,0,depleted,1.0,2,0,3,0,3,1.0,depleted,depleted,association_and_abundance_agree,0,2,depleted,1.000
7673,Prevotella,genus,53356,"Hand, Foot and Mouth Disease",2,vs_health,1,1,0,,0.5,2,1,1,0,2,0.5,,,unresolved_abundance_also_tied,1,1,tied,0.500
7673,Prevotella,genus,65768,Spinal Cord Injuries,2,mixed,1,1,0,,0.5,2,1,1,0,2,0.5,,,unresolved_abundance_also_tied,1,1,tied,0.500
7673,Prevotella,genus,73276,"Osteoporosis, Postmenopausal",2,vs_health,1,1,0,,0.5,2,1,1,0,2,0.5,,,unresolved_abundance_also_tied,1,1,tied,0.500
7676,Oliverpabstia,genus,20491,Colorectal Neoplasms,2,vs_health,0,2,0,depleted,1.0,2,4,8,11,12,0.667,depleted,depleted,association_and_abundance_agree,0,2,depleted,1.000
7676,Oliverpabstia,genus,48916,"Fatigue Syndrome, Chronic",2,vs_health,0,2,0,depleted,1.0,2,1,2,1,3,0.667,depleted,depleted,association_and_abundance_agree,0,2,depleted,1.000
7676,Oliverpabstia,genus,62116,"Kidney Failure, Chronic",2,mixed,2,0,0,enriched,1.0,2,3,0,1,3,1.0,enriched,enriched,association_and_abundance_agree,2,0,enriched,1.000
7677,Oscillibacter,genus,1,Irritable Bowel Syndrome,2,vs_health,0,2,0,depleted,1.0,2,2,3,0,5,0.6,depleted,depleted,association_and_abundance_agree,0,2,depleted,1.000
7677,Oscillibacter,genus,18168,Inflammatory Bowel Diseases,2,vs_health,0,2,0,depleted,1.0,2,1,3,0,4,0.75,depleted,depleted,association_and_abundance_agree,0,2,depleted,1.000
7677,Oscillibacter,genus,28066,COVID-19,2,vs_health,0,2,0,depleted,1.0,2,3,5,1,8,0.625,depleted,depleted,association_and_abundance_agree,0,2,depleted,1.000
7677,Oscillibacter,genus,48916,"Fatigue Syndrome, Chronic",2,vs_health,0,2,0,depleted,1.0,2,0,4,0,4,1.0,depleted,depleted,association_and_abundance_agree,0,2,depleted,1.000
7677,Oscillibacter,genus,62143,"Renal Insufficiency, Chronic",2,vs_health,1,1,0,,0.5,2,4,2,1,6,0.667,enriched,enriched,abundance_majority,1,1,tied,0.500
7677,Oscillibacter,genus,73716,Parkinson Disease,2,vs_health,2,0,0,enriched,1.0,2,6,2,1,8,0.75,enriched,enriched,association_and_abundance_agree,2,0,enriched,1.000
7677,Oscillibacter,genus,76576,Psoriasis,2,vs_health,0,2,0,depleted,1.0,2,0,3,0,3,1.0,depleted,depleted,association_and_abundance_agree,0,2,depleted,1.000
7680,Oliverpabstia intestinalis,species,12711,"Colitis, Ulcerative",2,mixed,1,1,0,,0.5,2,5,2,0,7,0.714,enriched,enriched,abundance_majority,1,1,tied,0.500
7680,Oliverpabstia intestinalis,species,48916,"Fatigue Syndrome, Chronic",2,vs_health,0,2,0,depleted,1.0,2,1,2,1,3,0.667,depleted,depleted,association_and_abundance_agree,0,2,depleted,1.000
7680,Oliverpabstia intestinalis,species,62116,"Kidney Failure, Chronic",2,mixed,2,0,0,enriched,1.0,2,2,0,0,2,1.0,enriched,enriched,association_and_abundance_agree,2,0,enriched,1.000
7682,Wujia,genus,3086,"Arthritis, Rheumatoid",2,vs_health,0,2,0,depleted,1.0,2,0,2,3,2,1.0,depleted,depleted,association_and_abundance_agree,0,2,depleted,1.000
7682,Wujia,genus,28066,COVID-19,2,vs_health,0,2,0,depleted,1.0,2,0,3,6,3,1.0,depleted,depleted,association_and_abundance_agree,0,2,depleted,1.000
7682,Wujia,genus,48916,"Fatigue Syndrome, Chronic",2,vs_health,0,2,0,depleted,1.0,2,0,3,1,3,1.0,depleted,depleted,association_and_abundance_agree,0,2,depleted,1.000
7682,Wujia,genus,62116,"Kidney Failure, Chronic",2,vs_health,1,1,0,,0.5,2,1,1,2,2,0.5,,,unresolved_abundance_also_tied,1,1,tied,0.500
7683,Wujia chipingensis,species,3086,"Arthritis, Rheumatoid",2,vs_health,0,2,0,depleted,1.0,2,0,2,0,2,1.0,depleted,depleted,association_and_abundance_agree,0,2,depleted,1.000
7683,Wujia chipingensis,species,28066,COVID-19,2,vs_health,0,2,0,depleted,1.0,2,0,3,0,3,1.0,depleted,depleted,association_and_abundance_agree,0,2,depleted,1.000
7683,Wujia chipingensis,species,48916,"Fatigue Syndrome, Chronic",2,vs_health,0,2,0,depleted,1.0,2,0,3,1,3,1.0,depleted,depleted,association_and_abundance_agree,0,2,depleted,1.000
7683,Wujia chipingensis,species,62116,"Kidney Failure, Chronic",2,vs_health,1,1,0,,0.5,2,1,1,0,2,0.5,,,unresolved_abundance_also_tied,1,1,tied,0.500
7684,Eubacterium siraeum,species,4876,Autism Spectrum Disorder,2,vs_health,0,2,0,depleted,1.0,2,0,2,0,2,1.0,depleted,depleted,association_and_abundance_agree,0,2,depleted,1.000
7684,Eubacterium siraeum,species,62116,"Kidney Failure, Chronic",2,mixed,2,0,0,enriched,1.0,2,2,0,0,2,1.0,enriched,enriched,association_and_abundance_agree,2,0,enriched,1.000
7684,Eubacterium siraeum,species,73716,Parkinson Disease,2,vs_health,0,2,0,depleted,1.0,2,2,4,0,6,0.667,depleted,depleted,association_and_abundance_agree,0,2,depleted,1.000
7685,Waltera,genus,1,Irritable Bowel Syndrome,2,vs_health,0,2,0,depleted,1.0,2,0,2,3,2,1.0,depleted,depleted,association_and_abundance_agree,0,2,depleted,1.000
7685,Waltera,genus,28066,COVID-19,2,vs_health,1,1,0,,0.5,2,2,1,6,3,0.667,enriched,enriched,abundance_majority,1,1,tied,0.500
7685,Waltera,genus,69716,Neuroblastoma,2,vs_health,1,1,0,,0.5,2,1,1,0,2,0.5,,,unresolved_abundance_also_tied,1,1,tied,0.500
7686,Roseburia,genus,1,Irritable Bowel Syndrome,2,vs_health,0,2,0,depleted,1.0,2,3,2,0,5,0.6,enriched,depleted,association_consensus_abundance_disagrees,0,2,depleted,1.000
7686,Roseburia,genus,4876,Autism Spectrum Disorder,2,vs_health,0,2,0,depleted,1.0,2,2,6,0,8,0.75,depleted,depleted,association_and_abundance_agree,0,2,depleted,1.000
7686,Roseburia,genus,18168,Inflammatory Bowel Diseases,2,vs_health,0,2,0,depleted,1.0,2,3,1,0,4,0.75,enriched,depleted,association_consensus_abundance_disagrees,0,2,depleted,1.000
7686,Roseburia,genus,56231,HIV Infections,2,vs_health,0,2,0,depleted,1.0,2,2,4,1,6,0.667,depleted,depleted,association_and_abundance_agree,0,2,depleted,1.000
7686,Roseburia,genus,62116,"Kidney Failure, Chronic",2,vs_health,0,2,0,depleted,1.0,2,1,3,0,4,0.75,depleted,depleted,association_and_abundance_agree,0,2,depleted,1.000
7686,Roseburia,genus,69716,Neuroblastoma,2,vs_health,0,2,0,depleted,1.0,2,0,2,0,2,1.0,depleted,depleted,association_and_abundance_agree,0,2,depleted,1.000
7686,Roseburia,genus,73716,Parkinson Disease,2,vs_health,0,2,0,depleted,1.0,2,3,5,1,8,0.625,depleted,depleted,association_and_abundance_agree,0,2,depleted,1.000
7688,Gemmiger formicilis,species,62116,"Kidney Failure, Chronic",2,vs_health,2,0,0,enriched,1.0,2,2,0,0,2,1.0,enriched,enriched,association_and_abundance_agree,2,0,enriched,1.000
7688,Gemmiger formicilis,species,69716,Neuroblastoma,2,vs_health,0,2,0,depleted,1.0,2,0,2,0,2,1.0,depleted,depleted,association_and_abundance_agree,0,2,depleted,1.000
7689,Holdemanella,genus,1,Irritable Bowel Syndrome,2,vs_health,1,1,0,,0.5,2,3,2,0,5,0.6,enriched,,unresolved_abundance_inconclusive,1,1,tied,0.500
7689,Holdemanella,genus,6511,Breast Neoplasms,2,vs_health,1,1,0,,0.5,2,1,1,0,2,0.5,,,unresolved_abundance_also_tied,1,1,tied,0.500
7689,Holdemanella,genus,46796,Diarrhea,2,vs_health,0,2,0,depleted,1.0,2,0,2,0,2,1.0,depleted,depleted,association_and_abundance_agree,0,2,depleted,1.000
7689,Holdemanella,genus,53356,"Hand, Foot and Mouth Disease",2,vs_health,1,1,0,,0.5,2,1,1,0,2,0.5,,,unresolved_abundance_also_tied,1,1,tied,0.500
7689,Holdemanella,genus,62143,"Renal Insufficiency, Chronic",2,vs_health,0,2,0,depleted,1.0,2,2,5,0,7,0.714,depleted,depleted,association_and_abundance_agree,0,2,depleted,1.000
7689,Holdemanella,genus,69131,Myasthenia Gravis,2,vs_health,2,0,0,enriched,1.0,2,3,0,0,3,1.0,enriched,enriched,association_and_abundance_agree,2,0,enriched,1.000
7689,Holdemanella,genus,75696,Polycystic Ovary Syndrome,2,vs_health,0,2,0,depleted,1.0,2,0,2,0,2,1.0,depleted,depleted,association_and_abundance_agree,0,2,depleted,1.000
7691,Parasutterella,genus,6511,Breast Neoplasms,2,vs_health,2,0,0,enriched,1.0,2,2,0,0,2,1.0,enriched,enriched,association_and_abundance_agree,2,0,enriched,1.000
7691,Parasutterella,genus,11446,Clostridium Infections,2,vs_health,0,2,0,depleted,1.0,2,0,1,0,1,1.0,depleted,depleted,association_consensus,0,2,depleted,1.000
7691,Parasutterella,genus,28066,COVID-19,2,vs_health,0,2,0,depleted,1.0,2,4,4,1,8,0.5,,depleted,association_consensus,0,2,depleted,1.000
7691,Parasutterella,genus,46796,Diarrhea,2,vs_health,0,2,0,depleted,1.0,2,1,1,0,2,0.5,,depleted,association_consensus,0,2,depleted,1.000
7691,Parasutterella,genus,48371,Dwarfism,2,vs_health,0,2,0,depleted,1.0,2,0,2,0,2,1.0,depleted,depleted,association_and_abundance_agree,0,2,depleted,1.000
7691,Parasutterella,genus,56231,HIV Infections,2,vs_health,0,2,0,depleted,1.0,2,3,4,0,7,0.571,depleted,depleted,association_and_abundance_agree,0,2,depleted,1.000
7691,Parasutterella,genus,62116,"Kidney Failure, Chronic",2,vs_health,0,2,0,depleted,1.0,2,0,4,0,4,1.0,depleted,depleted,association_and_abundance_agree,0,2,depleted,1.000
7692,Holdemanella porci,species,12713,Crohn Disease,2,mixed,0,1,0,depleted,1.0,1,2,5,1,7,0.714,depleted,depleted,association_and_abundance_agree,2,1,enriched,0.667
7692,Holdemanella porci,species,20491,Colorectal Neoplasms,2,mixed,1,1,0,,0.5,2,6,4,0,10,0.6,enriched,,unresolved_abundance_inconclusive,1,1,tied,0.500
7693,Mediterraneibacter,genus,1,Irritable Bowel Syndrome,2,vs_health,1,1,0,,0.5,2,4,1,0,5,0.8,enriched,enriched,abundance_majority,1,1,tied,0.500
7693,Mediterraneibacter,genus,7798,Liver Cirrhosis,2,vs_health,2,0,0,enriched,1.0,2,2,0,0,2,1.0,enriched,enriched,association_and_abundance_agree,2,0,enriched,1.000
7693,Mediterraneibacter,genus,48916,"Fatigue Syndrome, Chronic",2,vs_health,2,0,0,enriched,1.0,2,3,0,1,3,1.0,enriched,enriched,association_and_abundance_agree,2,0,enriched,1.000
7693,Mediterraneibacter,genus,62143,"Renal Insufficiency, Chronic",2,mixed,2,0,0,enriched,1.0,2,6,0,1,6,1.0,enriched,enriched,association_and_abundance_agree,2,0,enriched,1.000
7693,Mediterraneibacter,genus,68391,Multiple Sclerosis,2,vs_health,2,0,0,enriched,1.0,2,5,1,0,6,0.833,enriched,enriched,association_and_abundance_agree,2,0,enriched,1.000
7694,Monoglobus,genus,1,Irritable Bowel Syndrome,2,vs_health,1,1,0,,0.5,2,2,3,0,5,0.6,depleted,,unresolved_abundance_inconclusive,1,1,tied,0.500
7694,Monoglobus,genus,3086,"Arthritis, Rheumatoid",2,vs_health,0,2,0,depleted,1.0,2,2,3,0,5,0.6,depleted,depleted,association_and_abundance_agree,0,2,depleted,1.000
7694,Monoglobus,genus,28066,COVID-19,2,vs_health,0,2,0,depleted,1.0,2,2,5,2,7,0.714,depleted,depleted,association_and_abundance_agree,0,2,depleted,1.000
7694,Monoglobus,genus,56231,HIV Infections,2,vs_health,0,2,0,depleted,1.0,2,0,6,1,6,1.0,depleted,depleted,association_and_abundance_agree,0,2,depleted,1.000
7694,Monoglobus,genus,62116,"Kidney Failure, Chronic",2,mixed,2,0,0,enriched,1.0,2,3,1,0,4,0.75,enriched,enriched,association_and_abundance_agree,2,0,enriched,1.000
7694,Monoglobus,genus,62143,"Renal Insufficiency, Chronic",2,mixed,1,0,0,enriched,1.0,1,3,4,0,7,0.571,depleted,enriched,association_consensus_abundance_disagrees,1,1,tied,0.500
7694,Monoglobus,genus,68391,Multiple Sclerosis,2,vs_health,1,1,0,,0.5,2,2,4,0,6,0.667,depleted,depleted,abundance_majority,1,1,tied,0.500
7694,Monoglobus,genus,73716,Parkinson Disease,2,vs_health,1,1,0,,0.5,2,5,3,1,8,0.625,enriched,enriched,abundance_majority,1,1,tied,0.500
7696,Oscillibacter sp. er4,species,28066,COVID-19,2,vs_health,0,2,0,depleted,1.0,2,0,3,0,3,1.0,depleted,depleted,association_and_abundance_agree,0,2,depleted,1.000
7696,Oscillibacter sp. er4,species,62116,"Kidney Failure, Chronic",2,mixed,0,2,0,depleted,1.0,2,0,2,0,2,1.0,depleted,depleted,association_and_abundance_agree,1,2,depleted,0.667
7699,Roseburia sp. af02-12,species,20491,Colorectal Neoplasms,2,vs_health,1,1,0,,0.5,2,6,4,0,10,0.6,enriched,,unresolved_abundance_inconclusive,1,1,tied,0.500
7699,Roseburia sp. af02-12,species,28066,COVID-19,2,vs_health,0,2,0,depleted,1.0,2,1,2,0,3,0.667,depleted,depleted,association_and_abundance_agree,0,2,depleted,1.000
7699,Roseburia sp. af02-12,species,73716,Parkinson Disease,2,vs_health,1,1,0,,0.5,2,4,2,0,6,0.667,enriched,enriched,abundance_majority,1,1,tied,0.500
7700,Faecalicatena,genus,48916,"Fatigue Syndrome, Chronic",2,vs_health,0,2,0,depleted,1.0,2,0,4,0,4,1.0,depleted,depleted,association_and_abundance_agree,0,2,depleted,1.000
7704,Faecalicatena fissicatena,species,28066,COVID-19,2,vs_health,1,1,0,,0.5,2,1,2,0,3,0.667,depleted,depleted,abundance_majority,1,1,tied,0.500
7704,Faecalicatena fissicatena,species,62116,"Kidney Failure, Chronic",2,vs_health,0,2,0,depleted,1.0,2,0,2,0,2,1.0,depleted,depleted,association_and_abundance_agree,0,2,depleted,1.000
7711,Intestinibacter,genus,28066,COVID-19,2,vs_health,0,2,0,depleted,1.0,2,5,3,1,8,0.625,enriched,depleted,association_consensus_abundance_disagrees,0,2,depleted,1.000
7711,Intestinibacter,genus,62116,"Kidney Failure, Chronic",2,mixed,0,1,0,depleted,1.0,1,1,3,0,4,0.75,depleted,depleted,association_and_abundance_agree,0,2,depleted,1.000
7711,Intestinibacter,genus,68391,Multiple Sclerosis,2,vs_health,2,0,0,enriched,1.0,2,6,0,0,6,1.0,enriched,enriched,association_and_abundance_agree,2,0,enriched,1.000
7711,Intestinibacter,genus,75391,Peutz-Jeghers Syndrome,2,vs_health,0,2,0,depleted,1.0,2,0,2,0,2,1.0,depleted,depleted,association_and_abundance_agree,0,2,depleted,1.000
7712,Gallintestinimicrobium propionicum,species,28066,COVID-19,2,vs_health,0,2,0,depleted,1.0,2,0,3,0,3,1.0,depleted,depleted,association_and_abundance_agree,0,2,depleted,1.000
7712,Gallintestinimicrobium propionicum,species,44996,"Diabetes Mellitus, Type 1",2,vs_health,0,2,0,depleted,1.0,2,0,2,0,2,1.0,depleted,depleted,association_and_abundance_agree,0,2,depleted,1.000
7712,Gallintestinimicrobium propionicum,species,48916,"Fatigue Syndrome, Chronic",2,vs_health,0,2,0,depleted,1.0,2,1,2,1,3,0.667,depleted,depleted,association_and_abundance_agree,0,2,depleted,1.000
7713,Agathobaculum,genus,3086,"Arthritis, Rheumatoid",2,vs_health,2,0,0,enriched,1.0,2,2,0,3,2,1.0,enriched,enriched,association_and_abundance_agree,2,0,enriched,1.000
7713,Agathobaculum,genus,4876,Autism Spectrum Disorder,2,vs_health,0,2,0,depleted,1.0,2,1,2,5,3,0.667,depleted,depleted,association_and_abundance_agree,0,2,depleted,1.000
7713,Agathobaculum,genus,62116,"Kidney Failure, Chronic",2,vs_health,0,2,0,depleted,1.0,2,0,3,1,3,1.0,depleted,depleted,association_and_abundance_agree,0,2,depleted,1.000
7715,Agathobaculum butyriciproducens,species,3086,"Arthritis, Rheumatoid",2,vs_health,2,0,0,enriched,1.0,2,2,0,0,2,1.0,enriched,enriched,association_and_abundance_agree,2,0,enriched,1.000
7715,Agathobaculum butyriciproducens,species,4876,Autism Spectrum Disorder,2,vs_health,0,2,0,depleted,1.0,2,0,2,0,2,1.0,depleted,depleted,association_and_abundance_agree,0,2,depleted,1.000
7715,Agathobaculum butyriciproducens,species,62116,"Kidney Failure, Chronic",2,vs_health,0,2,0,depleted,1.0,2,0,2,0,2,1.0,depleted,depleted,association_and_abundance_agree,0,2,depleted,1.000
7717,Clostridiales bacterium kle1615,species,28066,COVID-19,2,vs_health,1,1,0,,0.5,2,2,1,0,3,0.667,enriched,enriched,abundance_majority,1,1,tied,0.500
7717,Clostridiales bacterium kle1615,species,73716,Parkinson Disease,2,vs_health,0,2,0,depleted,1.0,2,2,4,0,6,0.667,depleted,depleted,association_and_abundance_agree,0,2,depleted,1.000
7719,Bacillota bacterium,species,12713,Crohn Disease,2,disease_vs_disease,0,0,0,,,0,3,3,2,6,0.5,,,unresolved_abundance_also_tied,1,2,depleted,0.667
7720,Thomasclavelia,genus,1,Irritable Bowel Syndrome,2,vs_health,1,1,0,,0.5,2,3,1,1,4,0.75,enriched,enriched,abundance_majority,1,1,tied,0.500
7720,Thomasclavelia,genus,2536,Anorexia Nervosa,2,vs_health,2,0,0,enriched,1.0,2,2,0,0,2,1.0,enriched,enriched,association_and_abundance_agree,2,0,enriched,1.000
7720,Thomasclavelia,genus,4876,Autism Spectrum Disorder,2,vs_health,2,0,0,enriched,1.0,2,4,3,1,7,0.571,enriched,enriched,association_and_abundance_agree,2,0,enriched,1.000
7720,Thomasclavelia,genus,6511,Breast Neoplasms,2,vs_health,2,0,0,enriched,1.0,2,2,0,0,2,1.0,enriched,enriched,association_and_abundance_agree,2,0,enriched,1.000
7720,Thomasclavelia,genus,7798,Liver Cirrhosis,2,vs_health,2,0,0,enriched,1.0,2,2,0,0,2,1.0,enriched,enriched,association_and_abundance_agree,2,0,enriched,1.000
7720,Thomasclavelia,genus,65768,Spinal Cord Injuries,2,vs_health,2,0,0,enriched,1.0,2,2,0,0,2,1.0,enriched,enriched,association_and_abundance_agree,2,0,enriched,1.000
7720,Thomasclavelia,genus,67066,"Lupus Erythematosus, Systemic",2,vs_health,2,0,0,enriched,1.0,2,2,1,0,3,0.667,enriched,enriched,association_and_abundance_agree,2,0,enriched,1.000
7720,Thomasclavelia,genus,73716,Parkinson Disease,2,vs_health,2,0,0,enriched,1.0,2,6,3,0,9,0.667,enriched,enriched,association_and_abundance_agree,2,0,enriched,1.000
7721,Barnesiella,genus,4876,Autism Spectrum Disorder,2,vs_health,1,1,0,,0.5,2,5,2,1,7,0.714,enriched,enriched,abundance_majority,1,1,tied,0.500
7721,Barnesiella,genus,11446,Clostridium Infections,2,vs_health,0,2,0,depleted,1.0,2,0,0,1,0,,,depleted,association_consensus,0,2,depleted,1.000
7721,Barnesiella,genus,18168,Inflammatory Bowel Diseases,2,vs_health,0,2,0,depleted,1.0,2,0,3,1,3,1.0,depleted,depleted,association_and_abundance_agree,0,2,depleted,1.000
7721,Barnesiella,genus,62143,"Renal Insufficiency, Chronic",2,vs_health,0,2,0,depleted,1.0,2,2,5,0,7,0.714,depleted,depleted,association_and_abundance_agree,0,2,depleted,1.000
7721,Barnesiella,genus,68391,Multiple Sclerosis,2,vs_health,0,2,0,depleted,1.0,2,1,5,0,6,0.833,depleted,depleted,association_and_abundance_agree,0,2,depleted,1.000
7721,Barnesiella,genus,72061,Obesity,2,vs_health,1,1,0,,0.5,2,2,3,0,5,0.6,depleted,,unresolved_abundance_inconclusive,1,1,tied,0.500
7722,Prevotella marseillensis,species,12711,"Colitis, Ulcerative",2,mixed,1,0,0,enriched,1.0,1,2,3,2,5,0.6,depleted,enriched,association_consensus_abundance_disagrees,2,0,enriched,1.000
7722,Prevotella marseillensis,species,12713,Crohn Disease,2,mixed,0,1,0,depleted,1.0,1,0,4,4,4,1.0,depleted,depleted,association_and_abundance_agree,0,2,depleted,1.000
7722,Prevotella marseillensis,species,20491,Colorectal Neoplasms,2,vs_health,0,2,0,depleted,1.0,2,3,4,3,7,0.571,depleted,depleted,association_and_abundance_agree,0,2,depleted,1.000
7723,Prevotella dentalis,species,20491,Colorectal Neoplasms,2,vs_health,0,2,0,depleted,1.0,2,2,5,3,7,0.714,depleted,depleted,association_and_abundance_agree,0,2,depleted,1.000
7725,Coprobacter,genus,3086,"Arthritis, Rheumatoid",2,vs_health,1,1,0,,0.5,2,4,1,0,5,0.8,enriched,enriched,abundance_majority,1,1,tied,0.500
7725,Coprobacter,genus,12711,"Colitis, Ulcerative",2,vs_health,1,1,0,,0.5,2,5,6,4,11,0.545,depleted,,unresolved_abundance_inconclusive,1,1,tied,0.500
7725,Coprobacter,genus,20491,Colorectal Neoplasms,2,vs_health,1,1,0,,0.5,2,12,10,1,22,0.545,enriched,,unresolved_abundance_inconclusive,1,1,tied,0.500
7725,Coprobacter,genus,46796,Diarrhea,2,vs_health,1,1,0,,0.5,2,1,1,0,2,0.5,,,unresolved_abundance_also_tied,1,1,tied,0.500
7725,Coprobacter,genus,62143,"Renal Insufficiency, Chronic",2,vs_health,0,2,0,depleted,1.0,2,1,5,1,6,0.833,depleted,depleted,association_and_abundance_agree,0,2,depleted,1.000
7725,Coprobacter,genus,69716,Neuroblastoma,2,vs_health,0,2,0,depleted,1.0,2,0,2,0,2,1.0,depleted,depleted,association_and_abundance_agree,0,2,depleted,1.000
7726,Oscillibacter valericigenes,species,20491,Colorectal Neoplasms,2,vs_health,0,2,0,depleted,1.0,2,6,4,0,10,0.6,enriched,depleted,association_consensus_abundance_disagrees,0,2,depleted,1.000
7729,Leyella stercorea,species,12711,"Colitis, Ulcerative",2,mixed,1,1,0,,0.5,2,2,5,0,7,0.714,depleted,depleted,abundance_majority,1,1,tied,0.500
7729,Leyella stercorea,species,20491,Colorectal Neoplasms,2,vs_health,1,1,0,,0.5,2,7,3,0,10,0.7,enriched,enriched,abundance_majority,1,1,tied,0.500
7729,Leyella stercorea,species,62116,"Kidney Failure, Chronic",2,vs_health,0,2,0,depleted,1.0,2,0,2,0,2,1.0,depleted,depleted,association_and_abundance_agree,0,2,depleted,1.000
7730,Ruminococcus sp. af41-9,species,62116,"Kidney Failure, Chronic",2,vs_health,0,2,0,depleted,1.0,2,0,2,0,2,1.0,depleted,depleted,association_and_abundance_agree,0,2,depleted,1.000
7734,Allofournierella,genus,6511,Breast Neoplasms,2,vs_health,2,0,0,enriched,1.0,2,2,0,0,2,1.0,enriched,enriched,association_and_abundance_agree,2,0,enriched,1.000
7734,Allofournierella,genus,12711,"Colitis, Ulcerative",2,mixed,1,0,0,enriched,1.0,1,8,2,5,10,0.8,enriched,enriched,association_and_abundance_agree,1,1,tied,0.500
7734,Allofournierella,genus,12713,Crohn Disease,2,mixed,1,0,0,enriched,1.0,1,4,8,5,12,0.667,depleted,enriched,association_consensus_abundance_disagrees,1,1,tied,0.500
7734,Allofournierella,genus,56231,HIV Infections,2,vs_health,0,2,0,depleted,1.0,2,3,3,1,6,0.5,,depleted,association_consensus,0,2,depleted,1.000
7734,Allofournierella,genus,69716,Neuroblastoma,2,vs_health,2,0,0,enriched,1.0,2,2,0,0,2,1.0,enriched,enriched,association_and_abundance_agree,2,0,enriched,1.000
7735,Clostridium fessum,species,20491,Colorectal Neoplasms,2,vs_health,0,2,0,depleted,1.0,2,4,6,0,10,0.6,depleted,depleted,association_and_abundance_agree,0,2,depleted,1.000
7735,Clostridium fessum,species,28066,COVID-19,2,vs_health,0,2,0,depleted,1.0,2,0,3,0,3,1.0,depleted,depleted,association_and_abundance_agree,0,2,depleted,1.000
7735,Clostridium fessum,species,62116,"Kidney Failure, Chronic",2,mixed,0,2,0,depleted,1.0,2,0,2,0,2,1.0,depleted,depleted,association_and_abundance_agree,0,2,depleted,1.000
7735,Clostridium fessum,species,73716,Parkinson Disease,2,vs_health,0,2,0,depleted,1.0,2,2,4,0,6,0.667,depleted,depleted,association_and_abundance_agree,0,2,depleted,1.000
7737,Lentihominibacter,genus,12711,"Colitis, Ulcerative",2,mixed,0,1,0,depleted,1.0,1,4,3,8,7,0.571,enriched,depleted,association_consensus_abundance_disagrees,1,1,tied,0.500
7737,Lentihominibacter,genus,18168,Inflammatory Bowel Diseases,2,vs_health,1,1,0,,0.5,2,1,1,2,2,0.5,,,unresolved_abundance_also_tied,1,1,tied,0.500
7737,Lentihominibacter,genus,20491,Colorectal Neoplasms,2,vs_health,0,2,0,depleted,1.0,2,3,7,13,10,0.7,depleted,depleted,association_and_abundance_agree,0,2,depleted,1.000
7737,Lentihominibacter,genus,28066,COVID-19,2,vs_health,0,2,0,depleted,1.0,2,1,2,6,3,0.667,depleted,depleted,association_and_abundance_agree,0,2,depleted,1.000
7738,Lawsonibacter,genus,28066,COVID-19,2,vs_health,0,2,0,depleted,1.0,2,0,3,6,3,1.0,depleted,depleted,association_and_abundance_agree,0,2,depleted,1.000
7738,Lawsonibacter,genus,62116,"Kidney Failure, Chronic",2,vs_health,2,0,0,enriched,1.0,2,3,0,1,3,1.0,enriched,enriched,association_and_abundance_agree,2,0,enriched,1.000
7738,Lawsonibacter,genus,73716,Parkinson Disease,2,vs_health,1,1,0,,0.5,2,1,5,3,6,0.833,depleted,depleted,abundance_majority,1,1,tied,0.500
7739,Flavonifractor,genus,11373,Non-alcoholic Fatty Liver Disease,2,mixed,0,2,0,depleted,1.0,2,1,2,0,3,0.667,depleted,depleted,association_and_abundance_agree,0,2,depleted,1.000
7739,Flavonifractor,genus,66816,Lung Neoplasms,2,vs_health,2,0,0,enriched,1.0,2,2,0,0,2,1.0,enriched,enriched,association_and_abundance_agree,2,0,enriched,1.000
7740,Lentihominibacter faecis,species,12711,"Colitis, Ulcerative",2,mixed,0,1,0,depleted,1.0,1,4,3,0,7,0.571,enriched,depleted,association_consensus_abundance_disagrees,1,1,tied,0.500
7740,Lentihominibacter faecis,species,12713,Crohn Disease,2,mixed,0,2,0,depleted,1.0,2,1,6,1,7,0.857,depleted,depleted,association_and_abundance_agree,0,2,depleted,1.000
7740,Lentihominibacter faecis,species,28066,COVID-19,2,vs_health,0,2,0,depleted,1.0,2,0,3,0,3,1.0,depleted,depleted,association_and_abundance_agree,0,2,depleted,1.000
7741,Mitsuokella,genus,12711,"Colitis, Ulcerative",2,mixed,1,1,0,,0.5,2,2,6,7,8,0.75,depleted,depleted,abundance_majority,1,1,tied,0.500
7741,Mitsuokella,genus,20491,Colorectal Neoplasms,2,vs_health,0,2,0,depleted,1.0,2,7,9,7,16,0.562,depleted,depleted,association_and_abundance_agree,0,2,depleted,1.000
7741,Mitsuokella,genus,56231,HIV Infections,2,vs_health,2,0,0,enriched,1.0,2,6,1,0,7,0.857,enriched,enriched,association_and_abundance_agree,2,0,enriched,1.000
7743,Lawsonibacter asaccharolyticus,species,62116,"Kidney Failure, Chronic",2,vs_health,2,0,0,enriched,1.0,2,2,0,0,2,1.0,enriched,enriched,association_and_abundance_agree,2,0,enriched,1.000
7743,Lawsonibacter asaccharolyticus,species,73716,Parkinson Disease,2,vs_health,1,1,0,,0.5,2,1,5,0,6,0.833,depleted,depleted,abundance_majority,1,1,tied,0.500
7744,Clostridium sp. af36-4,species,48916,"Fatigue Syndrome, Chronic",2,vs_health,0,2,0,depleted,1.0,2,0,3,1,3,1.0,depleted,depleted,association_and_abundance_agree,0,2,depleted,1.000
7744,Clostridium sp. af36-4,species,69716,Neuroblastoma,2,vs_health,0,2,0,depleted,1.0,2,0,2,0,2,1.0,depleted,depleted,association_and_abundance_agree,0,2,depleted,1.000
7748,Fusicatenibacter faecihominis,species,28066,COVID-19,2,vs_health,0,2,0,depleted,1.0,2,1,2,0,3,0.667,depleted,depleted,association_and_abundance_agree,0,2,depleted,1.000
7750,Victivallis,genus,44996,"Diabetes Mellitus, Type 1",2,vs_health,0,2,0,depleted,1.0,2,3,2,1,5,0.6,enriched,depleted,association_consensus_abundance_disagrees,0,2,depleted,1.000
7750,Victivallis,genus,46796,Diarrhea,2,vs_health,0,2,0,depleted,1.0,2,0,2,0,2,1.0,depleted,depleted,association_and_abundance_agree,0,2,depleted,1.000
7753,Jutongia hominis,species,12711,"Colitis, Ulcerative",2,mixed,0,1,0,depleted,1.0,1,3,2,2,5,0.6,enriched,depleted,association_consensus_abundance_disagrees,1,1,tied,0.500
7754,Eubacterium sp. af34-35bh,species,12711,"Colitis, Ulcerative",2,vs_health,0,2,0,depleted,1.0,2,2,5,0,7,0.714,depleted,depleted,association_and_abundance_agree,0,2,depleted,1.000
7754,Eubacterium sp. af34-35bh,species,12713,Crohn Disease,2,vs_health,0,2,0,depleted,1.0,2,2,5,1,7,0.714,depleted,depleted,association_and_abundance_agree,0,2,depleted,1.000
7754,Eubacterium sp. af34-35bh,species,20491,Colorectal Neoplasms,2,vs_health,0,2,0,depleted,1.0,2,3,5,2,8,0.625,depleted,depleted,association_and_abundance_agree,0,2,depleted,1.000
7755,Eisenbergiella,genus,1,Irritable Bowel Syndrome,2,vs_health,1,1,0,,0.5,2,4,1,0,5,0.8,enriched,enriched,abundance_majority,1,1,tied,0.500
7755,Eisenbergiella,genus,48916,"Fatigue Syndrome, Chronic",2,vs_health,2,0,0,enriched,1.0,2,3,0,1,3,1.0,enriched,enriched,association_and_abundance_agree,2,0,enriched,1.000
7755,Eisenbergiella,genus,62143,"Renal Insufficiency, Chronic",2,vs_health,2,0,0,enriched,1.0,2,3,3,1,6,0.5,,enriched,association_consensus,2,0,enriched,1.000
7755,Eisenbergiella,genus,65768,Spinal Cord Injuries,2,vs_health,2,0,0,enriched,1.0,2,2,0,0,2,1.0,enriched,enriched,association_and_abundance_agree,2,0,enriched,1.000
7755,Eisenbergiella,genus,73716,Parkinson Disease,2,vs_health,2,0,0,enriched,1.0,2,6,2,1,8,0.75,enriched,enriched,association_and_abundance_agree,2,0,enriched,1.000
7757,Enterorhabdus,genus,3086,"Arthritis, Rheumatoid",2,vs_health,0,2,0,depleted,1.0,2,1,2,2,3,0.667,depleted,depleted,association_and_abundance_agree,0,2,depleted,1.000
7760,Blautia luti,species,12711,"Colitis, Ulcerative",2,vs_health,0,2,0,depleted,1.0,2,1,6,0,7,0.857,depleted,depleted,association_and_abundance_agree,0,2,depleted,1.000
7760,Blautia luti,species,20491,Colorectal Neoplasms,2,vs_health,0,2,0,depleted,1.0,2,2,8,0,10,0.8,depleted,depleted,association_and_abundance_agree,0,2,depleted,1.000
7760,Blautia luti,species,62116,"Kidney Failure, Chronic",2,mixed,1,1,0,,0.5,2,1,1,0,2,0.5,,,unresolved_abundance_also_tied,1,1,tied,0.500
7762,Drancourtella massiliensis,species,12711,"Colitis, Ulcerative",2,mixed,1,0,0,enriched,1.0,1,6,0,1,6,1.0,enriched,enriched,association_and_abundance_agree,2,0,enriched,1.000
7762,Drancourtella massiliensis,species,69716,Neuroblastoma,2,vs_health,2,0,0,enriched,1.0,2,2,0,0,2,1.0,enriched,enriched,association_and_abundance_agree,2,0,enriched,1.000
7764,Terrisporobacter,genus,1526,Alzheimer Disease,2,vs_health,0,2,0,depleted,1.0,2,1,2,0,3,0.667,depleted,depleted,association_and_abundance_agree,0,2,depleted,1.000
7764,Terrisporobacter,genus,28066,COVID-19,2,vs_health,0,2,0,depleted,1.0,2,3,4,2,7,0.571,depleted,depleted,association_and_abundance_agree,0,2,depleted,1.000
7766,Clostridium sp. af27-2aa,species,4876,Autism Spectrum Disorder,2,vs_health,0,2,0,depleted,1.0,2,0,2,0,2,1.0,depleted,depleted,association_and_abundance_agree,0,2,depleted,1.000
7766,Clostridium sp. af27-2aa,species,20491,Colorectal Neoplasms,2,vs_health,1,1,0,,0.5,2,3,5,2,8,0.625,depleted,depleted,abundance_majority,1,1,tied,0.500
7766,Clostridium sp. af27-2aa,species,69716,Neuroblastoma,2,vs_health,0,2,0,depleted,1.0,2,0,2,0,2,1.0,depleted,depleted,association_and_abundance_agree,0,2,depleted,1.000
7766,Clostridium sp. af27-2aa,species,76576,Psoriasis,2,vs_health,1,1,0,,0.5,2,1,1,0,2,0.5,,,unresolved_abundance_also_tied,1,1,tied,0.500
7767,Parolsenella,genus,45328,"Diabetes Mellitus, Type 2",2,vs_health,2,0,0,enriched,1.0,2,3,2,5,5,0.6,enriched,enriched,association_and_abundance_agree,2,0,enriched,1.000
7770,Clostridia bacterium uc5.1-1e11,species,12711,"Colitis, Ulcerative",2,mixed,1,0,0,enriched,1.0,1,3,1,3,4,0.75,enriched,enriched,association_and_abundance_agree,2,0,enriched,1.000
7771,Hydrogenoanaerobacterium,genus,2536,Anorexia Nervosa,2,vs_health,2,0,0,enriched,1.0,2,2,0,0,2,1.0,enriched,enriched,association_and_abundance_agree,2,0,enriched,1.000
7771,Hydrogenoanaerobacterium,genus,28066,COVID-19,2,vs_health,1,1,0,,0.5,2,3,3,3,6,0.5,,,unresolved_abundance_also_tied,1,1,tied,0.500
7771,Hydrogenoanaerobacterium,genus,46796,Diarrhea,2,vs_health,0,2,0,depleted,1.0,2,0,2,0,2,1.0,depleted,depleted,association_and_abundance_agree,0,2,depleted,1.000
7772,Senegalimassilia,genus,3086,"Arthritis, Rheumatoid",2,vs_health,1,1,0,,0.5,2,3,2,0,5,0.6,enriched,,unresolved_abundance_inconclusive,1,1,tied,0.500
7772,Senegalimassilia,genus,20491,Colorectal Neoplasms,2,vs_health,0,2,0,depleted,1.0,2,10,12,1,22,0.545,depleted,depleted,association_and_abundance_agree,0,2,depleted,1.000
7772,Senegalimassilia,genus,45328,"Diabetes Mellitus, Type 2",2,vs_health,2,0,0,enriched,1.0,2,5,3,2,8,0.625,enriched,enriched,association_and_abundance_agree,2,0,enriched,1.000
7772,Senegalimassilia,genus,65768,Spinal Cord Injuries,2,vs_health,1,1,0,,0.5,2,1,1,0,2,0.5,,,unresolved_abundance_also_tied,1,1,tied,0.500
7775,Clostridium innocuum,species,12713,Crohn Disease,2,mixed,2,0,0,enriched,1.0,2,5,2,1,7,0.714,enriched,enriched,association_and_abundance_agree,2,0,enriched,1.000
7775,Clostridium innocuum,species,48916,"Fatigue Syndrome, Chronic",2,vs_health,2,0,0,enriched,1.0,2,3,0,1,3,1.0,enriched,enriched,association_and_abundance_agree,2,0,enriched,1.000
7775,Clostridium innocuum,species,62116,"Kidney Failure, Chronic",2,vs_health,2,0,0,enriched,1.0,2,2,0,0,2,1.0,enriched,enriched,association_and_abundance_agree,2,0,enriched,1.000
7779,Coprobacillus,genus,6511,Breast Neoplasms,2,vs_health,1,1,0,,0.5,2,1,1,0,2,0.5,,,unresolved_abundance_also_tied,1,1,tied,0.500
7779,Coprobacillus,genus,7798,Liver Cirrhosis,2,vs_health,2,0,0,enriched,1.0,2,2,0,0,2,1.0,enriched,enriched,association_and_abundance_agree,2,0,enriched,1.000
7779,Coprobacillus,genus,11446,Clostridium Infections,2,vs_health,1,1,0,,0.5,2,1,0,0,1,1.0,enriched,,unresolved_no_abundance_evidence,1,1,tied,0.500
7779,Coprobacillus,genus,46796,Diarrhea,2,vs_health,0,2,0,depleted,1.0,2,1,0,1,1,1.0,enriched,depleted,association_consensus,0,2,depleted,1.000
7779,Coprobacillus,genus,62143,"Renal Insufficiency, Chronic",2,mixed,1,0,0,enriched,1.0,1,7,0,0,7,1.0,enriched,enriched,association_and_abundance_agree,1,1,tied,0.500
7779,Coprobacillus,genus,65768,Spinal Cord Injuries,2,vs_health,2,0,0,enriched,1.0,2,2,0,0,2,1.0,enriched,enriched,association_and_abundance_agree,2,0,enriched,1.000
7779,Coprobacillus,genus,72061,Obesity,2,vs_health,1,1,0,,0.5,2,2,1,2,3,0.667,enriched,enriched,abundance_majority,1,1,tied,0.500
7780,Pseudoflavonifractor phocaeensis,species,12713,Crohn Disease,2,mixed,0,1,0,depleted,1.0,1,4,3,1,7,0.571,enriched,depleted,association_consensus_abundance_disagrees,0,2,depleted,1.000
7782,Actinomyces,genus,7766,"Carcinoma, Hepatocellular",2,mixed,2,0,0,enriched,1.0,2,2,0,0,2,1.0,enriched,enriched,association_and_abundance_agree,2,0,enriched,1.000
7782,Actinomyces,genus,11071,Cholestasis,2,mixed,0,1,0,depleted,1.0,1,1,1,0,2,0.5,,depleted,association_consensus,1,1,tied,0.500
7782,Actinomyces,genus,46796,Diarrhea,2,vs_health,2,0,0,enriched,1.0,2,2,0,0,2,1.0,enriched,enriched,association_and_abundance_agree,2,0,enriched,1.000
7787,Alistipes communis,species,20491,Colorectal Neoplasms,2,vs_health,0,2,0,depleted,1.0,2,3,7,0,10,0.7,depleted,depleted,association_and_abundance_agree,0,2,depleted,1.000
7788,Limosilactobacillus,genus,7766,"Carcinoma, Hepatocellular",2,mixed,2,0,0,enriched,1.0,2,2,0,0,2,1.0,enriched,enriched,association_and_abundance_agree,2,0,enriched,1.000
7788,Limosilactobacillus,genus,11071,Cholestasis,2,mixed,0,1,0,depleted,1.0,1,1,1,0,2,0.5,,depleted,association_consensus,1,1,tied,0.500
7788,Limosilactobacillus,genus,53356,"Hand, Foot and Mouth Disease",2,vs_health,2,0,0,enriched,1.0,2,2,0,0,2,1.0,enriched,enriched,association_and_abundance_agree,2,0,enriched,1.000
7788,Limosilactobacillus,genus,62116,"Kidney Failure, Chronic",2,vs_health,2,0,0,enriched,1.0,2,4,0,0,4,1.0,enriched,enriched,association_and_abundance_agree,2,0,enriched,1.000
7788,Limosilactobacillus,genus,62143,"Renal Insufficiency, Chronic",2,vs_health,2,0,0,enriched,1.0,2,6,0,1,6,1.0,enriched,enriched,association_and_abundance_agree,2,0,enriched,1.000
7788,Limosilactobacillus,genus,73716,Parkinson Disease,2,vs_health,1,1,0,,0.5,2,4,4,1,8,0.5,,,unresolved_abundance_also_tied,1,1,tied,0.500
7789,Pseudoflavonifractor,genus,11446,Clostridium Infections,2,vs_health,0,2,0,depleted,1.0,2,0,1,0,1,1.0,depleted,depleted,association_consensus,0,2,depleted,1.000
7789,Pseudoflavonifractor,genus,62116,"Kidney Failure, Chronic",2,vs_health,2,0,0,enriched,1.0,2,4,0,0,4,1.0,enriched,enriched,association_and_abundance_agree,2,0,enriched,1.000
7790,Negativibacillus,genus,20491,Colorectal Neoplasms,2,vs_health,1,1,0,,0.5,2,14,6,3,20,0.7,enriched,enriched,abundance_majority,1,1,tied,0.500
7790,Negativibacillus,genus,28066,COVID-19,2,vs_health,1,1,0,,0.5,2,3,4,2,7,0.571,depleted,,unresolved_abundance_inconclusive,1,1,tied,0.500
7791,Clostridiales bacterium,species,51326,Fibromyalgia,2,vs_health,2,0,0,enriched,1.0,2,2,0,0,2,1.0,enriched,enriched,association_and_abundance_agree,2,0,enriched,1.000
7791,Clostridiales bacterium,species,62116,"Kidney Failure, Chronic",2,mixed,2,0,0,enriched,1.0,2,2,0,0,2,1.0,enriched,enriched,association_and_abundance_agree,2,1,enriched,0.667
7791,Clostridiales bacterium,species,69716,Neuroblastoma,2,vs_health,0,2,0,depleted,1.0,2,0,2,0,2,1.0,depleted,depleted,association_and_abundance_agree,0,2,depleted,1.000
7792,Lachnoclostridium,genus,1,Irritable Bowel Syndrome,2,vs_health,2,0,0,enriched,1.0,2,4,1,0,5,0.8,enriched,enriched,association_and_abundance_agree,2,0,enriched,1.000
7792,Lachnoclostridium,genus,4876,Autism Spectrum Disorder,2,vs_health,2,0,0,enriched,1.0,2,6,1,1,7,0.857,enriched,enriched,association_and_abundance_agree,2,0,enriched,1.000
7792,Lachnoclostridium,genus,7798,Liver Cirrhosis,2,vs_health,1,1,0,,0.5,2,1,1,0,2,0.5,,,unresolved_abundance_also_tied,1,1,tied,0.500
7792,Lachnoclostridium,genus,28066,COVID-19,2,vs_health,1,1,0,,0.5,2,4,4,1,8,0.5,,,unresolved_abundance_also_tied,1,1,tied,0.500
7792,Lachnoclostridium,genus,65768,Spinal Cord Injuries,2,vs_health,1,1,0,,0.5,2,1,1,0,2,0.5,,,unresolved_abundance_also_tied,1,1,tied,0.500
7795,Gordonibacter,genus,1,Irritable Bowel Syndrome,2,vs_health,2,0,0,enriched,1.0,2,3,2,0,5,0.6,enriched,enriched,association_and_abundance_agree,2,0,enriched,1.000
7795,Gordonibacter,genus,12711,"Colitis, Ulcerative",2,vs_health,0,2,0,depleted,1.0,2,5,7,3,12,0.583,depleted,depleted,association_and_abundance_agree,0,2,depleted,1.000
7795,Gordonibacter,genus,12713,Crohn Disease,2,vs_health,0,2,0,depleted,1.0,2,5,9,3,14,0.643,depleted,depleted,association_and_abundance_agree,0,2,depleted,1.000
7795,Gordonibacter,genus,20491,Colorectal Neoplasms,2,vs_health,1,1,0,,0.5,2,8,11,4,19,0.579,depleted,,unresolved_abundance_inconclusive,1,1,tied,0.500
7795,Gordonibacter,genus,28066,COVID-19,2,vs_health,0,2,0,depleted,1.0,2,3,4,2,7,0.571,depleted,depleted,association_and_abundance_agree,0,2,depleted,1.000
7795,Gordonibacter,genus,62116,"Kidney Failure, Chronic",2,vs_health,2,0,0,enriched,1.0,2,3,0,1,3,1.0,enriched,enriched,association_and_abundance_agree,2,0,enriched,1.000
7795,Gordonibacter,genus,76226,Prostatic Neoplasms,2,vs_health,0,2,0,depleted,1.0,2,1,2,0,3,0.667,depleted,depleted,association_and_abundance_agree,0,2,depleted,1.000
7796,Allisonella,genus,56231,HIV Infections,2,vs_health,2,0,0,enriched,1.0,2,7,0,0,7,1.0,enriched,enriched,association_and_abundance_agree,2,0,enriched,1.000
7796,Allisonella,genus,67066,"Lupus Erythematosus, Systemic",2,vs_health,0,2,0,depleted,1.0,2,1,2,0,3,0.667,depleted,depleted,association_and_abundance_agree,0,2,depleted,1.000
7798,Tannerellaceae,genus,6511,Breast Neoplasms,2,vs_health,1,1,0,,0.5,2,1,1,0,2,0.5,,,unresolved_abundance_also_tied,1,1,tied,0.500
7798,Tannerellaceae,genus,7798,Liver Cirrhosis,2,mixed,2,0,0,enriched,1.0,2,2,0,0,2,1.0,enriched,enriched,association_and_abundance_agree,2,0,enriched,1.000
7798,Tannerellaceae,genus,12713,Crohn Disease,2,mixed,0,1,0,depleted,1.0,1,2,3,12,5,0.6,depleted,depleted,association_and_abundance_agree,1,1,tied,0.500
7798,Tannerellaceae,genus,56231,HIV Infections,2,vs_health,1,1,0,,0.5,2,3,3,1,6,0.5,,,unresolved_abundance_also_tied,1,1,tied,0.500
7800,Dorea sp. af36-15at,species,20491,Colorectal Neoplasms,2,vs_health,1,1,0,,0.5,2,5,5,0,10,0.5,,,unresolved_abundance_also_tied,1,1,tied,0.500
7800,Dorea sp. af36-15at,species,28066,COVID-19,2,vs_health,0,2,0,depleted,1.0,2,0,3,0,3,1.0,depleted,depleted,association_and_abundance_agree,0,2,depleted,1.000
7800,Dorea sp. af36-15at,species,73716,Parkinson Disease,2,vs_health,2,0,0,enriched,1.0,2,5,1,0,6,0.833,enriched,enriched,association_and_abundance_agree,2,0,enriched,1.000
7803,Ligilactobacillus,genus,3086,"Arthritis, Rheumatoid",2,vs_health,0,2,0,depleted,1.0,2,2,2,1,4,0.5,,depleted,association_consensus,0,2,depleted,1.000
7803,Ligilactobacillus,genus,7766,"Carcinoma, Hepatocellular",2,vs_health,2,0,0,enriched,1.0,2,2,0,0,2,1.0,enriched,enriched,association_and_abundance_agree,2,0,enriched,1.000
7803,Ligilactobacillus,genus,7798,Liver Cirrhosis,2,vs_health,2,0,0,enriched,1.0,2,2,0,0,2,1.0,enriched,enriched,association_and_abundance_agree,2,0,enriched,1.000
7803,Ligilactobacillus,genus,12713,Crohn Disease,2,vs_health,2,0,0,enriched,1.0,2,11,3,3,14,0.786,enriched,enriched,association_and_abundance_agree,2,0,enriched,1.000
7803,Ligilactobacillus,genus,20491,Colorectal Neoplasms,2,vs_health,1,1,0,,0.5,2,12,10,1,22,0.545,enriched,,unresolved_abundance_inconclusive,1,1,tied,0.500
7803,Ligilactobacillus,genus,28066,COVID-19,2,vs_health,2,0,0,enriched,1.0,2,6,2,1,8,0.75,enriched,enriched,association_and_abundance_agree,2,0,enriched,1.000
7803,Ligilactobacillus,genus,45328,"Diabetes Mellitus, Type 2",2,mixed,1,0,0,enriched,1.0,1,7,2,1,9,0.778,enriched,enriched,association_and_abundance_agree,2,0,enriched,1.000
7803,Ligilactobacillus,genus,53356,"Hand, Foot and Mouth Disease",2,vs_health,1,1,0,,0.5,2,1,1,0,2,0.5,,,unresolved_abundance_also_tied,1,1,tied,0.500
7803,Ligilactobacillus,genus,65768,Spinal Cord Injuries,2,vs_health,2,0,0,enriched,1.0,2,2,0,0,2,1.0,enriched,enriched,association_and_abundance_agree,2,0,enriched,1.000
7804,Clostridium leptum,species,12711,"Colitis, Ulcerative",2,mixed,1,1,0,,0.5,2,4,3,0,7,0.571,enriched,,unresolved_abundance_inconclusive,1,1,tied,0.500
7804,Clostridium leptum,species,20491,Colorectal Neoplasms,2,vs_health,0,2,0,depleted,1.0,2,1,8,1,9,0.889,depleted,depleted,association_and_abundance_agree,0,2,depleted,1.000
7804,Clostridium leptum,species,28066,COVID-19,2,vs_health,0,2,0,depleted,1.0,2,0,3,0,3,1.0,depleted,depleted,association_and_abundance_agree,0,2,depleted,1.000
7804,Clostridium leptum,species,62116,"Kidney Failure, Chronic",2,vs_health,2,0,0,enriched,1.0,2,2,0,0,2,1.0,enriched,enriched,association_and_abundance_agree,2,0,enriched,1.000
7808,Muribaculaceae,genus,12713,Crohn Disease,2,vs_health,1,1,0,,0.5,2,2,3,12,5,0.6,depleted,,unresolved_abundance_inconclusive,1,1,tied,0.500
7808,Muribaculaceae,genus,28066,COVID-19,2,vs_health,1,1,0,,0.5,2,1,4,4,5,0.8,depleted,depleted,abundance_majority,1,1,tied,0.500
7808,Muribaculaceae,genus,53356,"Hand, Foot and Mouth Disease",2,vs_health,0,2,0,depleted,1.0,2,0,2,0,2,1.0,depleted,depleted,association_and_abundance_agree,0,2,depleted,1.000
7808,Muribaculaceae,genus,67066,"Lupus Erythematosus, Systemic",2,vs_health,0,2,0,depleted,1.0,2,0,2,1,2,1.0,depleted,depleted,association_and_abundance_agree,0,2,depleted,1.000
7810,Megamonas,genus,45328,"Diabetes Mellitus, Type 2",2,vs_health,2,0,0,enriched,1.0,2,5,4,1,9,0.556,enriched,enriched,association_and_abundance_agree,2,0,enriched,1.000
7810,Megamonas,genus,62143,"Renal Insufficiency, Chronic",2,mixed,0,1,0,depleted,1.0,1,2,4,1,6,0.667,depleted,depleted,association_and_abundance_agree,0,2,depleted,1.000
7813,Lactobacillus,genus,3086,"Arthritis, Rheumatoid",2,vs_health,1,1,0,,0.5,2,2,3,0,5,0.6,depleted,,unresolved_abundance_inconclusive,1,1,tied,0.500
7813,Lactobacillus,genus,46796,Diarrhea,2,vs_health,2,0,0,enriched,1.0,2,2,0,0,2,1.0,enriched,enriched,association_and_abundance_agree,2,0,enriched,1.000
7813,Lactobacillus,genus,56231,HIV Infections,2,vs_health,2,0,0,enriched,1.0,2,5,1,1,6,0.833,enriched,enriched,association_and_abundance_agree,2,0,enriched,1.000
7813,Lactobacillus,genus,62116,"Kidney Failure, Chronic",2,vs_health,2,0,0,enriched,1.0,2,3,0,1,3,1.0,enriched,enriched,association_and_abundance_agree,2,0,enriched,1.000
7813,Lactobacillus,genus,62143,"Renal Insufficiency, Chronic",2,vs_health,2,0,0,enriched,1.0,2,5,1,1,6,0.833,enriched,enriched,association_and_abundance_agree,2,0,enriched,1.000
7813,Lactobacillus,genus,72061,Obesity,2,vs_health,2,0,0,enriched,1.0,2,2,2,1,4,0.5,,enriched,association_consensus,2,0,enriched,1.000
7813,Lactobacillus,genus,73716,Parkinson Disease,2,vs_health,2,0,0,enriched,1.0,2,4,4,1,8,0.5,,enriched,association_consensus,2,0,enriched,1.000
7820,Ruthenibacterium lactatiformans,species,28066,COVID-19,2,vs_health,2,0,0,enriched,1.0,2,3,0,0,3,1.0,enriched,enriched,association_and_abundance_agree,2,0,enriched,1.000
7820,Ruthenibacterium lactatiformans,species,62116,"Kidney Failure, Chronic",2,vs_health,2,0,0,enriched,1.0,2,2,0,0,2,1.0,enriched,enriched,association_and_abundance_agree,2,0,enriched,1.000
7820,Ruthenibacterium lactatiformans,species,73716,Parkinson Disease,2,vs_health,2,0,0,enriched,1.0,2,6,0,0,6,1.0,enriched,enriched,association_and_abundance_agree,2,0,enriched,1.000
7821,Blautia glucerasea,species,73716,Parkinson Disease,2,vs_health,2,0,0,enriched,1.0,2,4,2,0,6,0.667,enriched,enriched,association_and_abundance_agree,2,0,enriched,1.000
7824,Romboutsia,genus,6511,Breast Neoplasms,2,vs_health,0,2,0,depleted,1.0,2,0,2,0,2,1.0,depleted,depleted,association_and_abundance_agree,0,2,depleted,1.000
7824,Romboutsia,genus,12711,"Colitis, Ulcerative",2,disease_vs_disease,0,0,0,,,0,9,4,2,13,0.692,enriched,enriched,abundance_only_no_case_control_association,2,0,enriched,1.000
7824,Romboutsia,genus,43846,"Depressive Disorder, Major",2,vs_health,0,2,0,depleted,1.0,2,0,3,0,3,1.0,depleted,depleted,association_and_abundance_agree,0,2,depleted,1.000
7824,Romboutsia,genus,69716,Neuroblastoma,2,vs_health,0,2,0,depleted,1.0,2,0,2,0,2,1.0,depleted,depleted,association_and_abundance_agree,0,2,depleted,1.000
7824,Romboutsia,genus,75391,Peutz-Jeghers Syndrome,2,vs_health,0,2,0,depleted,1.0,2,0,2,0,2,1.0,depleted,depleted,association_and_abundance_agree,0,2,depleted,1.000
7824,Romboutsia,genus,76576,Psoriasis,2,vs_health,1,1,0,,0.5,2,1,2,0,3,0.667,depleted,depleted,abundance_majority,1,1,tied,0.500
7825,Longicatena caecimuris,species,12713,Crohn Disease,2,mixed,1,0,0,enriched,1.0,1,5,2,1,7,0.714,enriched,enriched,association_and_abundance_agree,1,1,tied,0.500
7825,Longicatena caecimuris,species,48916,"Fatigue Syndrome, Chronic",2,vs_health,2,0,0,enriched,1.0,2,3,0,1,3,1.0,enriched,enriched,association_and_abundance_agree,2,0,enriched,1.000
7825,Longicatena caecimuris,species,62116,"Kidney Failure, Chronic",2,vs_health,2,0,0,enriched,1.0,2,2,0,0,2,1.0,enriched,enriched,association_and_abundance_agree,2,0,enriched,1.000
7827,Monoglobus pectinilyticus,species,12711,"Colitis, Ulcerative",2,mixed,0,1,0,depleted,1.0,1,3,2,2,5,0.6,enriched,depleted,association_consensus_abundance_disagrees,1,1,tied,0.500
7827,Monoglobus pectinilyticus,species,12713,Crohn Disease,2,mixed,1,1,0,,0.5,2,4,1,3,5,0.8,enriched,enriched,abundance_majority,1,2,depleted,0.667
7827,Monoglobus pectinilyticus,species,62116,"Kidney Failure, Chronic",2,mixed,2,0,0,enriched,1.0,2,2,0,0,2,1.0,enriched,enriched,association_and_abundance_agree,2,0,enriched,1.000
7828,Ruthenibacterium,genus,12711,"Colitis, Ulcerative",2,vs_health,1,1,0,,0.5,2,6,3,6,9,0.667,enriched,enriched,abundance_majority,1,1,tied,0.500
7828,Ruthenibacterium,genus,12713,Crohn Disease,2,vs_health,1,1,0,,0.5,2,8,1,8,9,0.889,enriched,enriched,abundance_majority,1,1,tied,0.500
7828,Ruthenibacterium,genus,28066,COVID-19,2,vs_health,2,0,0,enriched,1.0,2,3,0,6,3,1.0,enriched,enriched,association_and_abundance_agree,2,0,enriched,1.000
7828,Ruthenibacterium,genus,62116,"Kidney Failure, Chronic",2,vs_health,2,0,0,enriched,1.0,2,3,0,1,3,1.0,enriched,enriched,association_and_abundance_agree,2,0,enriched,1.000
7828,Ruthenibacterium,genus,73716,Parkinson Disease,2,vs_health,2,0,0,enriched,1.0,2,6,0,3,6,1.0,enriched,enriched,association_and_abundance_agree,2,0,enriched,1.000
7829,Escherichia,genus,1,Irritable Bowel Syndrome,2,vs_health,2,0,0,enriched,1.0,2,3,0,2,3,1.0,enriched,enriched,association_and_abundance_agree,2,0,enriched,1.000
7830,Evtepia gabavorous,species,12713,Crohn Disease,2,vs_health,1,1,0,,0.5,2,2,5,1,7,0.714,depleted,depleted,abundance_majority,1,1,tied,0.500
7830,Evtepia gabavorous,species,69716,Neuroblastoma,2,vs_health,0,2,0,depleted,1.0,2,0,2,0,2,1.0,depleted,depleted,association_and_abundance_agree,0,2,depleted,1.000
7830,Evtepia gabavorous,species,73716,Parkinson Disease,2,vs_health,2,0,0,enriched,1.0,2,3,3,0,6,0.5,,enriched,association_consensus,2,0,enriched,1.000
7833,Evtepia,genus,12711,"Colitis, Ulcerative",2,vs_health,0,2,0,depleted,1.0,2,0,7,8,7,1.0,depleted,depleted,association_and_abundance_agree,0,2,depleted,1.000
7833,Evtepia,genus,12713,Crohn Disease,2,vs_health,1,1,0,,0.5,2,2,6,9,8,0.75,depleted,depleted,abundance_majority,1,1,tied,0.500
7833,Evtepia,genus,69716,Neuroblastoma,2,vs_health,0,2,0,depleted,1.0,2,0,2,0,2,1.0,depleted,depleted,association_and_abundance_agree,0,2,depleted,1.000
7833,Evtepia,genus,73716,Parkinson Disease,2,vs_health,2,0,0,enriched,1.0,2,3,3,3,6,0.5,,enriched,association_consensus,2,0,enriched,1.000
7835,Blautia caecimuris,species,62116,"Kidney Failure, Chronic",2,vs_health,2,0,0,enriched,1.0,2,2,0,0,2,1.0,enriched,enriched,association_and_abundance_agree,2,0,enriched,1.000
7835,Blautia caecimuris,species,69716,Neuroblastoma,2,vs_health,2,0,0,enriched,1.0,2,2,0,0,2,1.0,enriched,enriched,association_and_abundance_agree,2,0,enriched,1.000
7836,Faecalimonas nexilis,species,62116,"Kidney Failure, Chronic",2,vs_health,2,0,0,enriched,1.0,2,2,0,0,2,1.0,enriched,enriched,association_and_abundance_agree,2,0,enriched,1.000
7837,Longicatena,genus,12713,Crohn Disease,2,mixed,1,0,0,enriched,1.0,1,7,2,8,9,0.778,enriched,enriched,association_and_abundance_agree,1,1,tied,0.500
7837,Longicatena,genus,48916,"Fatigue Syndrome, Chronic",2,vs_health,2,0,0,enriched,1.0,2,3,0,1,3,1.0,enriched,enriched,association_and_abundance_agree,2,0,enriched,1.000
7837,Longicatena,genus,62116,"Kidney Failure, Chronic",2,vs_health,2,0,0,enriched,1.0,2,3,0,1,3,1.0,enriched,enriched,association_and_abundance_agree,2,0,enriched,1.000
7839,Vescimonas,genus,1,Irritable Bowel Syndrome,2,vs_health,1,1,0,,0.5,2,1,1,3,2,0.5,,,unresolved_abundance_also_tied,1,1,tied,0.500
7839,Vescimonas,genus,28066,COVID-19,2,vs_health,0,2,0,depleted,1.0,2,1,2,6,3,0.667,depleted,depleted,association_and_abundance_agree,0,2,depleted,1.000
7839,Vescimonas,genus,48916,"Fatigue Syndrome, Chronic",2,vs_health,1,1,0,,0.5,2,2,1,1,3,0.667,enriched,enriched,abundance_majority,1,1,tied,0.500
7842,Tyzzerella,genus,4876,Autism Spectrum Disorder,2,vs_health,1,1,0,,0.5,2,4,2,2,6,0.667,enriched,enriched,abundance_majority,1,1,tied,0.500
7842,Tyzzerella,genus,7798,Liver Cirrhosis,2,mixed,0,1,0,depleted,1.0,1,0,2,0,2,1.0,depleted,depleted,association_and_abundance_agree,1,1,tied,0.500
7842,Tyzzerella,genus,28066,COVID-19,2,vs_health,1,1,0,,0.5,2,4,2,3,6,0.667,enriched,enriched,abundance_majority,1,1,tied,0.500
7842,Tyzzerella,genus,62143,"Renal Insufficiency, Chronic",2,vs_health,0,2,0,depleted,1.0,2,2,5,0,7,0.714,depleted,depleted,association_and_abundance_agree,0,2,depleted,1.000
7843,Desulfovibrio,genus,27836,Coronary Disease,2,vs_health,1,1,0,,0.5,2,1,1,0,2,0.5,,,unresolved_abundance_also_tied,1,1,tied,0.500
7843,Desulfovibrio,genus,46796,Diarrhea,2,vs_health,0,2,0,depleted,1.0,2,0,2,0,2,1.0,depleted,depleted,association_and_abundance_agree,0,2,depleted,1.000
7843,Desulfovibrio,genus,62116,"Kidney Failure, Chronic",2,vs_health,2,0,0,enriched,1.0,2,4,0,0,4,1.0,enriched,enriched,association_and_abundance_agree,2,0,enriched,1.000
7845,Anaerobutyricum,genus,18168,Inflammatory Bowel Diseases,2,vs_health,0,2,0,depleted,1.0,2,0,2,2,2,1.0,depleted,depleted,association_and_abundance_agree,0,2,depleted,1.000
7845,Anaerobutyricum,genus,28066,COVID-19,2,vs_health,0,2,0,depleted,1.0,2,1,2,6,3,0.667,depleted,depleted,association_and_abundance_agree,0,2,depleted,1.000
7846,Blautia faecis,species,18168,Inflammatory Bowel Diseases,2,vs_health,0,2,0,depleted,1.0,2,0,2,0,2,1.0,depleted,depleted,association_and_abundance_agree,0,2,depleted,1.000
7851,Streptococcus,genus,7766,"Carcinoma, Hepatocellular",2,vs_health,2,0,0,enriched,1.0,2,2,0,0,2,1.0,enriched,enriched,association_and_abundance_agree,2,0,enriched,1.000
7851,Streptococcus,genus,7798,Liver Cirrhosis,2,vs_health,2,0,0,enriched,1.0,2,2,0,0,2,1.0,enriched,enriched,association_and_abundance_agree,2,0,enriched,1.000
7851,Streptococcus,genus,11446,Clostridium Infections,2,vs_health,2,0,0,enriched,1.0,2,1,0,0,1,1.0,enriched,enriched,association_consensus,2,0,enriched,1.000
7851,Streptococcus,genus,44846,Diabetes Mellitus,2,vs_health,2,0,0,enriched,1.0,2,2,0,0,2,1.0,enriched,enriched,association_and_abundance_agree,2,0,enriched,1.000
7851,Streptococcus,genus,46141,"Diabetes, Gestational",2,vs_health,0,2,0,depleted,1.0,2,0,3,0,3,1.0,depleted,depleted,association_and_abundance_agree,0,2,depleted,1.000
7851,Streptococcus,genus,62143,"Renal Insufficiency, Chronic",2,vs_health,2,0,0,enriched,1.0,2,7,0,0,7,1.0,enriched,enriched,association_and_abundance_agree,2,0,enriched,1.000
7851,Streptococcus,genus,77286,"Purpura, Thrombocytopenic, Idiopathic",2,vs_health,2,0,0,enriched,1.0,2,2,0,0,2,1.0,enriched,enriched,association_and_abundance_agree,2,0,enriched,1.000
7855,Catenibacterium,genus,12711,"Colitis, Ulcerative",2,mixed,0,2,0,depleted,1.0,2,6,7,2,13,0.538,depleted,depleted,association_and_abundance_agree,0,2,depleted,1.000
7855,Catenibacterium,genus,20491,Colorectal Neoplasms,2,vs_health,1,1,0,,0.5,2,7,14,2,21,0.667,depleted,depleted,abundance_majority,1,1,tied,0.500
7855,Catenibacterium,genus,28066,COVID-19,2,vs_health,1,1,0,,0.5,2,4,3,2,7,0.571,enriched,,unresolved_abundance_inconclusive,1,1,tied,0.500
7855,Catenibacterium,genus,46796,Diarrhea,2,vs_health,0,2,0,depleted,1.0,2,1,1,0,2,0.5,,depleted,association_consensus,0,2,depleted,1.000
7855,Catenibacterium,genus,69131,Myasthenia Gravis,2,vs_health,1,1,0,,0.5,2,2,1,0,3,0.667,enriched,enriched,abundance_majority,1,1,tied,0.500
7855,Catenibacterium,genus,72061,Obesity,2,vs_health,2,0,0,enriched,1.0,2,4,0,1,4,1.0,enriched,enriched,association_and_abundance_agree,2,0,enriched,1.000
7855,Catenibacterium,genus,76576,Psoriasis,2,vs_health,1,1,0,,0.5,2,1,2,0,3,0.667,depleted,depleted,abundance_majority,1,1,tied,0.500
7857,Bifidobacterium,genus,4876,Autism Spectrum Disorder,2,vs_health,2,0,0,enriched,1.0,2,6,2,0,8,0.75,enriched,enriched,association_and_abundance_agree,2,0,enriched,1.000
7857,Bifidobacterium,genus,11373,Non-alcoholic Fatty Liver Disease,2,vs_health,0,2,0,depleted,1.0,2,2,1,0,3,0.667,enriched,depleted,association_consensus_abundance_disagrees,0,2,depleted,1.000
7857,Bifidobacterium,genus,45328,"Diabetes Mellitus, Type 2",2,vs_health,2,0,0,enriched,1.0,2,4,5,1,9,0.556,depleted,enriched,association_consensus_abundance_disagrees,2,0,enriched,1.000
7857,Bifidobacterium,genus,46796,Diarrhea,2,vs_health,0,2,0,depleted,1.0,2,1,1,0,2,0.5,,depleted,association_consensus,0,2,depleted,1.000
7857,Bifidobacterium,genus,55276,Hepatitis C,2,vs_health,0,2,0,depleted,1.0,2,0,2,0,2,1.0,depleted,depleted,association_and_abundance_agree,0,2,depleted,1.000
7857,Bifidobacterium,genus,65768,Spinal Cord Injuries,2,vs_health,1,1,0,,0.5,2,1,1,0,2,0.5,,,unresolved_abundance_also_tied,1,1,tied,0.500
7857,Bifidobacterium,genus,310607,Sjogren's Syndrome,2,vs_health,0,2,0,depleted,1.0,2,0,0,0,0,,,depleted,association_consensus,0,2,depleted,1.000
7857,Bifidobacterium,genus,310742,Vitiligo,2,vs_health,1,1,0,,0.5,2,0,0,0,0,,,,unresolved_no_abundance_evidence,1,1,tied,0.500
7858,Colidextribacter,genus,6511,Breast Neoplasms,2,vs_health,1,1,0,,0.5,2,1,1,0,2,0.5,,,unresolved_abundance_also_tied,1,1,tied,0.500
7858,Colidextribacter,genus,48916,"Fatigue Syndrome, Chronic",2,vs_health,0,2,0,depleted,1.0,2,0,3,1,3,1.0,depleted,depleted,association_and_abundance_agree,0,2,depleted,1.000
7858,Colidextribacter,genus,72061,Obesity,2,vs_health,0,2,0,depleted,1.0,2,0,3,2,3,1.0,depleted,depleted,association_and_abundance_agree,0,2,depleted,1.000
7860,Hungatella,genus,7798,Liver Cirrhosis,2,vs_health,2,0,0,enriched,1.0,2,2,0,0,2,1.0,enriched,enriched,association_and_abundance_agree,2,0,enriched,1.000
7860,Hungatella,genus,12711,"Colitis, Ulcerative",2,mixed,2,0,0,enriched,1.0,2,9,4,2,13,0.692,enriched,enriched,association_and_abundance_agree,2,1,enriched,0.667
7860,Hungatella,genus,48916,"Fatigue Syndrome, Chronic",2,vs_health,2,0,0,enriched,1.0,2,2,1,1,3,0.667,enriched,enriched,association_and_abundance_agree,2,0,enriched,1.000
7860,Hungatella,genus,56231,HIV Infections,2,vs_health,1,1,0,,0.5,2,3,3,1,6,0.5,,,unresolved_abundance_also_tied,1,1,tied,0.500
7860,Hungatella,genus,62143,"Renal Insufficiency, Chronic",2,vs_health,2,0,0,enriched,1.0,2,6,0,1,6,1.0,enriched,enriched,association_and_abundance_agree,2,0,enriched,1.000
7862,Marvinbryantia,genus,28066,COVID-19,2,vs_health,0,2,0,depleted,1.0,2,3,2,4,5,0.6,enriched,depleted,association_consensus_abundance_disagrees,0,2,depleted,1.000
7862,Marvinbryantia,genus,62116,"Kidney Failure, Chronic",2,vs_health,2,0,0,enriched,1.0,2,3,1,0,4,0.75,enriched,enriched,association_and_abundance_agree,2,0,enriched,1.000
7862,Marvinbryantia,genus,65768,Spinal Cord Injuries,2,vs_health,0,2,0,depleted,1.0,2,0,2,0,2,1.0,depleted,depleted,association_and_abundance_agree,0,2,depleted,1.000
7869,Atopobium,genus,7798,Liver Cirrhosis,2,vs_health,2,0,0,enriched,1.0,2,2,0,0,2,1.0,enriched,enriched,association_and_abundance_agree,2,0,enriched,1.000
7869,Atopobium,genus,11446,Clostridium Infections,2,vs_health,2,0,0,enriched,1.0,2,0,0,1,0,,,enriched,association_consensus,2,0,enriched,1.000
7869,Atopobium,genus,56231,HIV Infections,2,vs_health,2,0,0,enriched,1.0,2,5,1,1,6,0.833,enriched,enriched,association_and_abundance_agree,2,0,enriched,1.000
7870,Blautia,genus,1526,Alzheimer Disease,2,vs_health,2,0,0,enriched,1.0,2,2,1,0,3,0.667,enriched,enriched,association_and_abundance_agree,2,0,enriched,1.000
7870,Blautia,genus,7766,"Carcinoma, Hepatocellular",2,vs_health,1,1,0,,0.5,2,1,1,0,2,0.5,,,unresolved_abundance_also_tied,1,1,tied,0.500
7870,Blautia,genus,7798,Liver Cirrhosis,2,vs_health,1,1,0,,0.5,2,1,1,0,2,0.5,,,unresolved_abundance_also_tied,1,1,tied,0.500
7870,Blautia,genus,11373,Non-alcoholic Fatty Liver Disease,2,vs_health,0,2,0,depleted,1.0,2,2,1,0,3,0.667,enriched,depleted,association_consensus_abundance_disagrees,0,2,depleted,1.000
7870,Blautia,genus,45328,"Diabetes Mellitus, Type 2",2,vs_health,1,1,0,,0.5,2,3,6,1,9,0.667,depleted,depleted,abundance_majority,1,1,tied,0.500
7870,Blautia,genus,56231,HIV Infections,2,vs_health,1,1,0,,0.5,2,2,4,1,6,0.667,depleted,depleted,abundance_majority,1,1,tied,0.500
7870,Blautia,genus,73716,Parkinson Disease,2,vs_health,0,2,0,depleted,1.0,2,5,3,1,8,0.625,enriched,depleted,association_consensus_abundance_disagrees,0,2,depleted,1.000
7870,Blautia,genus,76226,Prostatic Neoplasms,2,vs_health,0,2,0,depleted,1.0,2,0,3,0,3,1.0,depleted,depleted,association_and_abundance_agree,0,2,depleted,1.000
7870,Blautia,genus,310607,Sjogren's Syndrome,2,vs_health,0,2,0,depleted,1.0,2,0,0,0,0,,,depleted,association_consensus,0,2,depleted,1.000
7871,Butyricicoccus,genus,4876,Autism Spectrum Disorder,2,vs_health,0,2,0,depleted,1.0,2,2,5,1,7,0.714,depleted,depleted,association_and_abundance_agree,0,2,depleted,1.000
7871,Butyricicoccus,genus,12711,"Colitis, Ulcerative",2,mixed,0,1,0,depleted,1.0,1,10,5,0,15,0.667,enriched,depleted,association_consensus_abundance_disagrees,1,1,tied,0.500
7871,Butyricicoccus,genus,18168,Inflammatory Bowel Diseases,2,vs_health,0,2,0,depleted,1.0,2,1,3,0,4,0.75,depleted,depleted,association_and_abundance_agree,0,2,depleted,1.000
7871,Butyricicoccus,genus,45328,"Diabetes Mellitus, Type 2",2,vs_health,0,2,0,depleted,1.0,2,5,4,1,9,0.556,enriched,depleted,association_consensus_abundance_disagrees,0,2,depleted,1.000
7871,Butyricicoccus,genus,62116,"Kidney Failure, Chronic",2,mixed,0,1,0,depleted,1.0,1,2,2,0,4,0.5,,depleted,association_consensus,1,1,tied,0.500
7872,Campylobacter,genus,12711,"Colitis, Ulcerative",2,vs_health,0,2,0,depleted,1.0,2,6,5,4,11,0.545,enriched,depleted,association_consensus_abundance_disagrees,0,2,depleted,1.000
7872,Campylobacter,genus,12713,Crohn Disease,2,vs_health,1,1,0,,0.5,2,7,3,7,10,0.7,enriched,enriched,abundance_majority,1,1,tied,0.500
7872,Campylobacter,genus,46796,Diarrhea,2,vs_health,2,0,0,enriched,1.0,2,2,0,0,2,1.0,enriched,enriched,association_and_abundance_agree,2,0,enriched,1.000
7872,Campylobacter,genus,72061,Obesity,2,vs_health,2,0,0,enriched,1.0,2,2,1,2,3,0.667,enriched,enriched,association_and_abundance_agree,2,0,enriched,1.000
7876,Dorea,genus,6511,Breast Neoplasms,2,vs_health,0,2,0,depleted,1.0,2,0,2,0,2,1.0,depleted,depleted,association_and_abundance_agree,0,2,depleted,1.000
7876,Dorea,genus,65768,Spinal Cord Injuries,2,vs_health,0,2,0,depleted,1.0,2,0,2,0,2,1.0,depleted,depleted,association_and_abundance_agree,0,2,depleted,1.000
7876,Dorea,genus,66816,Lung Neoplasms,2,vs_health,0,2,0,depleted,1.0,2,0,2,0,2,1.0,depleted,depleted,association_and_abundance_agree,0,2,depleted,1.000
7876,Dorea,genus,72061,Obesity,2,vs_health,2,0,0,enriched,1.0,2,3,2,0,5,0.6,enriched,enriched,association_and_abundance_agree,2,0,enriched,1.000
7876,Dorea,genus,75391,Peutz-Jeghers Syndrome,2,vs_health,1,1,0,,0.5,2,1,1,0,2,0.5,,,unresolved_abundance_also_tied,1,1,tied,0.500
7877,Enterococcus,genus,3086,"Arthritis, Rheumatoid",2,vs_health,0,2,0,depleted,1.0,2,3,2,0,5,0.6,enriched,depleted,association_consensus_abundance_disagrees,0,2,depleted,1.000
7877,Enterococcus,genus,28066,COVID-19,2,vs_health,1,1,0,,0.5,2,4,4,1,8,0.5,,,unresolved_abundance_also_tied,1,1,tied,0.500
7877,Enterococcus,genus,53356,"Hand, Foot and Mouth Disease",2,vs_health,2,0,0,enriched,1.0,2,2,0,0,2,1.0,enriched,enriched,association_and_abundance_agree,2,0,enriched,1.000
7881,Intestinimonas,genus,2536,Anorexia Nervosa,2,vs_health,2,0,0,enriched,1.0,2,2,0,0,2,1.0,enriched,enriched,association_and_abundance_agree,2,0,enriched,1.000
7881,Intestinimonas,genus,3086,"Arthritis, Rheumatoid",2,vs_health,1,1,0,,0.5,2,4,1,0,5,0.8,enriched,enriched,abundance_majority,1,1,tied,0.500
7881,Intestinimonas,genus,62116,"Kidney Failure, Chronic",2,vs_health,2,0,0,enriched,1.0,2,4,0,0,4,1.0,enriched,enriched,association_and_abundance_agree,2,0,enriched,1.000
7881,Intestinimonas,genus,73716,Parkinson Disease,2,vs_health,2,0,0,enriched,1.0,2,7,1,1,8,0.875,enriched,enriched,association_and_abundance_agree,2,0,enriched,1.000
7882,Lacticaseibacillus,genus,2536,Anorexia Nervosa,2,vs_health,2,0,0,enriched,1.0,2,2,0,0,2,1.0,enriched,enriched,association_and_abundance_agree,2,0,enriched,1.000
7882,Lacticaseibacillus,genus,12713,Crohn Disease,2,vs_health,2,0,0,enriched,1.0,2,8,6,3,14,0.571,enriched,enriched,association_and_abundance_agree,2,0,enriched,1.000
7888,Rothia,genus,7798,Liver Cirrhosis,2,mixed,1,0,0,enriched,1.0,1,1,1,0,2,0.5,,enriched,association_consensus,1,1,tied,0.500
7888,Rothia,genus,12713,Crohn Disease,2,mixed,2,0,0,enriched,1.0,2,9,5,3,14,0.643,enriched,enriched,association_and_abundance_agree,2,0,enriched,1.000
7888,Rothia,genus,28066,COVID-19,2,vs_health,1,1,0,,0.5,2,5,3,1,8,0.625,enriched,enriched,abundance_majority,1,1,tied,0.500
7888,Rothia,genus,53356,"Hand, Foot and Mouth Disease",2,vs_health,1,1,0,,0.5,2,1,1,0,2,0.5,,,unresolved_abundance_also_tied,1,1,tied,0.500
7889,Subdoligranulum,genus,9181,Celiac Disease,2,vs_health,0,2,0,depleted,1.0,2,0,2,0,2,1.0,depleted,depleted,association_and_abundance_agree,0,2,depleted,1.000
7889,Subdoligranulum,genus,11373,Non-alcoholic Fatty Liver Disease,2,vs_health,0,2,0,depleted,1.0,2,0,2,1,2,1.0,depleted,depleted,association_and_abundance_agree,0,2,depleted,1.000
7889,Subdoligranulum,genus,56231,HIV Infections,2,vs_health,0,2,0,depleted,1.0,2,1,4,2,5,0.8,depleted,depleted,association_and_abundance_agree,0,2,depleted,1.000
7889,Subdoligranulum,genus,65768,Spinal Cord Injuries,2,vs_health,0,2,0,depleted,1.0,2,0,2,0,2,1.0,depleted,depleted,association_and_abundance_agree,0,2,depleted,1.000
7890,Veillonella,genus,7766,"Carcinoma, Hepatocellular",2,mixed,1,0,0,enriched,1.0,1,2,0,0,2,1.0,enriched,enriched,association_and_abundance_agree,1,1,tied,0.500
7890,Veillonella,genus,11446,Clostridium Infections,2,vs_health,2,0,0,enriched,1.0,2,0,1,0,1,1.0,depleted,enriched,association_consensus,2,0,enriched,1.000
7890,Veillonella,genus,12711,"Colitis, Ulcerative",2,mixed,2,0,0,enriched,1.0,2,13,2,0,15,0.867,enriched,enriched,association_and_abundance_agree,2,1,enriched,0.667
7890,Veillonella,genus,28066,COVID-19,2,vs_health,0,2,0,depleted,1.0,2,4,5,0,9,0.556,depleted,depleted,association_and_abundance_agree,0,2,depleted,1.000
7890,Veillonella,genus,48916,"Fatigue Syndrome, Chronic",2,vs_health,2,0,0,enriched,1.0,2,2,1,1,3,0.667,enriched,enriched,association_and_abundance_agree,2,0,enriched,1.000
7890,Veillonella,genus,62143,"Renal Insufficiency, Chronic",2,vs_health,2,0,0,enriched,1.0,2,4,2,1,6,0.667,enriched,enriched,association_and_abundance_agree,2,0,enriched,1.000
7890,Veillonella,genus,77286,"Purpura, Thrombocytopenic, Idiopathic",2,vs_health,2,0,0,enriched,1.0,2,2,0,0,2,1.0,enriched,enriched,association_and_abundance_agree,2,0,enriched,1.000
7891,Weissella,genus,28066,COVID-19,2,vs_health,0,2,0,depleted,1.0,2,2,5,2,7,0.714,depleted,depleted,association_and_abundance_agree,0,2,depleted,1.000
7891,Weissella,genus,62143,"Renal Insufficiency, Chronic",2,vs_health,2,0,0,enriched,1.0,2,6,0,1,6,1.0,enriched,enriched,association_and_abundance_agree,2,0,enriched,1.000
7892,Caproiciproducens,genus,12713,Crohn Disease,2,vs_health,0,2,0,depleted,1.0,2,1,3,13,4,0.75,depleted,depleted,association_and_abundance_agree,0,2,depleted,1.000
7901,Clostridium,genus,6511,Breast Neoplasms,2,vs_health,0,2,0,depleted,1.0,2,0,2,0,2,1.0,depleted,depleted,association_and_abundance_agree,0,2,depleted,1.000
7901,Clostridium,genus,11373,Non-alcoholic Fatty Liver Disease,2,mixed,0,1,0,depleted,1.0,1,1,1,1,2,0.5,,depleted,association_consensus,0,2,depleted,1.000
7901,Clostridium,genus,28066,COVID-19,2,vs_health,0,2,0,depleted,1.0,2,5,4,0,9,0.556,enriched,depleted,association_consensus_abundance_disagrees,0,2,depleted,1.000
7901,Clostridium,genus,43846,"Depressive Disorder, Major",2,vs_health,0,2,0,depleted,1.0,2,0,3,0,3,1.0,depleted,depleted,association_and_abundance_agree,0,2,depleted,1.000
7901,Clostridium,genus,44846,Diabetes Mellitus,2,vs_health,0,2,0,depleted,1.0,2,0,2,0,2,1.0,depleted,depleted,association_and_abundance_agree,0,2,depleted,1.000
7901,Clostridium,genus,46796,Diarrhea,2,vs_health,1,1,0,,0.5,2,1,1,0,2,0.5,,,unresolved_abundance_also_tied,1,1,tied,0.500
7901,Clostridium,genus,62116,"Kidney Failure, Chronic",2,vs_health,1,1,0,,0.5,2,2,2,0,4,0.5,,,unresolved_abundance_also_tied,1,1,tied,0.500
7901,Clostridium,genus,62143,"Renal Insufficiency, Chronic",2,vs_health,2,0,0,enriched,1.0,2,6,1,0,7,0.857,enriched,enriched,association_and_abundance_agree,2,0,enriched,1.000
7948,Blastocystis,genus,20491,Colorectal Neoplasms,2,vs_health,0,2,0,depleted,1.0,2,4,5,14,9,0.556,depleted,depleted,association_and_abundance_agree,0,2,depleted,1.000
7948,Blastocystis,genus,48916,"Fatigue Syndrome, Chronic",2,vs_health,0,2,0,depleted,1.0,2,0,3,1,3,1.0,depleted,depleted,association_and_abundance_agree,0,2,depleted,1.000
7951,Blautia stercoris,species,20491,Colorectal Neoplasms,2,vs_health,0,2,0,depleted,1.0,2,3,6,1,9,0.667,depleted,depleted,association_and_abundance_agree,0,2,depleted,1.000
7951,Blautia stercoris,species,28066,COVID-19,2,vs_health,0,2,0,depleted,1.0,2,1,2,0,3,0.667,depleted,depleted,association_and_abundance_agree,0,2,depleted,1.000
7951,Blautia stercoris,species,48916,"Fatigue Syndrome, Chronic",2,vs_health,0,2,0,depleted,1.0,2,0,3,1,3,1.0,depleted,depleted,association_and_abundance_agree,0,2,depleted,1.000
7951,Blautia stercoris,species,62116,"Kidney Failure, Chronic",2,mixed,0,2,0,depleted,1.0,2,0,2,0,2,1.0,depleted,depleted,association_and_abundance_agree,0,2,depleted,1.000
7953,Clostridiaceae bacterium marseille-q4143,species,28066,COVID-19,2,vs_health,0,2,0,depleted,1.0,2,1,2,0,3,0.667,depleted,depleted,association_and_abundance_agree,0,2,depleted,1.000
7953,Clostridiaceae bacterium marseille-q4143,species,73716,Parkinson Disease,2,vs_health,0,2,0,depleted,1.0,2,2,4,0,6,0.667,depleted,depleted,association_and_abundance_agree,0,2,depleted,1.000
7954,Clostridiaceae bacterium marseille-q4145,species,20491,Colorectal Neoplasms,2,vs_health,0,2,0,depleted,1.0,2,3,5,2,8,0.625,depleted,depleted,association_and_abundance_agree,0,2,depleted,1.000
7956,Clostridium sp. af20-17lb,species,12711,"Colitis, Ulcerative",2,mixed,2,0,0,enriched,1.0,2,6,1,0,7,0.857,enriched,enriched,association_and_abundance_agree,2,0,enriched,1.000
7956,Clostridium sp. af20-17lb,species,62116,"Kidney Failure, Chronic",2,vs_health,1,1,0,,0.5,2,1,1,0,2,0.5,,,unresolved_abundance_also_tied,1,1,tied,0.500
7956,Clostridium sp. af20-17lb,species,69716,Neuroblastoma,2,vs_health,2,0,0,enriched,1.0,2,2,0,0,2,1.0,enriched,enriched,association_and_abundance_agree,2,0,enriched,1.000
7957,Clostridium sp. am22-11ac,species,62116,"Kidney Failure, Chronic",2,mixed,0,2,0,depleted,1.0,2,0,2,0,2,1.0,depleted,depleted,association_and_abundance_agree,0,2,depleted,1.000
7957,Clostridium sp. am22-11ac,species,76576,Psoriasis,2,vs_health,1,1,0,,0.5,2,1,1,0,2,0.5,,,unresolved_abundance_also_tied,1,1,tied,0.500
7958,Clostridium sp. am33-3,species,62116,"Kidney Failure, Chronic",2,mixed,0,1,0,depleted,1.0,1,1,1,0,2,0.5,,depleted,association_consensus,1,1,tied,0.500
7959,Clostridium sp. am49-4bh,species,69716,Neuroblastoma,2,vs_health,1,1,0,,0.5,2,1,1,0,2,0.5,,,unresolved_abundance_also_tied,1,1,tied,0.500
7960,Enterocloster,genus,48916,"Fatigue Syndrome, Chronic",2,vs_health,2,0,0,enriched,1.0,2,3,0,1,3,1.0,enriched,enriched,association_and_abundance_agree,2,0,enriched,1.000
7960,Enterocloster,genus,51326,Fibromyalgia,2,vs_health,2,0,0,enriched,1.0,2,2,0,0,2,1.0,enriched,enriched,association_and_abundance_agree,2,0,enriched,1.000
7960,Enterocloster,genus,62116,"Kidney Failure, Chronic",2,vs_health,2,0,0,enriched,1.0,2,3,0,1,3,1.0,enriched,enriched,association_and_abundance_agree,2,0,enriched,1.000
7961,Enterocloster hominis (ex liu et al. 2021),species,51326,Fibromyalgia,2,vs_health,2,0,0,enriched,1.0,2,2,0,0,2,1.0,enriched,enriched,association_and_abundance_agree,2,0,enriched,1.000
7961,Enterocloster hominis (ex liu et al. 2021),species,62116,"Kidney Failure, Chronic",2,vs_health,2,0,0,enriched,1.0,2,2,0,0,2,1.0,enriched,enriched,association_and_abundance_agree,2,0,enriched,1.000
7961,Enterocloster hominis (ex liu et al. 2021),species,69716,Neuroblastoma,2,vs_health,0,2,0,depleted,1.0,2,0,2,0,2,1.0,depleted,depleted,association_and_abundance_agree,0,2,depleted,1.000
7972,Latilactobacillus,genus,28066,COVID-19,2,vs_health,0,2,0,depleted,1.0,2,0,4,5,4,1.0,depleted,depleted,association_and_abundance_agree,0,2,depleted,1.000
7974,Mediterraneibacter glycyrrhizinilyticus,species,20491,Colorectal Neoplasms,2,mixed,0,1,0,depleted,1.0,1,2,5,3,7,0.714,depleted,depleted,association_and_abundance_agree,0,2,depleted,1.000
7974,Mediterraneibacter glycyrrhizinilyticus,species,48916,"Fatigue Syndrome, Chronic",2,vs_health,2,0,0,enriched,1.0,2,3,0,1,3,1.0,enriched,enriched,association_and_abundance_agree,2,0,enriched,1.000
7974,Mediterraneibacter glycyrrhizinilyticus,species,62116,"Kidney Failure, Chronic",2,vs_health,2,0,0,enriched,1.0,2,2,0,0,2,1.0,enriched,enriched,association_and_abundance_agree,2,0,enriched,1.000
7977,Pseudoruminococcus,genus,12713,Crohn Disease,2,vs_health,0,2,0,depleted,1.0,2,2,7,8,9,0.778,depleted,depleted,association_and_abundance_agree,0,2,depleted,1.000
7979,Roseburia sp. am23-20,species,12713,Crohn Disease,2,vs_health,0,2,0,depleted,1.0,2,2,2,4,4,0.5,,depleted,association_consensus,0,2,depleted,1.000
7989,Agathobacter rectalis,species,18168,Inflammatory Bowel Diseases,2,vs_health,0,2,0,depleted,1.0,2,0,2,0,2,1.0,depleted,depleted,association_and_abundance_agree,0,2,depleted,1.000
7989,Agathobacter rectalis,species,44996,"Diabetes Mellitus, Type 1",2,vs_health,0,2,0,depleted,1.0,2,0,2,0,2,1.0,depleted,depleted,association_and_abundance_agree,0,2,depleted,1.000
7989,Agathobacter rectalis,species,62116,"Kidney Failure, Chronic",2,vs_health,0,2,0,depleted,1.0,2,0,2,0,2,1.0,depleted,depleted,association_and_abundance_agree,0,2,depleted,1.000
7989,Agathobacter rectalis,species,69716,Neuroblastoma,2,vs_health,0,2,0,depleted,1.0,2,0,2,0,2,1.0,depleted,depleted,association_and_abundance_agree,0,2,depleted,1.000
8000,Anaerotignum,genus,12711,"Colitis, Ulcerative",2,mixed,0,1,0,depleted,1.0,1,5,4,6,9,0.556,enriched,depleted,association_consensus_abundance_disagrees,2,1,enriched,0.667
8000,Anaerotignum,genus,20491,Colorectal Neoplasms,2,vs_health,2,0,0,enriched,1.0,2,11,1,11,12,0.917,enriched,enriched,association_and_abundance_agree,2,0,enriched,1.000
8000,Anaerotignum,genus,69716,Neuroblastoma,2,vs_health,0,2,0,depleted,1.0,2,0,2,0,2,1.0,depleted,depleted,association_and_abundance_agree,0,2,depleted,1.000
8007,Blautia massiliensis (ex durand et al. 2017),species,4876,Autism Spectrum Disorder,2,vs_health,0,2,0,depleted,1.0,2,0,2,0,2,1.0,depleted,depleted,association_and_abundance_agree,0,2,depleted,1.000
8007,Blautia massiliensis (ex durand et al. 2017),species,18168,Inflammatory Bowel Diseases,2,vs_health,0,2,0,depleted,1.0,2,0,2,0,2,1.0,depleted,depleted,association_and_abundance_agree,0,2,depleted,1.000
8007,Blautia massiliensis (ex durand et al. 2017),species,28066,COVID-19,2,vs_health,0,2,0,depleted,1.0,2,1,2,0,3,0.667,depleted,depleted,association_and_abundance_agree,0,2,depleted,1.000
8007,Blautia massiliensis (ex durand et al. 2017),species,48916,"Fatigue Syndrome, Chronic",2,vs_health,0,2,0,depleted,1.0,2,1,2,1,3,0.667,depleted,depleted,association_and_abundance_agree,0,2,depleted,1.000
8007,Blautia massiliensis (ex durand et al. 2017),species,69716,Neuroblastoma,2,vs_health,0,2,0,depleted,1.0,2,0,2,0,2,1.0,depleted,depleted,association_and_abundance_agree,0,2,depleted,1.000
8011,Candidatus Cibiobacter,genus,28066,COVID-19,2,vs_health,0,2,0,depleted,1.0,2,0,3,6,3,1.0,depleted,depleted,association_and_abundance_agree,0,2,depleted,1.000
8011,Candidatus Cibiobacter,genus,73716,Parkinson Disease,2,vs_health,2,0,0,enriched,1.0,2,3,3,3,6,0.5,,enriched,association_consensus,2,0,enriched,1.000
8012,Candidatus Cibiobacter qucibialis,species,28066,COVID-19,2,vs_health,0,2,0,depleted,1.0,2,0,3,0,3,1.0,depleted,depleted,association_and_abundance_agree,0,2,depleted,1.000
8012,Candidatus Cibiobacter qucibialis,species,73716,Parkinson Disease,2,vs_health,2,0,0,enriched,1.0,2,3,3,0,6,0.5,,enriched,association_consensus,2,0,enriched,1.000
8020,Clostridium sp. am42-4,species,62116,"Kidney Failure, Chronic",2,vs_health,0,2,0,depleted,1.0,2,0,2,0,2,1.0,depleted,depleted,association_and_abundance_agree,0,2,depleted,1.000
8028,Enterocloster aldenensis,species,48916,"Fatigue Syndrome, Chronic",2,vs_health,2,0,0,enriched,1.0,2,3,0,1,3,1.0,enriched,enriched,association_and_abundance_agree,2,0,enriched,1.000
8028,Enterocloster aldenensis,species,62116,"Kidney Failure, Chronic",2,mixed,2,0,0,enriched,1.0,2,2,0,0,2,1.0,enriched,enriched,association_and_abundance_agree,2,0,enriched,1.000
8030,Eubacteriaceae bacterium,species,20491,Colorectal Neoplasms,2,vs_health,0,2,0,depleted,1.0,2,5,5,0,10,0.5,,depleted,association_consensus,0,2,depleted,1.000
8037,Faecalibacillus,genus,28066,COVID-19,2,vs_health,0,2,0,depleted,1.0,2,1,2,6,3,0.667,depleted,depleted,association_and_abundance_agree,0,2,depleted,1.000
8037,Faecalibacillus,genus,48916,"Fatigue Syndrome, Chronic",2,vs_health,1,1,0,,0.5,2,2,2,0,4,0.5,,,unresolved_abundance_also_tied,1,1,tied,0.500
8037,Faecalibacillus,genus,62116,"Kidney Failure, Chronic",2,vs_health,0,2,0,depleted,1.0,2,0,3,1,3,1.0,depleted,depleted,association_and_abundance_agree,0,2,depleted,1.000
8037,Faecalibacillus,genus,69716,Neuroblastoma,2,vs_health,0,2,0,depleted,1.0,2,0,2,0,2,1.0,depleted,depleted,association_and_abundance_agree,0,2,depleted,1.000
8038,Faecalibacillus intestinalis,species,20491,Colorectal Neoplasms,2,vs_health,0,2,0,depleted,1.0,2,5,5,0,10,0.5,,depleted,association_consensus,0,2,depleted,1.000
8038,Faecalibacillus intestinalis,species,28066,COVID-19,2,vs_health,0,2,0,depleted,1.0,2,1,2,0,3,0.667,depleted,depleted,association_and_abundance_agree,0,2,depleted,1.000
8038,Faecalibacillus intestinalis,species,48916,"Fatigue Syndrome, Chronic",2,vs_health,1,1,0,,0.5,2,2,2,0,4,0.5,,,unresolved_abundance_also_tied,1,1,tied,0.500
8038,Faecalibacillus intestinalis,species,62116,"Kidney Failure, Chronic",2,vs_health,0,2,0,depleted,1.0,2,0,2,0,2,1.0,depleted,depleted,association_and_abundance_agree,0,2,depleted,1.000
8038,Faecalibacillus intestinalis,species,69716,Neuroblastoma,2,vs_health,0,2,0,depleted,1.0,2,0,2,0,2,1.0,depleted,depleted,association_and_abundance_agree,0,2,depleted,1.000
8042,Frisingicoccus,genus,20491,Colorectal Neoplasms,2,mixed,2,0,0,enriched,1.0,2,13,3,7,16,0.812,enriched,enriched,association_and_abundance_agree,2,0,enriched,1.000
8044,Fusicatenibacter saccharivorans,species,18168,Inflammatory Bowel Diseases,2,vs_health,0,2,0,depleted,1.0,2,0,2,0,2,1.0,depleted,depleted,association_and_abundance_agree,0,2,depleted,1.000
8044,Fusicatenibacter saccharivorans,species,62116,"Kidney Failure, Chronic",2,vs_health,1,1,0,,0.5,2,1,1,0,2,0.5,,,unresolved_abundance_also_tied,1,1,tied,0.500
8047,Gemmiger,genus,28066,COVID-19,2,vs_health,0,2,0,depleted,1.0,2,1,2,6,3,0.667,depleted,depleted,association_and_abundance_agree,0,2,depleted,1.000
8047,Gemmiger,genus,46796,Diarrhea,2,vs_health,1,1,0,,0.5,2,0,1,1,1,1.0,depleted,,unresolved_no_abundance_evidence,1,1,tied,0.500
8047,Gemmiger,genus,62116,"Kidney Failure, Chronic",2,vs_health,2,0,0,enriched,1.0,2,3,0,1,3,1.0,enriched,enriched,association_and_abundance_agree,2,0,enriched,1.000
8047,Gemmiger,genus,69716,Neuroblastoma,2,vs_health,0,2,0,depleted,1.0,2,0,2,0,2,1.0,depleted,depleted,association_and_abundance_agree,0,2,depleted,1.000
8047,Gemmiger,genus,310241,Migraine Disorders,2,vs_health,2,0,0,enriched,1.0,2,0,0,0,0,,,enriched,association_consensus,2,0,enriched,1.000
8057,Lachnospiraceae bacterium am48-27bh,species,62116,"Kidney Failure, Chronic",2,mixed,0,1,0,depleted,1.0,1,1,1,0,2,0.5,,depleted,association_consensus,1,1,tied,0.500
8058,Lacrimispora,genus,4876,Autism Spectrum Disorder,2,vs_health,0,2,0,depleted,1.0,2,1,2,5,3,0.667,depleted,depleted,association_and_abundance_agree,0,2,depleted,1.000
8058,Lacrimispora,genus,12711,"Colitis, Ulcerative",2,disease_vs_disease,0,0,0,,,0,4,5,6,9,0.556,depleted,,unresolved_abundance_inconclusive,1,1,tied,0.500
8058,Lacrimispora,genus,62116,"Kidney Failure, Chronic",2,mixed,1,1,0,,0.5,2,2,1,1,3,0.667,enriched,enriched,abundance_majority,1,1,tied,0.500
8058,Lacrimispora,genus,69716,Neuroblastoma,2,vs_health,0,2,0,depleted,1.0,2,0,2,0,2,1.0,depleted,depleted,association_and_abundance_agree,0,2,depleted,1.000
8059,Lacrimispora amygdalina,species,4876,Autism Spectrum Disorder,2,vs_health,0,2,0,depleted,1.0,2,0,2,0,2,1.0,depleted,depleted,association_and_abundance_agree,0,2,depleted,1.000
8059,Lacrimispora amygdalina,species,12711,"Colitis, Ulcerative",2,disease_vs_disease,0,0,0,,,0,3,4,0,7,0.571,depleted,,unresolved_abundance_inconclusive,2,0,enriched,1.000
8059,Lacrimispora amygdalina,species,62116,"Kidney Failure, Chronic",2,mixed,1,1,0,,0.5,2,1,1,0,2,0.5,,,unresolved_abundance_also_tied,1,1,tied,0.500
8059,Lacrimispora amygdalina,species,69716,Neuroblastoma,2,vs_health,0,2,0,depleted,1.0,2,0,2,0,2,1.0,depleted,depleted,association_and_abundance_agree,0,2,depleted,1.000
8061,Mediterraneibacter faecis,species,18168,Inflammatory Bowel Diseases,2,vs_health,0,2,0,depleted,1.0,2,0,2,0,2,1.0,depleted,depleted,association_and_abundance_agree,0,2,depleted,1.000
8061,Mediterraneibacter faecis,species,28066,COVID-19,2,vs_health,0,2,0,depleted,1.0,2,1,2,0,3,0.667,depleted,depleted,association_and_abundance_agree,0,2,depleted,1.000
8061,Mediterraneibacter faecis,species,62116,"Kidney Failure, Chronic",2,vs_health,0,2,0,depleted,1.0,2,0,2,0,2,1.0,depleted,depleted,association_and_abundance_agree,0,2,depleted,1.000
8061,Mediterraneibacter faecis,species,69716,Neuroblastoma,2,vs_health,0,2,0,depleted,1.0,2,0,2,0,2,1.0,depleted,depleted,association_and_abundance_agree,0,2,depleted,1.000
8077,Romboutsia timonensis,species,12711,"Colitis, Ulcerative",2,disease_vs_disease,0,0,0,,,0,5,2,0,7,0.714,enriched,enriched,abundance_only_no_case_control_association,2,0,enriched,1.000
8077,Romboutsia timonensis,species,43846,"Depressive Disorder, Major",2,vs_health,0,2,0,depleted,1.0,2,0,2,0,2,1.0,depleted,depleted,association_and_abundance_agree,0,2,depleted,1.000
8077,Romboutsia timonensis,species,62116,"Kidney Failure, Chronic",2,mixed,0,2,0,depleted,1.0,2,0,2,0,2,1.0,depleted,depleted,association_and_abundance_agree,0,2,depleted,1.000
8077,Romboutsia timonensis,species,69716,Neuroblastoma,2,vs_health,0,2,0,depleted,1.0,2,0,2,0,2,1.0,depleted,depleted,association_and_abundance_agree,0,2,depleted,1.000
8077,Romboutsia timonensis,species,76576,Psoriasis,2,vs_health,1,1,0,,0.5,2,1,1,0,2,0.5,,,unresolved_abundance_also_tied,1,1,tied,0.500
8085,Segatella hominis,species,12711,"Colitis, Ulcerative",2,mixed,1,0,0,enriched,1.0,1,3,4,0,7,0.571,depleted,enriched,association_consensus_abundance_disagrees,1,1,tied,0.500
8085,Segatella hominis,species,62116,"Kidney Failure, Chronic",2,vs_health,0,2,0,depleted,1.0,2,0,2,0,2,1.0,depleted,depleted,association_and_abundance_agree,0,2,depleted,1.000
8086,Simiaoa,genus,20491,Colorectal Neoplasms,2,vs_health,0,2,0,depleted,1.0,2,6,4,13,10,0.6,enriched,depleted,association_consensus_abundance_disagrees,0,2,depleted,1.000
8086,Simiaoa,genus,28066,COVID-19,2,vs_health,1,1,0,,0.5,2,2,1,6,3,0.667,enriched,enriched,abundance_majority,1,1,tied,0.500
8086,Simiaoa,genus,62116,"Kidney Failure, Chronic",2,vs_health,2,0,0,enriched,1.0,2,2,0,2,2,1.0,enriched,enriched,association_and_abundance_agree,2,0,enriched,1.000
8086,Simiaoa,genus,69716,Neuroblastoma,2,vs_health,1,1,0,,0.5,2,1,1,0,2,0.5,,,unresolved_abundance_also_tied,1,1,tied,0.500
8087,Simiaoa sunii,species,20491,Colorectal Neoplasms,2,vs_health,0,2,0,depleted,1.0,2,5,5,0,10,0.5,,depleted,association_consensus,0,2,depleted,1.000
8087,Simiaoa sunii,species,28066,COVID-19,2,vs_health,1,1,0,,0.5,2,2,1,0,3,0.667,enriched,enriched,abundance_majority,1,1,tied,0.500
8087,Simiaoa sunii,species,62116,"Kidney Failure, Chronic",2,vs_health,2,0,0,enriched,1.0,2,2,0,0,2,1.0,enriched,enriched,association_and_abundance_agree,2,0,enriched,1.000
8087,Simiaoa sunii,species,69716,Neuroblastoma,2,vs_health,1,1,0,,0.5,2,1,1,0,2,0.5,,,unresolved_abundance_also_tied,1,1,tied,0.500
8089,Thomasclavelia ramosa,species,28066,COVID-19,2,vs_health,2,0,0,enriched,1.0,2,3,0,0,3,1.0,enriched,enriched,association_and_abundance_agree,2,0,enriched,1.000
8089,Thomasclavelia ramosa,species,48916,"Fatigue Syndrome, Chronic",2,vs_health,2,0,0,enriched,1.0,2,3,0,1,3,1.0,enriched,enriched,association_and_abundance_agree,2,0,enriched,1.000
8089,Thomasclavelia ramosa,species,62116,"Kidney Failure, Chronic",2,vs_health,2,0,0,enriched,1.0,2,2,0,0,2,1.0,enriched,enriched,association_and_abundance_agree,2,0,enriched,1.000
8091,Turicibacter bilis,species,12711,"Colitis, Ulcerative",2,mixed,1,0,0,enriched,1.0,1,6,1,0,7,0.857,enriched,enriched,association_and_abundance_agree,2,0,enriched,1.000
8091,Turicibacter bilis,species,12713,Crohn Disease,2,mixed,1,0,0,enriched,1.0,1,7,0,1,7,1.0,enriched,enriched,association_and_abundance_agree,1,1,tied,0.500
8091,Turicibacter bilis,species,62116,"Kidney Failure, Chronic",2,mixed,1,1,0,,0.5,2,1,1,0,2,0.5,,,unresolved_abundance_also_tied,1,1,tied,0.500
8096,Agathobacter,genus,2536,Anorexia Nervosa,2,vs_health,0,2,0,depleted,1.0,2,0,2,0,2,1.0,depleted,depleted,association_and_abundance_agree,0,2,depleted,1.000
8096,Agathobacter,genus,28066,COVID-19,2,vs_health,1,1,0,,0.5,2,3,2,4,5,0.6,enriched,,unresolved_abundance_inconclusive,1,1,tied,0.500
8096,Agathobacter,genus,45328,"Diabetes Mellitus, Type 2",2,vs_health,0,2,0,depleted,1.0,2,5,4,1,9,0.556,enriched,depleted,association_consensus_abundance_disagrees,0,2,depleted,1.000
8096,Agathobacter,genus,55276,Hepatitis C,2,vs_health,1,1,0,,0.5,2,1,1,0,2,0.5,,,unresolved_abundance_also_tied,1,1,tied,0.500
8096,Agathobacter,genus,62143,"Renal Insufficiency, Chronic",2,vs_health,1,1,0,,0.5,2,2,4,1,6,0.667,depleted,depleted,abundance_majority,1,1,tied,0.500
8100,Alloprevotella,genus,28066,COVID-19,2,vs_health,0,2,0,depleted,1.0,2,2,3,4,5,0.6,depleted,depleted,association_and_abundance_agree,0,2,depleted,1.000
8100,Alloprevotella,genus,45328,"Diabetes Mellitus, Type 2",2,vs_health,1,1,0,,0.5,2,4,4,2,8,0.5,,,unresolved_abundance_also_tied,1,1,tied,0.500
8100,Alloprevotella,genus,67066,"Lupus Erythematosus, Systemic",2,vs_health,1,1,0,,0.5,2,1,1,1,2,0.5,,,unresolved_abundance_also_tied,1,1,tied,0.500
8100,Alloprevotella,genus,68391,Multiple Sclerosis,2,vs_health,1,1,0,,0.5,2,2,2,2,4,0.5,,,unresolved_abundance_also_tied,1,1,tied,0.500
8106,Howardella,genus,28066,COVID-19,2,vs_health,1,1,0,,0.5,2,3,1,5,4,0.75,enriched,enriched,abundance_majority,1,1,tied,0.500
8106,Howardella,genus,56231,HIV Infections,2,vs_health,1,1,0,,0.5,2,4,1,2,5,0.8,enriched,enriched,abundance_majority,1,1,tied,0.500
8113,Sanguibacteroides,genus,20491,Colorectal Neoplasms,2,vs_health,2,0,0,enriched,1.0,2,10,4,9,14,0.714,enriched,enriched,association_and_abundance_agree,2,0,enriched,1.000
8123,Asteroleplasma,genus,11446,Clostridium Infections,2,vs_health,0,2,0,depleted,1.0,2,0,0,1,0,,,depleted,association_consensus,0,2,depleted,1.000
8123,Asteroleplasma,genus,28066,COVID-19,2,vs_health,0,2,0,depleted,1.0,2,1,3,5,4,0.75,depleted,depleted,association_and_abundance_agree,0,2,depleted,1.000
8153,Sellimonas,genus,12711,"Colitis, Ulcerative",2,mixed,1,0,0,enriched,1.0,1,12,0,3,12,1.0,enriched,enriched,association_and_abundance_agree,2,0,enriched,1.000
8153,Sellimonas,genus,28066,COVID-19,2,vs_health,1,1,0,,0.5,2,3,4,2,7,0.571,depleted,,unresolved_abundance_inconclusive,1,1,tied,0.500
8153,Sellimonas,genus,65768,Spinal Cord Injuries,2,vs_health,2,0,0,enriched,1.0,2,2,0,0,2,1.0,enriched,enriched,association_and_abundance_agree,2,0,enriched,1.000
8160,Corynebacterium,genus,11373,Non-alcoholic Fatty Liver Disease,2,vs_health,1,1,0,,0.5,2,2,1,0,3,0.667,enriched,enriched,abundance_majority,1,1,tied,0.500
8160,Corynebacterium,genus,28066,COVID-19,2,vs_health,2,0,0,enriched,1.0,2,7,2,0,9,0.778,enriched,enriched,association_and_abundance_agree,2,0,enriched,1.000
8165,Haemophilus,genus,12711,"Colitis, Ulcerative",2,mixed,1,0,0,enriched,1.0,1,7,4,4,11,0.636,enriched,enriched,association_and_abundance_agree,2,1,enriched,0.667
8165,Haemophilus,genus,20491,Colorectal Neoplasms,2,vs_health,0,2,0,depleted,1.0,2,6,13,4,19,0.684,depleted,depleted,association_and_abundance_agree,0,2,depleted,1.000
8165,Haemophilus,genus,28066,COVID-19,2,vs_health,0,2,0,depleted,1.0,2,2,5,2,7,0.714,depleted,depleted,association_and_abundance_agree,0,2,depleted,1.000
8165,Haemophilus,genus,62116,"Kidney Failure, Chronic",2,mixed,0,2,0,depleted,1.0,2,1,3,0,4,0.75,depleted,depleted,association_and_abundance_agree,1,2,depleted,0.667
8171,Lactococcus,genus,46796,Diarrhea,2,vs_health,2,0,0,enriched,1.0,2,2,0,0,2,1.0,enriched,enriched,association_and_abundance_agree,2,0,enriched,1.000
8178,Solobacterium,genus,45328,"Diabetes Mellitus, Type 2",2,vs_health,2,0,0,enriched,1.0,2,3,2,5,5,0.6,enriched,enriched,association_and_abundance_agree,2,0,enriched,1.000
8219,Butyricicoccus intestinisimiae,species,3086,"Arthritis, Rheumatoid",2,vs_health,1,1,0,,0.5,2,1,1,0,2,0.5,,,unresolved_abundance_also_tied,1,1,tied,0.500
8219,Butyricicoccus intestinisimiae,species,12713,Crohn Disease,2,mixed,0,1,0,depleted,1.0,1,1,6,1,7,0.857,depleted,depleted,association_and_abundance_agree,1,1,tied,0.500
8220,Citrobacter,genus,11446,Clostridium Infections,2,vs_health,2,0,0,enriched,1.0,2,1,0,0,1,1.0,enriched,enriched,association_consensus,2,0,enriched,1.000
8220,Citrobacter,genus,12713,Crohn Disease,2,mixed,1,1,0,,0.5,2,7,1,9,8,0.875,enriched,enriched,abundance_majority,1,1,tied,0.500
8223,Dialister hominis,species,28066,COVID-19,2,vs_health,0,2,0,depleted,1.0,2,0,3,0,3,1.0,depleted,depleted,association_and_abundance_agree,0,2,depleted,1.000
8223,Dialister hominis,species,62116,"Kidney Failure, Chronic",2,vs_health,0,2,0,depleted,1.0,2,0,2,0,2,1.0,depleted,depleted,association_and_abundance_agree,0,2,depleted,1.000
8226,Klebsiella quasipneumoniae,species,3086,"Arthritis, Rheumatoid",2,vs_health,1,1,0,,0.5,2,1,1,0,2,0.5,,,unresolved_abundance_also_tied,1,1,tied,0.500
8226,Klebsiella quasipneumoniae,species,12713,Crohn Disease,2,mixed,1,1,0,,0.5,2,2,3,3,5,0.6,depleted,,unresolved_abundance_inconclusive,1,1,tied,0.500
8226,Klebsiella quasipneumoniae,species,69716,Neuroblastoma,2,vs_health,2,0,0,enriched,1.0,2,2,0,0,2,1.0,enriched,enriched,association_and_abundance_agree,2,0,enriched,1.000
8231,Limosilactobacillus mucosae,species,12711,"Colitis, Ulcerative",2,mixed,1,0,0,enriched,1.0,1,6,0,1,6,1.0,enriched,enriched,association_and_abundance_agree,1,1,tied,0.500
8245,Acinetobacter,genus,12713,Crohn Disease,2,mixed,2,0,0,enriched,1.0,2,4,5,8,9,0.556,depleted,enriched,association_consensus_abundance_disagrees,2,0,enriched,1.000
8245,Acinetobacter,genus,62143,"Renal Insufficiency, Chronic",2,vs_health,2,0,0,enriched,1.0,2,3,2,2,5,0.6,enriched,enriched,association_and_abundance_agree,2,0,enriched,1.000
8254,Candidatus Saccharimonas,genus,53356,"Hand, Foot and Mouth Disease",2,vs_health,0,2,0,depleted,1.0,2,0,2,0,2,1.0,depleted,depleted,association_and_abundance_agree,0,2,depleted,1.000
8260,Enterobacter,genus,69716,Neuroblastoma,2,vs_health,2,0,0,enriched,1.0,2,2,0,0,2,1.0,enriched,enriched,association_and_abundance_agree,2,0,enriched,1.000
8271,Klebsiella,genus,77286,"Purpura, Thrombocytopenic, Idiopathic",2,vs_health,2,0,0,enriched,1.0,2,2,0,0,2,1.0,enriched,enriched,association_and_abundance_agree,2,0,enriched,1.000
8277,Merdimmobilis,genus,20491,Colorectal Neoplasms,2,mixed,1,0,0,enriched,1.0,1,6,9,8,15,0.6,depleted,enriched,association_consensus_abundance_disagrees,1,1,tied,0.500
8277,Merdimmobilis,genus,62116,"Kidney Failure, Chronic",2,mixed,1,0,0,enriched,1.0,1,3,0,1,3,1.0,enriched,enriched,association_and_abundance_agree,2,0,enriched,1.000
8292,Staphylococcus,genus,11446,Clostridium Infections,2,vs_health,2,0,0,enriched,1.0,2,1,0,0,1,1.0,enriched,enriched,association_consensus,2,0,enriched,1.000
8292,Staphylococcus,genus,46796,Diarrhea,2,vs_health,2,0,0,enriched,1.0,2,1,0,1,1,1.0,enriched,enriched,association_consensus,2,0,enriched,1.000
8300,Fenollaria,genus,20491,Colorectal Neoplasms,2,vs_health,1,1,0,,0.5,2,8,10,5,18,0.556,depleted,,unresolved_abundance_inconclusive,1,1,tied,0.500
8304,Parabacteroides,genus,7798,Liver Cirrhosis,2,vs_health,1,1,0,,0.5,2,1,1,0,2,0.5,,,unresolved_abundance_also_tied,1,1,tied,0.500
8304,Parabacteroides,genus,18168,Inflammatory Bowel Diseases,2,vs_health,0,2,0,depleted,1.0,2,2,2,0,4,0.5,,depleted,association_consensus,0,2,depleted,1.000
8304,Parabacteroides,genus,44996,"Diabetes Mellitus, Type 1",2,mixed,2,0,0,enriched,1.0,2,4,2,0,6,0.667,enriched,enriched,association_and_abundance_agree,2,0,enriched,1.000
8304,Parabacteroides,genus,45328,"Diabetes Mellitus, Type 2",2,mixed,1,0,0,enriched,1.0,1,4,6,0,10,0.6,depleted,enriched,association_consensus_abundance_disagrees,1,1,tied,0.500
8304,Parabacteroides,genus,55276,Hepatitis C,2,vs_health,0,2,0,depleted,1.0,2,0,2,0,2,1.0,depleted,depleted,association_and_abundance_agree,0,2,depleted,1.000
8304,Parabacteroides,genus,62116,"Kidney Failure, Chronic",2,vs_health,2,0,0,enriched,1.0,2,3,1,0,4,0.75,enriched,enriched,association_and_abundance_agree,2,0,enriched,1.000
8304,Parabacteroides,genus,62143,"Renal Insufficiency, Chronic",2,vs_health,2,0,0,enriched,1.0,2,7,0,0,7,1.0,enriched,enriched,association_and_abundance_agree,2,0,enriched,1.000
8304,Parabacteroides,genus,65768,Spinal Cord Injuries,2,vs_health,1,1,0,,0.5,2,1,1,0,2,0.5,,,unresolved_abundance_also_tied,1,1,tied,0.500
8304,Parabacteroides,genus,310742,Vitiligo,2,vs_health,2,0,0,enriched,1.0,2,0,0,0,0,,,enriched,association_consensus,2,0,enriched,1.000
8349,Anaerotignum sp. msj-24,species,12713,Crohn Disease,2,vs_health,0,2,0,depleted,1.0,2,1,6,1,7,0.857,depleted,depleted,association_and_abundance_agree,0,2,depleted,1.000
8350,Bacterium 210917-dfi.7.65,species,12713,Crohn Disease,2,vs_health,0,2,0,depleted,1.0,2,3,4,1,7,0.571,depleted,depleted,association_and_abundance_agree,0,2,depleted,1.000
8350,Bacterium 210917-dfi.7.65,species,28066,COVID-19,2,vs_health,0,2,0,depleted,1.0,2,1,2,0,3,0.667,depleted,depleted,association_and_abundance_agree,0,2,depleted,1.000
8350,Bacterium 210917-dfi.7.65,species,73716,Parkinson Disease,2,vs_health,1,1,0,,0.5,2,3,3,0,6,0.5,,,unresolved_abundance_also_tied,1,1,tied,0.500
8372,Clostridiaceae bacterium marseille-q3526,species,20491,Colorectal Neoplasms,2,vs_health,0,2,0,depleted,1.0,2,2,5,3,7,0.714,depleted,depleted,association_and_abundance_agree,0,2,depleted,1.000
8380,Clostridium sp. af12-28,species,12711,"Colitis, Ulcerative",2,mixed,1,1,0,,0.5,2,2,3,2,5,0.6,depleted,,unresolved_abundance_inconclusive,1,2,depleted,0.667
8380,Clostridium sp. af12-28,species,51326,Fibromyalgia,2,vs_health,0,2,0,depleted,1.0,2,0,2,0,2,1.0,depleted,depleted,association_and_abundance_agree,0,2,depleted,1.000
8392,Enterobacter roggenkampii,species,20491,Colorectal Neoplasms,2,vs_health,0,2,0,depleted,1.0,2,3,2,5,5,0.6,enriched,depleted,association_consensus_abundance_disagrees,0,2,depleted,1.000
8392,Enterobacter roggenkampii,species,69716,Neuroblastoma,2,vs_health,2,0,0,enriched,1.0,2,2,0,0,2,1.0,enriched,enriched,association_and_abundance_agree,2,0,enriched,1.000
8396,Eubacterium sp. af16-48,species,12711,"Colitis, Ulcerative",2,mixed,0,1,0,depleted,1.0,1,5,2,0,7,0.714,enriched,depleted,association_consensus_abundance_disagrees,0,2,depleted,1.000
8407,Hydrogenoanaerobacterium saccharovorans,species,12713,Crohn Disease,2,vs_health,0,2,0,depleted,1.0,2,2,5,1,7,0.714,depleted,depleted,association_and_abundance_agree,0,2,depleted,1.000
8407,Hydrogenoanaerobacterium saccharovorans,species,20491,Colorectal Neoplasms,2,mixed,0,2,0,depleted,1.0,2,6,3,1,9,0.667,enriched,depleted,association_consensus_abundance_disagrees,0,2,depleted,1.000
8409,Intestinimonas sp. msj-38,species,20491,Colorectal Neoplasms,2,mixed,0,1,0,depleted,1.0,1,5,4,1,9,0.556,enriched,depleted,association_consensus_abundance_disagrees,1,1,tied,0.500
8409,Intestinimonas sp. msj-38,species,28066,COVID-19,2,vs_health,0,2,0,depleted,1.0,2,0,3,0,3,1.0,depleted,depleted,association_and_abundance_agree,0,2,depleted,1.000
8413,Lachnospira hominis (ex liu et al. 2021),species,62116,"Kidney Failure, Chronic",2,vs_health,0,2,0,depleted,1.0,2,0,2,0,2,1.0,depleted,depleted,association_and_abundance_agree,0,2,depleted,1.000
8415,Lachnospiraceae bacterium,species,48916,"Fatigue Syndrome, Chronic",2,vs_health,0,2,0,depleted,1.0,2,0,4,0,4,1.0,depleted,depleted,association_and_abundance_agree,0,2,depleted,1.000
8425,Mediterraneibacter butyricigenes,species,12711,"Colitis, Ulcerative",2,mixed,0,1,0,depleted,1.0,1,3,4,0,7,0.571,depleted,depleted,association_and_abundance_agree,1,1,tied,0.500
8425,Mediterraneibacter butyricigenes,species,20491,Colorectal Neoplasms,2,vs_health,0,2,0,depleted,1.0,2,2,7,1,9,0.778,depleted,depleted,association_and_abundance_agree,0,2,depleted,1.000
8426,Mediterraneibacter sp. nsj-151,species,28066,COVID-19,2,vs_health,1,1,0,,0.5,2,2,1,0,3,0.667,enriched,enriched,abundance_majority,1,1,tied,0.500
8432,Mesosutterella,genus,12713,Crohn Disease,2,vs_health,0,2,0,depleted,1.0,2,1,7,9,8,0.875,depleted,depleted,association_and_abundance_agree,0,2,depleted,1.000
8432,Mesosutterella,genus,20491,Colorectal Neoplasms,2,vs_health,1,1,0,,0.5,2,4,6,13,10,0.6,depleted,,unresolved_abundance_inconclusive,1,1,tied,0.500
8432,Mesosutterella,genus,28066,COVID-19,2,vs_health,0,2,0,depleted,1.0,2,0,3,6,3,1.0,depleted,depleted,association_and_abundance_agree,0,2,depleted,1.000
8432,Mesosutterella,genus,62116,"Kidney Failure, Chronic",2,vs_health,1,1,0,,0.5,2,1,2,1,3,0.667,depleted,depleted,abundance_majority,1,1,tied,0.500
8433,Mesosutterella multiformis,species,12713,Crohn Disease,2,vs_health,0,2,0,depleted,1.0,2,1,5,2,6,0.833,depleted,depleted,association_and_abundance_agree,0,2,depleted,1.000
8433,Mesosutterella multiformis,species,20491,Colorectal Neoplasms,2,vs_health,1,1,0,,0.5,2,4,4,2,8,0.5,,,unresolved_abundance_also_tied,1,1,tied,0.500
8433,Mesosutterella multiformis,species,28066,COVID-19,2,vs_health,0,2,0,depleted,1.0,2,0,3,0,3,1.0,depleted,depleted,association_and_abundance_agree,0,2,depleted,1.000
8433,Mesosutterella multiformis,species,62116,"Kidney Failure, Chronic",2,vs_health,1,1,0,,0.5,2,1,1,0,2,0.5,,,unresolved_abundance_also_tied,1,1,tied,0.500
8447,Roseburia lenta,species,62116,"Kidney Failure, Chronic",2,mixed,0,2,0,depleted,1.0,2,0,2,0,2,1.0,depleted,depleted,association_and_abundance_agree,1,2,depleted,0.667
8449,Roseburia sp. am59-24xd,species,12713,Crohn Disease,2,vs_health,0,2,0,depleted,1.0,2,1,5,2,6,0.833,depleted,depleted,association_and_abundance_agree,0,2,depleted,1.000
8450,Roseburia zhanii,species,12711,"Colitis, Ulcerative",2,vs_health,0,2,0,depleted,1.0,2,0,7,0,7,1.0,depleted,depleted,association_and_abundance_agree,0,2,depleted,1.000
8450,Roseburia zhanii,species,12713,Crohn Disease,2,vs_health,1,1,0,,0.5,2,1,6,1,7,0.857,depleted,depleted,abundance_majority,1,1,tied,0.500
8454,Ruminococcus sp. af13-28,species,12713,Crohn Disease,2,mixed,0,1,0,depleted,1.0,1,3,3,2,6,0.5,,depleted,association_consensus,1,1,tied,0.500
8454,Ruminococcus sp. af13-28,species,28066,COVID-19,2,vs_health,1,1,0,,0.5,2,2,1,0,3,0.667,enriched,enriched,abundance_majority,1,1,tied,0.500
8454,Ruminococcus sp. af13-28,species,62116,"Kidney Failure, Chronic",2,mixed,1,1,0,,0.5,2,1,1,0,2,0.5,,,unresolved_abundance_also_tied,1,1,tied,0.500
8458,Senegalimassilia anaerobia,species,12713,Crohn Disease,2,mixed,0,2,0,depleted,1.0,2,1,5,2,6,0.833,depleted,depleted,association_and_abundance_agree,0,2,depleted,1.000
8488,Anaeromassilibacillus,genus,12711,"Colitis, Ulcerative",2,mixed,1,0,0,enriched,1.0,1,9,0,6,9,1.0,enriched,enriched,association_and_abundance_agree,2,0,enriched,1.000
8488,Anaeromassilibacillus,genus,12713,Crohn Disease,2,mixed,1,0,0,enriched,1.0,1,7,2,8,9,0.778,enriched,enriched,association_and_abundance_agree,1,2,depleted,0.667
8488,Anaeromassilibacillus,genus,48916,"Fatigue Syndrome, Chronic",2,vs_health,2,0,0,enriched,1.0,2,3,0,1,3,1.0,enriched,enriched,association_and_abundance_agree,2,0,enriched,1.000
8489,Anaeromassilibacillus senegalensis,species,12711,"Colitis, Ulcerative",2,mixed,1,0,0,enriched,1.0,1,7,0,0,7,1.0,enriched,enriched,association_and_abundance_agree,2,0,enriched,1.000
8489,Anaeromassilibacillus senegalensis,species,12713,Crohn Disease,2,mixed,1,0,0,enriched,1.0,1,7,0,1,7,1.0,enriched,enriched,association_and_abundance_agree,1,2,depleted,0.667
8495,Eisenbergiella tayi,species,20491,Colorectal Neoplasms,2,vs_health,2,0,0,enriched,1.0,2,8,1,1,9,0.889,enriched,enriched,association_and_abundance_agree,2,0,enriched,1.000
8495,Eisenbergiella tayi,species,48916,"Fatigue Syndrome, Chronic",2,vs_health,2,0,0,enriched,1.0,2,3,0,1,3,1.0,enriched,enriched,association_and_abundance_agree,2,0,enriched,1.000
8495,Eisenbergiella tayi,species,62116,"Kidney Failure, Chronic",2,mixed,2,0,0,enriched,1.0,2,2,0,0,2,1.0,enriched,enriched,association_and_abundance_agree,2,0,enriched,1.000
8514,Rikenellaceae bacterium,species,12711,"Colitis, Ulcerative",2,vs_health,0,2,0,depleted,1.0,2,1,2,4,3,0.667,depleted,depleted,association_and_abundance_agree,0,2,depleted,1.000
8514,Rikenellaceae bacterium,species,12713,Crohn Disease,2,vs_health,0,2,0,depleted,1.0,2,2,2,4,4,0.5,,depleted,association_consensus,0,2,depleted,1.000
8524,Thomasclavelia spiroformis,species,62116,"Kidney Failure, Chronic",2,vs_health,2,0,0,enriched,1.0,2,2,0,0,2,1.0,enriched,enriched,association_and_abundance_agree,2,0,enriched,1.000
8556,Anaeroglobus,genus,12711,"Colitis, Ulcerative",2,disease_vs_disease,0,0,0,,,0,2,2,11,4,0.5,,,unresolved_abundance_also_tied,0,2,depleted,1.000
8556,Anaeroglobus,genus,12713,Crohn Disease,2,disease_vs_disease,0,0,0,,,0,11,1,5,12,0.917,enriched,enriched,abundance_only_no_case_control_association,2,0,enriched,1.000
8597,Enterocloster alcoholdehydrogenati,species,4876,Autism Spectrum Disorder,2,vs_health,1,1,0,,0.5,2,1,1,0,2,0.5,,,unresolved_abundance_also_tied,1,1,tied,0.500
8606,Oxalobacter,genus,73716,Parkinson Disease,2,vs_health,2,0,0,enriched,1.0,2,5,3,1,8,0.625,enriched,enriched,association_and_abundance_agree,2,0,enriched,1.000
8607,Pedobacter,genus,4876,Autism Spectrum Disorder,2,vs_health,1,1,0,,0.5,2,1,1,6,2,0.5,,,unresolved_abundance_also_tied,1,1,tied,0.500
8640,Frisingicoccus caecimuris,species,62116,"Kidney Failure, Chronic",2,mixed,2,0,0,enriched,1.0,2,2,0,0,2,1.0,enriched,enriched,association_and_abundance_agree,2,0,enriched,1.000
8744,Pyramidobacter,genus,20491,Colorectal Neoplasms,2,vs_health,2,0,0,enriched,1.0,2,16,4,3,20,0.8,enriched,enriched,association_and_abundance_agree,2,0,enriched,1.000
8744,Pyramidobacter,genus,62143,"Renal Insufficiency, Chronic",2,mixed,1,1,0,,0.5,2,5,1,1,6,0.833,enriched,enriched,abundance_majority,1,1,tied,0.500
8752,Sphingomonas,genus,12713,Crohn Disease,2,mixed,2,0,0,enriched,1.0,2,3,0,14,3,1.0,enriched,enriched,association_and_abundance_agree,2,0,enriched,1.000
8792,Anaerotignum faecicola,species,69716,Neuroblastoma,2,vs_health,0,2,0,depleted,1.0,2,0,2,0,2,1.0,depleted,depleted,association_and_abundance_agree,0,2,depleted,1.000
8801,Clostridiaceae bacterium,species,28066,COVID-19,2,vs_health,0,2,0,depleted,1.0,2,0,3,0,3,1.0,depleted,depleted,association_and_abundance_agree,0,2,depleted,1.000
8801,Clostridiaceae bacterium,species,69716,Neuroblastoma,2,vs_health,0,2,0,depleted,1.0,2,0,2,0,2,1.0,depleted,depleted,association_and_abundance_agree,0,2,depleted,1.000
8815,Enterocloster lavalensis,species,12713,Crohn Disease,2,vs_health,2,0,0,enriched,1.0,2,6,1,1,7,0.857,enriched,enriched,association_and_abundance_agree,2,0,enriched,1.000
8815,Enterocloster lavalensis,species,48916,"Fatigue Syndrome, Chronic",2,vs_health,2,0,0,enriched,1.0,2,3,0,1,3,1.0,enriched,enriched,association_and_abundance_agree,2,0,enriched,1.000
8870,Veillonella rogosae,species,20491,Colorectal Neoplasms,2,vs_health,0,2,0,depleted,1.0,2,4,3,3,7,0.571,enriched,depleted,association_consensus_abundance_disagrees,0,2,depleted,1.000
8908,Oscillospira,genus,28066,COVID-19,2,vs_health,0,2,0,depleted,1.0,2,0,3,6,3,1.0,depleted,depleted,association_and_abundance_agree,0,2,depleted,1.000
9069,Dysosmobacter,genus,62116,"Kidney Failure, Chronic",2,vs_health,2,0,0,enriched,1.0,2,3,0,1,3,1.0,enriched,enriched,association_and_abundance_agree,2,0,enriched,1.000
9069,Dysosmobacter,genus,73716,Parkinson Disease,2,vs_health,2,0,0,enriched,1.0,2,3,3,3,6,0.5,,enriched,association_consensus,2,0,enriched,1.000
9070,Dysosmobacter welbionis,species,62116,"Kidney Failure, Chronic",2,vs_health,2,0,0,enriched,1.0,2,2,0,0,2,1.0,enriched,enriched,association_and_abundance_agree,2,0,enriched,1.000
9091,Intestinimonas butyriciproducens,species,12713,Crohn Disease,2,vs_health,1,1,0,,0.5,2,6,1,1,7,0.857,enriched,enriched,abundance_majority,1,1,tied,0.500
9091,Intestinimonas butyriciproducens,species,62116,"Kidney Failure, Chronic",2,vs_health,2,0,0,enriched,1.0,2,2,0,0,2,1.0,enriched,enriched,association_and_abundance_agree,2,0,enriched,1.000
9091,Intestinimonas butyriciproducens,species,73716,Parkinson Disease,2,vs_health,2,0,0,enriched,1.0,2,5,1,0,6,0.833,enriched,enriched,association_and_abundance_agree,2,0,enriched,1.000
9110,Phascolarctobacterium faecium,species,12711,"Colitis, Ulcerative",2,mixed,0,1,0,depleted,1.0,1,2,4,1,6,0.667,depleted,depleted,association_and_abundance_agree,0,2,depleted,1.000
9110,Phascolarctobacterium faecium,species,12713,Crohn Disease,2,mixed,0,1,0,depleted,1.0,1,5,3,0,8,0.625,enriched,depleted,association_consensus_abundance_disagrees,1,1,tied,0.500
9110,Phascolarctobacterium faecium,species,28066,COVID-19,2,vs_health,2,0,0,enriched,1.0,2,2,1,0,3,0.667,enriched,enriched,association_and_abundance_agree,2,0,enriched,1.000
9110,Phascolarctobacterium faecium,species,46141,"Diabetes, Gestational",2,vs_health,1,1,0,,0.5,2,1,1,0,2,0.5,,,unresolved_abundance_also_tied,1,1,tied,0.500
9112,Porphyromonas,genus,7798,Liver Cirrhosis,2,vs_health,2,0,0,enriched,1.0,2,2,0,0,2,1.0,enriched,enriched,association_and_abundance_agree,2,0,enriched,1.000
9112,Porphyromonas,genus,11373,Non-alcoholic Fatty Liver Disease,2,vs_health,2,0,0,enriched,1.0,2,2,0,1,2,1.0,enriched,enriched,association_and_abundance_agree,2,0,enriched,1.000
9112,Porphyromonas,genus,11446,Clostridium Infections,2,vs_health,1,1,0,,0.5,2,1,0,0,1,1.0,enriched,,unresolved_no_abundance_evidence,1,1,tied,0.500
9112,Porphyromonas,genus,46796,Diarrhea,2,vs_health,1,1,0,,0.5,2,2,0,0,2,1.0,enriched,enriched,abundance_majority,1,1,tied,0.500
9145,Aggregatibacter,genus,7766,"Carcinoma, Hepatocellular",2,mixed,1,0,0,enriched,1.0,1,2,0,0,2,1.0,enriched,enriched,association_and_abundance_agree,1,1,tied,0.500
9231,Butyricimonas paravirosa,species,20491,Colorectal Neoplasms,2,vs_health,1,1,0,,0.5,2,6,1,3,7,0.857,enriched,enriched,abundance_majority,1,1,tied,0.500
9239,Colidextribacter sp. 210702-dfi.3.9,species,48916,"Fatigue Syndrome, Chronic",2,vs_health,0,2,0,depleted,1.0,2,0,3,1,3,1.0,depleted,depleted,association_and_abundance_agree,0,2,depleted,1.000
9240,Collinsella bouchesdurhonensis,species,20491,Colorectal Neoplasms,2,vs_health,0,2,0,depleted,1.0,2,6,2,2,8,0.75,enriched,depleted,association_consensus_abundance_disagrees,0,2,depleted,1.000
9263,Faecalimonas,genus,48916,"Fatigue Syndrome, Chronic",2,vs_health,2,0,0,enriched,1.0,2,3,0,1,3,1.0,enriched,enriched,association_and_abundance_agree,2,0,enriched,1.000
9264,Faecalimonas umbilicata,species,48916,"Fatigue Syndrome, Chronic",2,vs_health,2,0,0,enriched,1.0,2,3,0,1,3,1.0,enriched,enriched,association_and_abundance_agree,2,0,enriched,1.000
9306,Negativibacillus massiliensis,species,12711,"Colitis, Ulcerative",2,mixed,1,0,0,enriched,1.0,1,5,1,1,6,0.833,enriched,enriched,association_and_abundance_agree,2,0,enriched,1.000
9306,Negativibacillus massiliensis,species,20491,Colorectal Neoplasms,2,vs_health,1,1,0,,0.5,2,6,3,1,9,0.667,enriched,enriched,abundance_majority,1,1,tied,0.500
9311,Paratractidigestivibacter,genus,20491,Colorectal Neoplasms,2,mixed,1,1,0,,0.5,2,7,3,13,10,0.7,enriched,enriched,abundance_majority,1,1,tied,0.500
9311,Paratractidigestivibacter,genus,76576,Psoriasis,2,vs_health,0,2,0,depleted,1.0,2,0,2,1,2,1.0,depleted,depleted,association_and_abundance_agree,0,2,depleted,1.000
9312,Paratractidigestivibacter faecalis,species,20491,Colorectal Neoplasms,2,mixed,1,1,0,,0.5,2,6,2,2,8,0.75,enriched,enriched,abundance_majority,1,1,tied,0.500
9313,Peptostreptococcus,genus,12711,"Colitis, Ulcerative",2,vs_health,2,0,0,enriched,1.0,2,10,1,4,11,0.909,enriched,enriched,association_and_abundance_agree,2,0,enriched,1.000
9313,Peptostreptococcus,genus,28066,COVID-19,2,vs_health,2,0,0,enriched,1.0,2,6,0,3,6,1.0,enriched,enriched,association_and_abundance_agree,2,0,enriched,1.000
9313,Peptostreptococcus,genus,56231,HIV Infections,2,vs_health,2,0,0,enriched,1.0,2,6,0,1,6,1.0,enriched,enriched,association_and_abundance_agree,2,0,enriched,1.000
9320,Pseudoflavonifractor gallinarum,species,12713,Crohn Disease,2,vs_health,0,2,0,depleted,1.0,2,3,3,2,6,0.5,,depleted,association_consensus,0,2,depleted,1.000
9425,Olsenella,genus,56231,HIV Infections,2,vs_health,2,0,0,enriched,1.0,2,5,1,1,6,0.833,enriched,enriched,association_and_abundance_agree,2,0,enriched,1.000
9468,Allisonella histaminiformans,species,12711,"Colitis, Ulcerative",2,mixed,0,1,0,depleted,1.0,1,3,4,0,7,0.571,depleted,depleted,association_and_abundance_agree,0,2,depleted,1.000
9473,Eubacteriaceae bacterium marseille-q4139,species,69716,Neuroblastoma,2,vs_health,2,0,0,enriched,1.0,2,2,0,0,2,1.0,enriched,enriched,association_and_abundance_agree,2,0,enriched,1.000
9478,Sutterella seckii,species,12711,"Colitis, Ulcerative",2,mixed,0,1,0,depleted,1.0,1,0,3,4,3,1.0,depleted,depleted,association_and_abundance_agree,1,1,tied,0.500
9478,Sutterella seckii,species,12713,Crohn Disease,2,mixed,0,1,0,depleted,1.0,1,1,2,5,3,0.667,depleted,depleted,association_and_abundance_agree,1,1,tied,0.500
9550,Butyricimonas faecihominis,species,12713,Crohn Disease,2,vs_health,0,2,0,depleted,1.0,2,2,6,0,8,0.75,depleted,depleted,association_and_abundance_agree,0,2,depleted,1.000
9623,Hallella,genus,56231,HIV Infections,2,vs_health,1,1,0,,0.5,2,1,0,6,1,1.0,enriched,,unresolved_no_abundance_evidence,1,1,tied,0.500
9627,Holdemania massiliensis,species,12713,Crohn Disease,2,mixed,1,0,0,enriched,1.0,1,4,3,1,7,0.571,enriched,enriched,association_and_abundance_agree,1,1,tied,0.500
9628,Hominifimenecus microfluidus,species,20491,Colorectal Neoplasms,2,mixed,0,1,0,depleted,1.0,1,2,7,1,9,0.778,depleted,depleted,association_and_abundance_agree,1,1,tied,0.500
9639,Lancefieldella,genus,28066,COVID-19,2,vs_health,2,0,0,enriched,1.0,2,3,0,6,3,1.0,enriched,enriched,association_and_abundance_agree,2,0,enriched,1.000
9691,Phocaeicola,genus,12711,"Colitis, Ulcerative",2,disease_vs_disease,0,0,0,,,0,6,3,6,9,0.667,enriched,enriched,abundance_only_no_case_control_association,2,0,enriched,1.000
9691,Phocaeicola,genus,12713,Crohn Disease,2,disease_vs_disease,0,0,0,,,0,6,5,6,11,0.545,enriched,,unresolved_abundance_inconclusive,1,2,depleted,0.667
9691,Phocaeicola,genus,18168,Inflammatory Bowel Diseases,2,mixed,1,1,0,,0.5,2,1,1,2,2,0.5,,,unresolved_abundance_also_tied,1,1,tied,0.500
9691,Phocaeicola,genus,20491,Colorectal Neoplasms,2,mixed,1,0,0,enriched,1.0,1,5,9,9,14,0.643,depleted,enriched,association_consensus_abundance_disagrees,1,1,tied,0.500
9691,Phocaeicola,genus,69716,Neuroblastoma,2,vs_health,0,2,0,depleted,1.0,2,0,2,0,2,1.0,depleted,depleted,association_and_abundance_agree,0,2,depleted,1.000
9691,Phocaeicola,genus,73716,Parkinson Disease,2,vs_health,1,1,0,,0.5,2,1,5,3,6,0.833,depleted,depleted,abundance_majority,1,1,tied,0.500
9720,Segatella buccae,species,12711,"Colitis, Ulcerative",2,disease_vs_disease,0,0,0,,,0,2,0,5,2,1.0,enriched,enriched,abundance_only_no_case_control_association,0,2,depleted,1.000
9850,Selenomonas,genus,12713,Crohn Disease,2,vs_health,2,0,0,enriched,1.0,2,7,2,8,9,0.778,enriched,enriched,association_and_abundance_agree,2,0,enriched,1.000
9896,Alistipes dispar,species,12711,"Colitis, Ulcerative",2,mixed,1,0,0,enriched,1.0,1,5,1,1,6,0.833,enriched,enriched,association_and_abundance_agree,2,0,enriched,1.000
9896,Alistipes dispar,species,12713,Crohn Disease,2,mixed,1,1,0,,0.5,2,6,1,1,7,0.857,enriched,enriched,abundance_majority,1,1,tied,0.500
9913,Anaerotruncus massiliensis (ex togo et al. 2019),species,62116,"Kidney Failure, Chronic",2,vs_health,2,0,0,enriched,1.0,2,2,0,0,2,1.0,enriched,enriched,association_and_abundance_agree,2,0,enriched,1.000
9949,Claveliimonas bilis,species,28066,COVID-19,2,vs_health,2,0,0,enriched,1.0,2,3,0,0,3,1.0,enriched,enriched,association_and_abundance_agree,2,0,enriched,1.000
9949,Claveliimonas bilis,species,62116,"Kidney Failure, Chronic",2,vs_health,2,0,0,enriched,1.0,2,2,0,0,2,1.0,enriched,enriched,association_and_abundance_agree,2,0,enriched,1.000
9949,Claveliimonas bilis,species,69716,Neuroblastoma,2,vs_health,2,0,0,enriched,1.0,2,2,0,0,2,1.0,enriched,enriched,association_and_abundance_agree,2,0,enriched,1.000
9952,Clostridia bacterium,species,48916,"Fatigue Syndrome, Chronic",2,vs_health,2,0,0,enriched,1.0,2,4,0,0,4,1.0,enriched,enriched,association_and_abundance_agree,2,0,enriched,1.000
9973,Dielma fastidiosa,species,12711,"Colitis, Ulcerative",2,vs_health,2,0,0,enriched,1.0,2,3,3,1,6,0.5,,enriched,association_consensus,2,0,enriched,1.000
9977,Drancourtella,genus,12713,Crohn Disease,2,mixed,1,0,0,enriched,1.0,1,4,1,12,5,0.8,enriched,enriched,association_and_abundance_agree,1,1,tied,0.500
9984,Eisenbergiella massiliensis,species,12713,Crohn Disease,2,vs_health,2,0,0,enriched,1.0,2,7,0,1,7,1.0,enriched,enriched,association_and_abundance_agree,2,0,enriched,1.000
9984,Eisenbergiella massiliensis,species,20491,Colorectal Neoplasms,2,vs_health,2,0,0,enriched,1.0,2,7,1,2,8,0.875,enriched,enriched,association_and_abundance_agree,2,0,enriched,1.000
9984,Eisenbergiella massiliensis,species,62116,"Kidney Failure, Chronic",2,vs_health,2,0,0,enriched,1.0,2,2,0,0,2,1.0,enriched,enriched,association_and_abundance_agree,2,0,enriched,1.000
9986,Emergencia,genus,62116,"Kidney Failure, Chronic",2,vs_health,2,0,0,enriched,1.0,2,3,0,1,3,1.0,enriched,enriched,association_and_abundance_agree,2,0,enriched,1.000
9987,Emergencia timonensis,species,62116,"Kidney Failure, Chronic",2,vs_health,2,0,0,enriched,1.0,2,2,0,0,2,1.0,enriched,enriched,association_and_abundance_agree,2,0,enriched,1.000
9988,Enorma,genus,12711,"Colitis, Ulcerative",2,mixed,1,0,0,enriched,1.0,1,6,3,6,9,0.667,enriched,enriched,association_and_abundance_agree,2,0,enriched,1.000
9989,Enorma massiliensis,species,28066,COVID-19,2,vs_health,0,2,0,depleted,1.0,2,0,3,0,3,1.0,depleted,depleted,association_and_abundance_agree,0,2,depleted,1.000
10009,Faecalibacillus faecis,species,12711,"Colitis, Ulcerative",2,vs_health,0,2,0,depleted,1.0,2,1,6,0,7,0.857,depleted,depleted,association_and_abundance_agree,0,2,depleted,1.000
10009,Faecalibacillus faecis,species,12713,Crohn Disease,2,vs_health,0,2,0,depleted,1.0,2,1,6,1,7,0.857,depleted,depleted,association_and_abundance_agree,0,2,depleted,1.000
10009,Faecalibacillus faecis,species,62116,"Kidney Failure, Chronic",2,mixed,1,1,0,,0.5,2,1,1,0,2,0.5,,,unresolved_abundance_also_tied,1,1,tied,0.500
10042,Lachnospiraceae bacterium om04-12bh,species,12713,Crohn Disease,2,vs_health,0,2,0,depleted,1.0,2,1,6,1,7,0.857,depleted,depleted,association_and_abundance_agree,0,2,depleted,1.000
10042,Lachnospiraceae bacterium om04-12bh,species,20491,Colorectal Neoplasms,2,vs_health,0,2,0,depleted,1.0,2,5,4,1,9,0.556,enriched,depleted,association_consensus_abundance_disagrees,0,2,depleted,1.000
10056,Massilimicrobiota,genus,62116,"Kidney Failure, Chronic",2,vs_health,2,0,0,enriched,1.0,2,2,0,2,2,1.0,enriched,enriched,association_and_abundance_agree,2,0,enriched,1.000
10064,Merdimonas,genus,62116,"Kidney Failure, Chronic",2,vs_health,2,0,0,enriched,1.0,2,3,0,1,3,1.0,enriched,enriched,association_and_abundance_agree,2,0,enriched,1.000
10065,Merdimonas faecis,species,62116,"Kidney Failure, Chronic",2,vs_health,2,0,0,enriched,1.0,2,2,0,0,2,1.0,enriched,enriched,association_and_abundance_agree,2,0,enriched,1.000
10074,Oscillospiraceae bacterium,species,73716,Parkinson Disease,2,vs_health,2,0,0,enriched,1.0,2,4,2,0,6,0.667,enriched,enriched,association_and_abundance_agree,2,0,enriched,1.000
10109,Schaalia,genus,12713,Crohn Disease,2,mixed,2,0,0,enriched,1.0,2,5,2,10,7,0.714,enriched,enriched,association_and_abundance_agree,2,1,enriched,0.667
10109,Schaalia,genus,20491,Colorectal Neoplasms,2,vs_health,2,0,0,enriched,1.0,2,5,3,15,8,0.625,enriched,enriched,association_and_abundance_agree,2,0,enriched,1.000
10180,Ellagibacter isourolithinifaciens,species,20491,Colorectal Neoplasms,2,vs_health,1,1,0,,0.5,2,5,4,1,9,0.556,enriched,,unresolved_abundance_inconclusive,1,1,tied,0.500
10225,Massilistercora,genus,12711,"Colitis, Ulcerative",2,disease_vs_disease,0,0,0,,,0,4,2,9,6,0.667,enriched,enriched,abundance_only_no_case_control_association,2,0,enriched,1.000
10225,Massilistercora,genus,12713,Crohn Disease,2,disease_vs_disease,0,0,0,,,0,2,5,10,7,0.714,depleted,depleted,abundance_only_no_case_control_association,0,2,depleted,1.000
10226,Massilistercora timonensis,species,12711,"Colitis, Ulcerative",2,disease_vs_disease,0,0,0,,,0,3,2,2,5,0.6,enriched,,unresolved_abundance_inconclusive,2,0,enriched,1.000
10226,Massilistercora timonensis,species,12713,Crohn Disease,2,disease_vs_disease,0,0,0,,,0,2,4,2,6,0.667,depleted,depleted,abundance_only_no_case_control_association,0,2,depleted,1.000
10237,Phascolarctobacterium sp. et69,species,12711,"Colitis, Ulcerative",2,mixed,0,1,0,depleted,1.0,1,2,4,1,6,0.667,depleted,depleted,association_and_abundance_agree,1,1,tied,0.500
10277,Anaerococcus obesiensis,species,12711,"Colitis, Ulcerative",2,mixed,2,0,0,enriched,1.0,2,5,0,2,5,1.0,enriched,enriched,association_and_abundance_agree,2,0,enriched,1.000
10277,Anaerococcus obesiensis,species,12713,Crohn Disease,2,mixed,1,0,0,enriched,1.0,1,4,0,4,4,1.0,enriched,enriched,association_and_abundance_agree,1,1,tied,0.500
10306,Hoylesella timonensis,species,12711,"Colitis, Ulcerative",2,vs_health,1,1,0,,0.5,2,3,2,2,5,0.6,enriched,,unresolved_abundance_inconclusive,1,1,tied,0.500
10314,Oscillospiraceae bacterium marseille-q3528,species,28066,COVID-19,2,vs_health,0,2,0,depleted,1.0,2,0,3,0,3,1.0,depleted,depleted,association_and_abundance_agree,0,2,depleted,1.000
10331,Zhenpiania hominis,species,28066,COVID-19,2,vs_health,0,2,0,depleted,1.0,2,1,2,0,3,0.667,depleted,depleted,association_and_abundance_agree,0,2,depleted,1.000
10332,Bacteroides pectinophilus,species,12713,Crohn Disease,2,vs_health,0,2,0,depleted,1.0,2,1,3,4,4,0.75,depleted,depleted,association_and_abundance_agree,0,2,depleted,1.000
10332,Bacteroides pectinophilus,species,20491,Colorectal Neoplasms,2,vs_health,1,1,0,,0.5,2,2,3,5,5,0.6,depleted,,unresolved_abundance_inconclusive,1,1,tied,0.500
10351,Akkermansia sp. kle1798,species,12711,"Colitis, Ulcerative",2,mixed,0,2,0,depleted,1.0,2,0,4,3,4,1.0,depleted,depleted,association_and_abundance_agree,0,2,depleted,1.000
10351,Akkermansia sp. kle1798,species,12713,Crohn Disease,2,mixed,0,2,0,depleted,1.0,2,1,4,3,5,0.8,depleted,depleted,association_and_abundance_agree,1,2,depleted,0.667
10372,Alistipes timonensis,species,12711,"Colitis, Ulcerative",2,mixed,0,1,0,depleted,1.0,1,1,3,3,4,0.75,depleted,depleted,association_and_abundance_agree,1,1,tied,0.500
10372,Alistipes timonensis,species,12713,Crohn Disease,2,mixed,0,1,0,depleted,1.0,1,1,4,3,5,0.8,depleted,depleted,association_and_abundance_agree,0,2,depleted,1.000
10377,Allofournierella massiliensis,species,12711,"Colitis, Ulcerative",2,mixed,1,0,0,enriched,1.0,1,4,2,1,6,0.667,enriched,enriched,association_and_abundance_agree,1,1,tied,0.500
10377,Allofournierella massiliensis,species,12713,Crohn Disease,2,mixed,1,0,0,enriched,1.0,1,2,5,1,7,0.714,depleted,enriched,association_consensus_abundance_disagrees,1,1,tied,0.500
10377,Allofournierella massiliensis,species,69716,Neuroblastoma,2,vs_health,2,0,0,enriched,1.0,2,2,0,0,2,1.0,enriched,enriched,association_and_abundance_agree,2,0,enriched,1.000
10450,Candidatus Borkfalkia,genus,12711,"Colitis, Ulcerative",2,mixed,0,2,0,depleted,1.0,2,2,4,9,6,0.667,depleted,depleted,association_and_abundance_agree,0,2,depleted,1.000
10450,Candidatus Borkfalkia,genus,20491,Colorectal Neoplasms,2,vs_health,0,2,0,depleted,1.0,2,4,4,15,8,0.5,,depleted,association_consensus,0,2,depleted,1.000
10450,Candidatus Borkfalkia,genus,48916,"Fatigue Syndrome, Chronic",2,vs_health,0,2,0,depleted,1.0,2,1,2,1,3,0.667,depleted,depleted,association_and_abundance_agree,0,2,depleted,1.000
10452,Candidatus Borkfalkia ceftriaxoniphila,species,12711,"Colitis, Ulcerative",2,mixed,0,2,0,depleted,1.0,2,2,4,1,6,0.667,depleted,depleted,association_and_abundance_agree,0,2,depleted,1.000
10452,Candidatus Borkfalkia ceftriaxoniphila,species,20491,Colorectal Neoplasms,2,vs_health,0,2,0,depleted,1.0,2,4,4,2,8,0.5,,depleted,association_consensus,0,2,depleted,1.000
10452,Candidatus Borkfalkia ceftriaxoniphila,species,48916,"Fatigue Syndrome, Chronic",2,vs_health,0,2,0,depleted,1.0,2,1,2,1,3,0.667,depleted,depleted,association_and_abundance_agree,0,2,depleted,1.000
10505,Desulfovibrio fairfieldensis,species,12711,"Colitis, Ulcerative",2,mixed,0,2,0,depleted,1.0,2,0,2,5,2,1.0,depleted,depleted,association_and_abundance_agree,0,2,depleted,1.000
10505,Desulfovibrio fairfieldensis,species,12713,Crohn Disease,2,mixed,0,1,0,depleted,1.0,1,3,2,3,5,0.6,enriched,depleted,association_consensus_abundance_disagrees,1,1,tied,0.500
10542,Eshraghiella crossota,species,12711,"Colitis, Ulcerative",2,mixed,0,1,0,depleted,1.0,1,1,6,0,7,0.857,depleted,depleted,association_and_abundance_agree,1,1,tied,0.500
10542,Eshraghiella crossota,species,12713,Crohn Disease,2,mixed,0,2,0,depleted,1.0,2,0,6,2,6,1.0,depleted,depleted,association_and_abundance_agree,0,2,depleted,1.000
10587,Intestinimonas massiliensis (ex afouda et al. 2020),species,62116,"Kidney Failure, Chronic",2,vs_health,2,0,0,enriched,1.0,2,2,0,0,2,1.0,enriched,enriched,association_and_abundance_agree,2,0,enriched,1.000
10597,Kluyvera,genus,11446,Clostridium Infections,2,vs_health,2,0,0,enriched,1.0,2,0,0,1,0,,,enriched,association_consensus,2,0,enriched,1.000
10619,Lawsonibacter faecis,species,12711,"Colitis, Ulcerative",2,vs_health,0,2,0,depleted,1.0,2,2,3,2,5,0.6,depleted,depleted,association_and_abundance_agree,0,2,depleted,1.000
10626,Mediterranea,genus,12713,Crohn Disease,2,vs_health,0,2,0,depleted,1.0,2,0,3,14,3,1.0,depleted,depleted,association_and_abundance_agree,0,2,depleted,1.000
10703,Prevotella sp. 885,species,12711,"Colitis, Ulcerative",2,mixed,1,0,0,enriched,1.0,1,3,3,1,6,0.5,,enriched,association_consensus,1,1,tied,0.500
10757,Veillonellaceae bacterium,species,12713,Crohn Disease,2,mixed,1,0,0,enriched,1.0,1,4,1,3,5,0.8,enriched,enriched,association_and_abundance_agree,2,0,enriched,1.000
10761,Victivallis lenta,species,12711,"Colitis, Ulcerative",2,vs_health,0,2,0,depleted,1.0,2,2,4,1,6,0.667,depleted,depleted,association_and_abundance_agree,0,2,depleted,1.000
10768,Zhenhengia,genus,12713,Crohn Disease,2,mixed,2,0,0,enriched,1.0,2,6,0,11,6,1.0,enriched,enriched,association_and_abundance_agree,2,0,enriched,1.000
10769,Zhenhengia yiwuensis,species,12713,Crohn Disease,2,mixed,2,0,0,enriched,1.0,2,6,0,2,6,1.0,enriched,enriched,association_and_abundance_agree,2,0,enriched,1.000
10780,Anaeroglobus geminatus,species,12711,"Colitis, Ulcerative",2,disease_vs_disease,0,0,0,,,0,1,0,6,1,1.0,enriched,,unresolved_no_case_control_evidence,0,2,depleted,1.000
10780,Anaeroglobus geminatus,species,12713,Crohn Disease,2,disease_vs_disease,0,0,0,,,0,5,0,3,5,1.0,enriched,enriched,abundance_only_no_case_control_association,2,0,enriched,1.000
10910,Bacterium 210917-sl.2.15,species,12713,Crohn Disease,2,mixed,1,0,0,enriched,1.0,1,4,3,1,7,0.571,enriched,enriched,association_and_abundance_agree,1,1,tied,0.500
10931,Clostridia bacterium uc5.1-1d1,species,62116,"Kidney Failure, Chronic",2,vs_health,2,0,0,enriched,1.0,2,2,0,0,2,1.0,enriched,enriched,association_and_abundance_agree,2,0,enriched,1.000
10945,Coprobacter secundus,species,12711,"Colitis, Ulcerative",2,vs_health,0,2,0,depleted,1.0,2,3,3,1,6,0.5,,depleted,association_consensus,0,2,depleted,1.000
10945,Coprobacter secundus,species,69716,Neuroblastoma,2,vs_health,0,2,0,depleted,1.0,2,0,2,0,2,1.0,depleted,depleted,association_and_abundance_agree,0,2,depleted,1.000
10994,Lachnoclostridium phocaeense,species,69716,Neuroblastoma,2,vs_health,2,0,0,enriched,1.0,2,2,0,0,2,1.0,enriched,enriched,association_and_abundance_agree,2,0,enriched,1.000
11167,Butyricimonas faecalis,species,20491,Colorectal Neoplasms,2,vs_health,0,2,0,depleted,1.0,2,3,5,2,8,0.625,depleted,depleted,association_and_abundance_agree,0,2,depleted,1.000
11167,Butyricimonas faecalis,species,62116,"Kidney Failure, Chronic",2,vs_health,0,2,0,depleted,1.0,2,0,2,0,2,1.0,depleted,depleted,association_and_abundance_agree,0,2,depleted,1.000
11224,Actinomyces sp. icm47,species,12713,Crohn Disease,2,mixed,1,0,0,enriched,1.0,1,7,0,1,7,1.0,enriched,enriched,association_and_abundance_agree,1,1,tied,0.500
11225,Actinomyces sp. ph3,species,12713,Crohn Disease,2,mixed,2,0,0,enriched,1.0,2,6,1,1,7,0.857,enriched,enriched,association_and_abundance_agree,2,1,enriched,0.667
11331,Blautia sp. of03-15bh,species,12713,Crohn Disease,2,vs_health,0,2,0,depleted,1.0,2,1,4,3,5,0.8,depleted,depleted,association_and_abundance_agree,0,2,depleted,1.000
11524,Ligilactobacillus ruminis,species,12713,Crohn Disease,2,vs_health,0,2,0,depleted,1.0,2,1,3,4,4,0.75,depleted,depleted,association_and_abundance_agree,0,2,depleted,1.000
11654,Sutterella sp. am11-39,species,12713,Crohn Disease,2,vs_health,1,1,0,,0.5,2,2,2,4,4,0.5,,,unresolved_abundance_also_tied,1,1,tied,0.500
11742,Moryella,genus,20491,Colorectal Neoplasms,2,vs_health,2,0,0,enriched,1.0,2,5,0,18,5,1.0,enriched,enriched,association_and_abundance_agree,2,0,enriched,1.000
12093,Megasphaera sp. nm10,species,28066,COVID-19,2,vs_health,0,2,0,depleted,1.0,2,0,3,0,3,1.0,depleted,depleted,association_and_abundance_agree,0,2,depleted,1.000
12125,Ruminococcus sp. 210702-sl.1.03,species,20491,Colorectal Neoplasms,2,vs_health,0,2,0,depleted,1.0,2,4,4,2,8,0.5,,depleted,association_consensus,0,2,depleted,1.000
12156,Bacterium ol-1,species,28066,COVID-19,2,vs_health,0,2,0,depleted,1.0,2,0,3,0,3,1.0,depleted,depleted,association_and_abundance_agree,0,2,depleted,1.000
12431,Clostridium lentum,species,20491,Colorectal Neoplasms,2,vs_health,0,2,0,depleted,1.0,2,2,6,2,8,0.75,depleted,depleted,association_and_abundance_agree,0,2,depleted,1.000
12551,Prevotella merdae,species,20491,Colorectal Neoplasms,2,vs_health,0,2,0,depleted,1.0,2,3,4,3,7,0.571,depleted,depleted,association_and_abundance_agree,0,2,depleted,1.000
12551,Prevotella merdae,species,46141,"Diabetes, Gestational",2,vs_health,0,2,0,depleted,1.0,2,0,2,0,2,1.0,depleted,depleted,association_and_abundance_agree,0,2,depleted,1.000
12560,Ruminococcus bovis,species,20491,Colorectal Neoplasms,2,vs_health,0,2,0,depleted,1.0,2,5,4,1,9,0.556,enriched,depleted,association_consensus_abundance_disagrees,0,2,depleted,1.000
13414,Desulfovibrio legallii,species,28066,COVID-19,2,vs_health,0,2,0,depleted,1.0,2,0,3,0,3,1.0,depleted,depleted,association_and_abundance_agree,0,2,depleted,1.000
13510,Zhenpiania,genus,28066,COVID-19,2,vs_health,0,2,0,depleted,1.0,2,1,2,6,3,0.667,depleted,depleted,association_and_abundance_agree,0,2,depleted,1.000
14155,Caballeronia,genus,12713,Crohn Disease,2,vs_health,1,1,0,,0.5,2,2,1,14,3,0.667,enriched,enriched,abundance_majority,1,1,tied,0.500
14155,Caballeronia,genus,53356,"Hand, Foot and Mouth Disease",2,vs_health,0,2,0,depleted,1.0,2,0,2,0,2,1.0,depleted,depleted,association_and_abundance_agree,0,2,depleted,1.000
14161,Capnocytophaga,genus,12713,Crohn Disease,2,vs_health,1,1,0,,0.5,2,2,1,14,3,0.667,enriched,enriched,abundance_majority,1,1,tied,0.500
14232,Serratia,genus,11446,Clostridium Infections,2,vs_health,2,0,0,enriched,1.0,2,0,0,1,0,,,enriched,association_consensus,2,0,enriched,1.000
14232,Serratia,genus,46796,Diarrhea,2,vs_health,2,0,0,enriched,1.0,2,0,0,2,0,,,enriched,association_consensus,2,0,enriched,1.000
16708,Syntrophococcus,genus,11446,Clostridium Infections,2,vs_health,0,2,0,depleted,1.0,2,0,0,1,0,,,depleted,association_consensus,0,2,depleted,1.000
18316,Pseudoxanthomonas,genus,53356,"Hand, Foot and Mouth Disease",2,vs_health,0,2,0,depleted,1.0,2,0,2,0,2,1.0,depleted,depleted,association_and_abundance_agree,0,2,depleted,1.000
21873,Raoultella,genus,11446,Clostridium Infections,2,vs_health,2,0,0,enriched,1.0,2,0,0,1,0,,,enriched,association_consensus,2,0,enriched,1.000
58050,Pantoea,genus,11446,Clostridium Infections,2,vs_health,2,0,0,enriched,1.0,2,0,0,1,0,,,enriched,association_consensus,2,0,enriched,1.000
61839,Sporobacter,genus,11446,Clostridium Infections,2,vs_health,0,2,0,depleted,1.0,2,0,0,1,0,,,depleted,association_consensus,0,2,depleted,1.000
64669,Bordetella,genus,11446,Clostridium Infections,2,vs_health,0,2,0,depleted,1.0,2,0,0,1,0,,,depleted,association_consensus,0,2,depleted,1.000
201764,Tetragenococcus,genus,11446,Clostridium Infections,2,vs_health,2,0,0,enriched,1.0,2,0,0,1,0,,,enriched,association_consensus,2,0,enriched,1.000
201764,Tetragenococcus,genus,46796,Diarrhea,2,vs_health,2,0,0,enriched,1.0,2,0,0,2,0,,,enriched,association_consensus,2,0,enriched,1.000
1420059,Holdemania sp. 1001095h_141210_f2,species,12711,"Colitis, Ulcerative",2,mixed,1,0,0,enriched,1.0,1,4,2,1,6,0.667,enriched,enriched,association_and_abundance_agree,2,0,enriched,1.000
1420059,Holdemania sp. 1001095h_141210_f2,species,12713,Crohn Disease,2,mixed,1,0,0,enriched,1.0,1,4,3,1,7,0.571,enriched,enriched,association_and_abundance_agree,1,1,tied,0.500
1421695,Clostridium sp. 1001270j_160509_d11,species,20491,Colorectal Neoplasms,2,vs_health,0,2,0,depleted,1.0,2,3,5,2,8,0.625,depleted,depleted,association_and_abundance_agree,0,2,depleted,1.000
1421695,Clostridium sp. 1001270j_160509_d11,species,28066,COVID-19,2,vs_health,0,2,0,depleted,1.0,2,0,2,1,2,1.0,depleted,depleted,association_and_abundance_agree,0,2,depleted,1.000
1422389,Lachnospiraceae bacterium 2_1_46faa,species,12711,"Colitis, Ulcerative",2,disease_vs_disease,0,0,0,,,0,2,3,2,5,0.6,depleted,,unresolved_abundance_inconclusive,0,2,depleted,1.000
1422389,Lachnospiraceae bacterium 2_1_46faa,species,12713,Crohn Disease,2,disease_vs_disease,0,0,0,,,0,2,2,4,4,0.5,,,unresolved_abundance_also_tied,2,0,enriched,1.000
2672460,Xylanibacter,genus,11446,Clostridium Infections,2,vs_health,0,2,0,depleted,1.0,2,0,0,1,0,,,depleted,association_consensus,0,2,depleted,1.000
2673654,Prevotella copri,species,310742,Vitiligo,2,vs_health,1,1,0,,0.5,2,0,0,0,0,,,,unresolved_no_abundance_evidence,1,1,tied,0.500
